Unnamed: 0,prime,target,target.RT,avg_neigh_cos
0,abdomen,body,543.8709677419355,0.55
1,abdomen,tear,751.3103448275862,0.55
2,abduct,australia,733.2258064516129,0.4568421052631579
3,abduct,kidnap,678.1666666666666,0.4568421052631579
4,ability,capability,774.25,0.4315789473684211
5,ability,summary,703.0967741935484,0.4315789473684211
6,able,beam,679.4,0.53
7,able,willing,833.8214285714286,0.53
8,abnormal,insane,818.1935483870968,0.4473684210526316
9,abnormal,tighten,711.6428571428571,0.4473684210526316
10,above,below,665.59375,0.42947368421052634
11,above,property,662.5806451612904,0.42947368421052634
12,abstract,thought,594.939393939394,0.4110526315789474
13,abstract,unknown,669.7096774193549,0.4110526315789474
14,absurd,ridiculous,783.2666666666667,0.5063157894736842
15,absurd,satin,947.4642857142856,0.5063157894736842
16,abundance,cloth,742.0666666666667,0.4431578947368421
17,abundance,lots,611.0333333333333,0.4431578947368421
18,accelerate,drugs,580.4516129032259,0.4315789473684211
19,accelerate,speed,614.0322580645161,0.4315789473684211
20,accept,towel,605.6896551724138,0.49947368421052635
21,accept,understand,616.9333333333333,0.49947368421052635
22,accomplish,finish,617.9677419354839,0.45473684210526316
23,accomplish,gather,646.625,0.45473684210526316
24,accomplished,fantasy,658.8709677419355,0.4136842105263158
25,accomplished,finished,645.1333333333333,0.4136842105263158
26,account,bag,630.0,0.431578947368421
27,account,for,811.9677419354839,0.431578947368421
28,accumulate,broken,594.741935483871,0.3873684210526316
29,accumulate,gather,669.21875,0.3873684210526316
30,accurate,fish,648.9354838709677,0.4421052631578948
31,accurate,precise,756.5185185185185,0.4421052631578948
32,accuse,court,767.09375,0.47368421052631576
33,accuse,pants,807.5,0.47368421052631576
34,ace,length,623.4193548387096,0.4126315789473684
35,ace,poker,646.0,0.4126315789473684
36,achieve,math,578.03125,0.46157894736842103
37,achieve,succeed,612.1515151515151,0.46157894736842103
38,achievement,oyster,937.6923076923076,0.4131578947368421
39,achievement,success,588.6774193548387,0.4131578947368421
40,acid,blow,663.6333333333333,0.5431578947368422
41,acid,drug,572.6666666666666,0.5431578947368422
42,acquire,get,628.7096774193549,0.42157894736842105
43,acquire,offense,747.0,0.42157894736842105
44,acre,land,571.9032258064516,0.4231578947368422
45,acre,vanish,779.2666666666667,0.4231578947368422
46,acrobat,dancer,604.0,0.31315789473684214
47,acrobat,jewish,748.1333333333333,0.31315789473684214
48,act,pie,664.4444444444445,0.43210526315789477
49,act,play,551.3548387096774,0.43210526315789477
50,action,noise,647.8709677419355,0.3663157894736842
51,action,verb,650.7096774193549,0.3663157894736842
52,actor,actress,667.5806451612904,0.5252631578947369
53,actor,color,591.5625,0.5252631578947369
54,actress,actor,661.3225806451613,0.5010526315789473
55,actress,key,576.21875,0.5010526315789473
56,ad,ask,690.40625,0.36157894736842106
57,ad,sell,687.551724137931,0.36157894736842106
58,add,lion,647.8928571428571,0.3847368421052632
59,add,subtract,707.1875,0.3847368421052632
60,addict,dependent,698.1,0.4889473684210526
61,addict,mob,747.5909090909091,0.4889473684210526
62,addiction,habit,661.9032258064516,0.4973684210526315
63,addiction,poker,637.0333333333333,0.4973684210526315
64,addition,plus,674.6666666666666,0.31368421052631584
65,addition,thunder,754.6774193548387,0.31368421052631584
66,adjective,bank,631.6206896551724,0.5494736842105263
67,adjective,blue,635.1290322580645,0.5494736842105263
68,adjourn,finish,649.5483870967741,0.43052631578947365
69,adjourn,light,556.6206896551724,0.43052631578947365
70,adjustment,bra,746.9354838709677,0.38526315789473686
71,adjustment,stone,657.09375,0.38526315789473686
72,admission,ax,771.5882352941177,0.3505263157894737
73,admission,ticket,557.5666666666667,0.3505263157894737
74,admit,confess,750.7741935483871,0.5478947368421053
75,admit,remember,736.3225806451613,0.5478947368421053
76,adolescent,gain,608.84375,0.43999999999999995
77,adolescent,juvenile,876.8965517241379,0.43999999999999995
78,adorable,cute,572.59375,0.5078947368421053
79,adorable,tantrum,884.0,0.5078947368421053
80,advance,forward,654.75,0.36578947368421055
81,advance,garbage,782.9655172413793,0.36578947368421055
82,adventure,electric,715.4193548387096,0.45210526315789473
83,adventure,journey,624.9032258064516,0.45210526315789473
84,adventurous,adolescent,807.8620689655172,0.4242105263157895
85,adventurous,daring,795.741935483871,0.4242105263157895
86,adverb,adjective,714.3125,0.6047368421052631
87,adverb,mom,615.8064516129032,0.6047368421052631
88,adversary,enemy,857.551724137931,0.41947368421052633
89,adversary,wide,667.9333333333333,0.41947368421052633
90,advertisement,great,708.15625,0.38421052631578945
91,advertisement,newspaper,730.7878787878788,0.38421052631578945
92,advise,advice,739.4516129032259,0.4636842105263158
93,advise,kitchen,637.21875,0.4636842105263158
94,affair,cheat,639.1333333333333,0.4942105263157895
95,affair,window,637.03125,0.4942105263157895
98,after,before,577.6129032258065,0.6173684210526316
99,after,sunset,636.96875,0.6173684210526316
100,again,hot,567.2258064516129,0.6542105263157895
101,again,repeat,632.8275862068965,0.6542105263157895
102,against,for,637.6333333333333,0.4231578947368422
103,against,time,529.1612903225806,0.4231578947368422
104,age,helper,784.7692307692307,0.4842105263157894
105,age,old,644.0322580645161,0.4842105263157894
106,agency,bracelet,734.0689655172414,0.35315789473684206
107,agency,company,661.0,0.35315789473684206
108,agenda,arrogant,762.6666666666666,0.3147368421052632
109,agenda,schedule,642.060606060606,0.3147368421052632
110,agree,disagree,657.2121212121212,0.49263157894736836
111,agree,light,602.875,0.49263157894736836
112,agreement,disagreement,665.84375,0.44526315789473686
113,agreement,high,638.741935483871,0.44526315789473686
114,agriculture,carry,650.3225806451613,0.4894736842105263
115,agriculture,farm,606.71875,0.4894736842105263
116,ahead,armor,903.1333333333332,0.5694736842105264
117,ahead,behind,645.34375,0.5694736842105264
118,ahoy,crazy,693.8787878787879,0.3526315789473684
119,ahoy,ship,621.939393939394,0.3526315789473684
120,aim,president,654.1333333333333,0.41
121,aim,toothpaste,680.7142857142857,0.41
122,air,breathe,646.5,0.41210526315789475
123,air,murder,706.0,0.41210526315789475
124,aircraft,pilot,686.8095238095239,0.5736842105263158
125,airplane,communist,876.4285714285714,0.4852631578947369
126,airplane,fly,569.9090909090909,0.4852631578947369
127,airport,leaves,729.6875,0.4978947368421052
128,airport,plane,703.6333333333333,0.4978947368421052
129,alarm,am,918.1176470588236,0.44789473684210523
130,alarm,morning,752.6875,0.44789473684210523
131,album,less,674.8125,0.5142105263157895
132,album,record,596.3548387096774,0.5142105263157895
133,alcohol,drink,672.030303030303,0.5152631578947369
134,alcohol,sticky,725.28125,0.5152631578947369
135,algae,pool,555.0,0.5131578947368421
136,algae,theory,676.1875,0.5131578947368421
137,alive,create,589.6875,0.5136842105263157
138,alive,live,582.2666666666667,0.5136842105263157
139,all,none,625.1290322580645,0.661578947368421
140,all,towel,719.34375,0.661578947368421
141,allegiance,pledge,599.8709677419355,0.41736842105263156
142,allegiance,spot,695.0666666666667,0.41736842105263156
143,allergy,sneeze,696.6875,0.5136842105263157
144,allergy,top,673.8709677419355,0.5136842105263157
145,alligator,river,646.6129032258065,0.4626315789473684
146,alligator,sugar,714.3870967741935,0.4626315789473684
147,allow,let,641.9666666666667,0.508421052631579
148,allow,seven,625.5,0.508421052631579
149,almanac,devil,589.9333333333333,0.35052631578947363
150,almanac,map,650.3103448275862,0.35052631578947363
151,alone,lonely,656.6060606060606,0.5968421052631578
152,alone,movement,725.7575757575758,0.5968421052631578
153,alphabet,kids,606.84375,0.46684210526315784
154,alphabet,letters,786.9677419354839,0.46684210526315784
155,alter,change,606.6774193548387,0.3957894736842105
156,alter,deer,641.9032258064516,0.3957894736842105
157,alto,ground,662.875,0.38894736842105265
158,alto,soprano,672.9230769230769,0.38894736842105265
159,always,forever,612.8484848484849,0.6284210526315789
160,always,lettuce,836.9,0.6284210526315789
161,amateur,beginner,697.625,0.3910526315789474
162,amateur,company,664.71875,0.3910526315789474
163,amaze,all,665.84375,0.36894736842105263
164,amaze,wonder,732.9032258064516,0.36894736842105263
165,ambition,goal,643.6666666666666,0.45894736842105266
166,ambition,talking,699.258064516129,0.45894736842105266
167,ambulance,emergency,647.6666666666666,0.47789473684210526
168,ambulance,scissors,747.1290322580645,0.47789473684210526
171,amount,lot,664.46875,0.391578947368421
172,amount,past,607.2258064516129,0.391578947368421
173,amp,electricity,709.4516129032259,0.44000000000000006
174,amp,poetry,800.2413793103449,0.44000000000000006
175,amuse,beer,557.0,0.41947368421052633
176,amuse,joke,587.28125,0.41947368421052633
177,analysis,data,709.4333333333333,0.44263157894736843
178,analysis,mom,607.53125,0.44263157894736843
179,anarchy,chaos,794.4333333333333,0.4378947368421053
180,anarchy,worm,776.34375,0.4378947368421053
181,ancestor,minus,728.8275862068965,0.47789473684210526
182,ancestor,relative,692.40625,0.47789473684210526
183,ancient,modern,642.125,0.49947368421052635
184,ancient,sight,645.6206896551724,0.49947368421052635
185,angel,fashion,732.0625,0.44684210526315793
186,angel,heaven,547.6333333333333,0.44684210526315793
187,angle,geometry,678.6,0.44263157894736843
188,angle,once,632.4848484848485,0.44263157894736843
189,angry,gamble,707.0,0.5721052631578948
190,angry,sad,554.6129032258065,0.5721052631578948
191,animal,bear,761.3548387096774,0.48315789473684206
192,animal,subtract,822.46875,0.48315789473684206
193,anisette,chair,625.96875,0.6200000000000001
194,anisette,dictionary,767.625,0.6200000000000001
195,ankle,bracelet,762.40625,0.5694736842105264
196,ankle,way,791.8620689655172,0.5694736842105264
197,annihilate,destroy,677.0666666666667,0.4705263157894737
198,annihilate,parent,702.96875,0.4705263157894737
199,announce,marriage,776.0645161290323,0.38
200,announce,sorrow,669.75,0.38
201,annoy,crack,644.0370370370371,0.4410526315789474
202,annoy,sister,643.0,0.4410526315789474
203,annoying,disappear,713.3571428571429,0.5021052631578947
204,annoying,irritating,814.1935483870968,0.5021052631578947
205,annual,once,678.59375,0.4105263157894737
206,annual,stream,650.5862068965517,0.4105263157894737
207,another,more,594.4285714285714,0.6263157894736843
208,another,silly,589.2903225806451,0.6263157894736843
209,anteater,ant,705.78125,0.6215789473684211
210,anteater,ring,726.9354838709677,0.6215789473684211
211,antelope,awake,661.0909090909091,0.5389473684210526
212,antelope,beast,653.40625,0.5389473684210526
213,antidote,cure,670.5483870967741,0.4173684210526316
214,antidote,dam,949.8125,0.4173684210526316
215,antique,face,609.0645161290323,0.4705263157894737
216,antique,furniture,697.1666666666666,0.4705263157894737
217,antler,excuse,851.7741935483871,0.42947368421052634
218,antler,horn,624.1034482758621,0.42947368421052634
221,anxiety,goo,1210.125,0.5184210526315789
222,anxiety,nervous,707.5151515151515,0.5184210526315789
223,apart,alone,613.5333333333333,0.4126315789473684
224,apart,mix,619.3333333333334,0.4126315789473684
225,apathetic,liar,609.1290322580645,0.42894736842105263
226,apathetic,sympathetic,760.0666666666667,0.42894736842105263
227,apathy,science,654.8125,0.46421052631578946
228,apathy,sympathy,727.9677419354839,0.46421052631578946
229,ape,all,680.5666666666667,0.43052631578947365
230,ape,jungle,612.75,0.43052631578947365
231,apology,mistake,696.71875,0.4410526315789474
232,apology,win,699.28125,0.4410526315789474
233,appeal,crooked,813.9642857142857,0.42000000000000004
234,appeal,looks,577.9677419354839,0.42000000000000004
235,appear,show,582.8064516129032,0.4005263157894737
236,appear,whale,628.7931034482758,0.4005263157894737
237,appearance,line,653.0384615384615,0.39842105263157895
238,appearance,looks,636.1935483870968,0.39842105263157895
239,appendage,finger,688.9354838709677,0.4247368421052632
240,appendage,leg,609.1333333333333,0.4247368421052632
241,apple,exercise,709.1333333333333,0.45368421052631586
242,apple,red,568.8333333333334,0.45368421052631586
243,appliance,bacon,613.0,0.3805263157894737
244,appliance,stove,670.7586206896551,0.3805263157894737
245,application,college,716.7,0.3468421052631579
246,application,mist,716.2758620689655,0.3468421052631579
247,appraise,empty,746.9354838709677,0.38736842105263153
248,appraise,value,681.6666666666666,0.38736842105263153
249,approval,pavement,837.7931034482758,0.38
250,approval,yes,554.1935483870968,0.38
251,apron,maid,677.3793103448276,0.43210526315789477
252,apron,tense,681.0714285714286,0.43210526315789477
253,architect,building,663.28125,0.43631578947368416
254,architect,eye,565.6,0.43631578947368416
255,arena,football,621.4333333333333,0.3863157894736842
256,arena,hell,604.25,0.3863157894736842
257,argue,disagree,717.5862068965517,0.45
258,argue,it,610.483870967742,0.45
259,argument,disagreement,752.03125,0.4247368421052632
260,argument,spoiled,673.5862068965517,0.4247368421052632
261,aright,fold,721.1935483870968,0.558421052631579
262,aright,okay,576.7741935483871,0.558421052631579
263,armor,chance,606.258064516129,0.4368421052631579
264,armor,knight,567.3870967741935,0.4368421052631579
265,arms,hug,583.09375,0.42263157894736847
266,arms,taste,593.7096774193549,0.42263157894736847
267,army,allow,766.6333333333333,0.5352631578947369
268,army,navy,672.2903225806451,0.5352631578947369
269,aroma,leader,636.2,0.5457894736842106
270,aroma,spaghetti,720.9,0.5457894736842106
271,around,buffalo,724.15625,0.5442105263157895
272,around,world,613.46875,0.5442105263157895
273,arrive,come,609.3870967741935,0.48157894736842105
274,arrive,mail,574.3,0.48157894736842105
275,arrow,bow,643.5,0.4221052631578947
276,arrow,maker,689.3,0.4221052631578947
277,art,cheese,693.125,0.48736842105263156
278,art,paint,721.6875,0.48736842105263156
279,artery,finger,634.5,0.5526315789473685
280,artery,vein,708.5357142857143,0.5526315789473685
281,artist,box,622.53125,0.5278947368421052
282,artist,draw,630.5806451612904,0.5278947368421052
283,arts,crafts,635.21875,0.41
284,arts,shot,622.34375,0.41
285,ascend,descend,813.5666666666667,0.48736842105263156
286,ascend,tired,684.3225806451613,0.48736842105263156
287,ascent,brush,663.7096774193549,0.49684210526315786
288,ascent,climb,699.78125,0.49684210526315786
289,ash,ashtray,865.9285714285714,0.38421052631578945
290,ash,curtains,706.2903225806451,0.38421052631578945
291,ashamed,fragile,708.8125,0.5221052631578947
292,ashamed,guilt,763.1785714285714,0.5221052631578947
293,ashes,ashtray,815.4137931034483,0.40421052631578946
294,ashes,superior,654.3666666666667,0.40421052631578946
297,asleep,awake,593.9032258064516,0.5331578947368422
298,asleep,worm,716.25,0.5331578947368422
299,asphalt,pavement,759.3333333333334,0.4263157894736842
300,asphalt,sister,611.0333333333333,0.4263157894736842
301,aspirin,deodorant,766.1290322580645,0.538421052631579
302,aspirin,headache,653.75,0.538421052631579
303,ass,donkey,686.1290322580645,0.5689473684210526
304,ass,thirst,773.1875,0.5689473684210526
305,assault,attack,601.6774193548387,0.45631578947368423
306,assault,example,684.6060606060606,0.45631578947368423
307,assignment,homework,607.5806451612904,0.4031578947368421
308,assignment,pride,653.375,0.4031578947368421
309,assistance,helper,677.6774193548387,0.3857894736842105
310,assistance,piece,696.4285714285714,0.3857894736842105
311,assistant,helper,622.34375,0.4694736842105263
312,assistant,smooth,657.3225806451613,0.4694736842105263
313,associate,loose,632.6333333333333,0.4047368421052632
314,associate,partner,661.15625,0.4047368421052632
315,asteroid,aware,802.7096774193549,0.5005263157894737
316,asteroid,belt,623.516129032258,0.5005263157894737
317,astrology,gross,703.5333333333333,0.5142105263157895
318,astrology,space,706.96875,0.5142105263157895
319,astronaut,climb,717.15625,0.46315789473684216
320,astronaut,space,561.5483870967741,0.46315789473684216
321,athlete,dress,679.1515151515151,0.5278947368421053
322,athlete,muscle,606.5,0.5278947368421053
323,athletic,movie,681.0,0.4436842105263158
324,athletic,sports,639.6451612903226,0.4436842105263158
325,atlas,map,607.6451612903226,0.33789473684210525
326,atlas,take,612.5806451612904,0.33789473684210525
327,atom,neutron,761.1290322580645,0.4594736842105263
328,atom,shy,695.9375,0.4594736842105263
329,atomic,crab,655.96875,0.44947368421052636
330,atomic,explode,811.6206896551724,0.44947368421052636
331,attach,cry,699.2413793103449,0.4273684210526316
332,attach,stick,727.2962962962963,0.4273684210526316
333,attack,ditch,818.3333333333334,0.45210526315789473
334,attack,heart,646.21875,0.45210526315789473
335,attempt,float,785.5806451612904,0.45210526315789473
336,attempt,murder,682.9677419354839,0.45210526315789473
337,attend,apple,664.7333333333333,0.4226315789473684
338,attend,go,662.5625,0.4226315789473684
339,attendance,farm,682.9629629629629,0.3652631578947368
340,attendance,present,617.5333333333333,0.3652631578947368
341,attention,job,591.875,0.33210526315789474
342,attention,span,761.8,0.33210526315789474
343,attic,growth,646.483870967742,0.4652631578947368
344,attic,upstairs,653.6875,0.4652631578947368
345,attire,clothes,580.84375,0.4921052631578947
346,attire,hip,679.3448275862069,0.4921052631578947
347,attitude,conceited,770.0370370370371,0.4368421052631579
348,attitude,smell,605.5862068965517,0.4368421052631579
349,attorney,lawyer,585.5625,0.4678947368421053
350,attorney,walk,669.9032258064516,0.4678947368421053
351,attract,like,582.3333333333334,0.41
352,attract,pyramid,722.3125,0.41
353,attractive,female,609.21875,0.52
354,attractive,parent,615.1818181818181,0.52
355,aunt,something,793.1,0.5794736842105263
356,aunt,uncle,644.5806451612904,0.5794736842105263
357,author,novel,624.258064516129,0.428421052631579
358,author,planet,675.65625,0.428421052631579
359,authority,print,619.9032258064516,0.3678947368421053
360,authority,rules,626.516129032258,0.3678947368421053
361,autumn,planets,608.8709677419355,0.47
362,autumn,spring,617.15625,0.47
363,avenue,park,611.3125,0.43210526315789477
364,avenue,think,576.4375,0.43210526315789477
365,average,maker,713.8333333333334,0.41263157894736846
366,award,draw,587.5454545454545,0.4773684210526316
367,award,trophy,714.3548387096774,0.4773684210526316
368,awareness,alert,609.0645161290323,0.3557894736842105
369,awareness,goal,621.9333333333333,0.3557894736842105
370,away,grape,749.59375,0.5431578947368422
371,away,here,630.6451612903226,0.5431578947368422
372,awe,violin,807.5,0.4068421052631579
373,awe,wonder,618.8,0.4068421052631579
374,awesome,circus,632.7333333333333,0.6136842105263158
375,awesome,cool,604.8387096774194,0.6136842105263158
376,awkward,different,637.84375,0.4894736842105263
377,awkward,zit,868.4545454545455,0.4894736842105263
378,ax,daily,629.09375,0.3336842105263158
379,ax,wood,606.5333333333333,0.3336842105263158
380,axon,knit,717.8461538461538,0.42263157894736847
381,axon,neuron,769.2592592592592,0.42263157894736847
382,back,behind,608.09375,0.6752631578947369
383,back,enemy,696.4333333333333,0.6752631578947369
384,backbone,spine,668.71875,0.31894736842105265
385,backbone,thin,682.15625,0.31894736842105265
386,background,past,634.6774193548387,0.3210526315789474
387,background,russia,726.3225806451613,0.3210526315789474
388,backward,movement,717.1935483870968,0.36894736842105263
389,backward,silk,787.3793103448276,0.36894736842105263
390,bacteria,foresight,860.0344827586207,0.5768421052631579
391,bacteria,fungus,763.6428571428571,0.5768421052631579
392,badge,boyfriend,735.53125,0.4147368421052631
393,badge,cop,623.6129032258065,0.4147368421052631
394,bagel,sale,534.1724137931035,0.5389473684210526
395,bagel,shop,598.25,0.5389473684210526
396,baggage,frightened,845.6206896551724,0.41157894736842104
397,baggage,luggage,688.9666666666667,0.41157894736842104
398,bait,care,614.5862068965517,0.5110526315789474
399,bait,worm,735.9677419354839,0.5110526315789474
400,baker,cake,692.9333333333333,0.3584210526315789
401,baker,ending,672.5,0.3584210526315789
402,balcony,ledge,634.7586206896551,0.48473684210526313
403,balcony,storage,633.1612903225806,0.48473684210526313
404,ball,bat,665.09375,0.49263157894736836
405,ball,glory,669.6451612903226,0.49263157894736836
406,ballet,dance,570.1666666666666,0.5110526315789474
407,ballet,defeat,851.8709677419355,0.5110526315789474
408,balloon,clown,634.8484848484849,0.3952631578947368
409,balloon,legend,612.516129032258,0.3952631578947368
410,ballot,biology,703.3548387096774,0.4194736842105263
411,ballot,elect,566.9655172413793,0.4194736842105263
412,ban,deodorant,877.9285714285714,0.3968421052631579
413,ban,italian,730.3,0.3968421052631579
414,banana,fruit,701.8387096774194,0.46157894736842103
415,banana,she,656.4193548387096,0.46157894736842103
416,band,argument,700.9375,0.5221052631578947
417,band,play,675.4375,0.5221052631578947
418,bandaid,cut,688.96875,0.3836842105263158
419,bandaid,honest,641.030303030303,0.3836842105263158
420,bandanna,feel,592.4333333333333,0.5421052631578948
421,bandanna,hat,627.4516129032259,0.5421052631578948
422,banjo,guitar,701.55,0.5131578947368421
423,bank,lock,736.0645161290323,0.5
424,bank,vault,913.0357142857144,0.5
425,banker,bank,611.875,0.45526315789473687
426,banker,england,650.8709677419355,0.45526315789473687
427,banquet,eat,692.9032258064516,0.4342105263157895
428,banquet,less,627.8387096774194,0.4342105263157895
429,bar,grill,653.0,0.5036842105263158
430,bar,hunter,627.8125,0.5036842105263158
431,barbecue,personality,738.1935483870968,0.4378947368421053
432,barbecue,ribs,660.0,0.4378947368421053
433,bargain,sale,579.258064516129,0.3863157894736842
434,bargain,yell,770.65625,0.3863157894736842
435,barrel,meat,627.5483870967741,0.3994736842105263
436,barrel,pickles,705.741935483871,0.3994736842105263
437,barrier,ice,597.28125,0.3463157894736842
438,barrier,reef,746.6129032258065,0.3463157894736842
439,bartender,alcohol,690.741935483871,0.5021052631578947
440,bartender,tongue,709.7741935483871,0.5021052631578947
441,base,guitar,666.40625,0.42157894736842105
442,base,hole,689.8387096774194,0.42157894736842105
443,baseball,basketball,768.2666666666667,0.49000000000000005
444,baseball,hint,811.8709677419355,0.49000000000000005
445,basement,attic,641.34375,0.5089473684210526
446,basement,tile,779.40625,0.5089473684210526
447,bashful,marker,751.2,0.47684210526315784
448,bashful,shy,587.6774193548387,0.47684210526315784
449,basket,driver,656.5,0.3863157894736842
450,basket,weave,614.6774193548387,0.3863157894736842
451,bat,gander,1004.0,0.4731578947368421
452,bat,night,665.0625,0.4731578947368421
453,bath,flag,691.8387096774194,0.4963157894736842
454,bath,towel,596.0,0.4963157894736842
455,bathroom,bedroom,709.5625,0.5868421052631579
456,bathroom,thread,661.6774193548387,0.5868421052631579
457,bathtub,monthly,692.2413793103449,0.4773684210526316
458,bathtub,shower,692.8,0.4773684210526316
459,bay,graduation,752.78125,0.3847368421052632
460,bay,water,693.9677419354839,0.3847368421052632
461,be,am,745.1379310344828,0.6178947368421053
462,be,ten,697.2,0.6178947368421053
463,bead,necklace,640.5,0.4147368421052632
464,beam,say,644.4516129032259,0.4531578947368421
465,beam,smile,556.71875,0.4531578947368421
466,bean,green,587.9375,0.42526315789473684
467,bean,layer,728.9583333333334,0.42526315789473684
470,beard,arrow,636.9354838709677,0.5378947368421053
471,beard,mustache,669.0,0.5378947368421053
472,beast,animal,699.53125,0.48368421052631577
473,beast,cactus,777.9629629629629,0.48368421052631577
474,beat,jacket,653.8125,0.5236842105263158
475,beat,pound,690.7096774193549,0.5236842105263158
476,beautiful,pretty,591.7272727272727,0.5926315789473684
477,beautiful,still,618.0909090909091,0.5926315789473684
478,beauty,beast,656.4137931034483,0.45789473684210524
479,beauty,me,622.8709677419355,0.45789473684210524
480,beaver,dam,889.2307692307693,0.3952631578947368
481,beaver,rain,573.71875,0.3952631578947368
482,because,sugar,620.4516129032259,0.7057894736842105
483,because,why,627.46875,0.7057894736842105
484,become,am,722.375,0.47
485,become,search,679.0,0.47
486,bedroom,airplane,663.8125,0.5252631578947369
487,bedroom,bathroom,619.625,0.5252631578947369
488,bee,castle,741.6774193548387,0.45789473684210524
489,bee,sting,701.8064516129032,0.45789473684210524
490,beef,bug,692.9677419354839,0.5568421052631579
491,beef,cow,683.5806451612904,0.5568421052631579
492,beetle,juice,563.1935483870968,0.43736842105263163
493,beetle,pie,624.1379310344828,0.43736842105263163
494,before,after,619.5757575757576,0.6378947368421052
495,before,new,593.0645161290323,0.6378947368421052
496,beg,low,619.6451612903226,0.4957894736842105
497,beg,plead,691.5384615384615,0.4957894736842105
498,beggar,plead,787.3214285714286,0.4421052631578948
499,beggar,polish,708.2727272727273,0.4421052631578948
500,beginner,dull,795.483870967742,0.3957894736842105
501,beginner,novice,702.0357142857143,0.3957894736842105
502,behavior,bravery,765.9333333333333,0.43315789473684213
503,behavior,strange,670.9354838709677,0.43315789473684213
504,being,human,597.1875,0.5236842105263159
505,being,seatbelt,759.4333333333333,0.5236842105263159
506,belief,lie,588.8709677419355,0.4594736842105263
507,belief,low,619.1785714285714,0.4594736842105263
508,believe,faith,608.0666666666667,0.6163157894736843
509,believe,mile,722.0,0.6163157894736843
510,bell,army,647.8387096774194,0.4921052631578947
511,bell,liberty,632.258064516129,0.4921052631578947
512,belly,drop,600.1612903225806,0.43999999999999995
513,belly,scratch,699.0,0.43999999999999995
514,belong,bride,697.9677419354839,0.4705263157894737
515,belong,mine,613.46875,0.4705263157894737
516,below,above,703.5666666666667,0.4126315789473684
517,below,road,685.6774193548387,0.4126315789473684
518,belt,deodorant,837.3548387096774,0.47421052631578947
519,belt,strap,673.0357142857143,0.47421052631578947
520,bend,backward,667.5483870967741,0.42105263157894735
521,bend,telephone,670.9032258064516,0.42105263157894735
522,beneath,grave,658.2,0.48736842105263156
523,beneath,under,694.8387096774194,0.48736842105263156
524,benefit,help,622.6451612903226,0.33789473684210525
525,benefit,idea,612.9090909090909,0.33789473684210525
526,bent,belt,598.0333333333333,0.4068421052631579
527,bent,crooked,678.9310344827586,0.4068421052631579
528,best,cake,655.5625,0.5152631578947369
529,best,worst,658.1935483870968,0.5152631578947369
530,bet,door,641.84375,0.5873684210526315
531,bet,gamble,677.8,0.5873684210526315
532,betray,cheat,618.6451612903226,0.49105263157894735
533,betray,owner,662.5483870967741,0.49105263157894735
534,beware,fright,763.2,0.4405263157894737
535,beware,sit,769.2758620689655,0.4405263157894737
536,beyond,after,630.516129032258,0.42368421052631583
537,beyond,pride,633.03125,0.42368421052631583
538,bias,never,796.8333333333334,0.38842105263157894
539,bias,race,692.6129032258065,0.38842105263157894
540,bible,holy,587.6774193548387,0.53
541,bible,yell,711.1666666666666,0.53
542,big,grand,687.875,0.5484210526315789
543,big,ready,571.0,0.5484210526315789
544,bike,ride,621.9354838709677,0.5547368421052632
545,bike,senate,806.4444444444445,0.5547368421052632
546,billboard,pudding,808.7,0.36684210526315786
547,billboard,sign,598.2258064516129,0.36684210526315786
548,binder,do,678.8,0.3452631578947368
549,binder,folder,680.3333333333334,0.3452631578947368
550,biology,frog,666.9354838709677,0.4889473684210526
551,biology,she,616.9310344827586,0.4889473684210526
554,birth,beginning,757.0,0.4584210526315789
555,birth,ten,581.21875,0.4584210526315789
556,birthday,candle,629.3125,0.5368421052631579
557,birthday,hill,670.4,0.5368421052631579
558,bison,buffalo,673.5,0.4073684210526316
559,bison,year,629.03125,0.4073684210526316
560,bit,bite,780.3333333333334,0.49947368421052635
561,bit,octopus,757.1333333333333,0.49947368421052635
562,blackboard,chalk,675.3103448275862,0.37
563,blackboard,stair,752.0645161290323,0.37
564,blade,iron,690.5,0.4978947368421052
565,blade,knife,594.8787878787879,0.4978947368421052
566,blame,accuse,710.9642857142857,0.5452631578947368
567,blame,private,712.3214285714286,0.5452631578947368
568,blanket,warm,561.4545454545455,0.4610526315789474
569,blanket,why,646.5862068965517,0.4610526315789474
570,bleach,white,526.1290322580645,0.4721052631578947
571,blend,ashtray,965.0384615384615,0.4652631578947368
572,blend,mix,598.6896551724138,0.4652631578947368
573,blender,ice,586.8709677419355,0.43
574,blender,patience,688.7931034482758,0.43
575,bless,want,571.75,0.5105263157894736
576,bless,you,656.21875,0.5105263157894736
577,blinds,curtains,669.8387096774194,0.3378947368421052
578,blinds,kind,707.6451612903226,0.3378947368421052
579,block,against,735.1612903225806,0.4326315789473685
580,block,brick,841.2903225806451,0.4326315789473685
583,blood,rules,622.0909090909091,0.4605263157894737
584,blood,vein,708.6785714285714,0.4605263157894737
585,bloom,fungus,730.0416666666666,0.4431578947368421
586,bloom,rose,605.1818181818181,0.4431578947368421
587,blot,earth,603.4545454545455,0.3484210526315789
588,blot,smudge,734.7037037037037,0.3484210526315789
589,blouse,hair,623.516129032258,0.5836842105263159
590,blouse,shirt,652.59375,0.5836842105263159
591,blubber,empty,746.1290322580645,0.47526315789473683
592,blubber,whale,654.258064516129,0.47526315789473683
593,blueberry,pie,642.125,0.47368421052631576
594,blueberry,thief,641.5666666666667,0.47368421052631576
595,blues,brothers,654.1290322580645,0.46736842105263154
596,blues,proof,716.258064516129,0.46736842105263154
597,bluff,cliff,650.0967741935484,0.3731578947368421
598,bluff,keeper,717.6551724137931,0.3731578947368421
599,blunt,rude,683.125,0.37473684210526315
600,blunt,suffocate,800.8275862068965,0.37473684210526315
601,blur,dime,643.0714285714286,0.37526315789473685
602,blur,vision,622.03125,0.37526315789473685
603,board,chalk,719.3793103448276,0.3589473684210526
604,board,person,608.0625,0.3589473684210526
605,bog,hog,744.8148148148148,0.41789473684210526
606,bog,wife,615.1,0.41789473684210526
607,boil,happy,544.9375,0.5221052631578947
608,boil,pot,592.71875,0.5221052631578947
609,boiled,eggs,553.40625,0.48052631578947363
610,boiled,pick,554.5172413793103,0.48052631578947363
611,bold,daring,709.9375,0.4110526315789474
612,bold,note,680.8571428571429,0.4110526315789474
613,bologna,meat,690.6451612903226,0.36315789473684207
614,bologna,tea,779.0322580645161,0.36315789473684207
615,bolt,close,609.3333333333334,0.43999999999999995
616,bolt,material,661.78125,0.43999999999999995
617,bondage,slave,633.90625,0.3952631578947368
618,bondage,usa,733.1481481481482,0.3952631578947368
619,bone,chicken,606.90625,0.5352631578947369
620,bone,shampoo,646.2666666666667,0.5352631578947369
621,book,oyster,752.32,0.5031578947368421
622,book,read,672.9677419354839,0.5031578947368421
623,bookbag,people,632.3225806451613,0.42000000000000004
624,bookbag,purse,643.8709677419355,0.42000000000000004
625,boot,camp,570.5483870967741,0.41842105263157897
626,boot,habit,676.6333333333333,0.41842105263157897
627,booth,smash,679.03125,0.3768421052631579
628,booth,telephone,649.75,0.3768421052631579
629,boots,itch,727.8709677419355,0.5184210526315789
630,boots,leather,580.6785714285714,0.5184210526315789
631,border,dollars,651.5,0.39473684210526316
632,border,line,683.125,0.39473684210526316
633,boring,cause,692.09375,0.5205263157894737
634,boring,dull,646.5862068965517,0.5205263157894737
635,borrow,ending,658.3225806451613,0.4826315789473684
636,borrow,lend,630.5483870967741,0.4826315789473684
637,boss,employer,796.741935483871,0.5352631578947369
638,boss,environment,811.1612903225806,0.5352631578947369
639,bottle,booze,667.0714285714286,0.5863157894736842
640,bottle,zoo,663.9333333333333,0.5863157894736842
641,bottom,floor,754.125,0.4394736842105263
642,bottom,park,620.2333333333333,0.4394736842105263
643,bouillon,shark,642.15625,0.4947368421052632
644,bouillon,square,826.1333333333333,0.4947368421052632
645,boulevard,heat,650.78125,0.3857894736842105
646,boulevard,street,739.9655172413793,0.3857894736842105
647,bound,reel,848.5217391304348,0.3836842105263158
648,bound,tie,615.4137931034483,0.3836842105263158
649,boundary,fence,702.9655172413793,0.3636842105263158
650,boundary,flute,755.5555555555555,0.3636842105263158
651,bounty,future,770.84375,0.35052631578947363
652,bounty,hunter,678.4666666666667,0.35052631578947363
653,bouquet,flowers,582.1290322580645,0.47526315789473683
654,bouquet,fraternity,848.258064516129,0.47526315789473683
655,bow,arrow,618.375,0.43052631578947365
656,bow,church,633.03125,0.43052631578947365
657,bowl,plate,663.6363636363636,0.4463157894736842
658,bowl,protect,774.6666666666666,0.4463157894736842
659,bowling,ball,629.71875,0.45736842105263154
660,bowling,flowers,690.8709677419355,0.45736842105263154
661,box,honesty,582.8125,0.43
662,box,shoe,563.3793103448276,0.43
663,boxer,annoying,720.03125,0.4652631578947368
664,boxer,gloves,658.09375,0.4652631578947368
665,boxing,gloves,655.90625,0.5036842105263158
666,boxing,kind,736.8064516129032,0.5036842105263158
667,boy,george,848.7916666666666,0.6036842105263158
668,boy,sympathy,866.4333333333333,0.6036842105263158
669,boyfriend,girlfriend,681.7741935483871,0.6094736842105263
670,boyfriend,innocent,749.0322580645161,0.6094736842105263
671,bracelet,girl,625.9,0.4921052631578947
672,bracelet,polite,688.84375,0.4921052631578947
673,braces,stage,716.53125,0.3773684210526316
674,braces,young,603.6875,0.3773684210526316
675,brain,caring,763.9310344827586,0.5078947368421053
676,brain,cell,635.5666666666667,0.5078947368421053
677,brake,bird,681.90625,0.4594736842105263
678,brake,go,618.96875,0.4594736842105263
679,branch,leaf,578.8125,0.3368421052631579
680,branch,pickles,695.3103448275862,0.3368421052631579
681,brand,call,578.9655172413793,0.4247368421052632
682,brand,kind,619.1515151515151,0.4247368421052632
683,brandy,explosion,730.4848484848485,0.5657894736842105
684,brandy,gin,692.9565217391304,0.5657894736842105
685,brat,speak,612.96875,0.4605263157894737
686,brat,spoiled,698.1612903225806,0.4605263157894737
687,bravado,great,643.5757575757576,0.4394736842105263
688,bravado,peak,635.3870967741935,0.4394736842105263
689,brave,indian,734.28125,0.523157894736842
690,brave,top,622.3125,0.523157894736842
691,bravery,bum,784.5,0.5121052631578947
692,bravery,scare,737.1724137931035,0.5121052631578947
693,break,nature,765.3870967741935,0.5189473684210526
694,break,smash,629.3125,0.5189473684210526
695,breakable,indian,790.25,0.44421052631578944
696,breakable,item,621.0,0.44421052631578944
697,breakfast,cereal,671.3125,0.5421052631578948
698,breakfast,queen,685.0645161290323,0.5421052631578948
699,breast,chest,698.34375,0.47421052631578947
700,breast,elect,813.64,0.47421052631578947
701,breath,deep,609.0,0.4626315789473684
702,breath,job,563.3225806451613,0.4626315789473684
703,breathe,exhale,760.5625,0.5431578947368422
704,breathe,knowledge,778.741935483871,0.5431578947368422
705,breed,diary,675.625,0.5178947368421053
706,breed,dog,549.7931034482758,0.5178947368421053
707,breeze,tent,689.3333333333334,0.47
708,breeze,wind,579.9,0.47
709,breezeway,grow,720.9666666666667,0.3142105263157895
710,breezeway,walkway,670.1875,0.3142105263157895
711,brick,lawsuit,743.4516129032259,0.4378947368421053
712,brick,layer,692.6153846153846,0.4378947368421053
713,bridge,nice,672.71875,0.47263157894736846
714,bridge,span,782.8695652173913,0.47263157894736846
715,bring,answer,651.4193548387096,0.6052631578947368
716,bring,get,630.7333333333333,0.6052631578947368
717,bristle,brush,741.7096774193549,0.40210526315789474
718,bristle,sound,652.6774193548387,0.40210526315789474
721,brittle,board,658.3333333333334,0.41789473684210526
722,brittle,peanut,672.1612903225806,0.41789473684210526
723,broad,surgery,650.71875,0.37052631578947365
724,broad,wide,580.09375,0.37052631578947365
725,broccoli,gift,629.1612903225806,0.4594736842105263
726,broccoli,spinach,857.2258064516129,0.4594736842105263
727,broil,bake,613.1875,0.4942105263157895
728,broil,instrument,647.6,0.4942105263157895
729,broken,fix,661.6896551724138,0.4973684210526315
730,broken,luggage,689.8965517241379,0.4973684210526315
731,brook,queen,636.5454545454545,0.40157894736842104
732,brook,stream,663.6666666666666,0.40157894736842104
733,broom,brush,618.46875,0.3736842105263158
734,broom,muscle,653.1034482758621,0.3736842105263158
735,brother,appear,671.2068965517242,0.5794736842105263
736,brother,mother,628.6451612903226,0.5794736842105263
737,brown,color,689.0,0.4526315789473684
738,brown,song,670.9677419354839,0.4526315789473684
739,bruise,knee,643.6206896551724,0.4663157894736842
740,bruise,worker,630.1290322580645,0.4663157894736842
741,brunette,blonde,652.9354838709677,0.5326315789473685
742,brunette,english,692.7586206896551,0.5326315789473685
743,brush,male,601.0,0.4621052631578947
744,brush,touch,640.0625,0.4621052631578947
745,bubble,chaos,729.7407407407408,0.3863157894736842
746,bubble,gum,691.28125,0.3863157894736842
747,buck,dollar,680.7272727272727,0.4257894736842105
748,buck,gain,648.6896551724138,0.4257894736842105
749,buckle,seatbelt,668.6,0.4194736842105263
750,buckle,temperature,669.5,0.4194736842105263
751,bud,candy,687.8387096774194,0.4036842105263158
752,bud,roses,734.2258064516129,0.4036842105263158
753,budget,plan,549.125,0.40263157894736845
754,budget,potato,707.46875,0.40263157894736845
755,buffalo,guitar,771.0,0.4047368421052632
756,buffalo,plain,698.7333333333333,0.4047368421052632
757,bug,guilty,775.6666666666666,0.4315789473684211
758,bug,spider,773.28125,0.4315789473684211
759,bugle,horn,743.4333333333333,0.40789473684210525
760,bugle,tornado,774.258064516129,0.40789473684210525
761,builder,constructio,754.15625,0.42684210526315786
762,builder,okay,580.258064516129,0.42684210526315786
763,building,normal,619.6666666666666,0.4721052631578947
764,building,tall,600.8,0.4721052631578947
765,bullet,newton,879.1,0.48315789473684206
766,bullet,proof,714.6,0.48315789473684206
767,bulletin,board,560.40625,0.3568421052631579
768,bulletin,stage,679.3548387096774,0.3568421052631579
769,bullock,actress,747.5333333333333,0.3378947368421052
770,bullock,rare,680.1612903225806,0.3378947368421052
771,bully,rough,668.9032258064516,0.4231578947368422
772,bully,russia,785.8214285714286,0.4231578947368422
775,burden,load,636.6451612903226,0.3973684210526316
776,burden,prom,769.75,0.3973684210526316
777,burglar,robbery,655.5151515151515,0.44789473684210523
778,burglar,second,669.6451612903226,0.44789473684210523
779,burglary,baseball,736.9333333333333,0.46263157894736845
780,burglary,robbery,645.0322580645161,0.46263157894736845
781,burial,death,629.09375,0.5310526315789473
782,burial,refuse,664.2333333333333,0.5310526315789473
783,burst,bubble,584.0344827586207,0.40421052631578946
784,burst,gum,738.7931034482758,0.40421052631578946
785,bury,bone,695.8275862068965,0.4931578947368421
786,bury,electricity,845.75,0.4931578947368421
787,bus,geometry,739.09375,0.5178947368421053
788,bus,taxi,631.258064516129,0.5178947368421053
789,bush,clue,711.3548387096774,0.38315789473684214
790,bush,leaves,659.0,0.38315789473684214
791,busy,bored,631.9655172413793,0.501578947368421
792,busy,taxi,645.3225806451613,0.501578947368421
793,button,doll,607.9285714285714,0.46315789473684216
794,button,push,610.448275862069,0.46315789473684216
795,buy,dusk,784.56,0.5636842105263158
796,buy,sell,605.4666666666667,0.5636842105263158
797,buyer,organize,676.4375,0.47368421052631576
798,buyer,seller,747.1290322580645,0.47368421052631576
799,buzz,ring,670.4,0.4263157894736842
800,buzz,service,697.1290322580645,0.4263157894736842
801,cab,geometry,773.6969696969697,0.5157894736842106
802,cab,taxi,603.6333333333333,0.5157894736842106
803,cabbage,peanut,643.5666666666667,0.49000000000000005
804,cabbage,vegetable,664.0645161290323,0.49000000000000005
805,cabin,family,565.5333333333333,0.44052631578947365
806,cabin,log,571.1212121212121,0.44052631578947365
807,cabinet,kitchen,588.375,0.3757894736842105
808,cabinet,push,630.4848484848485,0.3757894736842105
809,caboose,minute,652.34375,0.4810526315789474
810,caboose,tail,621.2333333333333,0.4810526315789474
811,cactus,scare,756.3125,0.45789473684210524
812,cactus,spine,680.2,0.45789473684210524
813,cafe,careful,779.4193548387096,0.4715789473684211
814,cafe,dinner,604.8333333333334,0.4715789473684211
815,caffeine,coffee,591.6451612903226,0.4594736842105263
816,caffeine,pickles,726.2,0.4594736842105263
817,cage,wide,636.516129032258,0.4242105263157895
818,cage,wire,589.28125,0.4242105263157895
819,cake,bake,684.8125,0.5210526315789474
820,cake,cans,759.4285714285714,0.5210526315789474
821,calculator,math,580.875,0.35947368421052633
822,calculator,rip,844.1111111111111,0.35947368421052633
823,calendar,cat,576.9354838709677,0.39894736842105266
824,calendar,date,599.625,0.39894736842105266
825,call,adolescent,748.3548387096774,0.5705263157894737
826,call,yell,625.3125,0.5705263157894737
829,camel,coffee,652.6896551724138,0.4036842105263158
830,camel,egypt,663.2413793103449,0.4036842105263158
831,camera,clay,667.0666666666667,0.5221052631578947
832,camera,picture,566.25,0.5221052631578947
833,camp,ground,582.4516129032259,0.43105263157894735
834,camp,hound,735.7857142857143,0.43105263157894735
835,camping,four,621.0370370370371,0.4605263157894737
836,camping,tent,682.741935483871,0.4605263157894737
837,can,coke,635.78125,0.7042105263157894
838,can,morning,679.7272727272727,0.7042105263157894
839,canal,hurricane,707.1666666666666,0.448421052631579
840,canal,stream,771.5,0.448421052631579
841,candidate,bed,575.9666666666667,0.41210526315789475
842,candidate,president,664.2258064516129,0.41210526315789475
843,candy,allow,627.3,0.4542105263157894
844,candy,gum,622.4375,0.4542105263157894
845,cane,dill,944.190476190476,0.36315789473684207
846,cane,sugar,689.9333333333333,0.36315789473684207
847,canvas,award,634.9354838709677,0.4594736842105263
848,canvas,shoes,622.5454545454545,0.4594736842105263
849,canvass,failure,661.0,0.29421052631578953
850,canvass,painting,764.1612903225806,0.29421052631578953
851,canyon,electric,814.516129032258,0.4273684210526316
852,canyon,grand,693.8064516129032,0.4273684210526316
853,cap,dish,695.0,0.43
854,cap,hat,681.8387096774194,0.43
855,capability,ability,711.21875,0.39473684210526316
856,capability,winter,620.125,0.39473684210526316
857,capacity,erupt,884.2758620689655,0.3405263157894737
858,capacity,full,645.1935483870968,0.3405263157894737
859,cape,ambulance,827.2258064516129,0.34789473684210526
860,cape,coral,756.125,0.34789473684210526
861,captain,boss,659.9629629629629,0.5736842105263158
862,captain,nephew,706.1666666666666,0.5736842105263158
863,caption,best,602.3333333333334,0.36578947368421055
864,caption,closed,630.6969696969697,0.36578947368421055
865,captive,candy,679.15625,0.36999999999999994
866,captive,prisoner,726.8333333333334,0.36999999999999994
867,capture,busy,710.0666666666667,0.41789473684210526
868,capture,kidnap,704.5,0.41789473684210526
869,car,auto,667.53125,0.5631578947368422
870,car,salad,777.2,0.5631578947368422
871,caravan,desert,698.3939393939394,0.4110526315789474
872,caravan,obstacle,695.8620689655172,0.4110526315789474
873,carbon,atom,673.516129032258,0.45631578947368423
874,carbon,murder,599.0,0.45631578947368423
875,cardboard,space,610.2258064516129,0.44263157894736843
876,cardboard,stiff,723.8214285714286,0.44263157894736843
877,cardinal,rule,579.2121212121212,0.46315789473684216
878,cardinal,tail,679.6969696969697,0.46315789473684216
881,career,goal,592.7,0.4126315789473684
882,career,pepsi,952.8888888888888,0.4126315789473684
883,careful,cautious,815.8620689655172,0.5531578947368422
884,careful,ceremony,706.4193548387096,0.5531578947368422
885,careless,disc,759.32,0.4136842105263158
886,careless,messy,743.0357142857143,0.4136842105263158
887,caress,purple,671.53125,0.4931578947368421
888,caress,soft,763.3548387096774,0.4931578947368421
889,caring,loving,572.9666666666667,0.45736842105263154
890,caring,neat,635.84,0.45736842105263154
891,carnival,party,644.5333333333333,0.41157894736842104
892,carnival,toothbrush,733.375,0.41157894736842104
893,carpenter,hammer,725.5806451612904,0.44684210526315793
894,carpenter,push,603.7586206896551,0.44684210526315793
895,carpet,mountains,713.3793103448276,0.42526315789473684
896,carpet,rug,619.59375,0.42526315789473684
897,carrot,elephant,721.8787878787879,0.40894736842105267
898,carrot,rabbit,642.4545454545455,0.40894736842105267
899,carton,box,672.0625,0.38526315789473686
900,carton,spinach,795.2,0.38526315789473686
901,case,court,611.0666666666667,0.49157894736842106
902,case,lid,711.7241379310345,0.49157894736842106
903,cashew,nut,636.516129032258,0.4663157894736842
904,cashew,sword,626.3225806451613,0.4663157894736842
905,castle,sand,622.4848484848485,0.45526315789473687
906,castle,temperature,722.5151515151515,0.45526315789473687
907,casual,comfortable,708.0,0.38526315789473686
908,casual,con,920.5,0.38526315789473686
909,catastrophe,goal,669.4375,0.4863157894736842
910,catastrophe,tornado,632.5806451612904,0.4863157894736842
911,catch,ball,660.15625,0.5199999999999999
912,catch,human,651.0,0.5199999999999999
913,catcher,baseball,674.5333333333333,0.33736842105263154
914,catcher,clear,634.1333333333333,0.33736842105263154
915,cattle,horse,798.2,0.5321052631578947
916,cattle,seller,708.8148148148148,0.5321052631578947
917,cauliflower,broccoli,741.8387096774194,0.49684210526315786
918,cauliflower,scare,726.9375,0.49684210526315786
919,cause,thursday,697.6875,0.606842105263158
920,cause,why,584.0625,0.606842105263158
921,caution,army,619.09375,0.3763157894736842
922,caution,danger,630.0625,0.3763157894736842
923,cautious,careful,659.1212121212121,0.44263157894736843
924,cautious,come,711.8484848484849,0.44263157894736843
925,cave,hundred,675.0,0.49526315789473685
926,cave,opening,642.8387096774194,0.49526315789473685
927,cavern,cave,552.0,0.4636842105263158
928,cavern,shape,601.0967741935484,0.4636842105263158
929,cavity,cave,568.21875,0.4705263157894737
930,cavity,insane,845.2,0.4705263157894737
931,ceiling,red,591.060606060606,0.47684210526315784
932,ceiling,wall,602.15625,0.47684210526315784
934,celebration,lie,657.5333333333333,0.5347368421052632
935,celebration,party,693.3870967741935,0.5347368421052632
936,celery,carrot,653.0,0.521578947368421
937,celery,stay,689.9655172413793,0.521578947368421
938,cellar,attic,730.375,0.4410526315789474
939,cellar,hair,565.9677419354839,0.4410526315789474
940,cello,bass,641.3333333333334,0.5505263157894738
941,cello,lot,689.59375,0.5505263157894738
943,cement,anxiety,823.6206896551724,0.4515789473684211
944,cement,concrete,749.1333333333333,0.4515789473684211
945,cemetery,grave,737.8666666666667,0.5136842105263157
946,cemetery,neck,757.9666666666667,0.5136842105263157
947,center,middle,584.1818181818181,0.36052631578947364
948,center,opening,708.9655172413793,0.36052631578947364
949,central,center,622.0,0.3821052631578947
950,central,lawyer,652.6129032258065,0.3821052631578947
953,century,elect,732.3103448275862,0.4226315789473684
954,century,year,546.5333333333333,0.4226315789473684
955,ceramics,blonde,724.75,0.5105263157894736
956,ceramics,crafts,748.1875,0.5105263157894736
957,cereal,breakfast,698.6969696969697,0.45105263157894737
958,cereal,uncle,649.939393939394,0.45105263157894737
959,ceremony,graduation,689.84375,0.48
960,ceremony,sly,676.2307692307693,0.48
961,chain,china,691.8214285714286,0.371578947368421
962,chain,saw,627.3870967741935,0.371578947368421
963,chair,coffee,598.09375,0.4852631578947368
964,chair,table,599.8787878787879,0.4852631578947368
965,chairperson,fries,810.7142857142857,0.38
966,chairperson,leader,692.25,0.38
967,chalk,crayon,772.0333333333333,0.41789473684210526
968,chalk,diamond,648.8387096774194,0.41789473684210526
969,chalkboard,branch,849.6451612903226,0.41052631578947374
970,chalkboard,write,625.2903225806451,0.41052631578947374
971,chamber,present,676.5,0.3910526315789474
972,chamber,room,666.375,0.3910526315789474
973,champagne,beer,630.5625,0.5326315789473685
974,champagne,painting,661.0967741935484,0.5326315789473685
975,champion,boxer,586.0967741935484,0.5552631578947369
976,champion,penny,751.21875,0.5552631578947369
977,chance,bow,659.5714285714286,0.5305263157894737
978,chance,luck,654.7666666666667,0.5305263157894737
979,change,chicken,570.030303030303,0.4431578947368421
980,change,different,685.96875,0.4431578947368421
981,channel,marker,713.6071428571429,0.43842105263157893
982,channel,mine,657.939393939394,0.43842105263157893
983,chaos,bag,675.2727272727273,0.45894736842105266
984,chaos,confusion,655.7857142857143,0.45894736842105266
985,chapel,jungle,724.1875,0.48736842105263156
986,chapel,priest,780.4333333333333,0.48736842105263156
987,chapter,sorority,912.1071428571428,0.4205263157894737
988,chapter,trash,634.90625,0.4205263157894737
989,character,personality,696.7878787878788,0.49526315789473685
990,character,talk,571.9090909090909,0.49526315789473685
991,characteristic,look,704.2258064516129,0.4342105263157895
992,characteristic,trait,826.90625,0.4342105263157895
993,charcoal,grill,696.0333333333333,0.4152631578947369
994,charcoal,star,643.483870967742,0.4152631578947369
995,charge,electric,704.4193548387096,0.4163157894736842
996,charge,safe,553.1875,0.4163157894736842
997,charm,bracelet,699.7333333333333,0.4368421052631579
998,charm,wolf,650.8387096774194,0.4368421052631579
999,chart,graph,651.7,0.37105263157894736
1000,chart,winner,691.5,0.37105263157894736
1001,cheap,auto,601.75,0.4826315789473684
1002,cheap,sale,653.0,0.4826315789473684
1003,cheat,fail,653.5,0.4621052631578947
1004,cheat,wear,670.5483870967741,0.4621052631578947
1005,check,cash,642.8064516129032,0.5189473684210526
1006,check,tight,616.3225806451613,0.5189473684210526
1007,checkers,cotton,705.741935483871,0.3657894736842105
1008,checkers,round,737.0666666666667,0.3657894736842105
1011,cheerleader,rock,673.939393939394,0.41578947368421054
1012,cheerleader,snob,848.4444444444445,0.41578947368421054
1013,chef,donkey,613.8125,0.506842105263158
1014,chef,waiter,620.8387096774194,0.506842105263158
1015,chemical,muscle,676.9642857142857,0.501578947368421
1016,chemical,reaction,605.9677419354839,0.501578947368421
1017,chemist,scientist,726.9354838709677,0.43842105263157893
1018,chemist,wool,735.1481481481482,0.43842105263157893
1019,chemistry,body,644.84375,0.4463157894736842
1020,chemistry,science,566.3666666666667,0.4463157894736842
1021,chess,foot,593.030303030303,0.45210526315789473
1022,chess,king,609.060606060606,0.45210526315789473
1023,chew,little,646.516129032258,0.4336842105263158
1024,chew,swallow,710.9354838709677,0.4336842105263158
1025,chicken,communism,960.1290322580644,0.578421052631579
1026,chicken,soup,592.0625,0.578421052631579
1027,chief,leader,605.7741935483871,0.49157894736842106
1028,chief,neat,770.1666666666666,0.49157894736842106
1029,child,baby,563.5625,0.5726315789473685
1030,child,dots,767.8846153846154,0.5726315789473685
1031,childish,immature,802.4285714285714,0.45105263157894737
1032,childish,listen,657.9333333333333,0.45105263157894737
1033,children,kids,649.5806451612904,0.5121052631578947
1034,children,superior,745.0,0.5121052631578947
1035,chime,bell,599.15625,0.3431578947368421
1036,chime,blonde,671.4,0.3431578947368421
1037,chimpanzee,ape,633.0689655172414,0.4921052631578947
1038,chimpanzee,snake,658.78125,0.4921052631578947
1039,china,cab,657.68,0.4352631578947368
1040,china,dish,642.483870967742,0.4352631578947368
1041,china,stairs,648.0333333333333,0.4352631578947368
1044,chip,meat,675.0,0.3889473684210526
1045,chip,potato,598.2258064516129,0.3889473684210526
1046,chipmunk,cards,691.5333333333333,0.43315789473684213
1047,chipmunk,squirrel,716.8666666666667,0.43315789473684213
1048,chips,movement,704.96875,0.44947368421052625
1049,chips,potato,552.40625,0.44947368421052625
1050,chisel,chip,582.7741935483871,0.46578947368421053
1051,chisel,climb,724.3333333333334,0.46578947368421053
1052,chocolate,candy,556.4193548387096,0.5526315789473685
1053,chocolate,leather,646.6875,0.5526315789473685
1054,choice,decision,629.375,0.5073684210526316
1055,choice,frankenstein,987.0,0.5073684210526316
1056,choose,monkey,687.4375,0.5073684210526316
1057,choose,pick,607.5483870967741,0.5073684210526316
1058,chop,ax,711.0,0.45789473684210524
1059,chop,learn,650.1290322580645,0.45789473684210524
1060,chorus,song,606.0967741935484,0.4863157894736842
1061,chorus,toothpaste,942.548387096774,0.4863157894736842
1066,christmas,santa,676.4137931034483,0.5252631578947369
1067,christmas,sky,633.125,0.5252631578947369
1070,chunk,christ,833.9642857142857,0.33421052631578946
1071,chunk,piece,650.875,0.33421052631578946
1072,church,religion,596.9677419354839,0.5473684210526316
1073,church,white,649.5,0.5473684210526316
1074,cigar,smoke,648.4666666666667,0.42684210526315786
1075,cigar,south,679.8064516129032,0.42684210526315786
1076,cinnamon,klutz,1165.7777777777778,0.4626315789473684
1077,cinnamon,toast,602.7096774193549,0.4626315789473684
1078,circle,square,657.3125,0.40789473684210525
1079,circle,wimp,908.952380952381,0.40789473684210525
1080,circumstance,ruler,592.1875,0.43
1081,circumstance,situation,672.125,0.43
1082,circus,clown,654.0645161290323,0.428421052631579
1083,circus,minute,619.9310344827586,0.428421052631579
1084,citizen,geek,853.1851851851852,0.40842105263157896
1085,citizen,person,628.9,0.40842105263157896
1086,city,state,657.7333333333333,0.4594736842105263
1087,city,vomit,787.7,0.4594736842105263
1088,claim,insurance,788.0666666666667,0.40157894736842104
1089,claim,persuade,707.7333333333333,0.40157894736842104
1090,clam,flakes,707.6129032258065,0.42368421052631583
1091,clam,oyster,791.3928571428571,0.42368421052631583
1092,clamp,school,682.6875,0.44263157894736843
1093,clamp,tool,585.5806451612904,0.44263157894736843
1094,clarify,repeat,701.0,0.41947368421052633
1095,clarify,tape,642.90625,0.41947368421052633
1096,clarinet,flute,675.0,0.5826315789473684
1097,clarinet,soft,601.2413793103449,0.5826315789473684
1098,claw,cat,647.0322580645161,0.3821052631578947
1099,claw,glue,710.0,0.3821052631578947
1100,clean,blood,621.1212121212121,0.5326315789473685
1101,clean,dirty,622.2903225806451,0.5326315789473685
1102,cleaner,maid,716.6333333333333,0.43052631578947365
1103,cleaner,nice,704.7,0.43052631578947365
1104,cleaning,dust,597.1935483870968,0.4942105263157895
1105,cleaning,harvest,768.5806451612904,0.4942105263157895
1106,clear,cloudy,697.1612903225806,0.4263157894736842
1107,clear,ski,591.6875,0.4263157894736842
1108,clench,bed,584.625,0.5063157894736843
1109,clench,tighten,754.8064516129032,0.5063157894736843
1110,clerk,metal,647.6363636363636,0.4189473684210526
1111,clerk,person,586.5483870967741,0.4189473684210526
1112,clever,fad,872.421052631579,0.49157894736842106
1113,clever,stupid,644.71875,0.49157894736842106
1114,click,mouse,619.6451612903226,0.39
1115,click,whole,675.7878787878788,0.39
1116,cliff,angel,627.0,0.4152631578947369
1117,cliff,ledge,665.6,0.4152631578947369
1118,climate,none,728.09375,0.4594736842105263
1119,climate,weather,609.1935483870968,0.4594736842105263
1120,climax,florida,707.6363636363636,0.4247368421052632
1121,climax,orgasm,800.6774193548387,0.4247368421052632
1124,cloak,dagger,727.2758620689655,0.4542105263157895
1125,cloak,temple,738.34375,0.4542105263157895
1126,clockwise,bad,728.0625,0.39789473684210525
1127,clockwise,direction,619.0,0.39789473684210525
1128,clog,ass,693.9677419354839,0.298421052631579
1129,clog,drain,711.28125,0.298421052631579
1132,close,near,578.1875,0.48157894736842105
1133,close,priest,817.7037037037037,0.48157894736842105
1136,cloth,camp,683.8666666666667,0.5
1137,cloth,material,687.3666666666667,0.5
1138,clothes,wear,581.96875,0.5778947368421052
1139,clothes,world,587.6551724137931,0.5778947368421052
1140,cloud,second,665.9032258064516,0.4852631578947368
1141,cloud,sky,651.1,0.4852631578947368
1142,clown,funny,558.875,0.45210526315789473
1143,clown,unknown,652.15625,0.45210526315789473
1144,club,fraternity,819.9285714285714,0.4368421052631579
1145,club,tool,582.1935483870968,0.4368421052631579
1146,clumsy,important,703.9,0.45894736842105255
1147,clumsy,klutz,1152.888888888889,0.45894736842105255
1148,coach,jesus,687.483870967742,0.5236842105263158
1149,coach,team,608.8,0.5236842105263158
1150,coal,diamond,707.0322580645161,0.5005263157894737
1151,coal,wolf,690.1935483870968,0.5005263157894737
1152,coast,actor,585.060606060606,0.48157894736842105
1153,coast,beach,784.7666666666667,0.48157894736842105
1154,cob,magic,585.78125,0.35157894736842105
1155,cob,web,699.375,0.35157894736842105
1156,cobbler,american,744.6451612903226,0.4263157894736842
1157,cobbler,peach,687.71875,0.4263157894736842
1158,cobra,maze,798.3076923076923,0.3636842105263158
1159,cobra,snake,603.3225806451613,0.3636842105263158
1160,cobweb,bargain,852.516129032258,0.298421052631579
1161,cobweb,spider,645.0,0.298421052631579
1162,cocky,arrogant,779.1290322580645,0.46842105263157885
1163,cocky,wet,590.78125,0.46842105263157885
1164,cocoon,butterfly,622.71875,0.42105263157894735
1165,cocoon,spider,642.65625,0.42105263157894735
1166,cod,cans,706.1481481481482,0.48052631578947375
1167,cod,fish,673.0344827586207,0.48052631578947375
1168,code,politics,746.3448275862069,0.3778947368421052
1169,code,red,558.741935483871,0.3778947368421052
1170,coffee,life,644.7333333333333,0.5663157894736842
1171,coffee,tea,692.7666666666667,0.5663157894736842
1172,coffin,death,612.516129032258,0.47105263157894733
1173,coffin,decide,740.6666666666666,0.47105263157894733
1174,coke,pepsi,787.3548387096774,0.4784210526315789
1175,coke,thanks,718.7096774193549,0.4784210526315789
1176,cold,cover,751.8571428571429,0.538421052631579
1177,cold,snow,646.15625,0.538421052631579
1178,coleslaw,cabbage,728.3448275862069,0.6452631578947369
1179,coleslaw,mouse,666.6666666666666,0.6452631578947369
1180,collect,real,633.9333333333333,0.42894736842105263
1181,collect,stamp,692.5,0.42894736842105263
1182,college,journey,658.258064516129,0.51
1183,college,school,544.65625,0.51
1184,colonel,general,608.0,0.5621052631578948
1185,colonel,words,683.4375,0.5621052631578948
1186,colt,gun,595.0689655172414,0.4368421052631579
1187,colt,shovel,826.7142857142857,0.4368421052631579
1188,column,hallway,668.375,0.3694736842105263
1189,column,newspaper,744.1666666666666,0.3694736842105263
1190,combination,load,604.2903225806451,0.4031578947368421
1191,combination,mixture,848.4666666666667,0.4031578947368421
1192,combine,irregular,714.6666666666666,0.43842105263157893
1193,combine,join,642.34375,0.43842105263157893
1194,comedian,actor,616.65625,0.4947368421052632
1195,comedian,twelve,679.2258064516129,0.4947368421052632
1196,comedy,club,579.6129032258065,0.5178947368421053
1197,comedy,finger,677.1875,0.5178947368421053
1198,comet,planet,638.375,0.47421052631578947
1199,comet,test,612.3870967741935,0.47421052631578947
1200,comfortable,couch,716.258064516129,0.5147368421052632
1201,comfortable,wrong,594.6774193548387,0.5147368421052632
1202,comma,english,671.25,0.3931578947368421
1203,comma,refuse,744.3870967741935,0.3931578947368421
1204,command,fashion,690.483870967742,0.44842105263157894
1205,command,tell,640.3448275862069,0.44842105263157894
1206,commander,chief,600.9090909090909,0.5363157894736842
1207,commander,feel,700.4375,0.5363157894736842
1208,comment,talk,580.90625,0.3626315789473684
1209,comment,zone,624.3870967741935,0.3626315789473684
1210,committee,congress,724.4333333333333,0.4378947368421053
1211,committee,loud,604.3939393939394,0.4378947368421053
1212,common,grape,676.4333333333333,0.3778947368421052
1213,common,uncommon,786.7,0.3778947368421052
1214,communication,radio,617.96875,0.4226315789473684
1215,communication,why,679.741935483871,0.4226315789473684
1216,communist,answer,623.3548387096774,0.5636842105263158
1217,communist,russia,747.9655172413793,0.5636842105263158
1218,community,dependable,805.8,0.3621052631578947
1219,community,neighborhood,740.1612903225806,0.3621052631578947
1220,compact,disc,670.2333333333333,0.3589473684210526
1221,compact,two,648.15625,0.3589473684210526
1222,companion,ill,689.4642857142857,0.4047368421052632
1223,companion,partner,780.65625,0.4047368421052632
1224,compass,direction,623.3333333333334,0.42000000000000004
1225,compass,spring,634.21875,0.42000000000000004
1226,compassion,letters,701.3333333333334,0.5042105263157894
1227,compassion,sympathy,659.25,0.5042105263157894
1228,competence,capability,846.3666666666667,0.41
1229,competence,down,670.28125,0.41
1230,competition,bee,676.7096774193549,0.47421052631578947
1231,competition,sport,592.125,0.47421052631578947
1232,complain,grass,724.6451612903226,0.4463157894736842
1233,complain,whine,800.7777777777778,0.4463157894736842
1234,complete,destruction,725.875,0.38842105263157894
1235,complete,homework,664.1935483870968,0.38842105263157894
1236,complex,building,663.1,0.41789473684210526
1237,complex,mouth,585.2903225806451,0.41789473684210526
1238,complicated,simple,613.96875,0.5026315789473684
1239,complicated,team,672.6129032258065,0.5026315789473684
1240,compliment,brave,633.7272727272727,0.4326315789473685
1241,compliment,thanks,631.78125,0.4326315789473685
1242,component,apartment,723.3939393939394,0.3521052631578947
1243,component,part,685.6551724137931,0.3521052631578947
1246,compose,disagree,675.4,0.42894736842105263
1247,compose,gather,612.3214285714286,0.42894736842105263
1248,compound,jeans,608.7586206896551,0.44052631578947365
1249,compound,mixture,639.21875,0.44052631578947365
1250,compulsion,obsession,764.1612903225806,0.34157894736842104
1251,compulsion,uncommon,752.0,0.34157894736842104
1252,compute,calculate,705.875,0.45894736842105255
1253,compute,market,629.1333333333333,0.45894736842105255
1254,computer,disc,732.0689655172414,0.4542105263157894
1255,computer,poor,642.03125,0.4542105263157894
1256,con,artist,650.6129032258065,0.3642105263157895
1257,con,fun,643.03125,0.3642105263157895
1258,concentrate,vision,595.7,0.4421052631578948
1259,concentrate,wander,876.0384615384615,0.4421052631578948
1260,concept,belief,676.1,0.42368421052631583
1261,concept,puzzle,625.7575757575758,0.42368421052631583
1262,concern,worker,594.0689655172414,0.4173684210526316
1263,concern,worry,607.625,0.4173684210526316
1264,conclude,answer,666.4516129032259,0.39210526315789473
1265,conclude,street,687.5625,0.39210526315789473
1266,conclusion,ending,630.3939393939394,0.4136842105263158
1267,conclusion,smell,609.78125,0.4136842105263158
1268,condemn,accuse,741.9285714285714,0.4889473684210526
1269,condemn,bump,719.3214285714286,0.4889473684210526
1270,confidence,knowledge,704.0666666666667,0.4247368421052632
1271,condition,drunk,586.9375,0.4136842105263158
1272,condition,health,704.3870967741935,0.4136842105263158
1273,conditioner,football,591.0,0.4526315789473684
1274,conditioner,shampoo,675.09375,0.4526315789473684
1275,cone,cup,579.4333333333333,0.40578947368421053
1276,cone,women,603.7878787878788,0.40578947368421053
1277,conference,meeting,606.1612903225806,0.44789473684210523
1278,conference,picket,887.8,0.44789473684210523
1279,confess,alligator,808.7333333333333,0.508421052631579
1280,confess,guilty,637.0967741935484,0.508421052631579
1281,confidence,security,685.2903225806451,0.4247368421052632
1282,conflict,fight,616.7741935483871,0.4557894736842105
1283,conflict,tennis,614.3103448275862,0.4557894736842105
1284,confuse,misunderstand,827.5,0.44789473684210523
1285,confuse,sheets,646.7272727272727,0.44789473684210523
1286,confusion,highway,775.258064516129,0.4689473684210526
1287,confusion,lost,641.6774193548387,0.4689473684210526
1288,congress,cover,701.2962962962963,0.46
1289,congress,senate,713.3793103448276,0.46
1290,connect,dots,701.9032258064516,0.42947368421052634
1291,connect,hole,634.12,0.42947368421052634
1292,conquer,boxer,646.1724137931035,0.45105263157894737
1293,conquer,defeat,633.0666666666667,0.45105263157894737
1294,conquest,adventure,669.3225806451613,0.4131578947368421
1295,conquest,fries,715.71875,0.4131578947368421
1296,conscience,awake,665.21875,0.44263157894736843
1297,conscience,trip,698.8965517241379,0.44263157894736843
1298,conscious,aware,608.741935483871,0.42263157894736847
1299,conscious,rabbit,668.3225806451613,0.42263157894736847
1300,consequence,action,575.2903225806451,0.4557894736842105
1301,consequence,friend,563.96875,0.4557894736842105
1302,constitution,calculate,687.448275862069,0.4447368421052631
1303,constitution,rights,646.25,0.4447368421052631
1304,construct,bone,631.3125,0.41210526315789475
1305,construct,destroy,682.3225806451613,0.41210526315789475
1306,construction,build,619.71875,0.44684210526315793
1307,construction,climate,692.1612903225806,0.44684210526315793
1308,container,award,656.0967741935484,0.42526315789473684
1309,container,tupperware,810.7083333333334,0.42526315789473684
1310,contemporary,modern,670.125,0.47526315789473683
1311,contemporary,tan,609.2333333333333,0.47526315789473683
1312,content,book,551.5454545454545,0.3457894736842105
1313,content,egg,606.90625,0.3457894736842105
1314,contest,back,710.3,0.4526315789473684
1315,contest,winner,661.2,0.4526315789473684
1316,context,clue,571.6774193548387,0.4131578947368421
1317,context,need,673.3125,0.4131578947368421
1318,continent,africa,741.5806451612904,0.40894736842105267
1319,continent,bone,724.8148148148148,0.40894736842105267
1320,contract,agreement,680.8666666666667,0.43842105263157893
1321,contract,bat,626.3225806451613,0.43842105263157893
1322,contractor,builder,699.4516129032259,0.44684210526315793
1323,contractor,help,604.6774193548387,0.44684210526315793
1324,control,enter,716.9354838709677,0.4005263157894737
1325,control,power,614.0,0.4005263157894737
1326,convent,beginner,738.7575757575758,0.5157894736842106
1327,convent,nun,870.2222222222222,0.5157894736842106
1328,conversation,leather,678.1818181818181,0.4789473684210526
1329,conversation,speech,602.1333333333333,0.4789473684210526
1330,convict,killer,579.4375,0.4594736842105263
1331,convict,more,720.060606060606,0.4594736842105263
1332,convince,comfortable,690.4193548387096,0.5142105263157895
1333,convince,persuade,715.5862068965517,0.5142105263157895
1334,cook,arrogant,713.3076923076923,0.5452631578947369
1335,cook,raw,606.258064516129,0.5452631578947369
1336,cookbook,novel,680.7931034482758,0.39052631578947367
1337,cookbook,recipe,690.96875,0.39052631578947367
1338,cool,air,599.3870967741935,0.5994736842105264
1339,cool,lake,605.1935483870968,0.5994736842105264
1340,cooler,bitch,672.7741935483871,0.46842105263157896
1341,cooler,wine,586.09375,0.46842105263157896
1342,cop,again,678.03125,0.5736842105263158
1343,cop,ticket,634.5,0.5736842105263158
1344,copier,machine,767.7666666666667,0.458421052631579
1345,copier,whine,774.48,0.458421052631579
1346,copper,land,628.6774193548387,0.4863157894736842
1347,copper,penny,642.7096774193549,0.4863157894736842
1348,copy,machine,666.84375,0.40631578947368424
1349,copy,thumb,660.1,0.40631578947368424
1350,coral,reef,732.7,0.47368421052631576
1351,coral,washington,695.3666666666667,0.47368421052631576
1352,cord,dance,659.6333333333333,0.4173684210526316
1353,cord,telephone,576.59375,0.4173684210526316
1354,core,early,571.2258064516129,0.3521052631578947
1355,core,middle,679.53125,0.3521052631578947
1356,cork,board,695.5,0.3468421052631579
1357,cork,states,712.9032258064516,0.3468421052631579
1360,corporal,army,579.8387096774194,0.5273684210526316
1361,corporal,princess,681.741935483871,0.5273684210526316
1362,corporation,business,660.5151515151515,0.39473684210526316
1363,corporation,lamb,641.1,0.39473684210526316
1364,corpse,dead,570.5483870967741,0.508421052631579
1365,corpse,not,602.7777777777778,0.508421052631579
1366,correct,owner,684.516129032258,0.4010526315789474
1367,correct,wrong,610.3225806451613,0.4010526315789474
1368,corridor,evidence,840.3793103448276,0.42684210526315786
1369,corridor,hall,569.3125,0.42684210526315786
1370,costume,clothes,693.4375,0.5147368421052632
1371,costume,string,688.6774193548387,0.5147368421052632
1372,cotton,state,682.28125,0.47631578947368414
1373,cotton,wool,603.4333333333333,0.47631578947368414
1374,couch,relax,620.6206896551724,0.471578947368421
1375,couch,ring,656.9375,0.471578947368421
1376,cougar,lion,629.4516129032259,0.4489473684210526
1377,cougar,remember,600.7,0.4489473684210526
1378,cough,cold,651.3939393939394,0.48315789473684206
1379,cough,now,659.7096774193549,0.48315789473684206
1380,country,quick,685.6774193548387,0.44263157894736843
1381,country,usa,737.7777777777778,0.44263157894736843
1382,county,city,591.0967741935484,0.3973684210526316
1383,county,shower,593.375,0.3973684210526316
1384,couple,christmas,737.7575757575758,0.5684210526315789
1385,couple,date,597.3636363636364,0.5684210526315789
1386,courage,bravery,610.59375,0.5447368421052632
1387,courage,quick,695.2258064516129,0.5447368421052632
1388,courageous,dumb,698.6875,0.4773684210526316
1389,courageous,superman,710.2222222222222,0.4773684210526316
1390,court,judge,576.4193548387096,0.5405263157894736
1391,court,spread,692.34375,0.5405263157894736
1392,cousin,nephew,672.5172413793103,0.5515789473684211
1393,cousin,reptile,699.96,0.5515789473684211
1394,cover,girlfriend,779.03125,0.41052631578947374
1395,cover,lid,682.4666666666667,0.41052631578947374
1396,covered,football,601.6774193548387,0.4410526315789474
1397,covered,sheets,602.516129032258,0.4410526315789474
1398,coward,river,610.2903225806451,0.48
1399,coward,wimp,784.3846153846154,0.48
1400,cowboy,boots,608.8,0.4542105263157894
1401,cowboy,fly,575.3103448275862,0.4542105263157894
1402,cowgirl,cowboy,671.1875,0.5210526315789474
1403,cowgirl,rhyme,824.4782608695652,0.5210526315789474
1404,coyote,hidden,682.3870967741935,0.40263157894736845
1405,coyote,wolf,583.8709677419355,0.40263157894736845
1406,cozy,comfortable,706.7096774193549,0.4531578947368421
1407,cozy,yellow,575.2,0.4531578947368421
1408,crab,lobster,569.40625,0.5121052631578947
1409,crab,scared,756.6774193548387,0.5121052631578947
1410,crack,cocaine,910.8064516129032,0.43210526315789477
1411,crack,situation,716.5806451612904,0.43210526315789477
1412,cradle,cuddle,778.6666666666666,0.3136842105263158
1413,cradle,stress,620.4242424242424,0.3136842105263158
1414,craft,in,683.5862068965517,0.4068421052631579
1415,craft,trade,604.7,0.4068421052631579
1418,crane,constructio,695.1875,0.35947368421052633
1419,crane,go,621.65625,0.35947368421052633
1420,crater,hell,770.9,0.45210526315789473
1421,crater,zit,882.2083333333334,0.45210526315789473
1422,crave,hunger,613.8787878787879,0.4189473684210526
1423,crave,walk,638.875,0.4189473684210526
1424,crawl,snail,676.2857142857143,0.428421052631579
1425,crawl,sting,709.1290322580645,0.428421052631579
1428,crazy,insane,717.2258064516129,0.6115789473684211
1429,crazy,letter,632.0625,0.6115789473684211
1430,cream,line,685.0689655172414,0.4863157894736842
1431,cream,milk,628.90625,0.4863157894736842
1432,crease,fold,753.46875,0.4515789473684211
1433,crease,indoors,638.2758620689655,0.4515789473684211
1434,create,make,611.9677419354839,0.4531578947368421
1435,create,mine,701.4827586206897,0.4531578947368421
1436,creation,make,573.84375,0.4168421052631579
1437,creation,waiter,666.2068965517242,0.4168421052631579
1438,creative,mind,638.65625,0.44263157894736843
1439,creative,shower,665.8387096774194,0.44263157894736843
1440,creator,builder,689.4,0.43105263157894735
1441,creator,food,583.1666666666666,0.43105263157894735
1442,creature,dinosaur,640.8,0.48473684210526313
1443,creature,religion,838.483870967742,0.48473684210526313
1444,credit,card,574.1333333333333,0.43578947368421056
1445,credit,decision,719.3666666666667,0.43578947368421056
1446,crescent,goose,649.8928571428571,0.33157894736842103
1447,crescent,moon,625.03125,0.33157894736842103
1448,crevice,crack,766.8387096774194,0.4784210526315789
1449,crevice,silk,654.0689655172414,0.4784210526315789
1450,crew,start,677.483870967742,0.49000000000000005
1451,crew,team,656.40625,0.49000000000000005
1452,cricket,better,612.28125,0.5110526315789474
1453,cricket,bug,658.96875,0.5110526315789474
1454,crisis,hand,655.0,0.4447368421052631
1455,crisis,stress,695.9333333333333,0.4447368421052631
1456,crisp,crunchy,724.9354838709677,0.4036842105263158
1457,crisp,zoo,654.2333333333333,0.4036842105263158
1458,criterion,compact,804.5333333333333,0.3889473684210526
1459,criterion,schedule,633.0333333333333,0.3889473684210526
1460,critical,dangerous,716.53125,0.3426315789473684
1461,critical,look,630.2727272727273,0.3426315789473684
1462,criticize,argue,670.7741935483871,0.43
1463,criticize,fail,607.4516129032259,0.43
1464,crochet,knit,768.5357142857143,0.506842105263158
1465,crochet,sex,673.7272727272727,0.506842105263158
1466,crocodile,alligator,638.4,0.38842105263157894
1467,crocodile,mall,644.4,0.38842105263157894
1468,crook,staff,658.1724137931035,0.36105263157894735
1469,crook,thief,609.1935483870968,0.36105263157894735
1472,cross,ass,704.75,0.3678947368421052
1473,cross,street,672.5,0.3678947368421052
1474,crowd,mob,690.6785714285714,0.5068421052631579
1475,crowd,radio,730.2758620689655,0.5068421052631579
1476,crude,disgusting,846.84375,0.36684210526315786
1477,crude,nose,713.7,0.36684210526315786
1478,crunch,ball,631.9375,0.36315789473684207
1479,crunch,crackle,812.0344827586207,0.36315789473684207
1480,crunchy,foresight,844.741935483871,0.5494736842105263
1481,crunchy,nut,611.9354838709677,0.5494736842105263
1482,crush,smash,644.625,0.4310526315789474
1483,crush,speech,728.5172413793103,0.4310526315789474
1484,crust,beginner,699.9354838709677,0.4594736842105263
1485,crust,pizza,579.28125,0.4594736842105263
1486,crutch,leg,562.483870967742,0.38526315789473686
1487,crutch,reason,726.8125,0.38526315789473686
1488,cry,calm,668.3703703703703,0.5668421052631579
1489,cry,tears,636.625,0.5668421052631579
1490,crystal,clear,646.6969696969697,0.40263157894736845
1491,crystal,cuddle,829.6071428571429,0.40263157894736845
1492,cub,bear,695.34375,0.4052631578947368
1493,cub,hospital,671.7096774193549,0.4052631578947368
1494,cucumber,pickles,762.7,0.48052631578947363
1495,cucumber,tea,568.1515151515151,0.48052631578947363
1496,cuddle,boy,592.1612903225806,0.4757894736842105
1497,cuddle,weak,583.2333333333333,0.4757894736842105
1498,cue,hint,737.6129032258065,0.39631578947368423
1499,cue,tell,626.483870967742,0.39631578947368423
1500,cuff,business,652.6206896551724,0.40263157894736845
1501,cuff,pants,626.8387096774194,0.40263157894736845
1502,culture,question,676.0625,0.4273684210526316
1503,culture,society,630.1612903225806,0.4273684210526316
1504,cup,horn,743.8,0.48473684210526313
1505,cup,saucer,679.9354838709677,0.48473684210526313
1506,cupboard,cans,717.3448275862069,0.47
1507,cupboard,pull,643.4,0.47
1508,cure,abandon,749.1111111111111,0.4784210526315789
1509,cure,help,539.0333333333333,0.4784210526315789
1510,curiosity,knowledge,710.2903225806451,0.4436842105263158
1511,curiosity,work,634.4193548387096,0.4436842105263158
1512,curious,george,685.3,0.5047368421052632
1513,curious,sandwich,688.1379310344828,0.5047368421052632
1514,curse,storm,611.9375,0.47789473684210526
1515,curse,swear,589.9032258064516,0.47789473684210526
1516,cursive,drop,694.3448275862069,0.49157894736842106
1517,cursive,writing,606.21875,0.49157894736842106
1520,curve,beat,742.34375,0.40263157894736845
1521,curve,straight,654.060606060606,0.40263157894736845
1522,curved,novel,662.3870967741935,0.5294736842105263
1523,curved,road,672.53125,0.5294736842105263
1524,cushion,couch,593.8666666666667,0.45210526315789473
1525,cushion,hurry,627.2,0.45210526315789473
1526,cuss,alive,621.6551724137931,0.4163157894736842
1527,cuss,swear,657.5,0.4163157894736842
1528,custard,pudding,644.8709677419355,0.4757894736842105
1529,custard,race,631.5333333333333,0.4757894736842105
1530,customer,service,658.15625,0.3978947368421053
1531,customer,six,662.78125,0.3978947368421053
1532,cut,blood,596.6451612903226,0.4689473684210526
1533,cut,strength,624.8064516129032,0.4689473684210526
1534,cyclone,cautious,853.46875,0.4063157894736842
1535,cyclone,tornado,636.0625,0.4063157894736842
1536,cylinder,floor,635.90625,0.49684210526315786
1537,cylinder,round,645.9354838709677,0.49684210526315786
1538,dad,mom,607.5625,0.6526315789473685
1539,dad,waiter,714.7857142857143,0.6526315789473685
1540,dagger,perfect,643.5454545454545,0.431578947368421
1541,dagger,sword,604.2903225806451,0.431578947368421
1542,daily,blood,638.3333333333334,0.3968421052631579
1543,daily,monthly,737.2,0.3968421052631579
1544,dairy,belt,630.9375,0.45526315789473687
1545,dairy,milk,620.483870967742,0.45526315789473687
1546,damage,destruction,770.15625,0.4489473684210526
1547,damage,hitchhike,1063.1538461538462,0.4489473684210526
1548,damn,it,672.0625,0.67
1549,damn,yours,613.6666666666666,0.67
1550,dandelion,destroy,726.7741935483871,0.48315789473684206
1551,dandelion,yellow,587.6129032258065,0.48315789473684206
1552,dandruff,flakes,800.75,0.5189473684210526
1553,dandruff,workout,732.1612903225806,0.5189473684210526
1554,danger,scary,597.3214285714286,0.47368421052631576
1555,danger,vein,761.6923076923077,0.47368421052631576
1556,dangerous,pizza,574.4375,0.4905263157894737
1557,dangerous,safe,600.8125,0.4905263157894737
1558,daring,brave,589.96875,0.47421052631578947
1559,daring,ghost,623.25,0.47421052631578947
1560,dark,bracelet,850.6551724137931,0.5031578947368421
1561,dark,cold,619.8666666666667,0.5031578947368421
1562,darkness,arms,712.5333333333333,0.5052631578947369
1563,darkness,scared,707.7666666666667,0.5052631578947369
1564,dart,different,599.5806451612904,0.3463157894736842
1565,dart,throw,581.8666666666667,0.3463157894736842
1566,data,base,643.5625,0.4221052631578947
1567,data,lunch,603.34375,0.4221052631578947
1568,date,raw,642.3103448275862,0.4352631578947368
1569,date,time,640.53125,0.4352631578947368
1570,daughter,quack,919.84,0.6247368421052633
1571,daughter,son,660.03125,0.6247368421052633
1572,dawn,dusk,594.625,0.4621052631578947
1573,dawn,forgive,666.030303030303,0.4621052631578947
1574,dead,alive,607.4333333333333,0.5478947368421053
1575,dead,lobster,709.1515151515151,0.5478947368421053
1576,deadly,poison,648.40625,0.4336842105263158
1577,deadly,salt,676.3225806451613,0.4336842105263158
1578,deaf,grill,681.3636363636364,0.4626315789473684
1579,deaf,what,675.0967741935484,0.4626315789473684
1580,deal,bother,769.75,0.5205263157894737
1581,deal,cards,591.5625,0.5205263157894737
1582,death,cabin,606.0967741935484,0.46684210526315784
1583,death,life,530.2758620689655,0.46684210526315784
1584,debate,argue,685.5666666666667,0.41789473684210526
1585,debate,president,626.0333333333333,0.41789473684210526
1586,decay,purpose,643.5151515151515,0.4010526315789474
1587,decay,rot,695.6,0.4010526315789474
1588,deceit,spit,700.6551724137931,0.4868421052631579
1589,deceit,trick,684.125,0.4868421052631579
1590,decency,manners,696.5714285714286,0.4221052631578947
1591,decency,map,623.1666666666666,0.4221052631578947
1592,deception,cliff,728.9285714285714,0.4557894736842105
1593,deception,honesty,616.3030303030303,0.4557894736842105
1594,decide,amount,700.25,0.52
1595,decide,choice,679.78125,0.52
1596,decision,cabbage,710.1851851851852,0.4257894736842105
1597,decision,decide,644.9375,0.4257894736842105
1598,decompose,decay,734.5483870967741,0.4489473684210527
1599,decompose,large,587.0322580645161,0.4489473684210527
1600,decoration,christmas,694.9354838709677,0.39052631578947367
1601,decoration,father,671.375,0.39052631578947367
1602,decrease,increase,749.0625,0.46263157894736845
1603,decrease,rules,634.0,0.46263157894736845
1604,deep,insane,666.3571428571429,0.4257894736842105
1605,deep,shallow,722.2258064516129,0.4257894736842105
1606,deer,doe,781.5384615384615,0.4878947368421052
1607,deer,slave,587.84375,0.4878947368421052
1608,defend,balloon,611.7,0.46578947368421053
1609,defend,protect,574.6896551724138,0.46578947368421053
1610,defense,offense,694.2142857142857,0.39631578947368423
1611,defense,poem,649.9354838709677,0.39631578947368423
1612,define,dictionary,740.6451612903226,0.458421052631579
1613,define,enough,633.8125,0.458421052631579
1614,definition,meaning,613.969696969697,0.4063157894736842
1615,definition,off,592.4285714285714,0.4063157894736842
1616,defrost,show,645.9354838709677,0.5126315789473684
1617,defrost,thaw,659.12,0.5126315789473684
1618,degrade,embarrass,819.76,0.39842105263157895
1619,degrade,hit,606.2258064516129,0.39842105263157895
1620,degree,cold,639.5806451612904,0.4505263157894737
1621,degree,college,587.40625,0.4505263157894737
1622,delicate,fragile,645.2,0.43473684210526314
1623,delicate,one,617.8709677419355,0.43473684210526314
1624,delicious,glasses,746.0645161290323,0.6321052631578947
1625,delicious,tasty,613.0645161290323,0.6321052631578947
1626,delight,fire,651.9375,0.4605263157894737
1627,delight,happy,540.65625,0.4605263157894737
1628,delinquent,juvenile,719.5333333333333,0.42105263157894735
1629,delinquent,map,660.3333333333334,0.42105263157894735
1630,deliver,package,724.625,0.42947368421052634
1631,deliver,stairs,593.5806451612904,0.42947368421052634
1634,democracy,arm,642.4193548387096,0.4947368421052632
1635,democracy,communism,827.2333333333333,0.4947368421052632
1636,democrat,careful,680.5,0.39263157894736844
1637,democrat,republican,726.2758620689655,0.39263157894736844
1638,demon,devil,594.258064516129,0.48052631578947363
1639,demon,diamond,683.5,0.48052631578947363
1640,denial,ladder,835.516129032258,0.36736842105263157
1641,denial,refuse,739.516129032258,0.36736842105263157
1642,dense,compact,856.4375,0.4568421052631579
1643,dense,table,614.8333333333334,0.4568421052631579
1644,dent,bend,720.3,0.3068421052631579
1645,dent,close,582.21875,0.3068421052631579
1646,deny,refuse,653.03125,0.46473684210526317
1647,deny,storage,638.65625,0.46473684210526317
1648,department,death,661.6774193548387,0.42947368421052634
1649,department,head,624.75,0.42947368421052634
1650,depend,independent,752.15625,0.4431578947368421
1651,depend,strength,644.3870967741935,0.4431578947368421
1652,dependent,independent,760.34375,0.4278947368421052
1653,dependent,ocean,653.6666666666666,0.4278947368421052
1654,deposit,animal,649.59375,0.41736842105263156
1655,deposit,slip,652.2903225806451,0.41736842105263156
1656,depth,grass,741.0625,0.40421052631578946
1657,depth,shallow,632.1612903225806,0.40421052631578946
1658,deputy,assistant,685.6129032258065,0.47210526315789475
1659,deputy,stack,758.3103448275862,0.47210526315789475
1660,descent,below,609.9666666666667,0.43052631578947365
1661,descent,moon,686.0,0.43052631578947365
1662,desert,cactus,805.2068965517242,0.44684210526315793
1663,desert,prisoner,659.6551724137931,0.44684210526315793
1664,designer,boring,760.6129032258065,0.47210526315789475
1665,designer,name,628.1875,0.47210526315789475
1666,desire,join,603.28125,0.5094736842105263
1667,desire,want,579.8387096774194,0.5094736842105263
1668,desk,cat,605.2258064516129,0.45210526315789473
1669,desk,study,570.75,0.45210526315789473
1670,destiny,future,680.448275862069,0.458421052631579
1671,destiny,polish,766.0,0.458421052631579
1672,detach,freedom,694.7,0.3863157894736842
1673,detach,separate,910.0625,0.3863157894736842
1674,detail,awake,667.4193548387096,0.3789473684210526
1675,detail,specific,712.0,0.3789473684210526
1676,detective,god,735.6333333333333,0.5352631578947369
1677,detective,private,665.3939393939394,0.5352631578947369
1678,deteriorate,decay,751.3571428571429,0.40842105263157896
1679,deteriorate,legend,735.40625,0.40842105263157896
1680,determine,constructio,788.5625,0.4847368421052632
1681,determine,decide,689.2258064516129,0.4847368421052632
1682,develop,doughnut,870.6206896551724,0.4394736842105263
1683,develop,grow,816.1290322580645,0.4394736842105263
1684,development,cabinet,678.2258064516129,0.35789473684210527
1685,development,growth,684.8387096774194,0.35789473684210527
1686,devil,club,643.1333333333333,0.49947368421052635
1687,devil,evil,646.6,0.49947368421052635
1688,dew,lots,738.5,0.42263157894736847
1689,dew,morning,794.0322580645161,0.42263157894736847
1690,diagram,graph,688.0,0.43105263157894735
1691,diagram,minor,729.0,0.43105263157894735
1692,dial,phone,548.0625,0.4226315789473684
1693,dial,punishment,668.90625,0.4226315789473684
1694,diameter,circle,636.75,0.4794736842105263
1695,diameter,rattle,879.9310344827586,0.4794736842105263
1696,dice,backpack,795.0,0.40631578947368424
1697,dice,game,578.6774193548387,0.40631578947368424
1698,dictator,communist,781.7857142857143,0.46578947368421053
1699,dictator,lamb,699.9354838709677,0.46578947368421053
1700,differ,hospital,782.741935483871,0.41578947368421054
1701,differ,similar,784.9333333333333,0.41578947368421054
1702,difference,kidnap,813.9655172413793,0.4136842105263158
1703,difference,subtract,687.4333333333333,0.4136842105263158
1704,difficulty,shoot,608.483870967742,0.38315789473684214
1705,difficulty,trouble,637.0322580645161,0.38315789473684214
1706,dig,fox,644.3225806451613,0.4957894736842105
1707,dig,shovel,720.3333333333334,0.4957894736842105
1708,digger,dagger,809.04,0.39999999999999997
1709,digger,mall,743.7241379310345,0.39999999999999997
1710,digit,number,637.75,0.41789473684210526
1711,digit,stove,682.4333333333333,0.41789473684210526
1712,dignity,caring,777.3125,0.4505263157894737
1713,dignity,pride,591.483870967742,0.4505263157894737
1714,dilemma,curtains,742.6363636363636,0.39842105263157895
1715,dilemma,decision,707.1875,0.39842105263157895
1716,diligence,smile,632.9655172413793,0.34789473684210526
1717,diligence,try,656.0,0.34789473684210526
1718,dim,early,612.4193548387096,0.3726315789473684
1719,dim,light,606.939393939394,0.3726315789473684
1720,dime,dive,770.8571428571429,0.43105263157894735
1721,dime,phone,698.625,0.43105263157894735
1722,diminish,drunk,724.9333333333333,0.4526315789473684
1723,diminish,lesson,648.2727272727273,0.4526315789473684
1724,dine,once,723.4230769230769,0.4352631578947368
1725,dine,out,605.5806451612904,0.4352631578947368
1726,diner,cut,611.2333333333333,0.44578947368421057
1727,diner,supper,710.09375,0.44578947368421057
1728,dinner,beard,714.1724137931035,0.5778947368421052
1729,dinner,supper,612.1428571428571,0.5778947368421052
1730,dinosaur,extinct,833.03125,0.5357894736842105
1731,dinosaur,read,621.1875,0.5357894736842105
1732,dip,action,622.8709677419355,0.40789473684210525
1733,dip,chip,637.8965517241379,0.40789473684210525
1734,diploma,compact,679.9,0.45736842105263154
1735,diploma,graduation,631.5454545454545,0.45736842105263154
1736,direct,forward,628.741935483871,0.32473684210526316
1737,direct,restaurant,617.8064516129032,0.32473684210526316
1738,direction,east,564.1333333333333,0.4605263157894737
1739,direction,geek,781.9655172413793,0.4605263157894737
1742,dirt,many,615.3103448275862,0.4505263157894737
1743,dirt,mud,610.4137931034483,0.4505263157894737
1744,disagreement,argument,835.258064516129,0.43
1745,disagreement,bit,757.6071428571429,0.43
1746,disallow,allow,756.3333333333334,0.37894736842105264
1747,disallow,later,734.5806451612904,0.37894736842105264
1748,disappear,annoy,772.1612903225806,0.49894736842105264
1749,disappear,vanish,722.8666666666667,0.49894736842105264
1750,disaster,earthquake,603.5483870967741,0.46421052631578946
1751,disaster,name,792.125,0.46421052631578946
1752,disbelief,alive,624.6451612903226,0.4063157894736842
1753,disbelief,brother,683.6451612903226,0.4063157894736842
1754,disbelieve,believe,643.65625,0.45105263157894737
1755,disbelieve,own,608.90625,0.45105263157894737
1756,disc,compact,676.375,0.42684210526315786
1757,disc,disagreement,777.3548387096774,0.42684210526315786
1758,discipline,strict,689.5333333333333,0.4231578947368422
1759,discipline,sunday,626.6774193548387,0.4231578947368422
1760,discomfort,hard,655.4193548387096,0.49157894736842106
1761,discomfort,klutz,1013.2857142857144,0.49157894736842106
1762,discourage,encourage,740.6774193548387,0.46263157894736845
1763,discourage,field,682.125,0.46263157894736845
1764,discovery,find,599.9642857142857,0.41789473684210526
1765,discovery,hitchhike,920.84,0.41789473684210526
1766,discreet,basic,631.5806451612904,0.42368421052631583
1767,discreet,cautious,722.125,0.42368421052631583
1768,disease,amuse,830.8636363636364,0.5257894736842106
1769,disease,cure,622.6774193548387,0.5257894736842106
1770,disgrace,jungle,628.258064516129,0.4852631578947368
1771,disgrace,shame,714.0967741935484,0.4852631578947368
1772,disguise,bush,647.46875,0.40631578947368424
1773,disguise,mustache,723.96875,0.40631578947368424
1774,disgusting,abuse,720.09375,0.55
1775,disgusting,gross,641.0,0.55
1776,dish,beg,709.7857142857143,0.5189473684210526
1777,dish,plate,672.1071428571429,0.5189473684210526
1780,dishonest,car,624.7666666666667,0.4942105263157895
1781,dishonest,honest,650.53125,0.4942105263157895
1782,disintegrate,important,748.3125,0.42368421052631583
1783,disintegrate,vanish,712.6129032258065,0.42368421052631583
1784,dislike,hate,628.6875,0.45789473684210524
1785,dislike,sand,637.6060606060606,0.45789473684210524
1786,disorder,order,590.4193548387096,0.4731578947368421
1787,disorder,time,678.483870967742,0.4731578947368421
1788,disown,abandon,856.0689655172414,0.471578947368421
1789,disown,patient,706.0,0.471578947368421
1790,disperse,active,714.25,0.4005263157894737
1791,disperse,spread,698.15625,0.4005263157894737
1792,display,little,650.90625,0.3726315789473684
1793,display,show,555.969696969697,0.3726315789473684
1794,disregard,ignore,632.4,0.3952631578947368
1795,disregard,shy,642.1935483870968,0.3952631578947368
1796,dissimilar,similar,707.6451612903226,0.3847368421052632
1797,dissimilar,supper,689.7,0.3847368421052632
1798,dissolve,pyramid,747.2903225806451,0.42157894736842105
1799,dissolve,salt,576.40625,0.42157894736842105
1800,distance,far,631.5454545454545,0.39631578947368423
1801,distance,lesson,623.6774193548387,0.39631578947368423
1802,distinct,alert,743.5,0.4221052631578947
1803,distinct,specific,832.8928571428571,0.4221052631578947
1804,disturb,club,674.551724137931,0.46578947368421053
1806,ditch,concert,688.3870967741935,0.39842105263157895
1807,ditch,hole,646.75,0.39842105263157895
1808,divide,good,607.741935483871,0.3968421052631579
1809,divide,multiply,790.46875,0.3968421052631579
1810,division,beautiful,633.1935483870968,0.39999999999999997
1811,division,separate,775.6551724137931,0.39999999999999997
1813,do,willing,646.2903225806451,0.7552631578947369
1814,doe,jane,649.125,0.28631578947368425
1815,doe,meet,712.875,0.28631578947368425
1816,doll,house,625.03125,0.47263157894736846
1817,doll,police,782.1935483870968,0.47263157894736846
1820,dominant,male,664.060606060606,0.44421052631578956
1821,dominant,scary,642.5,0.44421052631578956
1822,dominate,control,612.1935483870968,0.4273684210526316
1823,dominate,killer,611.28125,0.4273684210526316
1824,donation,gift,598.8125,0.4526315789473684
1825,donation,positive,768.3548387096774,0.4526315789473684
1826,done,gone,713.0333333333333,0.5694736842105264
1827,done,speech,649.3870967741935,0.5694736842105264
1828,donkey,ass,641.7096774193549,0.3863157894736842
1830,door,funny,568.2258064516129,0.5478947368421053
1831,door,open,610.448275862069,0.5478947368421053
1832,doorbell,night,596.1612903225806,0.4826315789473684
1833,doorbell,ring,671.6666666666666,0.4826315789473684
1834,doorway,do,582.2258064516129,0.4784210526315789
1835,doorway,hallway,628.6,0.4784210526315789
1836,doubt,believe,606.6333333333333,0.46315789473684205
1837,doubt,temple,769.1290322580645,0.46315789473684205
1838,dough,doughnut,738.1333333333333,0.46
1839,dough,driving,778.2333333333333,0.46
1840,dove,fighter,694.9677419354839,0.4231578947368422
1841,dove,peace,573.258064516129,0.4231578947368422
1842,down,descend,739.2666666666667,0.541578947368421
1843,down,nut,671.0,0.541578947368421
1844,downstairs,in,704.7586206896551,0.5689473684210526
1845,downstairs,upstairs,632.78125,0.5689473684210526
1846,downtown,busy,664.15625,0.4942105263157895
1847,downtown,leaf,648.8709677419355,0.4942105263157895
1848,dozen,juvenile,918.6666666666666,0.48368421052631577
1849,dozen,twelve,573.53125,0.48368421052631577
1852,drag,race,604.5333333333333,0.46473684210526317
1853,drag,rot,759.6842105263158,0.46473684210526317
1854,dragon,independent,758.40625,0.46
1855,dragon,queen,624.625,0.46
1858,drawing,bean,863.6551724137931,0.48578947368421055
1859,drawing,painting,676.1935483870968,0.48578947368421055
1860,dressing,honesty,622.1333333333333,0.4410526315789474
1861,dressing,salad,808.0645161290323,0.4410526315789474
1862,drill,bit,637.8275862068965,0.4094736842105263
1863,drill,change,634.0625,0.4094736842105263
1864,drip,drop,586.0322580645161,0.4410526315789474
1865,drip,give,734.925925925926,0.4410526315789474
1866,drive,cough,639.28125,0.5047368421052632
1867,drive,in,602.8666666666667,0.5047368421052632
1868,driveway,pavement,692.7741935483871,0.4731578947368421
1869,driveway,surgery,791.516129032258,0.4731578947368421
1870,drop,annoying,765.9677419354839,0.5189473684210526
1871,drop,fall,674.15625,0.5189473684210526
1872,drown,plant,647.6060606060606,0.42526315789473684
1873,drown,suffocate,765.741935483871,0.42526315789473684
1874,drowsy,cab,682.5,0.4973684210526315
1875,drowsy,tired,635.8387096774194,0.4973684210526315
1876,drug,cocaine,676.53125,0.57
1877,drug,definition,782.2727272727273,0.57
1878,drugs,illegal,666.28125,0.5863157894736842
1879,drugs,swamp,670.6538461538462,0.5863157894736842
1880,drum,span,855.9130434782609,0.4921052631578947
1881,drum,stick,626.6666666666666,0.4921052631578947
1882,drunk,alcohol,610.5,0.5626315789473684
1883,drunk,stamp,705.6,0.5626315789473684
1884,duck,quack,803.3103448275862,0.4689473684210526
1885,duck,strange,696.0645161290323,0.4689473684210526
1888,due,dagger,810.0416666666666,0.3968421052631579
1889,due,now,706.9666666666667,0.3968421052631579
1890,dull,dirt,608.65625,0.523157894736842
1891,dull,knife,609.1935483870968,0.523157894736842
1892,dumb,deaf,683.2068965517242,0.5542105263157895
1893,dumb,verb,647.7333333333333,0.5542105263157895
1894,dump,garbage,722.2121212121212,0.47526315789473683
1895,dump,negative,683.0625,0.47526315789473683
1896,dunk,basketball,667.1212121212121,0.36315789473684207
1897,dunk,thief,620.258064516129,0.36315789473684207
1898,duplicate,true,589.0,0.3363157894736842
1899,duplicate,same,571.4827586206897,0.3363157894736842
1900,dusk,before,682.03125,0.45631578947368423
1901,dusk,sunset,697.4193548387096,0.45631578947368423
1902,dust,area,623.6666666666666,0.4352631578947368
1903,dust,pan,618.3225806451613,0.4352631578947368
1904,dustpan,clean,647.6875,0.49947368421052635
1905,dustpan,door,584.8387096774194,0.49947368421052635
1906,dynamite,explosion,657.3333333333334,0.3936842105263158
1907,dynamite,maybe,573.4333333333333,0.3936842105263158
1908,dynasty,empire,686.5806451612904,0.42947368421052634
1909,dynasty,value,669.6,0.42947368421052634
1910,eager,tissue,698.5483870967741,0.4447368421052631
1911,eager,willing,784.2142857142857,0.4447368421052631
1912,eagle,america,724.96875,0.41947368421052633
1913,eagle,washer,705.3870967741935,0.41947368421052633
1914,early,bird,572.0909090909091,0.4678947368421053
1915,early,protection,657.0645161290323,0.4678947368421053
1916,earnestness,honesty,663.4,0.5210526315789474
1917,earnestness,ridiculous,789.1724137931035,0.5210526315789474
1918,earring,hoop,716.4,0.44421052631578944
1919,earring,oven,631.53125,0.44421052631578944
1920,earthquake,hurricane,748.2258064516129,0.46578947368421053
1921,earthquake,movie,648.375,0.46578947368421053
1922,east,beginning,761.2333333333333,0.4947368421052632
1923,east,west,593.28125,0.4947368421052632
1924,easter,noise,733.258064516129,0.4152631578947369
1925,easter,sunday,629.3548387096774,0.4152631578947369
1926,economy,find,564.516129032258,0.4794736842105263
1927,economy,society,601.75,0.4794736842105263
1928,ecstasy,crackle,751.516129032258,0.4826315789473684
1929,ecstasy,fantasy,679.1333333333333,0.4826315789473684
1930,editor,where,610.0645161290323,0.4705263157894737
1931,editor,writer,593.2413793103449,0.4705263157894737
1932,education,chew,679.0344827586207,0.4378947368421053
1933,education,higher,601.2903225806451,0.4378947368421053
1934,effect,cause,643.0967741935484,0.4473684210526316
1935,effect,group,623.1612903225806,0.4473684210526316
1936,effort,try,592.125,0.38052631578947366
1937,effort,workout,708.0,0.38052631578947366
1938,egg,breakfast,669.78125,0.44789473684210523
1939,egg,soda,767.75,0.44789473684210523
1942,ego,adjective,886.1666666666666,0.37842105263157894
1943,ego,id,830.625,0.37842105263157894
1946,eight,horse,674.0645161290323,0.7436842105263157
1947,eight,octopus,839.6551724137931,0.7436842105263157
1950,elaborate,explain,639.5757575757576,0.42894736842105263
1951,elaborate,sport,582.1666666666666,0.42894736842105263
1952,electrician,similar,703.84375,0.46
1953,electrician,wire,610.3333333333334,0.46
1954,electron,neutron,852.2333333333333,0.5021052631578947
1955,electron,work,699.3548387096774,0.5021052631578947
1958,elephant,cute,614.3870967741935,0.4731578947368421
1959,elephant,peanut,671.15625,0.4731578947368421
1960,elevator,lots,663.0322580645161,0.4421052631578948
1961,elevator,stair,639.258064516129,0.4421052631578948
1962,elf,santa,693.741935483871,0.3589473684210526
1963,elf,writing,670.0333333333333,0.3589473684210526
1964,elimination,destruction,760.1290322580645,0.3331578947368421
1965,elimination,orange,606.6129032258065,0.3331578947368421
1966,embarrass,blush,710.074074074074,0.4584210526315789
1967,embarrass,math,594.6774193548387,0.4584210526315789
1968,embrace,hug,593.741935483871,0.4473684210526316
1969,embrace,neuron,822.6538461538462,0.4473684210526316
1970,emergency,ambulance,735.4333333333333,0.4463157894736842
1971,emergency,irritating,935.7096774193548,0.4463157894736842
1972,emotion,feeling,632.9032258064516,0.4826315789473684
1973,emotion,shoe,729.3333333333334,0.4826315789473684
1974,empathy,slow,615.0,0.4757894736842105
1975,empathy,sorry,643.53125,0.4757894736842105
1976,emperor,ruler,619.5,0.49947368421052635
1977,emperor,thin,746.741935483871,0.49947368421052635
1978,empire,china,619.5,0.44052631578947365
1979,empire,enter,638.3225806451613,0.44052631578947365
1980,employee,college,579.90625,0.4110526315789474
1981,employee,employer,683.8787878787879,0.4110526315789474
1982,employment,reaction,682.516129032258,0.42105263157894735
1983,employment,unemploymen,802.0,0.42105263157894735
1984,empty,can,616.0967741935484,0.43315789473684213
1985,empty,duty,862.0322580645161,0.43315789473684213
1986,end,start,777.9677419354839,0.5010526315789473
1987,end,stripe,719.1034482758621,0.5010526315789473
1988,ending,beginning,652.9032258064516,0.46684210526315795
1989,ending,three,660.34375,0.46684210526315795
1990,endless,asia,694.5483870967741,0.4673684210526316
1991,endless,class,636.8181818181819,0.4673684210526316
1992,enemy,rip,819.7037037037037,0.48157894736842105
1993,enemy,russia,817.0333333333333,0.48157894736842105
1994,energetic,communist,891.4285714285714,0.4542105263157895
1995,energetic,energy,657.6451612903226,0.4542105263157895
1996,energy,drip,681.9285714285714,0.44684210526315793
1997,energy,electricity,761.3870967741935,0.44684210526315793
1998,engage,condom,720.4333333333333,0.42000000000000004
1999,engage,together,642.0625,0.42000000000000004
2000,engine,fire,586.6774193548387,0.5126315789473684
2001,engine,weight,608.0689655172414,0.5126315789473684
2006,enjoy,clay,681.0,0.5242105263157896
2007,enjoy,life,555.96875,0.5242105263157896
2008,enough,black,561.65625,0.6205263157894736
2009,enough,done,597.9,0.6205263157894736
2010,enrage,calm,664.9333333333333,0.4921052631578947
2011,enrage,understand,668.483870967742,0.4921052631578947
2012,enter,computer,610.3870967741935,0.41
2013,enter,cure,654.516129032258,0.41
2014,entertain,amuse,712.6774193548387,0.4557894736842105
2015,entertain,mist,749.1538461538462,0.4557894736842105
2016,entertainment,office,686.3870967741935,0.41210526315789475
2017,entertainment,television,692.6969696969697,0.41210526315789475
2018,entrance,bush,713.0,0.4515789473684211
2019,entrance,exit,643.75,0.4515789473684211
2020,entry,enter,578.2,0.3547368421052632
2021,entry,sheep,661.9032258064516,0.3547368421052632
2022,environment,leaves,634.84375,0.38421052631578945
2023,environment,nature,650.46875,0.38421052631578945
2024,envy,greed,581.5483870967741,0.4526315789473684
2025,envy,jogger,739.5,0.4526315789473684
2026,equal,hold,632.84375,0.3694736842105263
2027,equal,rights,625.6666666666666,0.3694736842105263
2028,eraser,cheat,623.4516129032259,0.4152631578947369
2029,eraser,pen,621.516129032258,0.4152631578947369
2030,erect,blush,788.258064516129,0.4010526315789474
2031,erect,hard,762.875,0.4010526315789474
2032,erode,manners,613.516129032258,0.4368421052631579
2033,erode,rot,701.2307692307693,0.4368421052631579
2034,erupt,example,698.8064516129032,0.4073684210526316
2035,erupt,orgasm,788.5769230769231,0.4073684210526316
2036,escalator,elevator,628.9354838709677,0.35947368421052633
2037,escalator,for,637.7931034482758,0.35947368421052633
2038,escape,exit,717.5666666666667,0.48315789473684206
2039,escape,lemon,734.21875,0.48315789473684206
2040,escargot,snail,766.2758620689655,0.5305263157894737
2041,escargot,toast,846.0,0.5305263157894737
2042,essay,airplane,647.4375,0.4436842105263158
2043,essay,write,549.09375,0.4436842105263158
2044,essence,knife,741.28125,0.4205263157894737
2045,essence,meaning,665.34375,0.4205263157894737
2046,esteem,santa,782.8571428571429,0.3910526315789474
2047,esteem,self,637.375,0.3910526315789474
2048,estimate,average,694.2666666666667,0.4247368421052632
2049,estimate,dry,569.1935483870968,0.4247368421052632
2050,ethics,code,626.7741935483871,0.4431578947368421
2051,ethics,feeling,666.516129032258,0.4431578947368421
2052,etiquette,manners,684.5625,0.37631578947368416
2053,etiquette,wheat,693.875,0.37631578947368416
2056,evacuate,earthquake,714.258064516129,0.4221052631578947
2057,evacuate,shoe,672.90625,0.4221052631578947
2058,evaluate,judge,570.0333333333333,0.4673684210526316
2059,evaluate,nun,922.9166666666666,0.4673684210526316
2060,even,forever,688.53125,0.6884210526315788
2061,even,odd,665.59375,0.6884210526315788
2062,evening,dusk,733.5862068965517,0.5263157894736842
2063,evening,promise,696.96875,0.5263157894736842
2064,ever,fruit,652.258064516129,0.5878947368421054
2065,ever,never,608.3333333333334,0.5878947368421054
2066,everyday,bean,850.8666666666667,0.4205263157894737
2067,everyday,daily,635.28125,0.4205263157894737
2068,evict,apartment,637.6,0.4068421052631579
2069,evict,desk,672.3225806451613,0.4068421052631579
2070,evidence,proof,679.2258064516129,0.5194736842105264
2071,evidence,summer,651.46875,0.5194736842105264
2072,evil,nice,659.03125,0.5136842105263157
2073,evil,shock,676.8064516129032,0.5136842105263157
2074,ewe,lamb,716.483870967742,0.44157894736842107
2075,ewe,wood,670.0322580645161,0.44157894736842107
2076,exact,east,675.96875,0.44789473684210523
2077,exact,precise,708.1666666666666,0.44789473684210523
2078,exam,pass,598.0967741935484,0.4489473684210526
2079,exam,tennis,603.0,0.4489473684210526
2080,example,bleach,790.5666666666667,0.41000000000000003
2081,example,sample,625.8,0.41000000000000003
2084,excel,fix,602.28125,0.32526315789473687
2085,excel,succeed,716.0967741935484,0.32526315789473687
2086,excellent,lightning,789.8387096774194,0.46578947368421053
2087,excellent,superior,674.6060606060606,0.46578947368421053
2088,exceptional,great,716.741935483871,0.43736842105263163
2089,exceptional,peak,724.7741935483871,0.43736842105263163
2090,exchange,anger,595.9677419354839,0.39473684210526316
2091,exchange,foreign,673.09375,0.39473684210526316
2092,excise,pan,765.2592592592592,0.3636842105263158
2093,excise,tax,747.71875,0.3636842105263158
2094,excited,bored,571.6,0.5226315789473684
2095,excited,ship,646.8333333333334,0.5226315789473684
2096,excuse,apology,710.4666666666667,0.5878947368421054
2097,excuse,camera,643.5483870967741,0.5878947368421054
2098,executive,secretary,798.5625,0.3968421052631579
2099,executive,strong,577.1935483870968,0.3968421052631579
2100,exercise,prom,798.4782608695652,0.4557894736842105
2101,exercise,sweat,662.6333333333333,0.4557894736842105
2102,exhale,inhale,682.8064516129032,0.4826315789473684
2103,exhale,leg,638.9375,0.4826315789473684
2104,exist,extinct,886.8846153846154,0.43842105263157893
2105,exist,room,690.7,0.43842105263157893
2106,existence,being,578.7741935483871,0.47368421052631576
2107,existence,flakes,805.53125,0.47368421052631576
2108,exit,enter,637.6129032258065,0.4273684210526316
2109,exit,reaction,685.9677419354839,0.4273684210526316
2110,expense,can,641.9,0.4052631578947368
2111,expense,cheap,694.741935483871,0.4052631578947368
2112,expensive,cheap,628.4545454545455,0.5073684210526316
2113,expensive,shave,700.258064516129,0.5073684210526316
2114,experience,dumb,637.3448275862069,0.40894736842105267
2115,experience,knowledge,666.6666666666666,0.40894736842105267
2116,experiment,scientist,748.8620689655172,0.45105263157894737
2117,experiment,scratch,757.84375,0.45105263157894737
2118,expert,come,687.34375,0.3910526315789474
2119,expert,novice,737.5217391304348,0.3910526315789474
2120,explain,excuse,773.7037037037037,0.5463157894736842
2121,explain,irritating,808.5172413793103,0.5463157894736842
2122,explanation,answer,655.8333333333334,0.44421052631578944
2123,explanation,sorry,754.9375,0.44421052631578944
2124,explode,erupt,767.8571428571429,0.46421052631578946
2125,explode,extrovert,935.28,0.46421052631578946
2126,explorer,adventure,641.9655172413793,0.35526315789473684
2127,explorer,power,644.8709677419355,0.35526315789473684
2128,explosion,bomb,634.3333333333334,0.4847368421052632
2129,explosion,potato,700.6666666666666,0.4847368421052632
2130,express,quiet,646.9032258064516,0.35789473684210527
2131,express,say,619.1666666666666,0.35789473684210527
2132,expression,emotion,682.0,0.41157894736842104
2133,expression,vine,719.1111111111111,0.41157894736842104
2134,extension,addition,685.3225806451613,0.31105263157894736
2135,extension,precise,811.6428571428571,0.31105263157894736
2136,extinct,basic,649.1818181818181,0.4505263157894737
2137,extinct,young,645.1666666666666,0.4505263157894737
2138,extra,more,576.8275862068965,0.4257894736842105
2139,extra,music,552.78125,0.4257894736842105
2140,extravagant,clothes,668.28125,0.46736842105263154
2141,extravagant,rich,658.3548387096774,0.46736842105263154
2142,eye,ear,626.125,0.47210526315789475
2143,eye,star,623.1612903225806,0.47210526315789475
2144,eyeball,sly,746.6923076923077,0.41000000000000003
2145,eyeball,socket,821.8709677419355,0.41000000000000003
2148,eyes,schedule,721.1875,0.5131578947368421
2149,eyes,sight,660.3548387096774,0.5131578947368421
2150,fable,lesson,627.34375,0.4410526315789474
2151,fable,minimum,887.8214285714286,0.4410526315789474
2152,fabric,material,654.5483870967741,0.5105263157894736
2153,fabric,smash,672.8,0.5105263157894736
2154,factor,dictionary,742.8181818181819,0.3468421052631579
2155,factor,reason,724.71875,0.3468421052631579
2156,factory,swear,609.6774193548387,0.43315789473684213
2157,factory,worker,587.1515151515151,0.43315789473684213
2160,faculty,mountain,737.8387096774194,0.4168421052631579
2161,faculty,staff,596.3225806451613,0.4168421052631579
2162,fad,fashion,670.9032258064516,0.3368421052631579
2163,fad,real,655.483870967742,0.3368421052631579
2164,fade,jeans,618.5757575757576,0.4168421052631579
2165,fade,seven,606.9090909090909,0.4168421052631579
2166,fail,house,642.0625,0.4663157894736842
2167,fail,pass,642.6875,0.4663157894736842
2168,failure,success,604.9677419354839,0.4315789473684211
2169,failure,write,596.6451612903226,0.4315789473684211
2170,fairy,sign,767.6774193548387,0.4242105263157895
2171,fairy,story,618.1612903225806,0.4242105263157895
2172,fairytale,decay,893.4814814814815,0.4278947368421053
2173,fairytale,fiction,717.0,0.4278947368421053
2174,faith,jesus,637.8064516129032,0.47263157894736846
2175,faith,pick,643.7741935483871,0.47263157894736846
2176,faithful,grow,664.21875,0.46421052631578946
2177,faithful,relationshi,765.15625,0.46421052631578946
2178,fake,far,786.9333333333333,0.4610526315789474
2179,fake,real,622.5333333333333,0.4610526315789474
2180,fall,shovel,853.25,0.49789473684210533
2181,fall,spring,586.34375,0.49789473684210533
2182,false,true,618.75,0.4094736842105263
2183,false,crunchy,879.75,0.4094736842105263
2184,fame,fortune,648.8125,0.40210526315789474
2185,fame,material,676.6129032258065,0.40210526315789474
2186,famine,homeless,709.516129032258,0.43631578947368416
2187,famine,hunger,594.9310344827586,0.43631578947368416
2188,famous,accept,623.625,0.46842105263157896
2189,famous,artist,622.2,0.46842105263157896
2190,fan,air,658.25,0.3942105263157895
2191,fan,skin,748.3125,0.3942105263157895
2192,fancy,agreement,661.09375,0.45526315789473676
2193,fancy,like,585.46875,0.45526315789473676
2196,fantastic,four,604.65625,0.6078947368421053
2197,fantastic,skinny,691.6363636363636,0.6078947368421053
2198,far,bedroom,719.2727272727273,0.4678947368421053
2199,far,near,634.9333333333333,0.4678947368421053
2200,farmer,crops,700.5806451612904,0.4957894736842105
2201,farmer,sleep,579.8333333333334,0.4957894736842105
2202,fascism,communism,707.1290322580645,0.5252631578947369
2203,fascism,god,701.34375,0.5252631578947369
2204,fashion,fad,769.7058823529412,0.49894736842105264
2205,fashion,trees,772.5172413793103,0.49894736842105264
2206,fast,friend,578.3666666666667,0.4936842105263157
2207,fast,slow,603.96875,0.4936842105263157
2208,fasten,plastic,681.6129032258065,0.44947368421052625
2209,fasten,seatbelt,727.625,0.44947368421052625
2210,fat,lady,605.6774193548387,0.4931578947368421
2211,fat,tag,690.2333333333333,0.4931578947368421
2212,father,hose,714.6923076923077,0.6410526315789473
2213,father,mother,631.3939393939394,0.6410526315789473
2214,faucet,around,619.125,0.46421052631578946
2215,faucet,drip,616.8064516129032,0.46421052631578946
2216,fault,breakfast,663.25,0.5289473684210527
2217,fault,yours,705.5862068965517,0.5289473684210527
2218,favorite,best,616.1818181818181,0.43999999999999995
2219,favorite,cotton,612.875,0.43999999999999995
2220,fear,biology,762.1818181818181,0.5152631578947368
2221,fear,scared,682.9333333333333,0.5152631578947368
2222,feature,boots,613.8125,0.36052631578947364
2223,feature,nose,680.7931034482758,0.36052631578947364
2224,federal,gone,591.84375,0.41842105263157897
2225,federal,offense,674.3225806451613,0.41842105263157897
2226,feeble,attempt,638.8387096774194,0.4410526315789474
2227,feeble,wild,690.4193548387096,0.4410526315789474
2228,feed,cool,752.8387096774194,0.5094736842105263
2229,feed,eat,646.4516129032259,0.5094736842105263
2230,feeling,emotion,619.8125,0.5589473684210526
2231,feeling,farm,703.5666666666667,0.5589473684210526
2232,feet,fake,679.2142857142857,0.4605263157894737
2233,feet,toes,614.7272727272727,0.4605263157894737
2234,felt,crafts,773.3333333333334,0.5626315789473684
2235,felt,hand,612.8125,0.5626315789473684
2236,female,male,589.75,0.4663157894736842
2237,female,perfect,653.4516129032259,0.4663157894736842
2238,fence,picket,759.0625,0.43842105263157893
2239,fence,smoke,782.5333333333333,0.43842105263157893
2240,festival,strawberry,632.9,0.4168421052631579
2241,festival,weave,815.5357142857143,0.4168421052631579
2242,feud,argument,840.7333333333333,0.4431578947368421
2243,feud,juice,687.2903225806451,0.4431578947368421
2244,fever,draw,619.9354838709677,0.49105263157894735
2245,fever,high,592.6875,0.49105263157894735
2246,fiber,cereal,708.125,0.38105263157894737
2247,fiber,foreign,673.1379310344828,0.38105263157894737
2248,field,corn,621.7096774193549,0.3684210526315789
2249,field,yellow,612.2121212121212,0.3684210526315789
2250,fig,newton,794.7586206896551,0.41789473684210526
2251,fig,weight,633.4516129032259,0.41789473684210526
2252,fight,fist,725.2258064516129,0.5436842105263158
2253,fight,lace,752.0,0.5436842105263158
2254,fighter,boxer,641.3870967741935,0.4526315789473684
2255,fighter,space,654.483870967742,0.4526315789473684
2256,figure,eight,715.0645161290323,0.5378947368421053
2257,figure,ugly,666.5,0.5378947368421053
2258,file,cabinet,631.9032258064516,0.4231578947368422
2259,file,frame,707.65625,0.4231578947368422
2260,fill,dirt,678.3,0.41157894736842104
2261,fill,misunderstand,894.7586206896551,0.41157894736842104
2262,filthy,bum,787.0,0.5357894736842105
2263,filthy,cocaine,757.0625,0.5357894736842105
2264,fin,carpet,630.71875,0.38
2265,fin,dolphin,806.5625,0.38
2266,final,last,645.53125,0.4242105263157895
2267,final,superman,677.46875,0.4242105263157895
2268,financial,problem,626.7666666666667,0.42684210526315786
2269,financial,window,691.9677419354839,0.42684210526315786
2270,find,found,679.3666666666667,0.5900000000000001
2271,find,hungry,667.8064516129032,0.5900000000000001
2272,finger,follower,721.65625,0.4694736842105263
2273,finger,hand,590.84375,0.4694736842105263
2274,fingernail,boat,667.3548387096774,0.4931578947368421
2275,fingernail,polish,669.9666666666667,0.4931578947368421
2278,finish,brother,711.258064516129,0.5589473684210526
2279,finish,start,577.0625,0.5589473684210526
2280,finished,done,621.0625,0.5210526315789474
2281,finished,quart,841.1333333333333,0.5210526315789474
2282,fire,hot,575.28125,0.506842105263158
2283,fire,oxygen,806.6451612903226,0.506842105263158
2284,fireplace,creator,780.0,0.4936842105263157
2285,fireplace,winter,615.6333333333333,0.4936842105263157
2286,first,last,620.3333333333334,0.6121052631578948
2287,first,saw,662.75,0.6121052631578948
2288,fishing,ability,785.5333333333333,0.54
2289,fishing,reel,795.074074074074,0.54
2290,fit,load,600.8709677419355,0.428421052631579
2291,fit,tantrum,847.3478260869565,0.428421052631579
2292,fitness,healthy,641.875,0.4263157894736842
2293,fitness,saucer,794.875,0.4263157894736842
2294,five,hungry,637.3636363636364,0.7389473684210526
2295,five,six,670.21875,0.7389473684210526
2296,fix,it,628.7741935483871,0.5257894736842106
2297,fix,vault,709.7586206896551,0.5257894736842106
2298,flag,american,826.483870967742,0.41578947368421054
2299,flag,honor,624.34375,0.41578947368421054
2300,flake,corn,651.1935483870968,0.42368421052631583
2301,flake,wild,607.8064516129032,0.42368421052631583
2302,flap,flop,827.6206896551724,0.4126315789473684
2303,flap,maybe,585.9677419354839,0.4126315789473684
2304,flat,down,571.2333333333333,0.41052631578947374
2305,flat,tire,607.5483870967741,0.41052631578947374
2306,flea,bow,707.5666666666667,0.3873684210526316
2307,flea,market,624.741935483871,0.3873684210526316
2308,fleet,cars,671.59375,0.4626315789473684
2309,fleet,hostess,735.7857142857143,0.4626315789473684
2310,flesh,pepper,642.4,0.4747368421052631
2311,flesh,skin,697.3666666666667,0.4747368421052631
2312,flex,muscle,674.6129032258065,0.3731578947368421
2313,flex,thought,699.1935483870968,0.3731578947368421
2314,flexible,bend,699.25,0.4263157894736842
2315,flexible,wait,651.8125,0.4263157894736842
2316,flick,off,663.8,0.4147368421052632
2317,flick,picture,654.4375,0.4147368421052632
2318,fling,bedroom,801.03125,0.38842105263157894
2319,fling,flirt,675.4375,0.38842105263157894
2320,flip,dead,613.8125,0.3994736842105263
2321,flip,flop,789.4333333333333,0.3994736842105263
2322,flipper,dolphin,762.5333333333333,0.4042105263157895
2323,flipper,flirt,679.6333333333333,0.4042105263157895
2324,float,control,617.625,0.39894736842105266
2325,float,sink,618.3548387096774,0.39894736842105266
2326,flood,dam,912.3478260869564,0.46
2327,flood,stamp,672.5666666666667,0.46
2328,floor,looks,636.1666666666666,0.4884210526315789
2329,floor,tile,768.074074074074,0.4884210526315789
2332,flour,bread,600.28125,0.4884210526315789
2333,flour,no,673.030303030303,0.4884210526315789
2334,flow,smooth,675.3870967741935,0.44789473684210523
2335,flow,still,584.9,0.44789473684210523
2336,flower,fiction,733.1071428571429,0.5663157894736843
2337,flower,rose,590.40625,0.5663157894736843
2340,flu,poison,619.34375,0.48736842105263156
2341,flu,sneeze,696.1935483870968,0.48736842105263156
2342,fluffy,confusion,658.7878787878788,0.4436842105263158
2343,fluffy,soft,722.3225806451613,0.4436842105263158
2344,fluid,washer,697.7666666666667,0.4721052631578947
2345,fluid,whine,773.3448275862069,0.4721052631578947
2346,flunk,failure,761.3125,0.39315789473684215
2347,flunk,fork,764.1666666666666,0.39315789473684215
2348,flush,american,659.65625,0.38736842105263153
2349,flush,blush,724.9677419354839,0.38736842105263153
2350,fly,airplane,723.741935483871,0.5263157894736842
2351,fly,gold,670.46875,0.5263157894736842
2352,flying,airplane,694.9375,0.521578947368421
2353,flying,personality,712.03125,0.521578947368421
2354,foam,energy,690.15625,0.45894736842105266
2355,foam,shave,650.8709677419355,0.45894736842105266
2356,foe,ape,779.7407407407408,0.3563157894736842
2357,foe,friend,638.0,0.3563157894736842
2358,fog,mist,622.6451612903226,0.45368421052631586
2359,fog,safe,580.9677419354839,0.45368421052631586
2360,foggy,unclear,672.0967741935484,0.4568421052631579
2361,foggy,wear,584.6,0.4568421052631579
2362,foil,aluminum,711.4,0.3957894736842105
2363,foil,kidnap,761.1935483870968,0.3957894736842105
2364,fold,tear,643.8125,0.3994736842105263
2365,fold,terrible,652.78125,0.3994736842105263
2366,follow,lend,670.8333333333334,0.48210526315789476
2367,follow,tag,628.0645161290323,0.48210526315789476
2368,folly,cook,591.7,0.44947368421052625
2369,folly,mistake,632.375,0.44947368421052625
2370,fond,desert,702.0,0.41947368421052633
2371,fond,fish,683.2258064516129,0.41947368421052633
2372,fool,april,754.59375,0.5826315789473684
2373,fool,zero,682.3666666666667,0.5826315789473684
2374,foolish,plus,688.5,0.5178947368421053
2375,foolish,silly,670.5757575757576,0.5178947368421053
2376,football,field,758.7,0.5605263157894737
2377,football,mud,631.3333333333334,0.5605263157894737
2378,for,against,719.3333333333334,0.6357894736842106
2379,for,exhale,865.75,0.6357894736842106
2380,forbidden,actress,708.0333333333333,0.40894736842105267
2381,forbidden,zone,754.9655172413793,0.40894736842105267
2382,force,strength,609.09375,0.4221052631578947
2383,force,summer,628.90625,0.4221052631578947
2384,forehead,hair,548.2903225806451,0.4773684210526316
2385,forehead,marry,730.75,0.4773684210526316
2386,foresight,before,575.8,0.30052631578947375
2387,foresight,secretary,693.1,0.30052631578947375
2388,forever,always,639.4516129032259,0.5373684210526316
2389,forever,test,595.4848484848485,0.5373684210526316
2390,forget,basket,653.3225806451613,0.6126315789473684
2391,forget,lose,661.969696969697,0.6126315789473684
2392,forgive,accept,651.6666666666666,0.5505263157894738
2393,forgive,tears,627.21875,0.5505263157894738
2394,fork,dictionary,864.0,0.4073684210526316
2395,fork,spoon,565.4,0.4073684210526316
2396,form,law,556.84375,0.35105263157894734
2397,form,shape,606.6363636363636,0.35105263157894734
2398,formal,dress,607.2903225806451,0.38842105263157894
2399,formal,sea,647.8064516129032,0.38842105263157894
2400,formula,secret,654.875,0.38421052631578945
2401,formula,upstairs,737.03125,0.38421052631578945
2402,fort,april,633.9,0.3726315789473684
2403,fort,army,653.4375,0.3726315789473684
2404,fortune,false,630.53125,0.4073684210526316
2405,fortune,poor,608.258064516129,0.4073684210526316
2406,forward,backward,640.7,0.4336842105263158
2407,forward,words,592.96875,0.4336842105263158
2408,fossil,dinosaur,757.7333333333333,0.4694736842105263
2409,fossil,machine,642.741935483871,0.4694736842105263
2410,foundation,base,634.5666666666667,0.3368421052631579
2411,foundation,view,610.59375,0.3368421052631579
2412,fountain,penny,728.8,0.3910526315789474
2413,fountain,sea,636.741935483871,0.3910526315789474
2414,four,actress,723.8125,0.6768421052631579
2415,four,five,521.6875,0.6768421052631579
2416,fox,hound,740.3333333333334,0.43052631578947365
2417,fox,parts,660.1071428571429,0.43052631578947365
2418,fragile,best,667.75,0.43052631578947365
2419,fragile,weak,650.09375,0.43052631578947365
2420,fragrance,cologne,661.4516129032259,0.5289473684210527
2421,fragrance,congress,679.9354838709677,0.5289473684210527
2422,frail,mistake,704.0645161290323,0.45736842105263154
2423,frail,thin,676.15625,0.45736842105263154
2426,fraternity,problem,683.4516129032259,0.3442105263157894
2427,fraternity,sorority,818.6129032258065,0.3442105263157894
2428,fraud,crime,823.4516129032259,0.4784210526315789
2429,fraud,under,734.0322580645161,0.4784210526315789
2430,fray,bargain,773.6666666666666,0.33052631578947367
2431,fray,rug,688.8387096774194,0.33052631578947367
2432,freak,christmas,808.1290322580645,0.5089473684210526
2433,freak,weird,721.3793103448276,0.5089473684210526
2434,freckle,pen,648.12,0.5142105263157895
2435,freckle,pimple,728.2333333333333,0.5142105263157895
2436,freeway,am,759.6666666666666,0.4610526315789474
2437,freeway,highway,625.0333333333333,0.4610526315789474
2438,freeze,joke,588.9354838709677,0.47
2439,freeze,thaw,857.35,0.47
2440,freezer,bat,583.125,0.45736842105263154
2441,freezer,refrigerator,728.3666666666667,0.45736842105263154
2444,frequency,often,620.6129032258065,0.5010526315789473
2445,friar,monk,733.8461538461538,0.3878947368421053
2446,friar,shoes,622.3939393939394,0.3878947368421053
2447,friday,manners,818.9677419354839,0.6242105263157895
2448,friday,weekend,586.3333333333334,0.6242105263157895
2449,friendliness,nice,586.8125,0.4147368421052632
2450,friendliness,pen,661.1481481481482,0.4147368421052632
2453,friendship,enemy,848.2857142857143,0.4784210526315789
2454,friendship,tile,844.5,0.4784210526315789
2457,fright,george,777.3793103448276,0.4463157894736842
2458,fright,ghost,655.1724137931035,0.4463157894736842
2459,frigid,fragile,636.2413793103449,0.45736842105263154
2460,frigid,jail,782.09375,0.45736842105263154
2461,frill,lace,713.3103448275862,0.5136842105263157
2462,frill,verb,685.2333333333333,0.5136842105263157
2463,frisk,act,620.4193548387096,0.43842105263157893
2464,frisk,search,692.1290322580645,0.43842105263157893
2465,frog,prince,710.3103448275862,0.4368421052631579
2466,frog,tall,643.5333333333333,0.4368421052631579
2467,frosted,crowd,618.2413793103449,0.4594736842105263
2468,frosted,flakes,678.4333333333333,0.4594736842105263
2469,frosting,cake,628.0,0.5526315789473685
2470,frosting,finished,702.1,0.5526315789473685
2471,frown,smile,601.40625,0.43999999999999995
2472,frown,taste,622.1818181818181,0.43999999999999995
2473,frustrate,annoy,802.3703703703703,0.41263157894736846
2474,frustrate,itch,835.2903225806451,0.41263157894736846
2475,frustration,anxiety,659.2333333333333,0.498421052631579
2476,frustration,most,681.0,0.498421052631579
2477,fuel,ability,735.9666666666667,0.4789473684210526
2478,fuel,gas,589.9032258064516,0.4789473684210526
2479,fugitive,criminal,657.9032258064516,0.40894736842105267
2480,fugitive,fist,798.8666666666667,0.40894736842105267
2483,fun,excited,695.0,0.5442105263157895
2484,fun,poem,653.0645161290323,0.5442105263157895
2485,function,purpose,660.8333333333334,0.3684210526315789
2486,function,tomato,776.9310344827586,0.3684210526315789
2487,fund,dollars,610.0967741935484,0.42526315789473684
2488,fund,prison,741.8275862068965,0.42526315789473684
2489,fungi,biology,670.6666666666666,0.508421052631579
2490,fungi,hotel,667.1612903225806,0.508421052631579
2491,fungus,duck,691.375,0.5378947368421053
2492,fungus,growth,668.59375,0.5378947368421053
2493,funny,amuse,689.4615384615385,0.5968421052631578
2494,funny,change,679.0,0.5968421052631578
2495,furry,atom,818.25,0.40894736842105267
2496,furry,rabbit,665.65625,0.40894736842105267
2497,further,away,651.4193548387096,0.37473684210526315
2498,further,liberty,694.9655172413793,0.37473684210526315
2499,fury,anger,582.625,0.45526315789473687
2500,fury,major,689.6,0.45526315789473687
2501,fuss,sex,615.5,0.3773684210526316
2502,fuss,whine,863.2,0.3773684210526316
2503,gag,fog,715.0322580645161,0.41578947368421054
2504,gag,puke,719.9655172413793,0.41578947368421054
2505,gal,destruction,791.71875,0.38842105263157894
2506,gal,girl,640.6666666666666,0.38842105263157894
2507,galaxy,planets,700.1724137931035,0.5268421052631579
2508,galaxy,sweat,634.0,0.5268421052631579
2509,gallon,good,567.09375,0.43105263157894735
2510,gallon,quart,777.2962962962963,0.43105263157894735
2511,gallop,egypt,756.7741935483871,0.43999999999999995
2512,gallop,run,596.875,0.43999999999999995
2513,gamble,cards,644.6451612903226,0.4526315789473684
2514,gamble,stair,632.0625,0.4526315789473684
2515,game,flower,606.5,0.5452631578947369
2516,game,win,586.1212121212121,0.5452631578947369
2517,gander,goose,674.9,0.30210526315789477
2518,gander,let,685.75,0.30210526315789477
2519,gang,feet,688.8387096774194,0.43999999999999995
2520,gang,group,597.2,0.43999999999999995
2521,gangster,forest,684.4848484848485,0.48736842105263156
2522,gangster,mob,624.1333333333333,0.48736842105263156
2523,garbage,ready,586.2121212121212,0.46842105263157896
2524,garbage,trash,609.516129032258,0.46842105263157896
2525,garlic,onion,614.6,0.5331578947368422
2526,garlic,show,664.5625,0.5331578947368422
2527,gate,emotion,667.7741935483871,0.43210526315789477
2528,gate,fence,703.1034482758621,0.43210526315789477
2529,gather,blame,632.34375,0.4410526315789474
2530,gather,spread,671.71875,0.4410526315789474
2531,gathering,meeting,599.1515151515151,0.35736842105263156
2532,gathering,sunset,649.2,0.35736842105263156
2533,gauge,after,651.7,0.38
2534,gauge,temperature,748.6875,0.38
2535,gavel,rocks,569.4193548387096,0.3652631578947368
2536,gavel,spaghetti,787.7241379310345,0.3652631578947368
2539,gene,closed,621.6666666666666,0.4942105263157895
2540,gene,pool,603.34375,0.4942105263157895
2541,general,car,611.258064516129,0.48736842105263156
2542,general,hospital,640.46875,0.48736842105263156
2543,generous,disc,684.5555555555555,0.4794736842105263
2544,generous,give,512.4375,0.4794736842105263
2545,gentle,loving,553.7575757575758,0.4810526315789473
2546,gentle,vein,770.28,0.4810526315789473
2547,gentleman,end,563.939393939394,0.5242105263157896
2548,gentleman,lady,571.6129032258065,0.5242105263157896
2549,geology,land,620.8333333333334,0.5184210526315789
2550,geology,security,636.875,0.5184210526315789
2551,geometry,being,627.9333333333333,0.49947368421052635
2552,geometry,shape,605.1290322580645,0.49947368421052635
2555,ghetto,drink,660.7333333333333,0.37421052631578944
2556,ghetto,poor,691.0,0.37421052631578944
2557,ghoul,ghost,639.0322580645161,0.4689473684210526
2558,ghoul,trip,665.8,0.4689473684210526
2559,gift,present,598.3636363636364,0.45894736842105266
2560,gift,who,607.0,0.45894736842105266
2561,giggle,clean,663.2903225806451,0.5105263157894736
2562,giggle,laugh,600.59375,0.5105263157894736
2563,gin,society,625.03125,0.49263157894736836
2564,gin,tonic,711.2142857142857,0.49263157894736836
2565,giraffe,jelly,634.6774193548387,0.4436842105263158
2566,giraffe,zoo,624.4375,0.4436842105263158
2567,girl,achieve,705.8620689655172,0.618421052631579
2568,girl,boy,648.4242424242424,0.618421052631579
2569,girlfriend,boyfriend,677.5483870967741,0.608421052631579
2570,girlfriend,duck,674.6666666666666,0.608421052631579
2571,giving,caring,723.5333333333333,0.5026315789473683
2572,giving,maid,632.0645161290323,0.5026315789473683
2573,glance,look,571.4516129032259,0.39473684210526316
2574,glance,sink,630.3125,0.39473684210526316
2577,glare,ape,778.3,0.4136842105263158
2578,glare,stare,656.9333333333333,0.4136842105263158
2579,glass,save,629.4333333333333,0.5110526315789474
2580,glass,window,601.516129032258,0.5110526315789474
2581,glasses,frame,596.2413793103449,0.4947368421052632
2582,glasses,hall,676.3666666666667,0.4947368421052632
2583,glide,beef,620.3333333333334,0.39315789473684215
2584,glide,slide,586.3666666666667,0.39315789473684215
2585,globe,milk,636.0666666666667,0.34842105263157896
2586,globe,world,603.03125,0.34842105263157896
2587,glory,days,607.4375,0.4852631578947368
2588,glory,dollar,726.09375,0.4852631578947368
2591,go,leave,603.28125,0.7021052631578947
2592,go,news,657.6451612903226,0.7021052631578947
2593,goal,achieve,641.25,0.44789473684210523
2594,goal,collar,909.36,0.44789473684210523
2595,goat,billy,753.7407407407408,0.4757894736842105
2596,goat,massage,797.9032258064516,0.4757894736842105
2597,god,creator,749.9,0.5589473684210526
2598,god,finish,632.6451612903226,0.5589473684210526
2599,going,gone,766.25,0.6905263157894737
2600,going,security,750.3225806451613,0.6905263157894737
2601,gold,pudding,837.5,0.5042105263157894
2602,gold,value,706.6129032258065,0.5042105263157894
2603,gone,duty,748.9333333333333,0.5621052631578948
2604,gone,left,651.9354838709677,0.5621052631578948
2605,goo,ache,700.2142857142857,0.35105263157894734
2606,goo,sticky,681.1785714285714,0.35105263157894734
2607,good,better,635.0333333333333,0.6289473684210526
2608,good,water,613.6451612903226,0.6289473684210526
2609,goodbye,hello,597.1034482758621,0.5915789473684211
2610,goodbye,snob,654.8461538461538,0.5915789473684211
2611,goodness,cautious,751.5862068965517,0.4863157894736842
2612,goodness,sweet,594.34375,0.4863157894736842
2613,goose,fight,657.7931034482758,0.3994736842105263
2614,goose,gander,850.5333333333333,0.3994736842105263
2615,gorgeous,beautiful,572.03125,0.5778947368421052
2616,gorgeous,phone,611.9375,0.5778947368421052
2617,gourmet,cook,565.8666666666667,0.4436842105263158
2618,gourmet,corn,653.0322580645161,0.4436842105263158
2619,government,nature,828.5333333333333,0.4505263157894737
2620,government,politics,639.4333333333333,0.4505263157894737
2621,governor,green,646.8387096774194,0.4694736842105263
2622,governor,state,584.15625,0.4694736842105263
2623,grab,bag,629.9032258064516,0.558421052631579
2624,grab,river,702.3548387096774,0.558421052631579
2625,grace,aunt,623.9666666666667,0.45210526315789473
2626,grace,fold,651.09375,0.45210526315789473
2627,graceful,ear,606.3333333333334,0.4721052631578947
2628,graceful,klutz,1208.5333333333333,0.4721052631578947
2629,grade,woman,557.1379310344828,0.48157894736842105
2630,graduate,sew,774.92,0.52
2631,graduate,student,565.2666666666667,0.52
2632,graduation,ceremony,666.6875,0.47368421052631576
2633,graduation,see,639.5483870967741,0.47368421052631576
2634,graft,lobster,685.8333333333334,0.4594736842105263
2635,graft,trees,673.8928571428571,0.4594736842105263
2636,grain,employer,728.375,0.4568421052631579
2637,grain,wheat,621.4242424242424,0.4568421052631579
2638,grammar,blush,710.21875,0.4531578947368421
2639,grammar,words,623.4516129032259,0.4531578947368421
2640,grandpa,assume,702.71875,0.5952631578947368
2641,grandpa,grandma,712.3,0.5952631578947368
2644,grant,allow,617.0967741935484,0.33157894736842103
2645,grant,gun,611.625,0.33157894736842103
2646,grape,thursday,687.40625,0.5026315789473684
2647,grape,vine,732.1612903225806,0.5026315789473684
2648,graph,geometry,668.71875,0.43736842105263163
2649,graph,taxi,667.3,0.43736842105263163
2650,grasp,fist,708.4074074074074,0.4073684210526316
2651,grasp,straight,666.09375,0.4073684210526316
2652,grass,lawn,683.0645161290323,0.4963157894736842
2653,grass,punishment,769.125,0.4963157894736842
2654,grate,instrument,793.5806451612904,0.4421052631578948
2655,grate,metal,729.2333333333333,0.4421052631578948
2656,grave,die,603.53125,0.5
2657,grave,preview,673.5806451612904,0.5
2658,gravel,chair,560.2,0.4678947368421052
2659,gravel,rocks,607.9032258064516,0.4678947368421052
2660,gravity,hands,623.3870967741935,0.45526315789473687
2661,gravity,newton,897.7826086956521,0.45526315789473687
2662,gravy,boat,727.6333333333333,0.4505263157894736
2663,gravy,exhale,707.1666666666666,0.4505263157894736
2664,gray,characteris,1115.5357142857142,0.4489473684210527
2665,gray,hound,704.9,0.4489473684210527
2666,grease,massage,749.6129032258065,0.4315789473684211
2667,grease,oil,601.741935483871,0.4315789473684211
2670,greed,found,695.1875,0.4826315789473684
2671,greed,hate,634.9032258064516,0.4826315789473684
2674,greet,frame,707.9285714285714,0.41842105263157897
2675,greet,meet,621.6666666666666,0.41842105263157897
2676,grief,pound,693.3548387096774,0.5347368421052632
2677,grief,tears,612.0,0.5347368421052632
2678,grind,bump,665.96875,0.3621052631578947
2679,grind,purse,637.25,0.3621052631578947
2680,grip,hold,646.9677419354839,0.3994736842105263
2681,grip,sale,595.6451612903226,0.3994736842105263
2682,grizzly,scary,662.0967741935484,0.45473684210526316
2683,grizzly,snob,768.2,0.45473684210526316
2684,grocery,cowboy,741.8387096774194,0.49894736842105264
2685,grocery,store,537.84375,0.49894736842105264
2686,groom,bride,615.84375,0.47
2687,groom,spanish,611.1875,0.47
2688,gross,disgusting,761.1034482758621,0.4394736842105263
2689,gross,where,671.3,0.4394736842105263
2690,grounds,glass,599.483870967742,0.35947368421052633
2691,grounds,keeper,663.0666666666667,0.35947368421052633
2692,grove,data,611.71875,0.39210526315789473
2693,grove,ditch,846.8620689655172,0.39210526315789473
2694,grow,few,753.5,0.5021052631578947
2695,grow,tall,574.3939393939394,0.5021052631578947
2696,grown,love,573.40625,0.4278947368421053
2697,grown,up,631.1935483870968,0.4278947368421053
2698,guard,excited,711.0625,0.4694736842105263
2699,guard,security,721.25,0.4694736842105263
2700,guardian,female,656.15625,0.34210526315789475
2701,guardian,parent,558.0645161290323,0.34210526315789475
2702,guess,nose,663.6666666666666,0.74
2703,guess,question,664.0645161290323,0.74
2704,guest,air,680.7878787878788,0.4357894736842105
2705,guest,relative,593.5,0.4357894736842105
2706,guilt,bad,600.3333333333334,0.47368421052631576
2707,guilt,ride,629.5666666666667,0.47368421052631576
2708,guilty,innocent,651.75,0.5052631578947369
2709,guilty,painting,681.2903225806451,0.5052631578947369
2710,guitar,men,611.9677419354839,0.5815789473684211
2711,guitar,string,592.0967741935484,0.5815789473684211
2712,gull,dependent,692.6451612903226,0.5105263157894736
2713,gull,freedom,743.1290322580645,0.5105263157894736
2714,gullible,husband,626.90625,0.45210526315789473
2715,gullible,stupid,652.741935483871,0.45210526315789473
2716,gully,bride,620.483870967742,0.4936842105263157
2717,gully,ditch,711.4642857142857,0.4936842105263157
2718,gulp,shock,682.483870967742,0.4352631578947368
2719,gulp,swallow,662.4242424242424,0.4352631578947368
2720,gum,blow,661.3333333333334,0.42105263157894735
2721,gum,chew,584.75,0.42105263157894735
2724,gun,meaning,688.5151515151515,0.5910526315789474
2725,gun,shoot,649.2333333333333,0.5910526315789474
2728,gym,trailer,671.5454545454545,0.4826315789473684
2729,gym,workout,668.0,0.4826315789473684
2730,gymnast,tumble,649.4285714285714,0.5294736842105263
2731,gymnast,weather,619.65625,0.5294736842105263
2732,gymnastics,dirty,622.3870967741935,0.46473684210526317
2733,gymnastics,tumble,696.9655172413793,0.46473684210526317
2734,habit,finished,624.8064516129032,0.39052631578947367
2735,habit,nun,766.1363636363636,0.39052631578947367
2736,hail,cab,776.3103448275862,0.40210526315789474
2737,hail,power,663.5454545454545,0.40210526315789474
2738,hair,hula,882.1428571428571,0.5568421052631579
2739,hair,shampoo,593.0322580645161,0.5568421052631579
2740,haircut,land,652.258064516129,0.5010526315789473
2741,haircut,no,641.3225806451613,0.5010526315789473
2742,hairspray,cliff,834.3793103448276,0.498421052631579
2743,hairspray,sticky,670.8125,0.498421052631579
2744,half,choose,659.5625,0.49263157894736836
2745,half,whole,629.125,0.49263157894736836
2746,halt,death,605.9032258064516,0.36999999999999994
2747,halt,stop,621.8064516129032,0.36999999999999994
2748,hammock,swing,755.0,0.4242105263157895
2749,hammock,unfair,695.0967741935484,0.4242105263157895
2750,hand,finger,684.4375,0.5168421052631579
2751,hand,necklace,637.8064516129032,0.5168421052631579
2752,handbag,backpack,727.6129032258065,0.4757894736842105
2753,handbag,forever,695.09375,0.4757894736842105
2754,handcuffs,criminal,742.125,0.4310526315789474
2755,handcuffs,mountains,681.258064516129,0.4310526315789474
2756,handicap,puke,741.3461538461538,0.3952631578947368
2757,handicap,wheelchair,834.5625,0.3952631578947368
2758,handkerchief,saw,651.741935483871,0.4789473684210526
2759,handkerchief,tissue,646.4848484848485,0.4789473684210526
2760,handle,care,617.71875,0.5189473684210526
2761,handle,her,764.2142857142857,0.5189473684210526
2764,handsome,boyfriend,696.8387096774194,0.56
2765,handsome,market,673.8387096774194,0.56
2766,hanger,coat,653.0,0.3442105263157894
2767,hanger,color,624.9375,0.3442105263157894
2768,happening,now,575.8484848484849,0.5321052631578947
2769,happening,tense,691.8275862068965,0.5321052631578947
2770,happiness,sad,623.9032258064516,0.5089473684210526
2771,happiness,snail,703.4137931034483,0.5089473684210526
2772,hardy,boys,594.78125,0.3447368421052632
2773,hardy,earthquake,715.8387096774194,0.3447368421052632
2774,hare,get,626.2666666666667,0.33789473684210525
2775,hare,turtle,693.2258064516129,0.33789473684210525
2778,harm,evil,600.3333333333334,0.45105263157894737
2779,harm,smudge,783.4230769230769,0.45105263157894737
2780,harmful,dangerous,711.6129032258065,0.4352631578947368
2781,harmful,desert,728.46875,0.4352631578947368
2782,harmony,middle,626.0322580645161,0.44421052631578944
2783,harmony,sing,618.7,0.44421052631578944
2784,harp,angel,603.2903225806451,0.5163157894736843
2785,harp,sentence,719.5862068965517,0.5163157894736843
2786,harsh,mean,624.5666666666667,0.4263157894736842
2787,harsh,rat,675.258064516129,0.4263157894736842
2788,harvest,crops,630.6666666666666,0.46315789473684216
2789,harvest,wrong,571.71875,0.46315789473684216
2790,hat,head,674.5483870967741,0.5257894736842106
2791,hat,illegal,770.7333333333333,0.5257894736842106
2792,hatch,door,588.3870967741935,0.38842105263157894
2793,hatch,ticket,645.0645161290323,0.38842105263157894
2794,hatchet,ax,786.64,0.3815789473684211
2795,hatchet,peace,606.1290322580645,0.3815789473684211
2796,haul,carry,627.483870967742,0.3794736842105263
2797,haul,team,564.8666666666667,0.3794736842105263
2798,haunt,glasses,657.8125,0.38526315789473686
2799,haunt,house,713.1935483870968,0.38526315789473686
2800,have,grand,739.5483870967741,0.6821052631578947
2801,have,own,638.4516129032259,0.6821052631578947
2802,havoc,chaos,700.2413793103449,0.36736842105263157
2803,havoc,mixture,878.5,0.36736842105263157
2806,hay,breathe,674.53125,0.3731578947368421
2807,hay,stack,676.7096774193549,0.3731578947368421
2808,haystack,cow,651.0322580645161,0.34052631578947373
2809,haystack,grave,687.25,0.34052631578947373
2810,haze,mist,709.0666666666667,0.45631578947368423
2811,haze,wheat,652.9375,0.45631578947368423
2812,he,dishes,750.8620689655172,0.6121052631578948
2813,he,she,681.4848484848485,0.6121052631578948
2814,head,ache,676.9655172413793,0.4931578947368421
2815,head,hunger,700.7096774193549,0.4931578947368421
2816,headband,brick,763.7666666666667,0.5331578947368422
2817,headband,exercise,658.030303030303,0.5331578947368422
2818,heading,bell,683.4193548387096,0.4931578947368421
2819,heading,title,690.0322580645161,0.4931578947368421
2820,heal,tool,572.4848484848485,0.46157894736842103
2821,heal,wound,616.25,0.46157894736842103
2822,health,care,584.0322580645161,0.4052631578947368
2823,health,senate,870.0666666666667,0.4052631578947368
2824,healthy,dead,651.9354838709677,0.43999999999999995
2825,healthy,easy,597.8125,0.43999999999999995
2826,hear,idiot,686.1612903225806,0.588421052631579
2827,hear,listen,653.8333333333334,0.588421052631579
2828,hearing,faith,584.2333333333333,0.4394736842105263
2829,hearing,noise,643.0645161290323,0.4394736842105263
2830,heat,children,638.6,0.49263157894736836
2831,heat,florida,632.3225806451613,0.49263157894736836
2832,heaven,dust,649.03125,0.5021052631578947
2833,heaven,hell,639.7096774193549,0.5021052631578947
2834,heavy,calm,734.6785714285714,0.40263157894736845
2835,heavy,weight,623.2,0.40263157894736845
2836,hedge,clipper,697.258064516129,0.4063157894736842
2837,hedge,repeat,716.4333333333333,0.4063157894736842
2838,heel,crash,680.4666666666667,0.4773684210526316
2839,heel,toe,595.53125,0.4773684210526316
2840,height,annoy,754.2142857142857,0.4431578947368421
2841,height,length,666.0322580645161,0.4431578947368421
2844,helium,balloon,602.448275862069,0.41578947368421054
2845,helium,electricity,813.2903225806451,0.41578947368421054
2846,hell,devil,644.8,0.6531578947368422
2847,hell,rat,650.2333333333333,0.6531578947368422
2848,helmet,motorcycle,708.125,0.4431578947368421
2849,helmet,shopping,646.1935483870968,0.4431578947368421
2850,help,funny,634.59375,0.5905263157894737
2851,help,need,617.3103448275862,0.5905263157894737
2852,helper,assistant,671.4516129032259,0.33157894736842103
2853,helper,shame,665.6206896551724,0.33157894736842103
2854,hem,brain,629.4516129032259,0.4452631578947368
2855,hem,leg,601.78125,0.4452631578947368
2856,her,computer,688.5806451612904,0.6452631578947369
2857,her,she,609.59375,0.6452631578947369
2858,herb,garden,659.78125,0.508421052631579
2859,herb,success,623.9032258064516,0.508421052631579
2860,herd,buffalo,731.3125,0.4884210526315789
2861,herd,greed,650.4285714285714,0.4884210526315789
2862,here,enlarge,814.3793103448276,0.7247368421052631
2863,here,there,672.4193548387096,0.7247368421052631
2864,hero,superman,723.9677419354839,0.4905263157894737
2865,hero,toe,676.0666666666667,0.4905263157894737
2866,heroin,abuse,740.4827586206897,0.5705263157894737
2867,heroin,drugs,613.1818181818181,0.5705263157894737
2868,heroine,drug,734.483870967742,0.4678947368421052
2869,heroine,strong,616.1290322580645,0.4678947368421052
2870,hesitate,poker,617.448275862069,0.4094736842105263
2871,hesitate,wait,593.9333333333333,0.4094736842105263
2872,hidden,secret,642.7096774193549,0.4757894736842105
2873,hidden,unusual,758.65625,0.4757894736842105
2874,hide,dinner,647.8387096774194,0.5057894736842105
2875,hide,seek,675.516129032258,0.5057894736842105
2876,high,low,610.3103448275862,0.4273684210526316
2877,high,neutron,856.9285714285714,0.4273684210526316
2878,highlight,condom,674.9666666666667,0.3336842105263158
2879,highlight,marker,671.3548387096774,0.3336842105263158
2880,hike,angel,637.375,0.4221052631578947
2881,hike,walk,646.6333333333333,0.4221052631578947
2882,hiker,hitchhike,1010.3448275862067,0.37894736842105264
2883,hiker,recipe,788.21875,0.37894736842105264
2886,hill,devil,660.4193548387096,0.4394736842105263
2887,hill,mountain,670.3125,0.4394736842105263
2888,him,her,753.8125,0.6405263157894737
2889,him,virtue,807.3333333333334,0.6405263157894737
2890,hindsight,foresight,795.1290322580645,0.3652631578947368
2891,hindsight,sting,723.8518518518518,0.3652631578947368
2892,hinge,alright,645.71875,0.41842105263157897
2893,hinge,swing,615.2903225806451,0.41842105263157897
2894,hint,clue,545.6451612903226,0.41
2895,hint,faint,637.0967741935484,0.41
2896,hip,bone,628.258064516129,0.4231578947368422
2897,hip,cocaine,713.6129032258065,0.4231578947368422
2900,history,balloon,625.2424242424242,0.39999999999999997
2901,history,war,595.9333333333333,0.39999999999999997
2902,hitch,hug,625.9375,0.35105263157894734
2903,hitch,trailer,639.78125,0.35105263157894734
2904,hitchhike,stomach,648.7878787878788,0.4342105263157895
2905,hitchhike,thumb,668.0625,0.4342105263157895
2906,hive,bee,619.6551724137931,0.4189473684210526
2907,hive,rug,610.2758620689655,0.4189473684210526
2908,hobo,bum,752.258064516129,0.4342105263157895
2909,hobo,narrow,652.1,0.4342105263157895
2910,hoe,doll,629.8571428571429,0.37473684210526315
2911,hoe,garden,617.516129032258,0.37473684210526315
2912,hold,grasp,696.258064516129,0.5668421052631579
2913,hold,sticky,751.6451612903226,0.5668421052631579
2914,hole,ground,552.15625,0.4247368421052632
2915,hole,path,720.741935483871,0.4247368421052632
2916,home,family,693.4193548387096,0.6094736842105263
2917,home,talk,665.8333333333334,0.6094736842105263
2918,homework,father,562.25,0.4652631578947368
2919,homework,study,608.2903225806451,0.4652631578947368
2920,honest,nail,695.0689655172414,0.5268421052631579
2921,honest,truth,638.46875,0.5268421052631579
2922,honesty,mouse,679.074074074074,0.5147368421052633
2923,honesty,virtue,784.1851851851852,0.5147368421052633
2924,honey,george,854.7666666666667,0.6710526315789473
2925,honey,sweet,612.6451612903226,0.6710526315789473
2926,honeymoon,juice,583.6875,0.47631578947368425
2927,honeymoon,wedding,567.46875,0.47631578947368425
2928,hoop,hula,917.1666666666666,0.34157894736842104
2929,hoop,success,656.71875,0.34157894736842104
2930,hoot,owl,635.84375,0.3968421052631579
2931,hoot,relationshi,695.6774193548387,0.3968421052631579
2932,hope,glory,626.15625,0.5889473684210527
2933,hope,indian,722.7241379310345,0.5889473684210527
2934,hopeless,alright,723.375,0.4610526315789474
2935,hopeless,homeless,745.8064516129032,0.4610526315789474
2936,horn,cards,747.28125,0.4378947368421053
2937,horn,instrument,698.4,0.4378947368421053
2938,hornet,drive,582.9090909090909,0.39210526315789473
2939,hornet,sting,638.4516129032259,0.39210526315789473
2940,horrible,peanut,758.6,0.5889473684210527
2941,horrible,terrible,605.4193548387096,0.5889473684210527
2942,host,hostess,717.2903225806451,0.36473684210526314
2943,host,morning,687.6666666666666,0.36473684210526314
2944,hostage,heart,609.0967741935484,0.4189473684210526
2945,hostage,prisoner,695.125,0.4189473684210526
2946,hostess,days,597.1212121212121,0.44947368421052625
2947,hostess,restaurant,662.53125,0.44947368421052625
2948,hotel,motel,643.3,0.49789473684210533
2949,hotel,pavement,734.7096774193549,0.49789473684210533
2950,hotter,summer,711.4,0.48578947368421055
2951,hotter,vegetables,654.6875,0.48578947368421055
2952,hound,blood,577.46875,0.4405263157894737
2953,hound,city,587.1612903225806,0.4405263157894737
2954,hour,fudge,648.8620689655172,0.4731578947368421
2955,hour,minute,579.90625,0.4731578947368421
2958,house,brick,661.8387096774194,0.5221052631578947
2959,house,eleven,599.0344827586207,0.5221052631578947
2960,how,stupid,631.8064516129032,0.6773684210526315
2961,how,who,646.5,0.6773684210526315
2962,hue,color,624.59375,0.4047368421052632
2963,hue,different,683.375,0.4047368421052632
2964,hug,arms,729.5483870967741,0.4905263157894737
2965,hug,looks,652.75,0.4905263157894737
2966,huge,big,596.9032258064516,0.5626315789473684
2967,huge,no,632.53125,0.5626315789473684
2968,hula,hoop,621.7741935483871,0.38263157894736843
2969,hula,hostess,774.53125,0.38263157894736843
2970,hull,boat,651.7741935483871,0.43631578947368427
2971,hull,heart,594.0645161290323,0.43631578947368427
2972,human,being,648.4333333333333,0.4531578947368421
2973,human,shirt,614.741935483871,0.4531578947368421
2974,humiliate,embarrass,881.8214285714286,0.4547368421052631
2975,humiliate,smart,643.40625,0.4547368421052631
2976,hundred,puzzle,599.375,0.6710526315789473
2977,hundred,thousand,652.40625,0.6710526315789473
2978,hung,directions,714.15625,0.4473684210526316
2979,hung,up,632.0344827586207,0.4473684210526316
2980,hunger,africa,779.0666666666667,0.47263157894736846
2981,hunger,hallway,882.7333333333333,0.47263157894736846
2982,hungry,full,598.7575757575758,0.6057894736842105
2983,hungry,shop,626.0967741935484,0.6057894736842105
2984,hunt,find,651.6896551724138,0.44842105263157894
2985,hunt,flowers,671.6774193548387,0.44842105263157894
2986,hurricane,busy,768.6551724137931,0.4263157894736842
2987,hurricane,storm,651.2,0.4263157894736842
2988,hurry,boss,633.5806451612904,0.6284210526315789
2989,hurry,slow,669.8181818181819,0.6284210526315789
2990,hurt,lightning,729.8333333333334,0.5800000000000001
2991,hurt,pain,619.5625,0.5800000000000001
2992,husband,period,678.2666666666667,0.601578947368421
2993,husband,wife,539.6363636363636,0.601578947368421
2994,husk,elephant,610.9677419354839,0.49263157894736836
2995,husk,phone,664.9354838709677,0.49263157894736836
2996,husky,boys,628.4193548387096,0.4342105263157895
2997,husky,skin,634.8709677419355,0.4342105263157895
2998,hustle,fall,669.8125,0.3968421052631579
2999,hustle,fast,651.0645161290323,0.3968421052631579
3000,hut,jane,849.3888888888889,0.3957894736842105
3001,hut,straw,596.5806451612904,0.3957894736842105
3002,hydrogen,oxygen,633.25,0.5205263157894737
3003,hydrogen,worst,739.0645161290323,0.5205263157894737
3004,hygiene,quack,808.8888888888889,0.38526315789473686
3005,hygiene,toothbrush,645.90625,0.38526315789473686
3006,hyper,active,730.03125,0.33210526315789474
3007,hyper,pig,626.2758620689655,0.33210526315789474
3008,hypothesis,guess,645.59375,0.47421052631578947
3009,hypothesis,party,660.2,0.47421052631578947
3010,ice,america,748.448275862069,0.4731578947368421
3011,ice,pick,674.3666666666667,0.4731578947368421
3012,iceberg,game,635.3125,0.33789473684210525
3013,iceberg,lettuce,767.7241379310345,0.33789473684210525
3014,ideal,cleaner,748.8275862068965,0.37105263157894736
3015,ideal,real,659.0344827586207,0.37105263157894736
3016,identical,borrow,666.2258064516129,0.4368421052631579
3017,identical,exact,780.2903225806451,0.4368421052631579
3018,identification,number,618.4193548387096,0.39842105263157895
3019,identification,volcano,733.84375,0.39842105263157895
3020,identity,id,1005.3846153846154,0.3836842105263158
3021,identity,reason,598.5,0.3836842105263158
3022,idiot,dumb,603.96875,0.5978947368421054
3023,idiot,same,688.84375,0.5978947368421054
3024,idol,billy,807.2631578947369,0.36894736842105263
3025,idol,rose,676.2258064516129,0.36894736842105263
3026,igloo,ice,582.9090909090909,0.3257894736842105
3027,igloo,mean,593.483870967742,0.3257894736842105
3028,ignore,mean,649.53125,0.4221052631578947
3029,ignore,story,638.0625,0.4221052631578947
3030,ill,doughnut,837.72,0.43473684210526314
3031,ill,healthy,671.969696969697,0.43473684210526314
3032,illegal,drugs,631.625,0.4663157894736842
3033,illegal,sun,631.3125,0.4663157894736842
3034,illness,sick,613.4,0.4784210526315789
3035,illness,teach,652.0333333333333,0.4784210526315789
3036,image,average,757.4666666666667,0.43842105263157893
3037,image,mirror,591.8064516129032,0.43842105263157893
3038,imagine,christ,666.0322580645161,0.5205263157894737
3039,imagine,create,637.8709677419355,0.5205263157894737
3040,imitate,copy,712.3870967741935,0.43578947368421056
3041,imitate,train,726.34375,0.43578947368421056
3042,immediate,later,600.2903225806451,0.37473684210526315
3043,immediate,saucer,833.5384615384615,0.37473684210526315
3044,impact,crash,693.6206896551724,0.40263157894736845
3045,impact,drive,667.6551724137931,0.40263157894736845
3046,impatience,patient,609.3225806451613,0.471578947368421
3047,impatience,wonder,722.46875,0.471578947368421
3048,impediment,beginning,714.939393939394,0.3468421052631579
3049,impediment,obstacle,818.6896551724138,0.3468421052631579
3050,implode,explode,741.5333333333333,0.3768421052631579
3051,implode,tupperware,943.16,0.3768421052631579
3052,important,headache,748.40625,0.4663157894736842
3053,important,major,586.7241379310345,0.4663157894736842
3054,impossible,boy,696.8387096774194,0.48578947368421055
3056,impression,art,649.6774193548387,0.3684210526315789
3057,impression,honest,657.6774193548387,0.3684210526315789
3058,in,inferior,803.6666666666666,0.6021052631578948
3059,in,out,582.8181818181819,0.6021052631578948
3061,inability,groceries,778.5483870967741,0.44789473684210523
3062,incline,hill,632.9354838709677,0.38526315789473686
3063,incline,tired,686.375,0.38526315789473686
3064,income,date,579.6129032258065,0.4342105263157895
3065,income,important,639.6875,0.4342105263157895
3066,increase,enlarge,735.8928571428571,0.5057894736842105
3067,increase,navy,706.8387096774194,0.5057894736842105
3068,independent,crime,715.9677419354839,0.3468421052631579
3069,independent,dependent,684.0,0.3468421052631579
3072,indirect,direct,719.8709677419355,0.3368421052631579
3073,indirect,doctor,679.7666666666667,0.3368421052631579
3074,indoors,divide,728.1612903225806,0.42105263157894735
3075,indoors,outdoors,599.6129032258065,0.42105263157894735
3076,industry,luck,671.40625,0.3794736842105263
3077,industry,steel,606.4666666666667,0.3794736842105263
3078,inertia,force,697.9354838709677,0.37105263157894736
3079,inertia,telephone,638.1875,0.37105263157894736
3080,infection,around,692.0,0.5763157894736842
3081,infection,disease,723.4333333333333,0.5763157894736842
3082,inferior,auto,681.0333333333333,0.38105263157894737
3083,inferior,superior,683.40625,0.38105263157894737
3084,inferno,last,596.1290322580645,0.33210526315789474
3085,inferno,volcano,696.3225806451613,0.33210526315789474
3086,inflation,balloon,641.3125,0.4868421052631579
3087,inflation,soup,670.125,0.4868421052631579
3088,influence,glory,652.741935483871,0.3815789473684211
3089,influence,persuade,744.8275862068965,0.3815789473684211
3090,information,close,704.5625,0.39631578947368423
3091,information,data,759.3793103448276,0.39631578947368423
3092,inhale,exhale,757.7333333333333,0.45105263157894737
3093,inhale,plane,708.375,0.45105263157894737
3094,initial,name,709.8666666666667,0.35105263157894734
3095,initial,planets,753.6333333333333,0.35105263157894734
3096,injection,blanket,595.9032258064516,0.5115789473684211
3097,injection,needle,569.5806451612904,0.5115789473684211
3098,inlet,island,642.8125,0.44578947368421057
3099,inlet,ugly,703.7586206896551,0.44578947368421057
3100,inmate,paper,619.625,0.4826315789473684
3101,inmate,prison,601.8709677419355,0.4826315789473684
3102,innocence,frog,721.0689655172414,0.41947368421052633
3103,innocence,guilty,612.75,0.41947368421052633
3104,innocent,prejudice,727.4827586206897,0.5021052631578947
3105,innocent,virgin,598.1333333333333,0.5021052631578947
3106,inquire,ask,695.8484848484849,0.3873684210526316
3107,inquire,vault,841.7,0.3873684210526316
3108,insane,build,614.1515151515151,0.5136842105263157
3109,insane,mad,582.3548387096774,0.5136842105263157
3110,insect,ant,594.4137931034483,0.5026315789473684
3111,insect,conference,837.3333333333334,0.5026315789473684
3112,insecure,secure,683.3870967741935,0.40578947368421053
3113,insecure,tonic,726.3448275862069,0.40578947368421053
3114,inside,baby,569.5454545454545,0.5347368421052632
3115,inside,indoors,633.4827586206897,0.5347368421052632
3116,insight,foresight,721.8387096774194,0.391578947368421
3117,insight,sun,614.25,0.391578947368421
3118,instance,example,612.8709677419355,0.431578947368421
3119,instance,jesus,807.5625,0.431578947368421
3120,instant,big,619.21875,0.391578947368421
3121,instant,quick,611.53125,0.391578947368421
3122,instinct,basic,628.125,0.4163157894736842
3123,instinct,foot,610.15625,0.4163157894736842
3124,instruct,directions,687.6333333333333,0.3589473684210526
3125,instruct,motion,706.65625,0.3589473684210526
3128,insult,comment,729.9375,0.43315789473684213
3129,insult,stare,616.3333333333334,0.43315789473684213
3130,intake,adventure,754.09375,0.4126315789473684
3131,intake,inhale,754.7741935483871,0.4126315789473684
3132,integrate,hard,657.375,0.4063157894736842
3133,integrate,math,621.8064516129032,0.4063157894736842
3134,intensity,force,710.5806451612904,0.43052631578947365
3135,intensity,weird,662.53125,0.43052631578947365
3136,intent,purpose,634.6551724137931,0.4036842105263158
3137,intent,relax,580.4827586206897,0.4036842105263158
3138,interesting,neat,789.6296296296297,0.5115789473684211
3139,interesting,obsession,766.0645161290323,0.5115789473684211
3140,interior,inferior,771.5714285714286,0.4068421052631579
3141,interior,spot,666.8064516129032,0.4068421052631579
3142,interrupt,rude,605.0967741935484,0.4105263157894737
3143,interrupt,up,579.7741935483871,0.4105263157894737
3144,interview,beat,819.7142857142857,0.4136842105263158
3145,interview,nervous,703.551724137931,0.4136842105263158
3146,intestine,stomach,676.75,0.5521052631578948
3147,intestine,violin,809.4827586206897,0.5521052631578948
3148,intoxicate,attempt,627.71875,0.5105263157894736
3149,intoxicate,poison,777.59375,0.5105263157894736
3150,intoxicated,drunk,588.7096774193549,0.45631578947368423
3151,intoxicated,piece,762.2258064516129,0.45631578947368423
3152,introduce,meet,633.7096774193549,0.44263157894736843
3153,introduce,sky,629.1612903225806,0.44263157894736843
3154,introvert,ambulance,863.7586206896551,0.4973684210526315
3155,introvert,extrovert,780.6538461538462,0.4973684210526315
3156,intuition,force,716.9375,0.43315789473684213
3157,intuition,know,636.875,0.43315789473684213
3158,invalid,few,690.28125,0.3778947368421052
3159,invalid,wheelchair,823.8064516129032,0.3778947368421052
3160,invent,create,643.9666666666667,0.3957894736842105
3161,invent,teeth,603.25,0.3957894736842105
3162,inventor,creator,676.53125,0.42526315789473684
3163,inventor,sell,631.5625,0.42526315789473684
3164,iron,plain,690.741935483871,0.4431578947368421
3165,iron,steel,760.09375,0.4431578947368421
3166,irregular,abnormal,829.6428571428571,0.39052631578947367
3167,irregular,plate,633.5483870967741,0.39052631578947367
3168,irritate,angry,634.1875,0.428421052631579
3169,irritate,day,628.0,0.428421052631579
3170,irritating,annoying,768.96875,0.4663157894736842
3171,irritating,hold,623.71875,0.4663157894736842
3172,isolated,idea,613.1935483870968,0.41210526315789475
3173,isolated,room,699.78125,0.41210526315789475
3174,issue,cell,614.375,0.3694736842105263
3175,issue,magazine,658.7037037037037,0.3694736842105263
3176,itch,scratch,803.625,0.46578947368421053
3177,itch,young,623.46875,0.46578947368421053
3178,item,thing,654.9354838709677,0.3531578947368421
3179,item,turtle,700.4827586206897,0.3531578947368421
3180,ivory,piano,725.3870967741935,0.36736842105263157
3181,ivory,uncle,630.2413793103449,0.36736842105263157
3182,ivy,husband,716.2413793103449,0.36999999999999994
3183,ivy,vine,715.3333333333334,0.36999999999999994
3184,jail,aluminum,858.75,0.5363157894736843
3185,jail,prison,657.0,0.5363157894736843
3186,japan,china,657.875,0.46421052631578946
3187,japan,politics,637.6,0.46421052631578946
3188,jar,jelly,597.0,0.41947368421052633
3189,jar,spaghetti,700.0333333333333,0.41947368421052633
3190,jaw,minimum,803.0,0.501578947368421
3191,jaw,mouth,630.5625,0.501578947368421
3192,jaws,shark,809.5,0.40578947368421053
3193,jaws,stripe,719.8928571428571,0.40578947368421053
3194,jazz,ballet,662.2413793103449,0.523157894736842
3195,jazz,talking,707.03125,0.523157894736842
3196,jealousy,feeling,645.0333333333333,0.49894736842105264
3197,jealousy,rights,604.8787878787879,0.49894736842105264
3200,jelly,grape,625.03125,0.44684210526315793
3201,jelly,spanish,640.9677419354839,0.44684210526315793
3202,jerk,idiot,629.8,0.5047368421052632
3203,jerk,present,654.65625,0.5047368421052632
3206,jewel,diamond,702.969696969697,0.4142105263157895
3207,jewel,service,704.0645161290323,0.4142105263157895
3208,jewelry,necklace,680.3333333333334,0.4405263157894737
3209,jewelry,sorry,717.3225806451613,0.4405263157894737
3210,jewish,prison,713.5666666666667,0.5163157894736843
3211,jewish,religion,733.8333333333334,0.5163157894736843
3212,jobless,day,713.53125,0.42368421052631583
3213,jobless,unemploymen,802.3870967741935,0.42368421052631583
3214,jock,accept,642.741935483871,0.371578947368421
3215,jock,strap,729.8181818181819,0.371578947368421
3216,jog,knife,642.0909090909091,0.37842105263157894
3217,jog,run,618.03125,0.37842105263157894
3218,join,dinner,635.258064516129,0.48
3219,join,group,538.21875,0.48
3220,joint,account,665.3,0.35684210526315785
3221,joint,circle,611.6666666666666,0.35684210526315785
3222,joker,candle,574.7333333333333,0.4005263157894737
3223,joker,laugh,552.0,0.4005263157894737
3224,journal,diary,618.46875,0.4005263157894737
3225,journal,hamburger,738.15625,0.4005263157894737
3226,journey,die,613.5,0.46421052631578946
3227,journey,trip,637.21875,0.46421052631578946
3228,juggler,appear,667.4242424242424,0.45789473684210524
3229,juggler,circus,709.6774193548387,0.45789473684210524
3230,juice,thirst,820.6,0.5
3231,juice,toe,641.2333333333333,0.5
3232,jump,man,759.2258064516129,0.46157894736842103
3233,jump,rope,712.3870967741935,0.46157894736842103
3234,jumpy,cactus,801.969696969697,0.4436842105263158
3235,jumpy,rope,639.258064516129,0.4436842105263158
3236,jungle,animal,590.375,0.44842105263157894
3237,jungle,pan,694.7142857142857,0.44842105263157894
3238,junior,late,586.6666666666666,0.44684210526315793
3239,junior,son,711.6333333333333,0.44684210526315793
3240,junk,cigarette,706.9375,0.4231578947368422
3241,junk,yard,594.1290322580645,0.4231578947368422
3242,jury,juvenile,796.5,0.5347368421052632
3243,jury,twelve,676.75,0.5347368421052632
3244,just,fair,635.0967741935484,0.7615789473684211
3245,just,reptile,850.5666666666667,0.7615789473684211
3246,justice,fair,606.8666666666667,0.4421052631578948
3247,justice,rose,677.40625,0.4421052631578948
3248,justify,explain,673.0625,0.4257894736842105
3249,justify,fraternity,836.6,0.4257894736842105
3250,juvenile,immature,707.7666666666667,0.40789473684210525
3251,juvenile,sheets,610.71875,0.40789473684210525
3252,kangaroo,australia,782.6875,0.3978947368421053
3253,kangaroo,shallow,742.3,0.3978947368421053
3254,keep,own,754.3,0.5542105263157895
3255,keep,pimple,809.2857142857143,0.5542105263157895
3256,keeper,dress,669.6875,0.43315789473684213
3257,keeper,zoo,580.6333333333333,0.43315789473684213
3258,kettle,dancer,619.59375,0.4063157894736842
3259,kettle,stove,589.0,0.4063157894736842
3260,key,lock,612.1818181818181,0.43631578947368427
3261,key,web,681.9,0.43631578947368427
3262,keyboard,piano,647.9677419354839,0.4610526315789474
3263,keyboard,pool,622.0909090909091,0.4610526315789474
3266,kid,child,598.5625,0.6389473684210527
3267,kid,tell,637.4516129032259,0.6389473684210527
3268,kidnap,baby,565.46875,0.47263157894736846
3269,kidnap,holy,684.1290322580645,0.47263157894736846
3270,kidney,bean,667.7096774193549,0.47789473684210526
3271,kidney,tag,684.46875,0.47789473684210526
3272,kill,chemistry,672.3030303030303,0.5889473684210527
3273,kill,murder,612.060606060606,0.5889473684210527
3274,killer,food,580.03125,0.5421052631578948
3275,killer,murderer,749.5,0.5421052631578948
3276,kilometer,mile,605.8787878787879,0.41263157894736846
3277,kilometer,pretty,661.96875,0.41263157894736846
3278,kinetic,energy,606.448275862069,0.4636842105263158
3279,kinetic,onion,685.625,0.4636842105263158
3280,king,queen,534.0,0.5121052631578947
3281,king,seller,775.9642857142857,0.5121052631578947
3282,kitchen,cook,668.0,0.5352631578947369
3283,kitchen,island,655.5862068965517,0.5352631578947369
3284,kitten,cute,624.9354838709677,0.4773684210526316
3285,kitten,needle,667.8125,0.4773684210526316
3286,kleenex,shove,971.1785714285714,0.44263157894736843
3287,kleenex,tissue,618.9032258064516,0.44263157894736843
3288,knapsack,backpack,657.2903225806451,0.3968421052631579
3289,knapsack,boy,692.96875,0.3968421052631579
3290,kneel,hours,657.0,0.49789473684210533
3291,kneel,knee,664.4666666666667,0.49789473684210533
3294,knife,fork,629.5483870967741,0.5247368421052632
3295,knife,ski,724.0,0.5247368421052632
3296,knight,armor,678.65625,0.41210526315789475
3297,knight,throw,617.3636363636364,0.41210526315789475
3298,knitting,grandma,731.40625,0.5121052631578947
3299,knitting,leave,636.46875,0.5121052631578947
3300,knock,door,589.5806451612904,0.49684210526315786
3301,knock,spice,664.8076923076923,0.49684210526315786
3302,knot,hoop,700.9642857142857,0.49157894736842106
3303,knot,shoelace,694.3214285714286,0.49157894736842106
3304,known,unknown,623.258064516129,0.45526315789473687
3305,known,volcano,701.9032258064516,0.45526315789473687
3306,lab,experiment,685.5151515151515,0.44526315789473686
3307,lab,wound,708.8571428571429,0.44526315789473686
3308,label,story,562.2424242424242,0.3942105263157895
3309,label,tag,662.5454545454545,0.3942105263157895
3310,labyrinth,make,578.65625,0.3936842105263158
3311,labyrinth,maze,780.88,0.3936842105263158
3312,lace,fish,685.1290322580645,0.4936842105263157
3313,lace,shoelace,758.2962962962963,0.4936842105263157
3314,lagoon,sandwich,665.9090909090909,0.4542105263157894
3315,lagoon,swamp,634.5333333333333,0.4542105263157894
3316,lamb,obsession,818.71875,0.5078947368421053
3317,lamb,sheep,645.03125,0.5078947368421053
3318,landscape,simple,711.4545454545455,0.4610526315789474
3319,landscape,trees,652.7741935483871,0.4610526315789474
3320,lane,highway,680.1935483870968,0.3857894736842105
3321,lane,smoke,608.6,0.3857894736842105
3322,language,away,657.7096774193549,0.5189473684210526
3323,language,english,617.5666666666667,0.5189473684210526
3324,lap,embarrass,707.7777777777778,0.4094736842105263
3325,lap,sit,564.1290322580645,0.4094736842105263
3326,lapel,collar,730.75,0.43736842105263163
3327,lapel,seek,688.0333333333333,0.43736842105263163
3328,laser,beam,749.09375,0.44421052631578956
3329,laser,hello,713.2258064516129,0.44421052631578956
3330,lash,hurt,669.0,0.3663157894736842
3331,lash,kids,674.375,0.3663157894736842
3332,last,chance,590.258064516129,0.5731578947368421
3333,last,virgin,658.875,0.5731578947368421
3334,lasting,butterfly,694.8387096774194,0.3678947368421052
3335,lasting,long,621.2727272727273,0.3678947368421052
3336,latch,key,609.4193548387096,0.4473684210526316
3337,latch,motorcycle,751.5806451612904,0.4473684210526316
3338,late,early,662.969696969697,0.5615789473684211
3339,late,think,648.75,0.5615789473684211
3342,laugh,cry,568.7666666666667,0.5752631578947368
3343,laugh,ice,619.3125,0.5752631578947368
3344,launch,rocket,597.2903225806451,0.4678947368421052
3345,launch,white,638.59375,0.4678947368421052
3346,laundry,referee,863.9545454545455,0.4794736842105263
3347,laundry,soap,614.1935483870968,0.4794736842105263
3348,lava,ticket,667.8,0.4794736842105263
3349,lava,volcano,774.9375,0.4794736842105263
3350,law,cow,658.8571428571429,0.4336842105263158
3351,law,order,621.21875,0.4336842105263158
3352,lawn,chair,614.6875,0.48210526315789476
3353,lawn,crunchy,754.1071428571429,0.48210526315789476
3354,lawsuit,law,538.25,0.4405263157894737
3355,lawsuit,lawn,697.0,0.4405263157894737
3356,lawyer,gloves,782.2258064516129,0.5378947368421053
3357,lawyer,lawsuit,632.6551724137931,0.5378947368421053
3358,lay,down,580.4516129032259,0.458421052631579
3359,lay,television,698.0645161290323,0.458421052631579
3360,lead,aluminum,702.8709677419355,0.41157894736842104
3361,lead,order,766.40625,0.41157894736842104
3362,leader,fear,642.1,0.41157894736842104
3363,leader,follower,774.1034482758621,0.41157894736842104
3364,leadership,clothes,631.625,0.3889473684210526
3365,leadership,follower,602.9375,0.3889473684210526
3366,leaf,add,643.0322580645161,0.471578947368421
3367,leaf,flower,621.0645161290323,0.471578947368421
3368,league,football,654.25,0.4473684210526316
3369,league,meaning,663.8,0.4473684210526316
3370,leak,con,1000.8571428571428,0.4031578947368421
3371,leak,drip,595.8620689655172,0.4031578947368421
3372,lean,chip,702.4516129032259,0.39263157894736844
3373,lean,skinny,641.2666666666667,0.39263157894736844
3374,learn,pepsi,831.36,0.5305263157894737
3375,learn,teach,560.0,0.5305263157894737
3376,lease,rent,562.1875,0.4678947368421053
3377,lease,small,599.3333333333334,0.4678947368421053
3378,least,bath,637.125,0.5536842105263159
3379,least,most,616.7777777777778,0.5536842105263159
3380,leave,come,601.0625,0.6278947368421053
3381,leave,piano,741.3225806451613,0.6278947368421053
3382,leaves,crunchy,720.8620689655172,0.44421052631578944
3383,leaves,toast,625.0322580645161,0.44421052631578944
3384,ledge,cliff,858.2666666666667,0.5210526315789474
3385,ledge,then,642.6129032258065,0.5210526315789474
3386,left,right,681.741935483871,0.5373684210526316
3387,left,washer,730.1612903225806,0.5373684210526316
3388,leg,done,646.6153846153846,0.5447368421052632
3389,leg,walk,710.6666666666666,0.5447368421052632
3390,legal,graph,736.0,0.43736842105263163
3391,legal,illegal,715.7096774193549,0.43736842105263163
3392,legend,story,600.28125,0.4594736842105263
3393,legend,wedding,646.53125,0.4594736842105263
3394,legion,foreign,768.6774193548387,0.35052631578947363
3395,legion,wheelchair,654.6,0.35052631578947363
3396,legislature,senate,747.8666666666667,0.47421052631578947
3397,legislature,wander,721.2692307692307,0.47421052631578947
3400,lemon,believe,552.0666666666667,0.5047368421052632
3401,lemon,fruit,610.3548387096774,0.5047368421052632
3402,lend,borrow,749.9666666666667,0.45473684210526316
3403,lend,date,637.03125,0.45473684210526316
3404,lenient,loose,610.875,0.39263157894736844
3405,lenient,strict,861.5806451612904,0.39263157894736844
3406,lens,closing,688.258064516129,0.5521052631578948
3407,lens,glasses,644.59375,0.5521052631578948
3408,leopard,tiger,598.0689655172414,0.43052631578947365
3409,leopard,yes,640.0322580645161,0.43052631578947365
3410,less,fox,714.0645161290323,0.4984210526315789
3411,less,zero,612.8709677419355,0.4984210526315789
3412,let,do,641.0357142857143,0.6989473684210527
3413,let,item,671.0,0.6989473684210527
3414,letter,note,537.0333333333333,0.49105263157894735
3415,letter,steak,671.2903225806451,0.49105263157894735
3416,lettuce,asleep,858.90625,0.4689473684210526
3417,lettuce,tomato,629.4666666666667,0.4689473684210526
3418,level,even,702.78125,0.371578947368421
3419,level,hug,632.4375,0.371578947368421
3420,lever,hay,777.5,0.4605263157894737
3421,lever,pull,575.8709677419355,0.4605263157894737
3422,libel,gloves,745.2903225806451,0.4489473684210527
3423,libel,lawsuit,716.59375,0.4489473684210527
3424,liberal,conservative,636.2333333333333,0.44578947368421057
3425,liberal,direction,686.0625,0.44578947368421057
3426,liberty,bathroom,746.7878787878788,0.35684210526315785
3427,liberty,freedom,651.0909090909091,0.35684210526315785
3428,lice,dirty,641.3666666666667,0.4315789473684211
3429,lice,inferior,808.0,0.4315789473684211
3430,license,driving,645.3125,0.4673684210526316
3431,license,swing,670.5483870967741,0.4673684210526316
3432,lick,secure,830.3333333333334,0.4342105263157895
3433,lick,tongue,652.0625,0.4342105263157895
3434,lid,bird,755.3,0.41842105263157897
3435,lid,cover,659.40625,0.41842105263157897
3436,life,dish,738.9655172413793,0.5152631578947369
3437,life,forever,619.5483870967741,0.5152631578947369
3438,lift,heavy,621.6875,0.4421052631578948
3439,lift,one,589.9677419354839,0.4421052631578948
3440,lightheaded,faint,687.5483870967741,0.45631578947368423
3441,lightheaded,oil,668.875,0.45631578947368423
3442,lightning,plant,816.1,0.42947368421052634
3443,lightning,thunder,608.3548387096774,0.42947368421052634
3444,like,britain,1077.764705882353,0.6805263157894736
3445,like,love,677.5806451612904,0.6805263157894736
3446,lime,lemon,626.8709677419355,0.43842105263157893
3447,lime,tongue,668.8666666666667,0.43842105263157893
3448,limousine,full,675.09375,0.4273684210526316
3449,limousine,prom,775.6206896551724,0.4273684210526316
3450,line,peach,618.8333333333334,0.40210526315789474
3451,line,wait,619.0909090909091,0.40210526315789474
3452,linen,shark,629.3125,0.44842105263157894
3453,linen,sheets,642.71875,0.44842105263157894
3454,lingerie,attic,746.9333333333333,0.48947368421052634
3455,lingerie,sexy,629.5483870967741,0.48947368421052634
3456,link,attack,648.2333333333333,0.35789473684210527
3457,link,chain,637.1875,0.35789473684210527
3458,lint,chest,588.8387096774194,0.32894736842105265
3459,lint,dust,628.0,0.32894736842105265
3460,lion,religion,730.1333333333333,0.47421052631578947
3461,lion,tiger,577.4666666666667,0.47421052631578947
3462,lip,tongue,690.3,0.41578947368421054
3463,lip,worst,687.3333333333334,0.41578947368421054
3466,liquid,right,634.2903225806451,0.4868421052631579
3467,liquid,wet,557.5806451612904,0.4868421052631579
3468,list,groceries,706.8484848484849,0.3584210526315789
3469,list,hit,586.28125,0.3584210526315789
3470,listen,air,629.1379310344828,0.6642105263157895
3471,listen,hear,535.1612903225806,0.6642105263157895
3472,lit,object,717.483870967742,0.46
3473,lit,on,680.5862068965517,0.46
3474,literature,poetry,627.5625,0.4278947368421053
3475,literature,ruler,611.2413793103449,0.4278947368421053
3476,litter,cats,592.21875,0.4073684210526316
3477,litter,fall,605.3548387096774,0.4073684210526316
3478,live,happy,610.0322580645161,0.5357894736842105
3479,live,none,668.6129032258065,0.5357894736842105
3480,liver,forward,645.8387096774194,0.49263157894736836
3481,liver,onion,688.9333333333333,0.49263157894736836
3482,lizard,perfume,676.0333333333333,0.44578947368421057
3483,lizard,reptile,701.1379310344828,0.44578947368421057
3484,load,heavy,610.741935483871,0.4694736842105263
3485,load,republican,851.28125,0.4694736842105263
3486,loan,shark,686.3870967741935,0.5273684210526316
3487,loan,wimp,881.6428571428571,0.5273684210526316
3488,lobe,ear,681.5806451612904,0.5310526315789473
3489,lobe,style,624.4,0.5310526315789473
3490,lobster,crab,626.0625,0.5210526315789474
3491,lobster,increase,670.5483870967741,0.5210526315789474
3492,local,far,624.9354838709677,0.3494736842105263
3493,local,mother,619.34375,0.3494736842105263
3494,location,home,744.1379310344828,0.3952631578947368
3495,location,wound,637.9,0.3952631578947368
3496,lodge,cabin,580.375,0.36105263157894735
3497,lodge,vine,691.695652173913,0.36105263157894735
3498,loft,bed,644.7096774193549,0.41578947368421054
3499,loft,sample,657.9032258064516,0.41578947368421054
3500,log,attack,773.4666666666667,0.3684210526315789
3501,log,cabin,654.7096774193549,0.3684210526315789
3504,lonely,alone,635.0666666666667,0.5152631578947369
3505,lonely,kiss,608.59375,0.5152631578947369
3506,look,eye,654.5625,0.6668421052631579
3507,look,spider,760.9655172413793,0.6668421052631579
3508,looks,apology,644.1612903225806,0.5842105263157895
3509,looks,pretty,605.21875,0.5842105263157895
3510,loose,shine,744.9655172413793,0.43
3511,loose,tight,589.78125,0.43
3512,loosen,rent,597.0333333333333,0.4526315789473684
3513,loosen,tighten,665.3225806451613,0.4526315789473684
3514,lord,christ,659.2333333333333,0.49263157894736836
3515,lord,seatbelt,752.5555555555555,0.49263157894736836
3516,lose,defeat,780.3870967741935,0.5457894736842106
3517,lose,style,609.741935483871,0.5457894736842106
3518,loser,geek,825.7741935483871,0.498421052631579
3519,loser,up,683.15625,0.498421052631579
3520,loss,boots,683.5333333333333,0.4205263157894737
3521,loss,gain,582.7741935483871,0.4205263157894737
3522,lost,alligator,743.9666666666667,0.51
3523,lost,found,597.6896551724138,0.51
3524,lots,drug,622.6785714285714,0.5063157894736842
3525,lots,joke,583.8709677419355,0.5063157894736842
3526,lots,little,665.59375,0.5063157894736842
3527,loud,jump,655.8064516129032,0.5336842105263159
3528,loud,pain,623.21875,0.5336842105263159
3529,lounge,help,664.3793103448276,0.45631578947368423
3530,lounge,hotel,690.25,0.45631578947368423
3531,lover,fighter,674.060606060606,0.558421052631579
3532,lover,inhale,752.1153846153846,0.558421052631579
3533,loving,caring,631.25,0.5010526315789473
3534,loving,sign,626.34375,0.5010526315789473
3535,low,breathe,657.9354838709677,0.4105263157894737
3536,low,high,640.3939393939394,0.4105263157894737
3537,lower,chew,613.6333333333333,0.4368421052631579
3538,lower,higher,661.6451612903226,0.4368421052631579
3539,loyal,true,623.53125,0.44421052631578944
3540,loyal,thing,618.34375,0.44421052631578944
3541,loyalty,carry,636.5625,0.458421052631579
3542,loyalty,husband,785.96875,0.458421052631579
3543,lubricate,condom,698.3928571428571,0.4868421052631579
3544,lubricate,eyes,648.1212121212121,0.4868421052631579
3545,luck,fortune,664.6666666666666,0.5226315789473684
3546,luck,maze,738.5185185185185,0.5226315789473684
3547,luggage,explode,703.6451612903226,0.4747368421052631
3548,luggage,plane,562.0,0.4747368421052631
3549,lumber,build,597.7,0.4189473684210527
3550,lumber,tornado,741.4333333333333,0.4189473684210527
3551,lump,bump,767.1666666666666,0.3442105263157894
3552,lump,purse,628.4074074074074,0.3442105263157894
3553,lunch,dinner,633.8125,0.5621052631578948
3554,lunch,gas,690.9354838709677,0.5621052631578948
3555,lung,cancer,644.6363636363636,0.4584210526315789
3556,lung,relationshi,648.9375,0.4584210526315789
3557,lust,not,664.6,0.5221052631578947
3558,lust,obsession,861.258064516129,0.5221052631578947
3559,macaroni,noodles,617.9032258064516,0.5468421052631579
3560,macaroni,shave,638.6129032258065,0.5468421052631579
3561,machine,priest,646.2413793103449,0.4052631578947368
3562,machine,washer,683.0645161290323,0.4052631578947368
3563,mad,angry,649.1612903225806,0.5473684210526316
3564,mad,thing,653.6451612903226,0.5473684210526316
3565,mafia,italian,700.5483870967741,0.4131578947368421
3566,mafia,spill,757.6774193548387,0.4131578947368421
3567,magazine,book,663.9032258064516,0.47421052631578947
3568,magazine,spine,854.1666666666666,0.47421052631578947
3569,maggot,walkway,691.3666666666667,0.44789473684210523
3570,maggot,worm,726.7586206896551,0.44789473684210523
3571,magic,coke,656.6896551724138,0.523157894736842
3572,magic,trick,675.4516129032259,0.523157894736842
3573,magician,it,613.125,0.49894736842105264
3574,magician,magic,625.6451612903226,0.49894736842105264
3575,magnet,refrigerator,825.6129032258065,0.41789473684210526
3576,magnet,system,670.6206896551724,0.41789473684210526
3577,magnify,enlarge,798.0625,0.3726315789473684
3578,magnify,trade,611.2258064516129,0.3726315789473684
3579,mailbox,flag,713.483870967742,0.4368421052631579
3580,mailbox,major,630.59375,0.4368421052631579
3581,mailman,disagree,708.8064516129032,0.3389473684210526
3582,mailman,mail,668.5454545454545,0.3389473684210526
3583,main,first,656.15625,0.32842105263157895
3584,main,uncommon,801.5333333333333,0.32842105263157895
3585,major,holy,713.483870967742,0.41210526315789475
3586,major,minor,648.5625,0.41210526315789475
3587,majority,bite,740.8965517241379,0.38842105263157894
3588,majority,most,681.25,0.38842105263157894
3589,make,do,559.7096774193549,0.5694736842105264
3590,make,war,673.4,0.5694736842105264
3591,male,hello,603.3225806451613,0.46578947368421053
3592,male,man,612.25,0.46578947368421053
3593,mall,lake,643.65625,0.4126315789473684
3594,mall,shop,580.6,0.4126315789473684
3595,malt,shake,661.4516129032259,0.4731578947368421
3596,malt,stupid,601.2727272727273,0.4731578947368421
3597,mammal,weekend,671.4375,0.49157894736842106
3598,mammal,whale,574.8064516129032,0.49157894736842106
3599,man,gone,645.7586206896551,0.6021052631578948
3600,man,woman,608.0645161290323,0.6021052631578948
3601,manner,old,610.939393939394,0.42947368421052634
3602,manner,way,560.4516129032259,0.42947368421052634
3603,manners,cleaner,717.65625,0.4705263157894737
3604,manners,polite,651.4,0.4705263157894737
3605,manufacturer,maker,705.9285714285714,0.44157894736842107
3606,manufacturer,sweet,579.5483870967741,0.44157894736842107
3607,many,concrete,705.8214285714286,0.5689473684210526
3608,many,few,614.09375,0.5689473684210526
3609,map,country,595.0,0.4142105263157895
3610,map,plug,645.2916666666666,0.4142105263157895
3611,maple,sugar,555.7037037037037,0.3878947368421053
3612,maple,wonder,790.5806451612904,0.3878947368421053
3613,march,april,646.59375,0.5663157894736842
3614,march,lawyer,743.625,0.5663157894736842
3615,margin,left,671.0689655172414,0.3168421052631579
3616,margin,public,647.0625,0.3168421052631579
3617,marijuana,cigarette,704.96875,0.5152631578947368
3618,marijuana,wind,690.9375,0.5152631578947368
3621,mark,check,603.75,0.3910526315789474
3622,mark,late,688.9354838709677,0.3910526315789474
3623,maroon,abandon,801.0967741935484,0.4231578947368422
3624,maroon,trouble,569.0967741935484,0.4231578947368422
3625,marriage,summary,712.0322580645161,0.5484210526315789
3626,marriage,wedding,654.0322580645161,0.5484210526315789
3627,mars,average,684.9642857142857,0.49368421052631584
3628,mars,planets,693.741935483871,0.49368421052631584
3629,marsh,excuse,676.448275862069,0.38315789473684214
3630,marsh,swamp,608.625,0.38315789473684214
3633,mask,face,559.2,0.4278947368421053
3634,mask,neck,639.0322580645161,0.4278947368421053
3635,mason,break,685.96875,0.38421052631578945
3636,mason,worker,604.9677419354839,0.38421052631578945
3637,mass,annually,870.375,0.37894736842105264
3638,mass,confusion,651.5625,0.37894736842105264
3639,massage,planet,639.9375,0.5121052631578947
3640,massage,relax,614.6969696969697,0.5121052631578947
3641,master,large,641.4333333333333,0.5036842105263158
3642,master,slave,659.1724137931035,0.5036842105263158
3643,mastery,nervous,809.0689655172414,0.4263157894736842
3644,mastery,skill,585.4545454545455,0.4263157894736842
3645,mat,spice,696.9375,0.361578947368421
3646,mat,welcome,631.4375,0.361578947368421
3647,match,mix,648.8064516129032,0.40842105263157896
3648,match,mixture,816.4333333333333,0.40842105263157896
3649,mate,toes,635.8666666666667,0.4757894736842105
3650,mate,wife,578.4193548387096,0.4757894736842105
3651,material,hamburger,698.8,0.3821052631578947
3652,material,object,682.6129032258065,0.3821052631578947
3653,matter,boxer,648.6666666666666,0.5452631578947369
3654,matter,earth,608.1612903225806,0.5452631578947369
3655,mature,age,597.030303030303,0.4489473684210527
3656,mature,disappear,746.3225806451613,0.4489473684210527
3657,maximum,camera,716.625,0.4105263157894737
3658,maximum,minimum,737.1818181818181,0.4105263157894737
3659,maybe,ignore,610.25,0.7031578947368421
3660,maybe,not,625.9333333333333,0.7031578947368421
3661,maze,highway,652.4666666666667,0.3563157894736842
3662,maze,lost,570.969696969697,0.3563157894736842
3665,me,bible,817.0666666666667,0.7126315789473684
3666,me,you,624.8275862068965,0.7126315789473684
3667,meadow,field,672.65625,0.4705263157894737
3668,meadow,way,619.9642857142857,0.4705263157894737
3669,mean,ugly,622.9333333333333,0.7273684210526316
3670,mean,wagon,782.2068965517242,0.7273684210526316
3671,meaning,definition,691.84375,0.4405263157894737
3672,meaning,egg,534.34375,0.4405263157894737
3673,meaningful,feeling,752.483870967742,0.3821052631578947
3674,meaningful,relationshi,734.1875,0.3821052631578947
3675,means,ability,680.7741935483871,0.5452631578947369
3676,means,backpack,683.741935483871,0.5452631578947369
3677,measure,calculate,720.3548387096774,0.4257894736842105
3678,measure,coral,815.1612903225806,0.4257894736842105
3679,measurement,ruler,616.2413793103449,0.47789473684210526
3680,measurement,weave,723.0689655172414,0.47789473684210526
3681,meat,king,616.1935483870968,0.5405263157894736
3682,meat,steak,611.25,0.5405263157894736
3683,medal,award,586.53125,0.45631578947368423
3684,medal,wall,658.0,0.45631578947368423
3685,media,camera,637.7,0.43631578947368427
3686,media,hose,769.5333333333333,0.43631578947368427
3687,medical,clown,624.8125,0.4694736842105263
3688,medical,doctor,652.0,0.4694736842105263
3689,medicine,cabinet,712.1935483870968,0.4905263157894737
3690,medicine,cowboy,647.2121212121212,0.4905263157894737
3691,medieval,armor,594.4333333333333,0.4526315789473684
3692,medieval,art,659.3333333333334,0.4526315789473684
3693,mediocre,alright,664.6969696969697,0.43105263157894735
3694,mediocre,erupt,836.56,0.43105263157894735
3695,medium,rare,723.84375,0.32315789473684214
3696,medium,soft,712.1875,0.32315789473684214
3697,meet,crayon,755.2258064516129,0.5178947368421053
3698,meet,new,595.5333333333333,0.5178947368421053
3699,meeting,beach,608.1034482758621,0.45105263157894737
3700,meeting,conference,705.3,0.45105263157894737
3701,mellow,soup,682.483870967742,0.48
3702,mellow,yellow,549.516129032258,0.48
3703,melt,adjective,814.84375,0.4557894736842105
3704,melt,cheese,672.9677419354839,0.4557894736842105
3705,member,club,549.5625,0.38421052631578945
3706,member,plead,717.68,0.38421052631578945
3707,memorial,service,673.0,0.47631578947368425
3708,memorial,stain,711.8333333333334,0.47631578947368425
3709,memory,past,663.2068965517242,0.42157894736842105
3710,memory,rule,604.0,0.42157894736842105
3711,men,see,702.4,0.4936842105263157
3712,men,women,581.34375,0.4936842105263157
3713,mend,break,596.125,0.40894736842105267
3714,mend,eggs,652.2903225806451,0.40894736842105267
3715,mental,crackle,826.96875,0.46315789473684216
3716,mental,health,572.5,0.46315789473684216
3717,merit,award,625.6666666666666,0.3957894736842105
3718,merit,dance,635.6875,0.3957894736842105
3719,message,hurt,637.0,0.45473684210526316
3720,message,note,632.4375,0.45473684210526316
3721,metal,plastic,690.25,0.47631578947368414
3722,metal,problem,609.3870967741935,0.47631578947368414
3723,meteor,brothers,673.5,0.4542105263157895
3724,meteor,shower,631.3548387096774,0.4542105263157895
3725,meteorite,bacon,653.5925925925926,0.4678947368421053
3726,meteorite,star,696.8387096774194,0.4678947368421053
3727,meter,honor,597.4193548387096,0.3815789473684211
3728,meter,yard,580.8125,0.3815789473684211
3731,meticulous,bass,702.3125,0.4257894736842105
3732,meticulous,perfect,632.3103448275862,0.4257894736842105
3733,metric,broccoli,808.1111111111111,0.3215789473684211
3734,metric,system,574.21875,0.3215789473684211
3737,mice,pass,675.9354838709677,0.43894736842105264
3738,mice,rat,680.9090909090909,0.43894736842105264
3739,microphone,loud,634.3225806451613,0.4847368421052632
3740,microphone,pancakes,743.258064516129,0.4847368421052632
3741,microscope,mob,779.3333333333334,0.47
3742,microscope,small,648.6875,0.47
3743,microwave,cars,782.15625,0.41736842105263156
3744,microwave,oven,616.8064516129032,0.41736842105263156
3745,middle,alone,599.40625,0.37473684210526315
3746,middle,center,583.8064516129032,0.37473684210526315
3747,might,maybe,623.75,0.6478947368421052
3748,might,scary,621.5666666666667,0.6478947368421052
3749,mild,recipe,751.7666666666667,0.44421052631578956
3750,mild,sauce,677.9677419354839,0.44421052631578956
3751,mildew,above,692.59375,0.523157894736842
3752,mildew,stain,697.7142857142857,0.523157894736842
3753,million,illegal,709.8709677419355,0.5484210526315789
3754,million,rich,629.3125,0.5484210526315789
3755,mimic,apartment,721.28125,0.41947368421052633
3756,mimic,fake,666.2903225806451,0.41947368421052633
3757,mine,park,592.2903225806451,0.5552631578947369
3758,mine,yours,608.75,0.5552631578947369
3759,mineral,dead,666.5483870967741,0.47789473684210526
3760,mineral,rock,552.8,0.47789473684210526
3761,minimum,low,602.2758620689655,0.38
3762,minimum,unemploymen,879.4666666666667,0.38
3763,mink,fox,659.96875,0.39
3764,mink,slide,680.34375,0.39
3765,minor,major,614.6666666666666,0.3494736842105263
3766,minor,sharp,606.8484848484849,0.3494736842105263
3767,mint,jelly,654.3939393939394,0.38842105263157894
3768,mint,yard,641.7931034482758,0.38842105263157894
3771,minus,plus,767.9375,0.40210526315789474
3772,minus,thunder,626.3548387096774,0.40210526315789474
3773,minute,second,653.9677419354839,0.5847368421052632
3774,minute,vision,630.90625,0.5847368421052632
3777,mirage,desert,763.96875,0.33052631578947367
3778,mirage,want,629.448275862069,0.33052631578947367
3779,mischief,trouble,569.3225806451613,0.40210526315789474
3780,mischief,try,546.5151515151515,0.40210526315789474
3781,miss,hit,652.28125,0.4689473684210526
3782,miss,theory,612.96875,0.4689473684210526
3783,missile,dust,664.4666666666667,0.4694736842105263
3784,missile,rocket,674.625,0.4694736842105263
3785,mist,fog,605.6,0.48315789473684206
3786,mist,normal,614.060606060606,0.48315789473684206
3787,mistake,forgive,663.4666666666667,0.47684210526315784
3788,mistake,piano,676.5806451612904,0.47684210526315784
3789,mister,bread,663.6129032258065,0.5178947368421053
3790,mister,man,719.1,0.5178947368421053
3791,moat,castle,663.75,0.4052631578947368
3792,moat,snake,630.6333333333333,0.4052631578947368
3793,mob,art,664.3666666666667,0.4047368421052632
3794,mob,crowd,691.1935483870968,0.4047368421052632
3795,modern,roses,664.258064516129,0.4436842105263158
3796,modern,style,701.483870967742,0.4436842105263158
3797,moist,plan,596.21875,0.46736842105263154
3798,moist,wet,578.78125,0.46736842105263154
3799,molten,church,683.8387096774194,0.4810526315789474
3800,molten,rotten,713.6333333333333,0.4810526315789474
3801,moment,closed,619.625,0.4963157894736842
3802,moment,one,548.1666666666666,0.4963157894736842
3803,monarch,butterfly,695.1666666666666,0.44157894736842107
3804,monarch,disgusting,703.5625,0.44157894736842107
3805,monastery,eyes,746.7,0.5173684210526316
3806,monastery,monk,726.1290322580645,0.5173684210526316
3807,monday,tuesday,642.03125,0.6226315789473684
3808,monday,vegetable,710.0625,0.6226315789473684
3809,money,cash,736.8064516129032,0.5184210526315789
3810,money,preview,634.516129032258,0.5184210526315789
3811,mongoose,duck,636.0967741935484,0.49947368421052635
3812,mongoose,property,710.3030303030303,0.49947368421052635
3813,monk,expensive,682.0666666666667,0.4473684210526316
3814,monk,priest,921.03125,0.4473684210526316
3815,monkey,ape,678.1428571428571,0.4689473684210526
3816,monkey,wash,653.516129032258,0.4689473684210526
3817,monotonous,boring,798.78125,0.4421052631578948
3818,monotonous,straw,668.6875,0.4421052631578948
3819,monster,cancer,761.0,0.49105263157894735
3820,monster,frankenstein,866.7333333333333,0.49105263157894735
3821,month,clock,608.3225806451613,0.5010526315789473
3822,month,day,660.46875,0.5010526315789473
3823,monthly,annually,724.0689655172414,0.45736842105263154
3824,monthly,keep,759.9333333333333,0.45736842105263154
3825,monument,far,713.0333333333333,0.4336842105263158
3826,monument,washington,749.375,0.4336842105263158
3827,moonlight,crops,784.6666666666666,0.5036842105263158
3828,moonlight,night,628.1290322580645,0.5036842105263158
3829,moose,deer,644.3793103448276,0.40894736842105267
3830,moose,eye,573.0666666666667,0.40894736842105267
3831,mop,creator,692.2758620689655,0.4221052631578947
3832,mop,floor,596.8125,0.4221052631578947
3833,moral,fake,758.09375,0.4826315789473684
3834,moral,values,653.483870967742,0.4826315789473684
3835,morals,buffalo,688.53125,0.45105263157894737
3836,morals,values,604.3333333333334,0.45105263157894737
3837,more,less,612.71875,0.5631578947368422
3838,more,noodles,695.3448275862069,0.5631578947368422
3839,morning,early,602.625,0.5847368421052632
3840,morning,point,599.0333333333333,0.5847368421052632
3841,moron,idiot,742.2666666666667,0.5342105263157895
3842,moron,slippery,732.969696969697,0.5342105263157895
3845,mortgage,rent,592.4,0.49684210526315786
3846,mortgage,toy,635.84375,0.49684210526315786
3847,moss,fungus,817.7857142857143,0.40210526315789474
3848,moss,glue,637.6363636363636,0.40210526315789474
3849,most,all,645.46875,0.49157894736842106
3850,most,annually,737.551724137931,0.49157894736842106
3851,motel,pass,629.0,0.4368421052631579
3852,motel,sleep,668.483870967742,0.4368421052631579
3853,mother,father,611.9032258064516,0.6599999999999999
3854,mother,male,540.9666666666667,0.6599999999999999
3855,motion,defense,578.6,0.3626315789473684
3856,motion,movement,661.2903225806451,0.3626315789473684
3857,motionless,ant,690.0689655172414,0.4936842105263157
3858,motionless,still,628.9354838709677,0.4936842105263157
3859,motor,auto,617.1612903225806,0.42368421052631583
3860,motor,jane,732.551724137931,0.42368421052631583
3861,motorcycle,danger,735.7575757575758,0.5378947368421053
3862,motorcycle,kiss,568.9,0.5378947368421053
3863,mountain,situation,698.0322580645161,0.5105263157894736
3864,mountain,top,564.21875,0.5105263157894736
3865,mousse,rat,657.9666666666667,0.5573684210526316
3866,mousse,roof,687.2758620689655,0.5573684210526316
3867,move,science,648.9375,0.5863157894736842
3868,move,stay,588.258064516129,0.5863157894736842
3869,movement,fishing,585.3333333333334,0.42105263157894735
3870,movement,motion,596.258064516129,0.42105263157894735
3871,movie,film,700.6774193548387,0.5310526315789473
3872,movie,hunger,683.8064516129032,0.5310526315789473
3873,mow,lawn,602.3225806451613,0.3678947368421052
3874,mow,run,662.3666666666667,0.3678947368421052
3875,mower,bug,591.4666666666667,0.4463157894736842
3876,mower,cut,721.53125,0.4463157894736842
3877,much,homework,734.5333333333333,0.5978947368421053
3878,much,many,593.7666666666667,0.5978947368421053
3879,muffin,necklace,631.6666666666666,0.45789473684210524
3880,muffin,toast,600.5,0.45789473684210524
3881,mug,amuse,764.1538461538462,0.4326315789473685
3882,mug,beer,693.7575757575758,0.4326315789473685
3883,mule,britain,924.2692307692308,0.4142105263157895
3884,mule,pull,699.1724137931035,0.4142105263157895
3886,multiply,increase,710.1290322580645,0.3963157894736842
3887,mummy,dad,636.5806451612904,0.48578947368421055
3888,mummy,daily,651.1212121212121,0.48578947368421055
3889,munch,chew,639.1666666666666,0.32999999999999996
3890,munch,sink,657.375,0.32999999999999996
3891,murderer,irregular,797.0645161290323,0.5526315789473685
3892,murderer,killer,659.84375,0.5526315789473685
3893,muscle,rude,674.4516129032259,0.5242105263157896
3894,muscle,strong,641.5,0.5242105263157896
3895,music,dance,607.5666666666667,0.5331578947368422
3896,music,willing,740.5333333333333,0.5331578947368422
3897,musk,brush,681.9,0.4842105263157894
3898,musk,cologne,677.9032258064516,0.4842105263157894
3899,must,crash,759.0666666666667,0.6236842105263157
3900,must,have,649.3793103448276,0.6236842105263157
3901,mustache,beard,647.6875,0.5610526315789474
3902,mustache,dolphin,699.40625,0.5610526315789474
3903,mute,deaf,649.1,0.36052631578947364
3904,mute,swallow,633.0967741935484,0.36052631578947364
3905,mutton,faith,622.9666666666667,0.44578947368421057
3906,mutton,lamb,614.2413793103449,0.44578947368421057
3907,mystery,eat,566.7096774193549,0.4531578947368421
3908,mystery,novel,639.7931034482758,0.4531578947368421
3909,myth,clock,586.5625,0.43578947368421056
3910,myth,legend,602.9666666666667,0.43578947368421056
3911,mythology,legend,702.1935483870968,0.48052631578947363
3912,mythology,perfume,747.4333333333333,0.48052631578947363
3913,nag,bother,715.9,0.308421052631579
3914,nag,oven,578.5333333333333,0.308421052631579
3915,nail,doe,1049.75,0.40842105263157896
3916,nail,polish,641.1935483870968,0.40842105263157896
3917,naive,innocent,726.125,0.48315789473684206
3918,naive,outdoors,749.3225806451613,0.48315789473684206
3919,name,owl,597.9,0.4594736842105263
3920,name,title,687.0,0.4594736842105263
3921,nap,ill,663.6774193548387,0.45789473684210524
3922,nap,sleep,684.90625,0.45789473684210524
3923,napkin,class,620.6875,0.45736842105263154
3924,napkin,fold,663.25,0.45736842105263154
3925,nation,continent,826.3448275862069,0.44842105263157894
3926,nation,tree,616.1612903225806,0.44842105263157894
3927,natural,booze,779.741935483871,0.3942105263157895
3928,natural,nature,678.5333333333333,0.3942105263157895
3929,nature,dishes,621.3548387096774,0.4263157894736842
3930,nature,outdoors,803.5483870967741,0.4263157894736842
3931,nausea,shine,733.15625,0.528421052631579
3932,nausea,vomit,612.4666666666667,0.528421052631579
3933,nauseous,pill,737.5483870967741,0.5226315789473684
3934,nauseous,stomach,612.28125,0.5226315789473684
3935,navigator,often,612.78125,0.40157894736842104
3936,navigator,pilot,665.6333333333333,0.40157894736842104
3937,necessary,catholic,804.0967741935484,0.4694736842105263
3938,necessary,need,628.7,0.4694736842105263
3939,neck,collar,731.483870967742,0.49947368421052635
3940,neck,novice,794.36,0.49947368421052635
3941,necklace,gold,554.8787878787879,0.5378947368421053
3942,necklace,hammer,723.7096774193549,0.5378947368421053
3943,needle,rare,676.8125,0.4610526315789474
3944,needle,thread,622.5666666666667,0.4610526315789474
3945,needy,child,621.0,0.42263157894736847
3946,needy,wednesday,653.96875,0.42263157894736847
3947,negative,minus,782.0689655172414,0.4221052631578947
3948,negative,mirror,691.0,0.4221052631578947
3949,negotiation,agreement,678.8709677419355,0.4168421052631579
3950,negotiation,sneeze,712.551724137931,0.4168421052631579
3951,neighborhood,area,668.741935483871,0.4810526315789473
3952,neighborhood,frightened,758.3333333333334,0.4810526315789473
3953,nephew,broken,606.2903225806451,0.5094736842105263
3954,nephew,uncle,587.59375,0.5094736842105263
3955,nerd,geek,666.0322580645161,0.37631578947368416
3956,nerd,west,738.5862068965517,0.37631578947368416
3957,nerve,bear,614.375,0.4352631578947368
3958,nerve,neuron,847.3666666666667,0.4352631578947368
3961,net,clipper,746.3548387096774,0.3278947368421053
3962,net,gain,636.1612903225806,0.3278947368421053
3963,network,news,594.5483870967741,0.38315789473684214
3964,network,strap,686.7307692307693,0.38315789473684214
3965,neutron,atom,734.9333333333333,0.4868421052631579
3966,neutron,square,633.0666666666667,0.4868421052631579
3967,never,again,619.3225806451613,0.6526315789473685
3968,never,son,603.0333333333333,0.6526315789473685
3969,new,hip,669.4074074074074,0.40842105263157896
3970,new,shine,703.8214285714286,0.40842105263157896
3971,news,government,683.2,0.43894736842105264
3972,news,paper,665.9354838709677,0.43894736842105264
3973,newspaper,have,687.7857142857143,0.508421052631579
3974,newspaper,print,626.84375,0.508421052631579
3975,newsstand,magazine,720.8333333333334,0.40263157894736845
3976,newsstand,tonic,710.2962962962963,0.40263157894736845
3977,nickel,five,718.90625,0.43736842105263163
3978,nickel,short,654.78125,0.43736842105263163
3979,nicotine,borrow,737.4375,0.43894736842105264
3980,nicotine,cigarette,743.8125,0.43894736842105264
3981,niece,hunter,708.4,0.5405263157894736
3982,niece,nephew,663.7666666666667,0.5405263157894736
3983,night,day,561.7741935483871,0.5863157894736842
3984,night,laugh,614.15625,0.5863157894736842
3985,nightgown,confess,767.8064516129032,0.6378947368421052
3986,nightgown,sexy,655.59375,0.6378947368421052
3987,nine,ten,609.6774193548387,0.7189473684210527
3988,nine,you,566.59375,0.7189473684210527
3989,nitrogen,end,663.6206896551724,0.47368421052631576
3990,nitrogen,oxygen,729.0666666666667,0.47368421052631576
3991,no,advice,676.40625,0.6784210526315789
3992,no,yes,632.8181818181819,0.6784210526315789
3993,noisy,loud,576.2903225806451,0.45736842105263154
3994,noisy,street,663.15625,0.45736842105263154
3995,nomad,homeless,745.6129032258065,0.31526315789473686
3996,nomad,relative,715.2424242424242,0.31526315789473686
3997,none,full,590.6451612903226,0.4810526315789474
3998,none,zero,625.28125,0.4810526315789474
3999,nonsense,ridiculous,792.9032258064516,0.5131578947368421
4000,nonsense,secret,685.5625,0.5131578947368421
4001,noon,lunch,625.9677419354839,0.5505263157894738
4002,noon,place,719.0,0.5505263157894738
4003,norm,average,757.3548387096774,0.3215789473684211
4004,norm,mirror,722.9677419354839,0.3215789473684211
4005,normal,abnormal,711.1333333333333,0.4473684210526316
4006,normal,bum,868.88,0.4473684210526316
4007,north,search,688.9333333333333,0.523157894736842
4008,north,south,624.6129032258065,0.523157894736842
4009,nose,blow,646.3125,0.5010526315789473
4010,nose,drug,596.7272727272727,0.5010526315789473
4011,not,dad,742.483870967742,0.743157894736842
4012,not,negative,762.8064516129032,0.743157894736842
4013,note,knight,684.40625,0.42684210526315786
4014,note,letter,688.1875,0.42684210526315786
4015,notebook,broccoli,867.5652173913044,0.42894736842105263
4016,notebook,folder,611.09375,0.42894736842105263
4017,nothing,hat,669.3125,0.6494736842105263
4018,nothing,something,671.625,0.6494736842105263
4019,notice,see,584.7333333333333,0.38947368421052636
4020,notice,string,727.65625,0.38947368421052636
4021,notify,alert,620.1515151515151,0.42684210526315786
4022,notify,english,598.3636363636364,0.42684210526315786
4023,noun,never,677.90625,0.5894736842105264
4024,noun,verb,629.1875,0.5894736842105264
4025,novel,part,646.9333333333333,0.5110526315789474
4026,novel,read,650.4193548387096,0.5110526315789474
4027,novice,beginner,740.3636363636364,0.37473684210526315
4028,novice,lady,621.3225806451613,0.37473684210526315
4029,now,account,654.875,0.7384210526315789
4030,now,later,704.0967741935484,0.7384210526315789
4031,nuclear,bomb,761.8064516129032,0.5226315789473684
4032,nuclear,chance,695.6333333333333,0.5226315789473684
4033,number,one,540.15625,0.4694736842105263
4034,number,pencil,717.939393939394,0.4694736842105263
4037,nun,father,605.0333333333333,0.4636842105263158
4038,nun,tax,657.8709677419355,0.4636842105263158
4039,nurse,high,608.15625,0.5294736842105263
4040,nurse,patient,658.25,0.5294736842105263
4041,nut,cracker,614.4516129032259,0.4189473684210526
4042,nut,motorcycle,870.65625,0.4189473684210526
4045,nylon,hose,687.4516129032259,0.5163157894736843
4046,nylon,medicine,753.5483870967741,0.5163157894736843
4047,oasis,move,671.96875,0.33789473684210525
4048,oasis,thirsty,702.15625,0.33789473684210525
4050,oath,promise,633.1290322580645,0.46684210526315795
4051,object,backward,675.258064516129,0.40263157894736845
4052,object,subject,632.625,0.40263157894736845
4053,objective,course,607.258064516129,0.37526315789473685
4054,objective,green,623.3939393939394,0.37526315789473685
4055,obligation,duty,673.1935483870968,0.3826315789473684
4056,obligation,school,595.7272727272727,0.3826315789473684
4057,obnoxious,irritating,701.1428571428571,0.4878947368421052
4058,obnoxious,teacher,625.2903225806451,0.4878947368421052
4059,oboe,flute,790.0,0.5378947368421053
4060,oboe,separate,832.9310344827586,0.5378947368421053
4061,obscure,assistant,916.258064516129,0.4147368421052632
4062,obscure,unclear,811.9666666666667,0.4147368421052632
4063,observe,deaf,727.8333333333334,0.40210526315789474
4064,observe,watch,587.0666666666667,0.40210526315789474
4065,obsession,id,987.625,0.4757894736842106
4066,obsession,perfume,703.5172413793103,0.4757894736842106
4067,obstacle,course,646.21875,0.39210526315789473
4068,obstacle,robbery,634.3870967741935,0.39210526315789473
4069,obtain,steal,714.78125,0.3952631578947368
4070,obtain,warm,676.1935483870968,0.3952631578947368
4071,obvious,bit,670.9642857142857,0.4694736842105263
4072,obvious,hidden,651.3333333333334,0.4694736842105263
4073,occupation,money,593.0,0.33842105263157896
4074,occupation,race,687.483870967742,0.33842105263157896
4077,ocean,print,651.28125,0.4889473684210526
4078,ocean,sea,616.6551724137931,0.4889473684210526
4079,octopus,arms,634.6666666666666,0.46473684210526317
4080,octopus,extinct,761.5806451612904,0.46473684210526317
4081,odd,baseball,719.5806451612904,0.49157894736842106
4082,odd,unusual,715.4827586206897,0.49157894736842106
4083,odds,against,666.9032258064516,0.4047368421052632
4084,odds,wash,609.0,0.4047368421052632
4085,off,on,635.5666666666667,0.5521052631578948
4086,off,paper,642.625,0.5521052631578948
4087,offend,bother,635.2758620689655,0.4368421052631579
4088,offend,music,600.3,0.4368421052631579
4089,offense,defense,705.516129032258,0.4173684210526316
4090,offense,pill,641.8387096774194,0.4173684210526316
4091,office,desk,675.125,0.46736842105263154
4092,office,rocket,705.8387096774194,0.46736842105263154
4093,officer,ballet,827.6,0.5363157894736843
4094,officer,navy,671.8181818181819,0.5363157894736843
4095,official,cereal,754.3225806451613,0.4005263157894737
4096,official,referee,779.5,0.4005263157894737
4097,often,ax,859.3636363636364,0.533157894736842
4098,often,enough,706.3333333333334,0.533157894736842
4099,ointment,medicine,637.6,0.4621052631578947
4100,ointment,stone,634.65625,0.4621052631578947
4101,okay,alright,616.5625,0.7263157894736841
4102,okay,zero,640.6333333333333,0.7263157894736841
4103,old,new,557.75,0.5021052631578947
4104,old,value,651.0,0.5021052631578947
4105,oligarchy,government,806.2,0.4936842105263157
4106,oligarchy,part,661.3870967741935,0.4936842105263157
4107,olympics,bicycle,644.9354838709677,0.5168421052631579
4108,olympics,gold,581.8064516129032,0.5168421052631579
4109,once,alcohol,670.4516129032259,0.6189473684210526
4110,once,never,722.3666666666667,0.6189473684210526
4111,onion,hamburger,563.9,0.5057894736842105
4112,onion,unclear,754.448275862069,0.5057894736842105
4113,oodles,magazine,740.71875,0.4010526315789474
4114,oodles,noodles,773.4074074074074,0.4010526315789474
4115,open,close,652.9666666666667,0.5184210526315789
4116,open,smudge,752.1428571428571,0.5184210526315789
4117,opener,can,624.4848484848485,0.3847368421052632
4118,opener,cheat,638.6666666666666,0.3847368421052632
4119,opening,closing,638.9032258064516,0.4047368421052631
4120,opening,repeat,675.6451612903226,0.4047368421052631
4121,operation,surgery,668.25,0.42684210526315786
4122,operation,valuable,803.75,0.42684210526315786
4123,opportunity,chance,556.1212121212121,0.3773684210526316
4124,opportunity,modern,756.0322580645161,0.3773684210526316
4125,opposite,monk,776.5769230769231,0.4131578947368421
4126,opposite,same,597.1612903225806,0.4131578947368421
4127,optimistic,self,622.6875,0.47
4128,optimistic,view,606.7,0.47
4129,option,loving,720.060606060606,0.37894736842105264
4130,option,open,685.8709677419355,0.37894736842105264
4131,orchestra,violin,695.7241379310345,0.558421052631579
4132,orchestra,wet,597.6129032258065,0.558421052631579
4133,orchid,chalk,647.9333333333333,0.4863157894736842
4134,orchid,plant,642.0645161290323,0.4863157894736842
4135,orderly,college,599.0,0.3557894736842105
4136,orderly,fashion,787.53125,0.3557894736842105
4137,ordinary,plain,674.2666666666667,0.41578947368421054
4138,ordinary,swing,669.1333333333333,0.41578947368421054
4139,ore,iron,687.0967741935484,0.5189473684210526
4140,ore,near,669.030303030303,0.5189473684210526
4141,oregano,nut,600.4827586206897,0.5331578947368422
4142,oregano,spice,672.5,0.5331578947368422
4143,organize,flop,900.9166666666666,0.40263157894736845
4144,organize,neat,640.7586206896551,0.40263157894736845
4145,orient,asia,689.0370370370371,0.3242105263157895
4146,orient,dots,680.4285714285714,0.3242105263157895
4147,original,cologne,734.1481481481482,0.3873684210526316
4148,original,first,645.7096774193549,0.3873684210526316
4149,originate,begin,564.2666666666667,0.33210526315789474
4150,originate,danger,700.71875,0.33210526315789474
4151,ornament,shove,772.9642857142857,0.4605263157894737
4152,ornament,tree,561.9032258064516,0.4605263157894737
4153,otter,ghost,697.9354838709677,0.4094736842105263
4154,otter,lake,650.2903225806451,0.4094736842105263
4155,ouch,go,704.2903225806451,0.471578947368421
4156,ouch,hurt,555.25,0.471578947368421
4157,ounce,headache,730.3939393939394,0.4168421052631579
4158,ounce,pound,602.46875,0.4168421052631579
4159,out,cup,676.2413793103449,0.6457894736842105
4160,out,in,566.2258064516129,0.6457894736842105
4161,outcome,end,553.8214285714286,0.38
4162,outcome,record,674.15625,0.38
4163,outdoors,indoors,599.90625,0.41105263157894734
4164,outdoors,lose,678.5172413793103,0.41105263157894734
4165,outgoing,extrovert,869.6666666666666,0.3652631578947368
4166,outgoing,view,573.0625,0.3652631578947368
4167,outlet,attempt,678.0967741935484,0.3626315789473684
4168,outlet,plug,692.2258064516129,0.3626315789473684
4169,outrageous,funny,598.1935483870968,0.48315789473684206
4170,outrageous,snail,744.34375,0.48315789473684206
4171,oval,basketball,611.9375,0.39842105263157895
4172,oval,office,637.5333333333333,0.39842105263157895
4173,oven,heat,608.4516129032259,0.53
4174,oven,sad,633.1818181818181,0.53
4175,over,turn,653.71875,0.633157894736842
4176,over,wire,739.3548387096774,0.633157894736842
4177,overcome,nothing,607.1612903225806,0.4515789473684211
4178,overcome,obstacle,784.9655172413793,0.4515789473684211
4179,overflow,italian,705.2666666666667,0.34842105263157896
4180,overflow,spill,647.8571428571429,0.34842105263157896
4181,overpower,beat,608.1875,0.42263157894736847
4182,overpower,negative,663.6129032258065,0.42263157894736847
4183,overview,away,570.2333333333333,0.39473684210526316
4184,overview,preview,707.7741935483871,0.39473684210526316
4185,overwhelm,again,593.5806451612904,0.4126315789473684
4186,overwhelm,excited,717.1935483870968,0.4126315789473684
4187,owe,lend,797.1379310344828,0.5242105263157896
4188,owe,many,662.7931034482758,0.5242105263157896
4189,own,mine,708.9310344827586,0.5021052631578947
4190,own,yard,572.741935483871,0.5021052631578947
4191,owner,foreign,713.0,0.42526315789473684
4192,owner,seller,716.6666666666666,0.42526315789473684
4193,oxygen,breathe,585.4666666666667,0.46842105263157896
4194,oxygen,write,674.6666666666666,0.46842105263157896
4195,oyster,clam,678.15625,0.3657894736842105
4196,oyster,shampoo,651.3666666666667,0.3657894736842105
4197,ozone,cabbage,697.9677419354839,0.39210526315789473
4198,ozone,layer,619.03125,0.39210526315789473
4199,pack,rot,737.5,0.43105263157894735
4200,pack,six,628.5666666666667,0.43105263157894735
4201,package,guilt,693.7333333333333,0.3526315789473684
4202,package,mail,658.9333333333333,0.3526315789473684
4203,paddle,period,603.96875,0.48473684210526313
4204,paddle,punishment,784.2,0.48473684210526313
4205,paddy,flower,590.8387096774194,0.33210526315789474
4206,paddy,wagon,772.1851851851852,0.33210526315789474
4207,page,call,593.84375,0.3994736842105263
4208,page,later,761.5185185185185,0.3994736842105263
4209,pail,bucket,595.1666666666666,0.45789473684210524
4210,pail,slip,656.6551724137931,0.45789473684210524
4211,pain,headache,619.40625,0.5163157894736843
4212,pain,prince,742.3548387096774,0.5163157894736843
4213,pair,operation,881.5625,0.4410526315789474
4214,pair,two,730.78125,0.4410526315789474
4215,palace,guard,702.5483870967741,0.44842105263157894
4216,palace,killer,753.9333333333333,0.44842105263157894
4217,pale,argue,670.8965517241379,0.5268421052631579
4218,pale,tan,642.8620689655172,0.5268421052631579
4219,palm,sunday,602.8666666666667,0.40578947368421053
4220,palm,take,574.0333333333333,0.40578947368421053
4221,pan,pot,727.8620689655172,0.4
4222,pan,strap,801.448275862069,0.4
4225,panel,trash,651.65625,0.3352631578947368
4226,panel,wood,596.2903225806451,0.3352631578947368
4227,pants,graduation,707.3125,0.5863157894736842
4228,pants,wear,623.1666666666666,0.5863157894736842
4229,paper,gather,607.2307692307693,0.47631578947368414
4230,paper,pencil,716.4193548387096,0.47631578947368414
4231,paperclip,staple,622.3333333333334,0.40894736842105267
4232,paperclip,winner,714.8064516129032,0.40894736842105267
4233,parade,arrow,599.8,0.41947368421052633
4234,parade,circus,626.8125,0.41947368421052633
4235,paradise,add,616.4193548387096,0.4068421052631579
4236,paradise,island,552.3666666666667,0.4068421052631579
4237,parcel,ask,711.8709677419355,0.4068421052631579
4238,parcel,package,688.5625,0.4068421052631579
4239,parched,backward,742.1666666666666,0.4663157894736842
4240,parched,thirsty,769.9354838709677,0.4663157894736842
4241,pardon,excuse,694.0625,0.44157894736842107
4242,pardon,soprano,914.5217391304348,0.44157894736842107
4245,park,tax,675.9354838709677,0.3878947368421053
4246,park,tree,594.9677419354839,0.3878947368421053
4247,parking,crab,702.4375,0.41
4248,parking,lot,705.9310344827586,0.41
4249,parkway,cars,643.2666666666667,0.39052631578947367
4250,parkway,pull,676.9032258064516,0.39052631578947367
4251,parsley,party,628.6,0.531578947368421
4252,parsley,spice,662.2333333333333,0.531578947368421
4253,part,staple,770.125,0.47421052631578947
4254,part,whole,567.3666666666667,0.47421052631578947
4255,participate,guard,668.84375,0.41
4256,participate,join,636.516129032258,0.41
4257,party,naked,640.9677419354839,0.5052631578947369
4258,party,unusual,702.483870967742,0.5052631578947369
4259,pass,fail,599.8387096774194,0.43473684210526314
4260,pass,jogger,780.72,0.43473684210526314
4261,passage,hallway,681.1612903225806,0.41842105263157897
4262,passage,poison,646.9,0.41842105263157897
4263,passive,active,709.1724137931035,0.3773684210526316
4264,passive,girlfriend,573.3548387096774,0.3773684210526316
4265,pasta,big,585.7333333333333,0.5926315789473685
4266,pasta,spaghetti,733.7741935483871,0.5926315789473685
4267,paste,glue,597.75,0.41947368421052633
4268,paste,superman,710.4333333333333,0.41947368421052633
4269,pastry,cough,691.8571428571429,0.5131578947368421
4270,pastry,doughnut,828.5862068965517,0.5131578947368421
4271,pasture,grass,669.7,0.5178947368421053
4272,pasture,hog,752.08,0.5178947368421053
4273,pat,tail,704.1724137931035,0.41157894736842104
4274,pat,touch,687.0625,0.41157894736842104
4275,path,forest,648.53125,0.45105263157894737
4276,path,socket,806.0357142857143,0.45105263157894737
4277,patience,tuesday,728.84375,0.4605263157894737
4278,patience,virtue,809.2857142857143,0.4605263157894737
4279,patient,me,591.1818181818181,0.541578947368421
4280,patient,nurse,597.2903225806451,0.541578947368421
4281,patio,elevator,598.71875,0.5210526315789474
4282,patio,furniture,674.8333333333334,0.5210526315789474
4283,pattern,maze,735.3703703703703,0.41000000000000003
4284,pattern,touch,594.875,0.41000000000000003
4285,pay,check,567.969696969697,0.5057894736842105
4286,pay,turtle,571.7096774193549,0.5057894736842105
4287,payment,job,606.7741935483871,0.46473684210526317
4288,payment,mustache,721.4516129032259,0.46473684210526317
4289,peak,best,602.46875,0.3431578947368421
4290,peak,odd,615.3870967741935,0.3431578947368421
4291,peanut,bravery,737.0967741935484,0.4336842105263158
4292,peanut,butter,697.1666666666666,0.4336842105263158
4293,pear,peach,649.09375,0.4336842105263158
4294,pear,succeed,653.2903225806451,0.4336842105263158
4295,pearl,letter,601.34375,0.3726315789473684
4296,pearl,oyster,755.9285714285714,0.3726315789473684
4297,pebble,bucket,609.0333333333333,0.36684210526315786
4298,pebble,rock,706.6551724137931,0.36684210526315786
4299,pedal,bike,548.0666666666667,0.42894736842105263
4300,pedal,found,688.78125,0.42894736842105263
4301,pen,pencil,606.0,0.49421052631578943
4302,pen,weak,592.75,0.49421052631578943
4303,pendulum,hypnotize,724.3225806451613,0.38526315789473686
4304,pendulum,what,600.1935483870968,0.38526315789473686
4305,penny,dime,695.1,0.43894736842105264
4306,penny,stop,660.8666666666667,0.43894736842105264
4307,people,place,653.0625,0.5547368421052632
4308,people,then,677.5,0.5547368421052632
4309,pepperoni,alcohol,733.25,0.6389473684210527
4310,pepperoni,pizza,675.90625,0.6389473684210527
4311,perceive,bother,699.9354838709677,0.44789473684210523
4312,perceive,look,649.40625,0.44789473684210523
4313,percent,hundred,709.65625,0.5178947368421053
4314,percent,odd,623.125,0.5178947368421053
4315,percentage,hundred,735.9375,0.43631578947368427
4316,percentage,round,664.6774193548387,0.43631578947368427
4317,perception,sight,603.1935483870968,0.4515789473684211
4318,perception,values,621.2727272727273,0.4515789473684211
4319,perch,branch,750.9354838709677,0.4368421052631579
4320,perch,for,733.7096774193549,0.4368421052631579
4321,perform,act,619.4666666666667,0.3978947368421053
4322,perform,lost,585.3125,0.3978947368421053
4323,period,decision,737.7,0.42526315789473684
4324,period,sentence,690.5806451612904,0.42526315789473684
4325,periscope,pancakes,712.5806451612904,0.44947368421052625
4326,periscope,submarine,771.8620689655172,0.44947368421052625
4327,perish,disappear,731.625,0.46736842105263154
4328,perish,drink,588.46875,0.46736842105263154
4329,permit,let,589.71875,0.4189473684210526
4330,permit,plain,703.625,0.4189473684210526
4331,peroxide,blonde,697.3548387096774,0.4947368421052632
4332,peroxide,santa,678.6551724137931,0.4947368421052632
4333,personal,chest,701.4827586206897,0.40631578947368424
4334,personal,diary,741.4333333333333,0.40631578947368424
4335,personality,trait,713.9,0.45
4336,personality,west,735.0689655172414,0.45
4337,personnel,garbage,758.516129032258,0.44421052631578944
4338,personnel,staff,547.5862068965517,0.44421052631578944
4339,persuade,con,853.3636363636364,0.4694736842105263
4340,persuade,war,643.28125,0.4694736842105263
4341,pest,coke,633.7931034482758,0.44684210526315793
4342,pest,control,626.34375,0.44684210526315793
4343,petroleum,car,604.8666666666667,0.4489473684210526
4344,petroleum,year,627.258064516129,0.4489473684210526
4345,phantom,monster,716.78125,0.36684210526315786
4346,phantom,wheelchair,766.2666666666667,0.36684210526315786
4347,phase,letters,596.0645161290323,0.3868421052631579
4348,phase,stage,728.6666666666666,0.3868421052631579
4349,philosophy,need,652.2258064516129,0.5063157894736842
4350,philosophy,thought,680.7741935483871,0.5063157894736842
4351,phone,call,574.03125,0.5842105263157894
4352,phone,when,750.9,0.5842105263157894
4353,phony,false,655.1612903225806,0.4326315789473685
4354,phony,bubble,702.3225806451613,0.4326315789473685
4355,phrase,characteris,915.1875,0.45526315789473687
4356,phrase,sentence,730.53125,0.45526315789473687
4357,physical,doctor,547.0322580645161,0.44789473684210523
4358,physical,slip,651.6428571428571,0.44789473684210523
4359,physician,needle,659.516129032258,0.49947368421052635
4360,physician,sweet,634.7666666666667,0.49947368421052635
4361,physics,motion,640.2333333333333,0.5289473684210527
4362,physics,picket,996.6666666666666,0.5289473684210527
4363,physiology,body,722.28125,0.4921052631578947
4364,physiology,specific,809.1612903225806,0.4921052631578947
4365,piano,key,577.875,0.5747368421052631
4366,piano,question,667.0,0.5747368421052631
4367,pick,carrot,671.0322580645161,0.5278947368421053
4368,pick,choose,570.09375,0.5278947368421053
4369,picket,cause,643.0666666666667,0.3642105263157895
4370,picket,seek,703.0967741935484,0.3642105263157895
4371,pickle,dill,658.3103448275862,0.4431578947368421
4372,pickle,swear,581.6551724137931,0.4431578947368421
4375,picnic,lunch,669.3,0.4142105263157895
4376,picture,driving,693.1,0.5157894736842105
4377,picture,frame,609.25,0.5157894736842105
4378,pie,apple,653.5625,0.4794736842105263
4379,pie,relative,661.1,0.4794736842105263
4380,piece,business,738.2903225806451,0.4278947368421053
4381,piece,pie,659.1935483870968,0.4278947368421053
4384,pig,hog,686.4,0.4936842105263157
4385,pig,radio,648.9375,0.4936842105263157
4386,pike,nail,611.5806451612904,0.43999999999999995
4387,pike,peak,719.0666666666667,0.43999999999999995
4388,pile,stack,626.3870967741935,0.45368421052631575
4389,pile,tiger,668.741935483871,0.45368421052631575
4390,pillow,blanket,595.5,0.5252631578947369
4391,pillow,salad,633.9333333333333,0.5252631578947369
4392,pimple,furniture,734.8666666666667,0.48736842105263156
4393,pimple,zit,800.2333333333333,0.48736842105263156
4394,pin,fire,663.5625,0.40157894736842104
4395,pin,sharp,582.9655172413793,0.40157894736842104
4396,pint,card,631.6,0.48578947368421055
4397,pint,quart,686.9677419354839,0.48578947368421055
4398,pious,holy,729.7,0.4878947368421052
4399,pious,secret,783.6551724137931,0.4878947368421052
4400,pipe,cleaner,629.125,0.4505263157894737
4401,pipe,rotten,777.6451612903226,0.4505263157894737
4402,pissed,mad,636.1,0.5305263157894737
4403,pissed,upstairs,723.9,0.5305263157894737
4404,pit,hell,603.1666666666666,0.40263157894736845
4405,pit,rocket,655.2,0.40263157894736845
4406,pitcher,girls,691.9354838709677,0.40210526315789474
4407,pitcher,tea,694.6,0.40210526315789474
4408,pitchfork,chalk,752.9666666666667,0.41157894736842104
4409,pitchfork,hay,728.5,0.41157894736842104
4410,pity,shame,763.2666666666667,0.51
4411,pity,valuable,725.0,0.51
4412,plaid,socket,704.2142857142857,0.36999999999999994
4413,plaid,stripe,722.4444444444445,0.36999999999999994
4414,plain,simple,606.71875,0.37842105263157894
4415,plain,unclear,781.2,0.37842105263157894
4416,plane,crash,611.25,0.5621052631578948
4417,plane,future,617.1818181818181,0.5621052631578948
4420,plant,bush,745.4,0.4621052631578947
4421,plant,helper,739.6071428571429,0.4621052631578947
4424,plaque,steal,641.6774193548387,0.39210526315789473
4425,plaque,trophy,788.1379310344828,0.39210526315789473
4426,plaster,strange,804.2903225806451,0.4342105263157895
4427,plaster,wall,649.0625,0.4342105263157895
4428,plastic,open,569.0322580645161,0.45789473684210524
4429,plastic,tupperware,868.1304347826087,0.45789473684210524
4430,plate,saucer,754.7666666666667,0.43052631578947365
4431,plate,stay,694.0333333333333,0.43052631578947365
4434,platform,liberty,637.969696969697,0.35526315789473684
4435,platform,stage,662.03125,0.35526315789473684
4436,player,stick,699.516129032258,0.47631578947368414
4437,player,tennis,571.2903225806451,0.47631578947368414
4438,playground,gum,815.1034482758621,0.43473684210526314
4439,playground,slide,689.3030303030303,0.43473684210526314
4442,plaything,aware,609.21875,0.4394736842105263
4443,plaything,toy,638.2258064516129,0.4394736842105263
4444,plaza,mall,574.741935483871,0.361578947368421
4445,plaza,twelve,632.6875,0.361578947368421
4446,plead,beg,738.6666666666666,0.46842105263157896
4447,plead,item,683.3548387096774,0.46842105263157896
4448,please,thanks,674.75,0.6257894736842106
4449,please,whole,609.9333333333333,0.6257894736842106
4450,pledge,honor,616.8666666666667,0.4136842105263158
4451,pledge,marker,659.7741935483871,0.4136842105263158
4452,plenty,enough,630.3225806451613,0.5173684210526316
4453,plenty,thousand,693.483870967742,0.5173684210526316
4454,pliers,company,708.65625,0.4015789473684211
4455,pliers,tool,570.7096774193549,0.4015789473684211
4456,plot,pig,631.21875,0.4368421052631579
4457,plot,summary,750.3548387096774,0.4368421052631579
4458,plug,socket,725.5416666666666,0.4431578947368421
4459,plug,spinach,795.8518518518518,0.4431578947368421
4460,plum,pudding,685.8,0.4463157894736842
4461,plum,weekend,638.875,0.4463157894736842
4462,plumber,drain,702.7,0.45105263157894737
4463,plumber,sound,667.8064516129032,0.45105263157894737
4464,plus,jump,705.0,0.44578947368421057
4465,plus,minus,649.1612903225806,0.44578947368421057
4466,plush,carpet,615.8125,0.41
4467,plush,tiger,716.03125,0.41
4470,pocket,jeans,587.25,0.4957894736842105
4471,pocket,there,772.875,0.4957894736842105
4472,pocketbook,newspaper,740.0,0.3563157894736842
4473,pocketbook,purse,609.4516129032259,0.3563157894736842
4474,poem,rhyme,874.6785714285714,0.5557894736842105
4475,poem,staple,695.6206896551724,0.5557894736842105
4476,poet,fat,621.5483870967741,0.5321052631578947
4477,poet,writer,628.969696969697,0.5321052631578947
4478,poetry,beam,799.0,0.5205263157894737
4479,poetry,poem,610.8064516129032,0.5205263157894737
4480,point,direct,580.6363636363636,0.44421052631578944
4481,point,spoon,647.84375,0.44421052631578944
4482,poison,evil,605.4516129032259,0.4889473684210526
4483,poison,snake,591.4516129032259,0.4889473684210526
4484,poker,first,657.2424242424242,0.5005263157894737
4485,poker,gamble,703.4193548387096,0.5005263157894737
4486,pole,game,597.90625,0.3678947368421053
4487,pole,vault,698.7,0.3678947368421053
4488,policeman,cop,559.21875,0.5152631578947368
4489,policeman,wine,624.9333333333333,0.5152631578947368
4490,policy,decay,754.7142857142857,0.36052631578947364
4491,policy,rule,605.0625,0.36052631578947364
4492,polish,luck,644.1333333333333,0.38842105263157894
4493,polish,shine,780.0689655172414,0.38842105263157894
4494,politician,encourage,823.28125,0.46473684210526317
4495,politician,liar,669.3461538461538,0.46473684210526317
4496,politics,groceries,738.7741935483871,0.4652631578947368
4497,politics,republican,824.6206896551724,0.4652631578947368
4498,pollution,environment,713.6451612903226,0.44157894736842107
4499,pollution,washington,745.516129032258,0.44157894736842107
4500,polyester,cotton,640.1290322580645,0.5305263157894737
4501,polyester,fright,772.2,0.5305263157894737
4502,pond,dark,701.6129032258065,0.4731578947368421
4503,pond,lake,584.59375,0.4731578947368421
4504,pool,hall,648.1515151515151,0.4636842105263158
4505,pool,steel,789.4193548387096,0.4636842105263158
4506,poor,dinosaur,794.5925925925926,0.5305263157894737
4507,poor,lonely,618.3125,0.5305263157894737
4508,pop,promise,751.4666666666667,0.45789473684210524
4509,pop,soda,625.6451612903226,0.45789473684210524
4510,popcorn,butter,717.5806451612904,0.40842105263157896
4511,popcorn,slave,632.6363636363636,0.40842105263157896
4512,pope,god,728.6060606060606,0.4757894736842106
4513,pope,like,705.1,0.4757894736842106
4516,population,explosion,855.0322580645161,0.4168421052631579
4517,population,sword,704.3030303030303,0.4168421052631579
4518,porcelain,doll,646.0909090909091,0.5184210526315789
4519,porcelain,start,620.0,0.5184210526315789
4520,porch,monkey,554.5,0.4473684210526316
4521,pork,bacon,626.84375,0.5610526315789474
4522,pork,belief,701.75,0.5610526315789474
4523,port,grandma,931.1071428571428,0.45894736842105255
4524,port,ship,578.6129032258065,0.45894736842105255
4525,portion,monkey,645.5625,0.36315789473684207
4526,portion,sample,633.2258064516129,0.36315789473684207
4527,portray,neutron,856.1481481481482,0.44263157894736843
4528,portray,paint,587.0,0.44263157894736843
4529,position,cash,642.4,0.3873684210526316
4530,position,place,728.0625,0.3873684210526316
4531,positive,always,578.6060606060606,0.4136842105263158
4532,positive,negative,690.8387096774194,0.4136842105263158
4533,possess,couch,704.5333333333333,0.4315789473684211
4534,possess,take,618.0967741935484,0.4315789473684211
4535,possible,castle,731.0,0.4747368421052631
4536,possible,dream,605.9090909090909,0.4747368421052631
4537,post,crayon,771.0625,0.34210526315789475
4538,post,office,603.1212121212121,0.34210526315789475
4539,postage,above,683.0,0.3763157894736842
4540,postage,stamp,570.060606060606,0.3763157894736842
4541,potato,salad,587.516129032258,0.4731578947368421
4542,potato,trade,596.7666666666667,0.4731578947368421
4543,pottery,clay,652.8387096774194,0.5247368421052632
4544,pottery,knee,626.9375,0.5247368421052632
4545,pounce,cause,650.40625,0.4278947368421053
4546,pounce,hit,591.375,0.4278947368421053
4547,pound,dollar,755.6666666666666,0.4421052631578948
4548,pound,left,710.9666666666667,0.4421052631578948
4549,pour,pot,670.741935483871,0.45526315789473687
4550,pour,spill,688.483870967742,0.45526315789473687
4551,powder,face,554.9375,0.4731578947368421
4552,powder,milk,568.21875,0.4731578947368421
4553,powerful,strong,633.3548387096774,0.4405263157894737
4554,powerful,suffocate,696.9285714285714,0.4405263157894737
4555,practice,data,721.4193548387096,0.3778947368421052
4556,practice,perfect,722.5,0.3778947368421052
4557,praise,comfortable,680.1818181818181,0.46842105263157885
4558,praise,glory,627.5806451612904,0.46842105263157885
4559,prank,cry,702.15625,0.41842105263157897
4560,prank,joke,630.59375,0.41842105263157897
4561,pray,ask,592.6666666666666,0.5594736842105263
4563,prayer,hands,585.3333333333334,0.5352631578947369
4564,prayer,octopus,737.3666666666667,0.5352631578947369
4565,precious,crooked,808.0526315789474,0.45105263157894737
4566,precious,valuable,734.5454545454545,0.45105263157894737
4567,precipice,cool,635.71875,0.45
4568,precipice,recipe,748.3928571428571,0.45
4569,precise,exact,720.2333333333333,0.4436842105263158
4570,precise,leader,661.53125,0.4436842105263158
4571,predator,continent,759.8076923076923,0.4278947368421053
4572,predator,hunter,642.4193548387096,0.4278947368421053
4573,prefer,choose,629.060606060606,0.4773684210526316
4574,prefer,two,617.8125,0.4773684210526316
4575,premises,moon,779.2068965517242,0.39
4576,premises,property,639.483870967742,0.39
4577,prepare,cheap,675.3666666666667,0.47421052631578947
4578,prepare,ready,607.9375,0.47421052631578947
4579,presence,fear,628.6,0.4031578947368421
4580,presence,there,608.84375,0.4031578947368421
4581,present,gift,662.7666666666667,0.4336842105263158
4582,present,picture,585.9666666666667,0.4336842105263158
4583,presentation,paint,687.7241379310345,0.37526315789473685
4584,presentation,speech,636.1333333333333,0.37526315789473685
4585,president,force,626.1935483870968,0.47421052631578947
4586,president,usa,886.75,0.47421052631578947
4587,press,conference,805.1724137931035,0.3994736842105263
4588,press,grab,682.4827586206897,0.3994736842105263
4589,prestige,check,562.2903225806451,0.3794736842105263
4590,prestige,honor,578.5,0.3794736842105263
4591,presume,assume,662.5,0.39473684210526316
4592,presume,referee,733.9666666666667,0.39473684210526316
4593,pretend,act,645.0,0.6
4594,pretend,higher,587.6129032258065,0.6
4595,price,amount,720.7575757575758,0.4394736842105263
4596,price,writing,693.8,0.4394736842105263
4597,priceless,slippery,743.6666666666666,0.4473684210526316
4598,priceless,valuable,662.5,0.4473684210526316
4599,prickly,cactus,705.7096774193549,0.4584210526315789
4600,prickly,together,581.5862068965517,0.4584210526315789
4601,pride,patient,685.0322580645161,0.43105263157894735
4602,pride,prejudice,634.2,0.43105263157894735
4603,primate,bear,574.3225806451613,0.44842105263157894
4604,primate,monkey,590.6875,0.44842105263157894
4605,prime,dirt,597.1612903225806,0.36157894736842106
4606,prime,ribs,627.1515151515151,0.36157894736842106
4607,prince,navy,775.1428571428571,0.5026315789473683
4608,prince,princess,669.5,0.5026315789473683
4609,princess,pledge,797.4666666666667,0.5057894736842105
4610,princess,prince,720.5333333333333,0.5057894736842105
4611,printer,copy,656.741935483871,0.4463157894736842
4612,printer,fishing,657.0344827586207,0.4463157894736842
4613,prisoner,jail,619.3333333333334,0.48473684210526313
4614,prisoner,marriage,700.53125,0.48473684210526313
4615,private,public,736.3870967741935,0.3726315789473684
4616,private,watch,557.9666666666667,0.3726315789473684
4617,pro,agreement,700.1612903225806,0.36684210526315786
4618,pro,con,874.1481481481482,0.36684210526315786
4619,procedure,asleep,851.3,0.4568421052631579
4620,procedure,experiment,673.0967741935484,0.4568421052631579
4621,process,beg,734.7241379310345,0.37631578947368416
4622,process,system,652.9677419354839,0.37631578947368416
4623,producer,maker,688.0909090909091,0.45473684210526316
4624,producer,multiply,725.2258064516129,0.45473684210526316
4625,product,country,690.1379310344828,0.3952631578947368
4626,product,item,613.9677419354839,0.3952631578947368
4627,production,movie,593.2727272727273,0.4163157894736842
4628,production,prince,760.9655172413793,0.4163157894736842
4629,professional,begin,573.741935483871,0.4315789473684211
4630,professional,lawyer,645.15625,0.4315789473684211
4631,professor,age,644.2424242424242,0.4368421052631579
4632,professor,teach,665.9677419354839,0.4368421052631579
4633,prom,fun,597.8333333333334,0.4010526315789474
4634,prom,sports,658.3666666666667,0.4010526315789474
4635,promise,broken,637.2413793103449,0.5826315789473684
4636,promise,magic,614.7931034482758,0.5826315789473684
4637,pronoun,adjective,686.1935483870968,0.6047368421052631
4638,pronoun,butter,717.1212121212121,0.6047368421052631
4639,proof,evidence,701.1290322580645,0.4852631578947369
4640,proof,ledge,759.7931034482758,0.4852631578947369
4641,property,flop,790.96,0.46736842105263154
4642,property,tax,618.4516129032259,0.46736842105263154
4643,proprietor,owner,655.4827586206897,0.39842105263157895
4644,proprietor,thaw,930.05,0.39842105263157895
4645,prose,plug,695.6774193548387,0.5063157894736842
4646,prose,poetry,712.9333333333333,0.5063157894736842
4647,protect,fantasy,643.3125,0.52
4648,protect,secure,765.0322580645161,0.52
4649,protection,condom,713.8275862068965,0.3936842105263158
4650,protection,jewish,693.3,0.3936842105263158
4651,protein,accuse,829.75,0.5526315789473685
4652,protein,egg,640.516129032258,0.5526315789473685
4653,protestant,catholic,818.9333333333333,0.4884210526315789
4654,protestant,hypnotize,829.3333333333334,0.4884210526315789
4655,proud,arrogant,894.8620689655172,0.51
4656,proud,treat,632.8666666666667,0.51
4657,prove,dusk,722.2068965517242,0.5273684210526316
4658,prove,theory,636.8387096774194,0.5273684210526316
4659,proverb,bible,691.6774193548387,0.3873684210526316
4660,proverb,silly,622.3125,0.3873684210526316
4661,provision,abandon,894.3793103448276,0.36736842105263157
4662,provision,food,628.75,0.36736842105263157
4663,prune,child,675.5483870967741,0.458421052631579
4664,prune,juice,717.34375,0.458421052631579
4665,psychology,hurricane,735.96875,0.4868421052631579
4666,psychology,mind,612.0,0.4868421052631579
4667,pub,restaurant,747.0,0.4957894736842105
4668,pub,staff,657.6774193548387,0.4957894736842105
4669,puberty,adolescent,693.1612903225806,0.4610526315789474
4670,puberty,daring,774.9333333333333,0.4610526315789474
4671,public,private,694.25,0.3721052631578948
4672,public,win,638.7,0.3721052631578948
4673,publication,public,661.5483870967741,0.4131578947368421
4674,publication,span,941.4736842105264,0.4131578947368421
4675,publisher,company,641.96875,0.4621052631578947
4676,publisher,lid,858.75,0.4621052631578947
4677,pudding,chocolate,636.6451612903226,0.47263157894736846
4678,pudding,stiff,733.9642857142857,0.47263157894736846
4679,puke,terrible,693.75,0.4973684210526315
4680,puke,vomit,634.9375,0.4973684210526315
4681,pull,cheese,580.6129032258065,0.4973684210526315
4682,pull,shove,734.8064516129032,0.4973684210526315
4683,pump,bra,645.6296296296297,0.46157894736842103
4684,pump,tire,658.2333333333333,0.46157894736842103
4685,pumpkin,halloween,604.625,0.4315789473684211
4686,pumpkin,shopping,654.5483870967741,0.4315789473684211
4687,punctuation,kitchen,632.741935483871,0.4557894736842105
4688,punctuation,period,659.3870967741935,0.4557894736842105
4689,purchase,capability,823.3548387096774,0.41789473684210526
4690,purchase,mall,651.875,0.41789473684210526
4691,purpose,boss,731.3666666666667,0.38315789473684214
4692,purpose,reason,688.2258064516129,0.38315789473684214
4693,push,congress,804.5625,0.4826315789473684
4694,push,shove,664.1034482758621,0.4826315789473684
4695,pushy,annoying,720.75,0.42157894736842105
4696,pushy,chaos,870.2592592592592,0.42157894736842105
4697,put,away,585.9354838709677,0.5742105263157895
4698,put,beast,776.5,0.5742105263157895
4699,pyramid,egypt,687.1724137931035,0.3931578947368421
4700,pyramid,object,640.875,0.3931578947368421
4701,quack,duck,686.8333333333334,0.41421052631578953
4702,quack,tear,699.1290322580645,0.41421052631578953
4703,quality,characteris,998.3793103448276,0.3794736842105263
4704,quality,ridiculous,841.5806451612904,0.3794736842105263
4705,quantity,amount,623.96875,0.361578947368421
4706,quantity,messy,850.0344827586207,0.361578947368421
4707,quart,oil,622.1,0.4278947368421053
4708,quart,rice,618.09375,0.4278947368421053
4709,quarter,asia,708.3103448275862,0.43315789473684213
4710,quarter,dime,700.483870967742,0.43315789473684213
4711,quench,know,606.3793103448276,0.4436842105263158
4712,quench,thirst,626.75,0.4436842105263158
4713,quest,couch,740.5357142857143,0.4231578947368422
4714,quest,journey,562.7741935483871,0.4231578947368422
4715,question,dollar,611.90625,0.4784210526315789
4716,question,test,669.0,0.4784210526315789
4717,quick,hurry,627.2,0.5473684210526316
4718,quick,thaw,817.3809523809524,0.5473684210526316
4719,quill,pen,605.258064516129,0.3857894736842105
4720,quill,public,634.258064516129,0.3857894736842105
4721,quilt,blanket,592.9677419354839,0.44526315789473686
4722,quilt,head,571.09375,0.44526315789473686
4723,quiz,dagger,938.2727272727273,0.38947368421052636
4724,quiz,test,560.9375,0.38947368421052636
4725,quotient,ant,672.8571428571429,0.45947368421052626
4726,quotient,divide,720.483870967742,0.45947368421052626
4727,rabbi,jewish,756.2,0.46315789473684216
4728,rabbi,toothbrush,793.0967741935484,0.46315789473684216
4729,raccoon,copy,645.030303030303,0.45789473684210524
4730,raccoon,squirrel,699.3636363636364,0.45789473684210524
4731,race,failure,743.741935483871,0.4447368421052631
4732,race,human,681.5666666666667,0.4447368421052631
4733,rack,bike,635.6875,0.3826315789473684
4734,rack,tart,831.6666666666666,0.3826315789473684
4735,racket,polite,694.9375,0.40210526315789474
4736,racket,tennis,556.4666666666667,0.40210526315789474
4737,radiator,sister,611.2258064516129,0.46263157894736845
4738,radiator,warm,558.5625,0.46263157894736845
4739,radish,call,672.3548387096774,0.5252631578947369
4740,radish,vegetable,713.0689655172414,0.5252631578947369
4741,raft,float,686.516129032258,0.44421052631578944
4742,raft,tighten,685.2413793103449,0.44421052631578944
4743,rag,cloth,654.6206896551724,0.35947368421052633
4744,rag,dangerous,728.40625,0.35947368421052633
4745,rain,shoelace,900.5454545454545,0.5394736842105263
4746,rain,thunder,717.7096774193549,0.5394736842105263
4747,rainy,pledge,627.0322580645161,0.4689473684210526
4748,rainy,weather,638.6666666666666,0.4689473684210526
4749,raisin,clue,541.7666666666667,0.47526315789473683
4750,raisin,grape,638.9354838709677,0.47526315789473683
4751,rake,leaves,598.741935483871,0.3836842105263158
4752,rake,prisoner,644.6333333333333,0.3836842105263158
4753,ram,make,632.3870967741935,0.40210526315789474
4754,ram,sheep,628.5,0.40210526315789474
4755,range,shoot,543.9310344827586,0.3815789473684211
4756,range,tan,629.3333333333334,0.3815789473684211
4757,rap,quart,833.5652173913044,0.45736842105263154
4758,rap,rhyme,903.7407407407408,0.45736842105263154
4759,rape,crime,612.53125,0.46473684210526317
4760,rape,orgasm,783.9655172413793,0.46473684210526317
4761,rare,thirst,656.3793103448276,0.42105263157894735
4762,rare,uncommon,744.6875,0.42105263157894735
4763,rash,ditch,853.9545454545455,0.47631578947368414
4764,rash,itch,701.0645161290323,0.47631578947368414
4765,raspberry,bike,657.9666666666667,0.4931578947368421
4766,raspberry,tart,836.12,0.4931578947368421
4767,rat,cat,541.9032258064516,0.4689473684210526
4768,rat,stiff,756.2142857142857,0.4689473684210526
4769,rationalize,lock,730.6774193548387,0.4352631578947368
4770,rationalize,think,623.258064516129,0.4352631578947368
4771,raw,kill,637.75,0.3994736842105263
4772,raw,meat,698.25,0.3994736842105263
4775,razor,sharp,597.6969696969697,0.4242105263157895
4776,razor,weather,661.9354838709677,0.4242105263157895
4777,reach,grasp,789.78125,0.4431578947368421
4778,reach,vegetable,723.96875,0.4431578947368421
4779,reaction,action,670.5806451612904,0.4621052631578947
4780,reaction,peach,664.0,0.4621052631578947
4781,ready,not,641.0344827586207,0.5810526315789474
4782,ready,thirsty,677.0909090909091,0.5810526315789474
4783,real,people,569.8709677419355,0.5363157894736843
4784,real,spine,737.5862068965517,0.5363157894736843
4785,reality,fantasy,666.0333333333333,0.4636842105263158
4786,reality,tasty,665.21875,0.4636842105263158
4787,realize,proof,624.25,0.618421052631579
4788,realize,understand,599.4193548387096,0.618421052631579
4789,reap,harvest,712.0,0.3589473684210526
4790,reap,log,623.3333333333334,0.3589473684210526
4791,reappear,alert,682.2258064516129,0.3868421052631579
4792,reappear,disappear,693.8387096774194,0.3868421052631579
4793,rear,front,693.8387096774194,0.47421052631578947
4794,rear,out,531.0645161290323,0.47421052631578947
4795,rearrange,cereal,753.9,0.33999999999999997
4796,rearrange,organize,787.3548387096774,0.33999999999999997
4797,rebel,persuade,747.28125,0.4378947368421053
4798,rebel,wild,644.03125,0.4378947368421053
4799,reckless,driving,614.9354838709677,0.4278947368421053
4800,reckless,keeper,666.7142857142857,0.4278947368421053
4801,recliner,chair,575.3125,0.5394736842105263
4802,recliner,usa,900.4705882352941,0.5394736842105263
4803,recognition,office,624.09375,0.3336842105263158
4804,recognition,pride,672.3870967741935,0.3336842105263158
4805,recommend,encourage,689.1379310344828,0.40894736842105267
4806,recommend,police,662.0625,0.40894736842105267
4807,record,listen,623.21875,0.39631578947368423
4808,record,turn,709.5,0.39631578947368423
4809,recycle,cans,602.4193548387096,0.4673684210526316
4810,recycle,rude,708.2068965517242,0.4673684210526316
4811,reef,apart,689.1612903225806,0.49157894736842106
4812,reef,coral,671.59375,0.49157894736842106
4813,reel,film,610.875,0.3994736842105263
4814,reel,rattle,710.2962962962963,0.3994736842105263
4815,referee,bath,698.2,0.4889473684210526
4816,referee,sports,682.9,0.4889473684210526
4817,reflect,light,596.8333333333334,0.3968421052631579
4818,reflect,opening,678.90625,0.3968421052631579
4819,reflection,ache,713.68,0.4278947368421053
4820,reflection,mirror,709.258064516129,0.4278947368421053
4821,refrain,follower,808.1333333333333,0.3726315789473684
4822,refrain,talking,632.5757575757576,0.3726315789473684
4823,refreshing,argument,701.6666666666666,0.4463157894736842
4824,refreshing,cool,568.2258064516129,0.4463157894736842
4825,refrigerator,meeting,676.5806451612904,0.47631578947368425
4826,refrigerator,oven,698.3214285714286,0.47631578947368425
4827,refuse,evil,616.03125,0.5010526315789473
4828,refuse,no,569.2258064516129,0.5010526315789473
4829,region,area,721.8709677419355,0.41578947368421054
4830,region,loving,615.8666666666667,0.41578947368421054
4831,regret,sorry,598.7096774193549,0.4905263157894737
4832,regret,speed,539.1,0.4905263157894737
4833,regular,copy,668.6206896551724,0.44421052631578944
4834,regular,irregular,761.7741935483871,0.44421052631578944
4835,reindeer,christmas,815.59375,0.42105263157894735
4836,reindeer,direct,752.2903225806451,0.42105263157894735
4837,reject,accept,656.0,0.47105263157894733
4838,reject,bored,563.1935483870968,0.47105263157894733
4839,relative,aunt,734.9333333333333,0.34736842105263155
4840,relative,ballet,747.448275862069,0.34736842105263155
4841,relativity,breakfast,677.8387096774194,0.4621052631578947
4842,relativity,theory,591.8064516129032,0.4621052631578947
4843,relax,smooth,680.0322580645161,0.6036842105263158
4844,relax,tense,702.9333333333333,0.6036842105263158
4845,release,grab,750.59375,0.3678947368421053
4846,release,noodles,645.4516129032259,0.3678947368421053
4847,reliable,dependable,685.7586206896551,0.43
4848,reliable,water,619.3225806451613,0.43
4849,religious,bible,728.25,0.5184210526315789
4850,religious,lost,621.90625,0.5184210526315789
4851,relish,ketchup,629.4827586206897,0.41842105263157897
4852,relish,speed,588.3666666666667,0.41842105263157897
4853,remain,basic,608.8666666666667,0.44157894736842107
4854,remain,stay,597.5,0.44157894736842107
4855,remark,true,591.9354838709677,0.4489473684210526
4856,remark,comment,765.3928571428571,0.4489473684210526
4857,remedy,conceited,799.4545454545455,0.40210526315789474
4858,remedy,ill,659.0322580645161,0.40210526315789474
4859,remember,dull,705.8275862068965,0.6042105263157895
4860,remember,think,670.8333333333334,0.6042105263157895
4861,remind,confusion,622.6129032258065,0.471578947368421
4862,remind,remember,604.4375,0.471578947368421
4863,reminiscence,coat,695.3,0.34157894736842104
4864,reminiscence,remember,666.3125,0.34157894736842104
4865,remorse,sorrow,753.3870967741935,0.4584210526315789
4866,remorse,sour,718.3333333333334,0.4584210526315789
4867,remove,court,684.03125,0.46684210526315795
4868,remove,take,595.875,0.46684210526315795
4869,remover,disease,665.3125,0.4973684210526315
4870,remover,nail,620.0333333333333,0.4973684210526315
4871,rent,apartment,677.6129032258065,0.4878947368421052
4872,rent,thread,721.6774193548387,0.4878947368421052
4873,repair,fix,576.75,0.4505263157894737
4874,repair,move,601.9333333333333,0.4505263157894737
4875,repeat,again,686.258064516129,0.3968421052631579
4876,repeat,inhale,674.5555555555555,0.3968421052631579
4877,repentance,forgive,658.6774193548387,0.5436842105263158
4878,repentance,point,619.0,0.5436842105263158
4879,replace,judge,638.4333333333333,0.4131578947368421
4880,replace,loose,582.4193548387096,0.4131578947368421
4881,reply,log,687.0333333333333,0.38105263157894737
4882,reply,speak,627.6,0.38105263157894737
4883,reprimand,girls,608.4193548387096,0.43
4884,reprimand,punishment,785.34375,0.43
4885,reproduce,face,626.5483870967741,0.39473684210526316
4886,reproduce,sex,591.5151515151515,0.39473684210526316
4887,republic,country,630.5806451612904,0.3957894736842105
4888,republic,disease,754.9354838709677,0.3957894736842105
4889,republican,conservative,688.2666666666667,0.48157894736842105
4890,republican,sick,708.516129032258,0.48157894736842105
4891,rescue,ambulance,798.28125,0.43736842105263163
4892,rescue,ledge,678.7407407407408,0.43736842105263163
4893,research,expensive,696.6666666666666,0.41210526315789475
4894,research,paper,741.1612903225806,0.41210526315789475
4895,reservation,save,716.3548387096774,0.3794736842105263
4896,reservation,skill,735.6875,0.3794736842105263
4897,resort,gin,868.1428571428571,0.4036842105263158
4898,resort,vacation,725.8125,0.4036842105263158
4899,respect,communism,805.8965517241379,0.4705263157894737
4900,respect,parent,610.4375,0.4705263157894737
4901,respond,ignore,626.96875,0.4073684210526316
4902,respond,syrup,801.1379310344828,0.4073684210526316
4903,response,girl,563.6129032258065,0.3778947368421052
4904,response,question,674.9677419354839,0.3778947368421052
4907,responsible,dependable,1009.8928571428572,0.44947368421052636
4908,responsible,throw,626.1666666666666,0.44947368421052636
4909,restaurant,bar,623.0645161290323,0.56
4910,restaurant,man,553.375,0.56
4911,restriction,lot,644.5483870967741,0.37263157894736837
4912,restriction,rules,668.6666666666666,0.37263157894736837
4913,retain,drugs,635.5483870967741,0.40789473684210525
4914,retain,have,594.6896551724138,0.40789473684210525
4915,retreat,back,714.6071428571429,0.4357894736842105
4916,retreat,multiply,727.53125,0.4357894736842105
4917,return,give,637.2727272727273,0.48473684210526313
4918,return,robbery,729.4516129032259,0.48473684210526313
4919,revenge,crime,817.8666666666667,0.4931578947368421
4920,revenge,kill,609.78125,0.4931578947368421
4921,revival,subject,626.7241379310345,0.3910526315789474
4922,revival,tent,706.53125,0.3910526315789474
4923,revolution,american,771.3225806451613,0.47368421052631576
4924,revolution,fair,738.3225806451613,0.47368421052631576
4925,rhythm,beat,654.0,0.5194736842105264
4926,rhythm,outdoors,670.741935483871,0.5194736842105264
4929,rich,choice,604.2903225806451,0.4868421052631579
4930,rich,luck,669.6451612903226,0.4868421052631579
4931,ride,bicycle,602.0,0.5321052631578947
4932,ride,modern,676.1111111111111,0.5321052631578947
4933,rider,cowboy,640.8125,0.4884210526315789
4934,rider,ladder,642.0,0.4884210526315789
4935,ridicule,blame,720.4193548387096,0.44526315789473686
4936,ridicule,employer,802.0,0.44526315789473686
4937,ridiculous,more,627.5483870967741,0.5815789473684211
4938,ridiculous,silly,722.7741935483871,0.5815789473684211
4939,righteous,brothers,707.5,0.4773684210526316
4940,righteous,soap,679.125,0.4773684210526316
4941,righteousness,conservative,978.9,0.5310526315789473
4942,righteousness,good,562.6666666666666,0.5310526315789473
4945,rigid,belief,620.15625,0.43473684210526314
4946,rigid,stiff,679.0357142857143,0.43473684210526314
4947,ring,bell,550.060606060606,0.48315789473684206
4948,ring,soprano,996.608695652174,0.48315789473684206
4949,rinse,dish,688.2413793103449,0.5147368421052632
4950,rinse,winter,534.3548387096774,0.5147368421052632
4951,riot,crowd,623.6129032258065,0.4142105263157895
4952,riot,small,593.7,0.4142105263157895
4953,rip,age,643.78125,0.43894736842105264
4954,rip,tear,584.483870967742,0.43894736842105264
4955,ritual,ceremony,650.3,0.5031578947368421
4956,ritual,cuddle,672.3793103448276,0.5031578947368421
4957,roach,dog,621.65625,0.42526315789473684
4958,roach,motel,639.4285714285714,0.42526315789473684
4959,roam,healthy,673.6666666666666,0.40789473684210525
4960,roam,wander,748.4193548387096,0.40789473684210525
4961,roar,dependent,723.6875,0.5010526315789473
4962,roar,lion,652.516129032258,0.5010526315789473
4963,roast,beef,666.7333333333333,0.5405263157894736
4964,roast,cats,683.8387096774194,0.5405263157894736
4965,rob,sew,740.25,0.42157894736842105
4966,rob,thief,624.28125,0.42157894736842105
4967,robe,bath,605.21875,0.5078947368421053
4968,robe,most,656.9354838709677,0.5078947368421053
4969,rock,bike,623.448275862069,0.4410526315789474
4970,rock,stone,688.8275862068965,0.4410526315789474
4971,rocket,healthy,610.375,0.45789473684210524
4972,rocket,sky,611.6363636363636,0.45789473684210524
4975,rod,novice,811.0,0.40421052631578946
4976,rod,reel,735.1785714285714,0.40421052631578946
4977,rodent,bug,655.0344827586207,0.44157894736842107
4978,rodent,flirt,671.09375,0.44157894736842107
4979,roman,empire,707.9375,0.4431578947368421
4980,roman,tire,624.6451612903226,0.4431578947368421
4981,romance,center,615.53125,0.47421052631578947
4982,romance,kiss,596.25,0.47421052631578947
4983,roof,diary,705.8214285714286,0.45210526315789473
4984,roof,tile,611.551724137931,0.45210526315789473
4985,room,bedroom,635.875,0.5589473684210526
4986,room,trophy,722.2413793103449,0.5589473684210526
4987,roommate,bitch,684.65625,0.46578947368421053
4988,roommate,blue,557.969696969697,0.46578947368421053
4989,roost,chicken,582.40625,0.4357894736842105
4990,roost,toy,605.03125,0.4357894736842105
4991,rooster,dollars,727.40625,0.3805263157894737
4992,rooster,farm,646.1290322580645,0.3805263157894737
4993,rope,ladder,744.625,0.5294736842105263
4994,rope,virtue,840.2307692307693,0.5294736842105263
4995,rotten,listen,733.53125,0.4599999999999999
4996,rotten,spoiled,836.0322580645161,0.4599999999999999
4997,rough,fork,788.3,0.41842105263157897
4998,rough,smooth,588.1612903225806,0.41842105263157897
4999,routine,daily,648.875,0.3863157894736842
5000,routine,frog,730.9032258064516,0.3863157894736842
5001,row,eggs,589.9666666666667,0.39210526315789473
5002,row,lonely,700.1666666666666,0.39210526315789473
5003,royal,england,655.78125,0.4136842105263158
5004,royal,evidence,726.6774193548387,0.4136842105263158
5005,rub,gamble,768.36,0.4705263157894737
5006,rub,massage,805.741935483871,0.4705263157894737
5007,rubber,band,691.258064516129,0.43105263157894735
5008,rubber,pain,640.03125,0.43105263157894735
5009,rude,key,621.46875,0.5378947368421053
5010,rude,polite,649.5,0.5378947368421053
5011,rug,carpet,730.1875,0.4326315789473685
5012,rug,spoiled,715.1875,0.4326315789473685
5013,ruler,child,713.6774193548387,0.4505263157894737
5014,ruler,straight,680.0645161290323,0.4505263157894737
5017,rum,coke,605.0645161290323,0.4921052631578947
5018,rum,meeting,602.90625,0.4921052631578947
5019,rumor,neuron,907.6363636363636,0.38105263157894737
5020,rumor,talk,626.34375,0.38105263157894737
5021,rung,false,669.1935483870968,0.39894736842105266
5022,rung,ladder,744.7,0.39894736842105266
5023,runner,bicycle,659.3939393939394,0.4168421052631579
5024,runner,jogger,630.6451612903226,0.4168421052631579
5025,running,calculate,704.78125,0.5005263157894737
5026,running,sweat,668.2,0.5005263157894737
5027,rural,sympathetic,728.741935483871,0.4247368421052632
5028,rural,town,601.375,0.4247368421052632
5029,rush,hurry,603.7333333333333,0.46736842105263154
5030,rush,partner,747.875,0.46736842105263154
5033,rye,nervous,708.6129032258065,0.3636842105263158
5034,rye,wheat,633.09375,0.3636842105263158
5035,saber,rock,668.4,0.36736842105263157
5036,saber,sword,691.9375,0.36736842105263157
5037,sack,bag,607.1612903225806,0.41210526315789475
5038,sack,clam,870.8666666666667,0.41210526315789475
5039,sacred,clown,691.3125,0.45631578947368423
5040,sacred,frightened,697.6774193548387,0.45631578947368423
5041,saddle,boys,537.2727272727273,0.4842105263157894
5042,saddle,ride,549.3225806451613,0.4842105263157894
5043,safari,behind,634.9090909090909,0.4068421052631579
5044,safari,jungle,638.7666666666667,0.4068421052631579
5045,safe,driver,655.6,0.49684210526315786
5046,safe,protect,676.40625,0.49684210526315786
5047,sailing,dangerous,741.5625,0.56
5048,sailing,fishing,605.6451612903226,0.56
5049,sailor,chocolate,671.2258064516129,0.5078947368421053
5050,sailor,sea,618.1935483870968,0.5078947368421053
5051,saint,angel,560.3125,0.4247368421052632
5052,saint,state,687.3333333333334,0.4247368421052632
5053,salad,fragile,695.0322580645161,0.5836842105263158
5054,salad,lettuce,632.46875,0.5836842105263158
5055,sale,bargain,752.6875,0.51
5056,sale,guilty,719.9666666666667,0.51
5057,sales,store,727.3939393939394,0.44421052631578944
5058,sales,when,662.0322580645161,0.44421052631578944
5059,salesman,annoy,780.8275862068965,0.38894736842105265
5060,salesman,tent,612.8787878787879,0.38894736842105265
5061,saliva,hoop,646.6666666666666,0.4447368421052631
5062,saliva,spit,769.75,0.4447368421052631
5063,saloon,bar,612.78125,0.44947368421052625
5064,saloon,general,622.1875,0.44947368421052625
5065,salt,pepper,606.7741935483871,0.44947368421052625
5066,salt,teacher,616.7741935483871,0.44947368421052625
5067,saltine,cracker,600.9354838709677,0.538421052631579
5068,saltine,mustache,692.1785714285714,0.538421052631579
5069,salute,ocean,617.65625,0.39473684210526316
5070,salute,pledge,752.1935483870968,0.39473684210526316
5071,sample,example,690.0645161290323,0.4557894736842105
5072,sample,murderer,814.8461538461538,0.4557894736842105
5073,sand,boat,609.2903225806451,0.46
5074,sand,castle,660.9375,0.46
5075,sandpaper,luggage,758.25,0.5036842105263158
5076,sandpaper,rough,640.375,0.5036842105263158
5077,sandwich,hungry,608.3548387096774,0.5563157894736842
5078,sandwich,wedding,609.03125,0.5563157894736842
5079,sap,syrup,672.2666666666667,0.33999999999999997
5080,sap,together,647.0,0.33999999999999997
5081,sapphire,aunt,864.9354838709677,0.37842105263157894
5082,sapphire,blue,561.8965517241379,0.37842105263157894
5083,sash,belt,660.5333333333333,0.4036842105263158
5084,sash,subtract,799.551724137931,0.4036842105263158
5087,satin,enemy,740.9032258064516,0.49894736842105264
5088,satin,silk,643.1,0.49894736842105264
5089,sauce,apple,587.0322580645161,0.5852631578947369
5090,sauce,body,634.46875,0.5852631578947369
5091,saucer,cup,573.258064516129,0.3826315789473684
5092,saucer,decide,654.9354838709677,0.3826315789473684
5093,sausage,front,711.6551724137931,0.5047368421052632
5094,sausage,italian,761.90625,0.5047368421052632
5095,save,confess,709.1818181818181,0.5363157894736842
5096,save,keep,600.5,0.5363157894736842
5097,savior,hammer,751.3,0.46736842105263154
5098,savior,taste,559.5806451612904,0.46736842105263154
5099,say,fright,847.875,0.6668421052631579
5100,say,something,622.6875,0.6668421052631579
5101,saying,extrovert,999.3636363636364,0.6215789473684211
5102,saying,talking,751.5483870967741,0.6215789473684211
5103,scale,tumble,701.0967741935484,0.3821052631578947
5104,scale,weight,650.6451612903226,0.3821052631578947
5105,scales,china,678.3225806451613,0.36894736842105263
5106,scales,reptile,757.2857142857143,0.36894736842105263
5107,scalpel,account,666.2424242424242,0.5152631578947369
5108,scalpel,operation,748.96875,0.5152631578947369
5109,scapegoat,blame,652.516129032258,0.3678947368421053
5110,scapegoat,building,661.8484848484849,0.3678947368421053
5111,scar,empire,744.8387096774194,0.4557894736842105
5112,scar,fight,732.0645161290323,0.4557894736842105
5113,scarcity,neighborhood,682.6451612903226,0.4126315789473684
5114,scarcity,rare,661.2903225806451,0.4126315789473684
5115,scare,fright,773.8214285714286,0.5210526315789474
5116,scare,jail,619.4375,0.5210526315789474
5117,scared,dancer,612.65625,0.6042105263157895
5118,scared,frightened,860.1875,0.6042105263157895
5119,scarf,neck,632.7741935483871,0.5273684210526316
5120,scarf,turn,635.5625,0.5273684210526316
5121,scenery,boyfriend,692.8387096774194,0.43631578947368427
5122,scenery,view,637.78125,0.43631578947368427
5123,scent,comment,717.5483870967741,0.5152631578947368
5124,scent,perfume,586.2258064516129,0.5152631578947368
5125,scheme,attic,688.7391304347826,0.29789473684210527
5126,scheme,idea,638.90625,0.29789473684210527
5127,scholarship,school,664.483870967742,0.4394736842105263
5128,scholarship,secure,755.5806451612904,0.4394736842105263
5129,school,brick,705.53125,0.541578947368421
5130,school,work,561.4516129032259,0.541578947368421
5131,science,biology,736.1612903225806,0.4636842105263158
5132,science,branch,718.5666666666667,0.4636842105263158
5133,scientist,direction,705.4666666666667,0.5126315789473684
5134,scientist,science,676.25,0.5126315789473684
5135,scold,slide,631.9310344827586,0.5078947368421053
5136,scold,yell,652.53125,0.5078947368421053
5137,scoop,graph,708.5333333333333,0.3694736842105263
5138,scoop,shovel,780.3870967741935,0.3694736842105263
5139,scotch,tape,597.5625,0.4936842105263157
5140,scotch,whale,665.8064516129032,0.4936842105263157
5141,scrambled,letters,613.71875,0.39210526315789473
5142,scrambled,pain,588.0666666666667,0.39210526315789473
5143,scrap,bit,614.8709677419355,0.39631578947368423
5144,scrap,mile,740.5625,0.39631578947368423
5145,scratch,bite,653.4333333333333,0.43210526315789477
5146,scratch,spill,733.448275862069,0.43210526315789477
5147,scream,base,661.15625,0.5389473684210526
5148,scream,fear,590.2666666666667,0.5389473684210526
5149,screen,mountain,641.9375,0.41789473684210526
5150,screen,window,659.1935483870968,0.41789473684210526
5151,screw,driver,636.3333333333334,0.5673684210526316
5152,screw,protect,704.3103448275862,0.5673684210526316
5153,scrub,dishes,641.516129032258,0.40842105263157896
5154,scrub,road,627.7096774193549,0.40842105263157896
5155,scuba,dive,571.40625,0.4205263157894737
5156,scuba,fail,673.8333333333334,0.4205263157894737
5157,sculpture,art,666.0967741935484,0.48315789473684206
5158,sculpture,float,695.0645161290323,0.48315789473684206
5159,sea,ocean,662.1612903225806,0.5042105263157894
5160,sea,tears,638.6333333333333,0.5042105263157894
5161,seafood,crab,589.030303030303,0.538421052631579
5162,seafood,peace,608.15625,0.538421052631579
5163,seam,disagreement,798.0666666666667,0.4
5164,seam,thread,691.0,0.4
5165,search,seek,651.3666666666667,0.41
5166,search,web,635.6333333333333,0.41
5167,seashore,cracker,623.9354838709677,0.41789473684210526
5168,seashore,shell,599.4,0.41789473684210526
5169,seasoning,definition,788.2258064516129,0.5494736842105263
5170,seasoning,salt,653.4074074074074,0.5494736842105263
5171,seat,life,648.1,0.4757894736842105
5172,seat,table,584.551724137931,0.4757894736842105
5173,seatbelt,protection,655.4193548387096,0.41947368421052633
5174,seatbelt,straw,653.7333333333333,0.41947368421052633
5175,secluded,beach,675.1290322580645,0.5047368421052632
5176,secluded,now,586.5862068965517,0.5047368421052632
5177,second,minute,623.3333333333334,0.5494736842105263
5178,second,stove,675.25,0.5494736842105263
5179,secret,deodorant,838.3333333333334,0.4626315789473684
5180,secret,organize,652.8387096774194,0.4626315789473684
5181,secretary,boss,602.4516129032259,0.44157894736842107
5182,secretary,wall,572.59375,0.44157894736842107
5183,secretive,fence,795.3,0.4
5184,secretive,quiet,672.9032258064516,0.4
5185,section,eight,669.030303030303,0.33
5186,section,newspaper,763.03125,0.33
5187,secure,maid,619.4516129032259,0.4205263157894737
5188,secure,safe,586.46875,0.4205263157894737
5189,security,there,666.9,0.44421052631578944
5190,security,tight,586.9090909090909,0.44421052631578944
5191,sedative,freedom,690.3225806451613,0.5694736842105264
5192,sedative,pill,732.4333333333333,0.5694736842105264
5193,see,dark,659.8387096774194,0.6494736842105263
5194,see,hear,593.0322580645161,0.6494736842105263
5195,seed,plant,665.9666666666667,0.4905263157894737
5196,seed,squirrel,702.0689655172414,0.4905263157894737
5197,seek,hay,743.48,0.44789473684210523
5198,seek,search,706.1333333333333,0.44789473684210523
5199,seem,appear,631.9333333333333,0.5652631578947368
5200,seem,gander,1088.4666666666667,0.5652631578947368
5201,selection,black,632.6451612903226,0.31947368421052635
5202,selection,choice,566.7741935483871,0.31947368421052635
5203,self,class,676.9032258064516,0.38
5204,self,me,599.71875,0.38
5205,selfish,dive,740.6129032258065,0.5047368421052632
5206,selfish,greed,654.4,0.5047368421052632
5207,sell,borrow,696.8709677419355,0.5484210526315789
5208,sell,rough,715.21875,0.5484210526315789
5209,semester,hours,701.6666666666666,0.4273684210526316
5210,semester,mold,717.0333333333333,0.4273684210526316
5211,senate,congress,634.4516129032259,0.4794736842105263
5212,senate,open,672.3,0.4794736842105263
5213,senator,politics,690.78125,0.49526315789473685
5214,senator,rocks,653.6451612903226,0.49526315789473685
5215,sensitive,shy,631.3125,0.4326315789473685
5216,sensitive,thought,618.1612903225806,0.4326315789473685
5217,sentence,aluminum,886.7037037037037,0.4689473684210526
5218,sentence,period,591.375,0.4689473684210526
5219,sentry,guard,690.7857142857143,0.40894736842105267
5220,sentry,higher,621.5806451612904,0.40894736842105267
5221,separate,divide,687.03125,0.4557894736842105
5222,separate,left,658.28125,0.4557894736842105
5223,serious,pretty,696.3125,0.5152631578947369
5224,serious,student,633.7096774193549,0.5152631578947369
5225,server,continent,870.8125,0.4421052631578948
5226,server,waiter,672.1935483870968,0.4421052631578948
5227,service,stack,695.3125,0.35368421052631577
5228,service,station,670.3225806451613,0.35368421052631577
5229,set,hot,663.40625,0.4342105263157895
5230,set,television,663.3103448275862,0.4342105263157895
5231,seven,eleven,646.1875,0.7226315789473684
5232,seven,plead,820.3461538461538,0.7226315789473684
5233,several,submarine,783.030303030303,0.5331578947368422
5234,several,thousand,603.71875,0.5331578947368422
5235,sew,florida,714.0,0.4678947368421053
5236,sew,knit,768.4666666666667,0.4678947368421053
5237,sex,female,627.4516129032259,0.5457894736842106
5238,sex,folder,697.4444444444445,0.5457894736842106
5239,shade,glasses,768.4642857142857,0.4594736842105263
5240,shade,orange,620.741935483871,0.4594736842105263
5241,shake,boring,679.375,0.4773684210526316
5242,shake,rattle,712.3333333333334,0.4773684210526316
5243,shallow,deep,602.2903225806451,0.4247368421052632
5244,shallow,sauce,769.7,0.4247368421052632
5245,shame,guilt,656.5806451612904,0.5131578947368421
5246,shame,heavy,648.2903225806451,0.5131578947368421
5247,shape,mold,658.5,0.42894736842105263
5248,shape,smile,590.2333333333333,0.42894736842105263
5249,sharp,point,613.0,0.43052631578947365
5250,sharp,sing,702.7333333333333,0.43052631578947365
5251,shatter,bomb,601.6969696969697,0.39052631578947367
5252,shatter,break,651.8125,0.39052631578947367
5253,shave,beard,624.15625,0.4868421052631579
5254,shave,supper,721.6428571428571,0.4868421052631579
5255,she,her,645.4666666666667,0.6263157894736843
5256,she,name,723.483870967742,0.6263157894736843
5257,shears,band,654.0645161290323,0.3952631578947368
5258,shears,scissors,631.5483870967741,0.3952631578947368
5259,sheep,england,715.2903225806451,0.5078947368421053
5260,sheep,wool,576.7931034482758,0.5078947368421053
5261,sheet,dolphin,835.2333333333333,0.3778947368421052
5262,sheet,white,581.21875,0.3778947368421052
5265,shelf,desk,705.1333333333333,0.3542105263157895
5266,shelf,even,613.8064516129032,0.3542105263157895
5267,shell,clam,779.2307692307693,0.43999999999999995
5268,shell,garden,685.53125,0.43999999999999995
5269,shield,crafts,724.1724137931035,0.4094736842105263
5270,shield,protection,712.0625,0.4094736842105263
5271,shift,here,750.46875,0.3931578947368421
5272,shift,move,711.516129032258,0.3931578947368421
5273,shingle,roof,619.9032258064516,0.4652631578947368
5274,shingle,wood,586.8965517241379,0.4652631578947368
5275,ship,cloth,663.03125,0.5884210526315791
5276,ship,sink,720.8275862068965,0.5884210526315791
5277,shiver,immature,927.8,0.42157894736842105
5278,shiver,shake,693.9032258064516,0.42157894736842105
5279,shock,capability,769.2,0.4368421052631579
5280,shock,electric,711.71875,0.4368421052631579
5281,shoe,lace,743.483870967742,0.46578947368421053
5282,shoe,save,768.5769230769231,0.46578947368421053
5283,shoot,horn,651.7586206896551,0.5731578947368421
5284,shoot,shot,635.5454545454545,0.5731578947368421
5285,shop,keeper,707.4545454545455,0.4905263157894737
5286,shop,lose,657.3870967741935,0.4905263157894737
5287,shore,line,640.375,0.5205263157894737
5288,shore,motel,720.96,0.5205263157894737
5289,shortcake,strawberry,611.8064516129032,0.6289473684210526
5290,shortcake,wagon,736.2142857142857,0.6289473684210526
5291,shorts,legs,621.6,0.5157894736842106
5292,shorts,square,714.4375,0.5157894736842106
5293,shoulder,ankle,679.1612903225806,0.4973684210526315
5294,shoulder,arm,622.09375,0.4973684210526315
5295,shove,egypt,702.5666666666667,0.4610526315789474
5296,shove,push,529.4375,0.4610526315789474
5297,shovel,magazine,634.9354838709677,0.4505263157894737
5298,shovel,sand,590.5172413793103,0.4505263157894737
5299,show,clipper,887.7407407407408,0.5268421052631579
5300,show,tell,554.4242424242424,0.5268421052631579
5301,shower,clean,600.625,0.5168421052631579
5302,shower,number,716.0625,0.5168421052631579
5303,shrimp,cow,688.3548387096774,0.5168421052631579
5304,shrimp,lobster,623.6774193548387,0.5168421052631579
5305,shrine,circus,665.1333333333333,0.47526315789473683
5306,shrine,temple,644.34375,0.47526315789473683
5307,shrink,grow,620.516129032258,0.36894736842105263
5308,shrink,wine,562.71875,0.36894736842105263
5309,shrub,bush,630.4333333333333,0.54
5310,shrub,judge,619.6774193548387,0.54
5311,sibling,brother,571.8,0.3968421052631579
5312,sibling,shake,605.258064516129,0.3968421052631579
5313,sick,ill,622.6774193548387,0.558421052631579
5314,sick,student,601.1,0.558421052631579
5315,sickle,bra,712.1212121212121,0.29526315789473684
5316,sickle,cell,663.125,0.29526315789473684
5317,side,bite,705.8571428571429,0.4326315789473685
5318,side,front,646.59375,0.4326315789473685
5319,sidewalk,teach,623.7096774193549,0.46421052631578946
5320,sidewalk,walkway,617.84375,0.46421052631578946
5321,sight,indoors,658.6333333333333,0.4463157894736842
5322,sight,vision,662.9354838709677,0.4463157894736842
5323,sign,language,609.25,0.4247368421052632
5324,sign,truth,647.4375,0.4247368421052632
5325,silent,slut,664.5862068965517,0.41157894736842104
5326,silent,still,621.0,0.41157894736842104
5327,silk,circle,709.0645161290323,0.54
5328,silk,satin,782.2857142857143,0.54
5329,silly,crazy,619.59375,0.5710526315789475
5330,silly,soap,731.9375,0.5710526315789475
5331,simple,easy,587.2258064516129,0.4542105263157895
5332,simple,guess,685.9677419354839,0.4542105263157895
5333,since,bubble,723.7333333333333,0.5794736842105263
5334,since,then,610.8387096774194,0.5794736842105263
5335,singer,dancer,601.9,0.5289473684210527
5336,singer,habit,664.4827586206897,0.5289473684210527
5337,single,marry,595.7878787878788,0.4163157894736842
5338,single,sight,676.516129032258,0.4163157894736842
5339,sinker,fishing,647.5333333333333,0.40578947368421053
5340,sinker,trick,713.7741935483871,0.40578947368421053
5341,sip,king,627.0,0.45368421052631575
5342,sip,straw,712.1515151515151,0.45368421052631575
5343,siren,emergency,707.34375,0.4784210526315789
5344,siren,frankenstein,893.6785714285714,0.4784210526315789
5345,sister,brother,584.6666666666666,0.6031578947368421
5346,sister,hula,1065.0,0.6031578947368421
5347,six,meet,690.0357142857143,0.6926315789473684
5348,six,seven,619.40625,0.6926315789473684
5349,sketch,draw,607.7575757575758,0.43736842105263163
5350,sketch,right,614.375,0.43736842105263163
5351,ski,bell,673.4545454545455,0.5289473684210527
5352,ski,jump,642.0,0.5289473684210527
5353,skill,number,689.3666666666667,0.4863157894736842
5354,skill,saw,684.9333333333333,0.4863157894736842
5356,skillet,pan,676.8,0.5863157894736842
5357,skinny,fat,621.9090909090909,0.4794736842105263
5358,skinny,pizza,623.7586206896551,0.4794736842105263
5359,skip,jump,623.4827586206897,0.39473684210526316
5360,skip,mix,611.5806451612904,0.39473684210526316
5361,sky,cold,606.9333333333333,0.5057894736842105
5362,sky,heaven,660.0322580645161,0.5057894736842105
5363,slab,brothers,617.96875,0.43894736842105264
5364,slab,concrete,779.258064516129,0.43894736842105264
5365,slacks,pants,664.15625,0.4936842105263157
5366,slacks,sympathetic,839.9677419354839,0.4936842105263157
5367,slander,lie,631.0322580645161,0.4921052631578947
5368,slander,rough,596.6129032258065,0.4921052631578947
5369,slave,owner,736.9677419354839,0.4247368421052632
5370,slave,sorority,892.1481481481482,0.4247368421052632
5371,slay,kill,615.6969696969697,0.4678947368421052
5372,slay,schedule,623.2258064516129,0.4678947368421052
5373,sleep,dream,593.5483870967741,0.6094736842105263
5374,sleep,thirsty,630.6129032258065,0.6094736842105263
5375,sleeve,short,585.6451612903226,0.4557894736842105
5376,sleeve,values,755.28125,0.4557894736842105
5377,sleigh,choice,586.3548387096774,0.4105263157894737
5378,sleigh,snow,570.0,0.4105263157894737
5379,slender,four,592.0625,0.4652631578947368
5380,slender,skinny,616.59375,0.4652631578947368
5381,slice,smart,632.6129032258065,0.46684210526315784
5382,slice,soda,601.2758620689655,0.46684210526315784
5383,slick,dog,602.28125,0.4357894736842105
5384,slick,slippery,727.9032258064516,0.4357894736842105
5385,slide,drain,637.1071428571429,0.4342105263157895
5386,slide,slip,689.5333333333333,0.4342105263157895
5387,slime,goo,916.5238095238096,0.42368421052631583
5388,slime,house,617.28125,0.42368421052631583
5389,slimy,goo,766.2666666666667,0.46473684210526317
5390,slimy,pimple,832.5769230769231,0.46473684210526317
5391,sling,cute,634.9333333333333,0.4036842105263158
5392,sling,shot,567.0645161290323,0.4036842105263158
5393,sliver,criminal,795.7096774193549,0.3794736842105263
5394,sliver,piece,623.6551724137931,0.3794736842105263
5395,slob,film,727.5,0.4842105263157894
5396,slob,messy,698.0,0.4842105263157894
5397,slope,nun,797.1481481481482,0.4773684210526316
5398,slope,ski,641.4137931034483,0.4773684210526316
5399,slug,defeat,766.258064516129,0.3626315789473684
5400,slug,gross,709.6875,0.3626315789473684
5401,slum,city,563.1,0.40157894736842104
5402,slum,fun,645.7666666666667,0.40157894736842104
5403,slurp,center,648.2,0.48
5404,slurp,drink,585.40625,0.48
5405,sly,fox,605.65625,0.39947368421052637
5406,sly,note,638.5666666666667,0.39947368421052637
5407,small,little,619.1666666666666,0.4842105263157894
5408,small,tasty,612.7931034482758,0.4842105263157894
5409,smart,dumb,646.7931034482758,0.5489473684210526
5410,smart,past,604.4,0.5489473684210526
5411,smash,choose,612.030303030303,0.44789473684210523
5412,smash,glass,573.6774193548387,0.44789473684210523
5413,smear,smudge,837.3,0.3910526315789474
5414,smear,vacation,649.9677419354839,0.3910526315789474
5415,smell,positive,667.4516129032259,0.5805263157894737
5416,smell,taste,570.3939393939394,0.5805263157894737
5417,smoky,mountains,700.6,0.3936842105263158
5418,smoky,reef,815.125,0.3936842105263158
5419,smooth,path,559.1,0.4505263157894737
5420,smooth,skin,587.0,0.4505263157894737
5421,smother,pilot,656.9375,0.42684210526315786
5422,smother,suffocate,852.0967741935484,0.42684210526315786
5423,snack,attack,660.1666666666666,0.48
5424,snack,orgasm,842.0344827586207,0.48
5425,snail,cell,771.7741935483871,0.38052631578947366
5426,snail,shell,739.2758620689655,0.38052631578947366
5427,snake,band,715.5666666666667,0.4863157894736842
5428,snake,rattle,737.3793103448276,0.4863157894736842
5429,snap,crackle,697.4242424242424,0.43210526315789477
5430,snap,environment,863.9310344827586,0.43210526315789477
5431,sneak,preview,559.9677419354839,0.4205263157894737
5432,sneak,sick,757.4666666666667,0.4205263157894737
5435,sneaky,beautiful,684.3030303030303,0.4031578947368421
5436,sneaky,sly,664.3666666666667,0.4031578947368421
5437,sneeze,cough,646.5483870967741,0.45789473684210524
5438,sneeze,naked,636.0,0.45789473684210524
5439,snob,bitch,596.46875,0.44526315789473686
5440,snob,coral,863.3076923076923,0.44526315789473686
5441,snooze,clock,623.7878787878788,0.41789473684210526
5442,snooze,thousand,661.0,0.41789473684210526
5443,snot,grab,634.7878787878788,0.48578947368421055
5444,snot,nose,698.3030303030303,0.48578947368421055
5445,snotty,roses,761.0,0.46578947368421053
5446,snotty,snob,739.4285714285714,0.46578947368421053
5447,snow,fruit,657.3548387096774,0.5094736842105263
5448,snow,ski,633.0,0.5094736842105263
5449,snuggle,blue,554.3125,0.47105263157894733
5450,snuggle,cuddle,604.6451612903226,0.47105263157894733
5451,soak,doctor,568.40625,0.4757894736842105
5452,soak,wash,573.2727272727273,0.4757894736842105
5453,soap,bubble,671.4375,0.4431578947368421
5454,soap,ground,635.8064516129032,0.4431578947368421
5455,sober,bored,669.0,0.4621052631578947
5456,sober,normal,615.0,0.4621052631578947
5457,society,eight,661.3870967741935,0.3742105263157895
5458,society,people,629.5625,0.3742105263157895
5459,sock,beast,705.0333333333333,0.4342105263157895
5460,sock,shoe,694.3,0.4342105263157895
5461,socket,abnormal,813.741935483871,0.45526315789473687
5462,socket,plug,699.9375,0.45526315789473687
5465,soda,apart,692.2,0.46578947368421053
5466,soda,pepsi,771.5,0.46578947368421053
5467,sofa,bed,625.5806451612904,0.5236842105263158
5468,sofa,chicken,599.0,0.5236842105263158
5469,soft,cotton,637.8666666666667,0.4636842105263157
5470,soft,package,619.6,0.4636842105263157
5471,softball,girls,623.258064516129,0.4931578947368421
5472,softball,world,571.3125,0.4931578947368421
5473,soil,dirt,563.5,0.4789473684210526
5474,soil,marry,665.7586206896551,0.4789473684210526
5475,soldier,brave,656.8620689655172,0.5368421052631579
5476,soldier,goose,702.0333333333333,0.5368421052631579
5477,solid,questions,716.9310344827586,0.37526315789473685
5478,solid,stripe,703.9,0.37526315789473685
5479,solo,course,695.59375,0.44157894736842107
5480,solo,self,625.2068965517242,0.44157894736842107
5481,solution,encourage,720.0909090909091,0.4005263157894737
5482,solution,problem,623.0,0.4005263157894737
5483,some,paint,614.25,0.606842105263158
5484,some,thing,591.625,0.606842105263158
5485,something,good,585.7878787878788,0.6973684210526315
5486,something,tuesday,760.3333333333334,0.6973684210526315
5487,sometimes,often,588.8,0.5715789473684211
5488,sometimes,trick,647.53125,0.5715789473684211
5489,son,butterfly,835.8709677419355,0.6052631578947368
5490,son,dad,630.7,0.6052631578947368
5491,song,sing,618.90625,0.5810526315789474
5492,song,tie,557.8148148148148,0.5810526315789474
5493,sonic,camp,705.4827586206897,0.3705263157894737
5494,sonic,sound,642.0645161290323,0.3705263157894737
5495,sonnet,candle,666.3870967741935,0.47789473684210526
5496,sonnet,poem,723.7777777777778,0.47789473684210526
5497,soon,general,704.84375,0.5968421052631578
5498,soon,late,640.78125,0.5968421052631578
5499,soot,black,670.8181818181819,0.44789473684210523
5500,soot,mad,684.8333333333334,0.44789473684210523
5501,soothe,calm,632.5333333333333,0.4868421052631579
5502,soothe,flag,661.4193548387096,0.4868421052631579
5503,sorority,clear,712.1935483870968,0.4352631578947368
5504,sorority,women,649.5483870967741,0.4352631578947368
5505,sorry,apology,691.4242424242424,0.64
5506,sorry,town,586.1612903225806,0.64
5507,sound,human,600.258064516129,0.4794736842105263
5508,sound,noise,639.78125,0.4794736842105263
5509,soup,monster,763.8387096774194,0.5657894736842105
5510,soup,vegetables,677.8387096774194,0.5657894736842105
5511,sour,lady,598.4375,0.44421052631578944
5512,sour,lemon,641.5333333333333,0.44421052631578944
5513,south,bake,668.448275862069,0.5242105263157895
5514,south,west,669.8125,0.5242105263157895
5515,southern,place,637.5806451612904,0.4663157894736842
5516,southern,states,645.3939393939394,0.4663157894736842
5517,sow,blame,605.0,0.4257894736842105
5518,sow,pig,658.0322580645161,0.4257894736842105
5519,spaghetti,hint,701.1428571428571,0.47631578947368414
5520,spaghetti,sauce,623.4516129032259,0.47631578947368414
5521,span,forest,712.0714285714286,0.33263157894736844
5522,span,wide,634.3870967741935,0.33263157894736844
5524,spank,cry,643.09375,0.3721052631578948
5525,spank,spread,670.1290322580645,0.3721052631578948
5526,spare,parts,653.5151515151515,0.44684210526315793
5527,spare,wool,644.7931034482758,0.44684210526315793
5528,spatula,fork,606.0625,0.5373684210526316
5529,spatula,student,681.4193548387096,0.5373684210526316
5530,special,important,794.34375,0.37894736842105264
5531,special,weird,628.0666666666667,0.37894736842105264
5532,specific,general,667.1379310344828,0.3836842105263158
5533,specific,gin,882.6111111111111,0.3836842105263158
5534,speed,fast,528.78125,0.4526315789473684
5535,speed,stop,644.3548387096774,0.4526315789473684
5536,spell,feet,569.34375,0.43631578947368416
5537,spell,magic,626.6,0.43631578947368416
5538,spend,purpose,668.40625,0.5052631578947369
5539,spend,shopping,621.6551724137931,0.5052631578947369
5540,sphinx,folder,641.9333333333333,0.3821052631578947
5541,sphinx,pyramid,738.483870967742,0.3821052631578947
5542,spicy,pepper,614.90625,0.5626315789473685
5543,spicy,spring,764.09375,0.5626315789473685
5544,spider,soda,647.9,0.4278947368421053
5545,spider,web,660.2258064516129,0.4278947368421053
5546,spill,drop,670.53125,0.38052631578947366
5547,spill,her,652.5625,0.38052631578947366
5548,spin,circle,650.1515151515151,0.4136842105263158
5549,spin,daring,732.3870967741935,0.4136842105263158
5550,spinach,cabbage,681.4848484848485,0.5542105263157895
5551,spinach,cats,686.9354838709677,0.5542105263157895
5552,spine,lace,735.3928571428571,0.48736842105263156
5553,spine,less,636.40625,0.48736842105263156
5554,spit,fat,590.5625,0.44157894736842107
5555,spit,mouth,666.96875,0.44157894736842107
5556,splinter,foot,624.0,0.32315789473684214
5557,splinter,okay,599.0666666666667,0.32315789473684214
5558,split,operation,786.0967741935484,0.46842105263157896
5559,split,second,615.0625,0.46842105263157896
5560,spoiled,cloudy,685.59375,0.47526315789473683
5561,spoiled,rotten,794.6774193548387,0.47526315789473683
5562,sponge,monthly,805.7586206896551,0.44421052631578944
5563,sponge,ocean,690.1333333333333,0.44421052631578944
5564,spontaneous,doe,955.1666666666666,0.38947368421052636
5565,spontaneous,quick,606.4516129032259,0.38947368421052636
5566,spool,sew,620.6296296296297,0.3757894736842105
5567,spool,shell,669.71875,0.3757894736842105
5568,spot,stain,724.4642857142857,0.39894736842105266
5569,spot,stick,708.4193548387096,0.39894736842105266
5570,spotless,pot,743.78125,0.3626315789473684
5571,spotless,spot,705.6875,0.3626315789473684
5574,spouse,husband,629.2903225806451,0.4852631578947369
5575,spouse,toes,738.9354838709677,0.4852631578947369
5576,sprain,ankle,610.5333333333333,0.5610526315789474
5577,sprain,like,617.1612903225806,0.5610526315789474
5578,spray,children,635.9354838709677,0.46578947368421053
5579,spray,hair,583.8666666666667,0.46578947368421053
5580,spread,apart,663.9375,0.4073684210526316
5581,spread,grasp,862.7083333333334,0.4073684210526316
5582,spree,pants,687.1290322580645,0.34736842105263155
5583,spree,shopping,678.2727272727273,0.34736842105263155
5584,spring,newton,887.1818181818181,0.47105263157894744
5585,spring,summer,651.3548387096774,0.47105263157894744
5586,sprinkle,chocolate,636.9032258064516,0.5073684210526316
5587,sprinkle,lie,675.0645161290323,0.5073684210526316
5588,squad,police,583.1333333333333,0.40263157894736845
5589,squad,straight,685.0625,0.40263157894736845
5590,square,bomb,773.21875,0.38105263157894737
5591,square,box,610.5806451612904,0.38105263157894737
5592,squash,reef,882.1153846153846,0.44842105263157894
5593,squash,tomato,698.7333333333333,0.44842105263157894
5594,squeak,hear,617.7586206896551,0.40789473684210525
5595,squeak,mouse,596.2903225806451,0.40789473684210525
5596,squeal,pig,620.9354838709677,0.5021052631578947
5597,squeal,teeth,665.7096774193549,0.5021052631578947
5598,squid,octopus,737.4516129032259,0.4842105263157894
5599,squid,stream,680.28125,0.4842105263157894
5600,squint,eye,591.9375,0.471578947368421
5601,squint,mother,617.9090909090909,0.471578947368421
5602,stable,concert,627.1612903225806,0.3757894736842105
5603,stable,okay,670.1290322580645,0.3757894736842105
5604,stack,pancakes,704.0,0.3526315789473684
5605,stack,wait,625.3548387096774,0.3526315789473684
5606,stadium,card,588.8965517241379,0.4047368421052632
5607,stadium,concert,699.0645161290323,0.4047368421052632
5608,stag,doe,762.1428571428571,0.3310526315789474
5609,stag,id,953.0833333333334,0.3310526315789474
5610,stain,artist,672.28125,0.45368421052631575
5611,stain,spot,684.3870967741935,0.45368421052631575
5612,stair,grand,690.8709677419355,0.46263157894736845
5613,stair,way,685.65625,0.46263157894736845
5614,stairs,climb,708.0322580645161,0.5273684210526316
5615,stairs,wind,619.9354838709677,0.5273684210526316
5616,stairway,embarrass,756.3333333333334,0.4463157894736842
5617,stairway,stairs,632.03125,0.4463157894736842
5618,stale,bread,714.5333333333333,0.4047368421052632
5619,stale,first,626.125,0.4047368421052632
5620,stalk,bean,674.09375,0.4636842105263157
5621,stalk,fight,732.5,0.4636842105263157
5622,stall,hold,680.9666666666667,0.36894736842105263
5623,stall,satin,867.6086956521739,0.36894736842105263
5624,stamp,below,691.1379310344828,0.35157894736842105
5625,stamp,card,651.7,0.35157894736842105
5626,stand,danger,597.4375,0.541578947368421
5627,stand,fall,559.483870967742,0.541578947368421
5628,standard,anger,612.483870967742,0.3389473684210526
5629,standard,normal,674.1935483870968,0.3389473684210526
5630,stapler,self,642.40625,0.44526315789473686
5631,stapler,staple,670.84375,0.44526315789473686
5632,starch,australia,815.0,0.5052631578947369
5633,starch,bleach,683.0,0.5052631578947369
5634,start,begin,686.1612903225806,0.5489473684210526
5635,start,princess,706.1612903225806,0.5489473684210526
5636,starving,hungry,569.6774193548387,0.53
5637,starving,lend,770.44,0.53
5638,state,florida,672.3333333333334,0.4047368421052632
5639,state,quiet,623.6875,0.4047368421052632
5640,station,bake,663.9642857142857,0.43210526315789477
5641,station,train,677.6129032258065,0.43210526315789477
5642,statistics,business,909.548387096774,0.38473684210526315
5643,statistics,days,597.6875,0.38473684210526315
5644,statue,liberty,601.7931034482758,0.4626315789473684
5645,statue,sentence,727.2666666666667,0.4626315789473684
5646,steak,fiction,742.0666666666667,0.5731578947368421
5647,steak,fries,655.1666666666666,0.5731578947368421
5648,steal,beg,737.2333333333333,0.5410526315789473
5649,steal,island,581.7741935483871,0.5410526315789473
5650,steam,gas,574.9375,0.4568421052631579
5651,steam,lettuce,929.0714285714286,0.4568421052631579
5652,steel,metal,695.9333333333333,0.4957894736842105
5653,steel,obstacle,886.9666666666667,0.4957894736842105
5654,steep,hill,694.6333333333333,0.5042105263157894
5655,steep,jelly,584.5806451612904,0.5042105263157894
5656,steeple,point,630.0645161290323,0.42263157894736847
5657,steeple,tie,717.7666666666667,0.42263157894736847
5658,steer,drive,718.6451612903226,0.378421052631579
5659,steer,red,568.4333333333333,0.378421052631579
5660,stench,slut,719.074074074074,0.5347368421052632
5661,stench,smell,614.0967741935484,0.5347368421052632
5662,step,motion,704.6451612903226,0.48473684210526313
5663,step,stair,617.9,0.48473684210526313
5664,steps,guilt,698.3333333333334,0.42105263157894735
5665,steps,stairs,602.1212121212121,0.42105263157894735
5666,stereotype,prejudice,678.59375,0.45631578947368423
5667,stereotype,virgin,692.6774193548387,0.45631578947368423
5668,stew,salt,706.4666666666667,0.5468421052631579
5669,stew,soup,641.25,0.5468421052631579
5670,stewardess,east,698.7931034482758,0.4605263157894737
5671,stewardess,hostess,785.7741935483871,0.4605263157894737
5672,stick,stone,768.8888888888889,0.5094736842105263
5673,stick,sunday,592.59375,0.5094736842105263
5674,sticker,clean,660.34375,0.3973684210526316
5675,sticker,glue,735.3125,0.3973684210526316
5676,still,quiet,591.28125,0.6342105263157896
5677,still,similar,827.258064516129,0.6342105263157896
5678,stimulus,monk,810.7241379310345,0.45210526315789473
5679,stimulus,reaction,617.7096774193549,0.45210526315789473
5680,sting,exit,709.5,0.3826315789473684
5681,sting,police,663.1290322580645,0.3826315789473684
5682,stir,ignore,669.9310344827586,0.4421052631578948
5683,stir,spoon,626.9333333333333,0.4421052631578948
5684,stitch,lesson,641.5806451612904,0.4489473684210526
5685,stitch,wound,662.09375,0.4489473684210526
5686,stock,lawsuit,679.2258064516129,0.45473684210526316
5687,stock,market,650.6875,0.45473684210526316
5688,stocking,hose,720.0,0.3589473684210526
5689,stocking,writer,691.3,0.3589473684210526
5690,stolen,film,698.483870967742,0.5078947368421053
5691,stolen,property,704.3333333333334,0.5078947368421053
5692,stomach,ache,657.6551724137931,0.5142105263157895
5693,stomach,protection,774.448275862069,0.5142105263157895
5694,stoned,drunk,634.516129032258,0.42157894736842105
5695,stoned,sauce,759.6451612903226,0.42157894736842105
5696,stool,republican,775.5806451612904,0.3857894736842105
5697,stool,sit,671.0666666666667,0.3857894736842105
5698,stopper,hate,659.09375,0.4152631578947369
5699,stopper,lid,708.5555555555555,0.4152631578947369
5700,storage,emotion,611.5483870967741,0.4221052631578947
5701,storage,keep,698.40625,0.4221052631578947
5702,store,groceries,799.7142857142857,0.5021052631578947
5703,store,pool,585.3125,0.5021052631578947
5704,storm,ashtray,943.809523809524,0.5026315789473684
5705,storm,lightning,628.6774193548387,0.5026315789473684
5706,stove,kitchen,593.53125,0.4794736842105263
5707,stove,shape,679.5483870967741,0.4794736842105263
5708,straight,africa,696.6666666666666,0.5105263157894736
5709,straight,narrow,643.3448275862069,0.5105263157894736
5710,strain,back,613.84375,0.39473684210526316
5711,strain,cup,669.9032258064516,0.39473684210526316
5712,strand,string,656.3870967741935,0.27789473684210525
5713,strand,unfair,723.3793103448276,0.27789473684210525
5714,strategy,plan,631.75,0.3657894736842105
5715,strategy,separate,730.5,0.3657894736842105
5716,stream,keep,635.9655172413793,0.43894736842105264
5717,stream,river,632.9666666666667,0.43894736842105264
5718,street,health,716.875,0.4694736842105263
5719,street,road,700.2121212121212,0.4694736842105263
5720,stress,anxiety,775.1290322580645,0.4652631578947368
5721,stress,vegetables,737.0666666666667,0.4652631578947368
5722,stretch,exercise,705.2903225806451,0.40789473684210525
5723,strike,nothing,672.75,0.4326315789473685
5724,strike,picket,911.4444444444443,0.4326315789473685
5725,string,sing,690.4333333333333,0.4431578947368421
5726,string,tie,629.8064516129032,0.4431578947368421
5727,strip,course,730.9666666666667,0.3757894736842105
5728,strip,naked,667.1612903225806,0.3757894736842105
5731,strive,achieve,686.0666666666667,0.4336842105263158
5732,strive,reel,1031.5625,0.4336842105263158
5733,stroke,feel,669.0333333333333,0.4136842105263158
5734,stroke,forgive,576.6333333333333,0.4136842105263158
5735,strong,arm,657.3793103448276,0.4747368421052631
5736,strong,narrow,771.3333333333334,0.4747368421052631
5737,stub,same,728.4642857142857,0.33947368421052626
5738,stub,toe,657.25,0.33947368421052626
5739,stuck,mud,711.3448275862069,0.5042105263157894
5740,stuck,swallow,708.9666666666667,0.5042105263157894
5741,student,jeans,658.6129032258065,0.5063157894736842
5742,student,teacher,558.125,0.5063157894736842
5743,study,catholic,779.46875,0.43105263157894735
5744,study,work,576.8387096774194,0.43105263157894735
5745,stuff,relax,658.5,0.5800000000000001
5746,stuff,trash,629.8125,0.5800000000000001
5747,stumble,let,666.75,0.3763157894736842
5748,stumble,trip,646.2121212121212,0.3763157894736842
5749,stump,billy,844.0,0.37473684210526315
5750,stump,puzzle,571.90625,0.37473684210526315
5751,sty,knight,762.3,0.3468421052631579
5752,sty,sly,736.4666666666667,0.3468421052631579
5753,style,family,646.0322580645161,0.45368421052631575
5754,style,personality,630.8709677419355,0.45368421052631575
5755,sub,needle,661.0967741935484,0.32210526315789473
5756,sub,sandwich,555.3225806451613,0.32210526315789473
5757,subject,class,655.4,0.35315789473684206
5758,subject,vomit,776.5,0.35315789473684206
5759,substance,chemistry,598.4193548387096,0.4452631578947368
5760,substance,legs,681.4666666666667,0.4452631578947368
5761,subtle,hint,643.2758620689655,0.42894736842105263
5762,subtle,mud,657.0,0.42894736842105263
5763,subtract,men,631.1818181818181,0.42684210526315786
5764,subtract,multiply,803.3548387096774,0.42684210526315786
5765,subtraction,addition,729.4516129032259,0.42947368421052634
5766,subtraction,metal,658.6333333333333,0.42947368421052634
5767,suburb,near,615.1612903225806,0.40789473684210525
5768,suburb,neighborhood,837.75,0.40789473684210525
5769,success,failure,712.1666666666666,0.3973684210526316
5770,success,find,655.8125,0.3973684210526316
5771,suck,spit,809.5666666666667,0.5063157894736842
5772,suck,three,600.8787878787879,0.5063157894736842
5773,suds,bath,621.3548387096774,0.37526315789473685
5774,suds,dirty,735.6333333333333,0.37526315789473685
5775,suede,leather,620.2666666666667,0.4636842105263157
5776,suede,unemploymen,910.896551724138,0.4636842105263157
5777,suffocate,die,681.483870967742,0.47263157894736846
5778,suffocate,women,606.2666666666667,0.47263157894736846
5779,sugar,coffee,597.09375,0.4905263157894737
5780,sugar,law,608.2666666666667,0.4905263157894737
5781,suggest,advice,600.9375,0.48052631578947375
5782,suggest,misunderstand,1007.09375,0.48052631578947375
5783,suggestion,idea,591.7096774193549,0.4168421052631579
5784,suggestion,storm,686.1875,0.4168421052631579
5785,suitcase,hypnotize,895.5333333333333,0.5063157894736842
5786,suitcase,luggage,635.5454545454545,0.5063157894736842
5787,suite,desk,651.9310344827586,0.4326315789473685
5788,suite,hotel,656.8387096774194,0.4326315789473685
5789,sum,accuse,745.7857142857143,0.38947368421052636
5790,sum,add,635.3,0.38947368421052636
5791,summary,end,636.0666666666667,0.36052631578947364
5792,summary,new,687.2258064516129,0.36052631578947364
5793,summer,middle,682.5,0.49000000000000005
5794,summer,winter,671.7575757575758,0.49000000000000005
5795,summit,destroy,637.40625,0.39052631578947367
5796,summit,peak,642.96875,0.39052631578947367
5797,sun,tan,641.448275862069,0.49157894736842106
5798,sun,zit,793.25,0.49157894736842106
5799,sunday,home,729.9,0.5615789473684211
5800,sunday,weekend,576.483870967742,0.5615789473684211
5801,sunny,cloudy,679.03125,0.52
5802,sunny,computer,665.8181818181819,0.52
5803,sunrise,sunset,692.483870967742,0.4405263157894737
5804,sunrise,trait,852.0,0.4405263157894737
5805,sunset,moon,698.375,0.45105263157894737
5806,sunset,title,711.9032258064516,0.45105263157894737
5807,super,alone,793.9666666666667,0.4368421052631579
5808,super,me,601.5806451612904,0.4368421052631579
5809,superior,inferior,639.1290322580645,0.3836842105263158
5810,superior,tall,608.5862068965517,0.3836842105263158
5811,superstition,belief,734.59375,0.45473684210526316
5812,superstition,rule,575.258064516129,0.45473684210526316
5813,supervisor,snow,664.4827586206897,0.4068421052631579
5814,supervisor,teacher,651.9090909090909,0.4068421052631579
5815,support,beam,736.59375,0.3768421052631579
5816,support,chip,687.6774193548387,0.3768421052631579
5817,suppose,assume,623.78125,0.6042105263157895
5818,suppose,tumble,770.952380952381,0.6042105263157895
5819,sure,positive,661.6774193548387,0.7094736842105263
5820,sure,steal,736.2413793103449,0.7094736842105263
5821,surface,people,641.1290322580645,0.48368421052631577
5822,surface,top,638.5666666666667,0.48368421052631577
5823,surgeon,surgery,784.40625,0.523157894736842
5824,surgeon,trailer,731.2333333333333,0.523157894736842
5825,surgery,hall,744.4333333333333,0.5826315789473684
5826,surgery,operation,665.28125,0.5826315789473684
5827,surprise,field,641.551724137931,0.47263157894736846
5828,surprise,shock,715.9666666666667,0.47263157894736846
5829,surrounding,arm,639.7666666666667,0.36736842105263157
5830,surrounding,around,624.59375,0.36736842105263157
5831,surroundings,ball,580.65625,0.40631578947368424
5832,surroundings,environment,748.875,0.40631578947368424
5833,survey,immature,777.7,0.35736842105263156
5834,survey,questions,653.6875,0.35736842105263156
5835,survive,live,592.21875,0.5089473684210526
5836,survive,tomato,697.2666666666667,0.5089473684210526
5837,suspect,jail,633.741935483871,0.5189473684210526
5838,suspect,sell,587.0333333333333,0.5189473684210526
5839,swamp,alligator,701.1724137931035,0.44526315789473686
5840,swamp,medicine,609.4516129032259,0.44526315789473686
5841,swan,dive,661.1481481481482,0.3721052631578947
5842,swan,machine,708.9032258064516,0.3721052631578947
5843,swap,boys,628.5625,0.3336842105263158
5844,swap,trade,606.1851851851852,0.3336842105263158
5845,swatter,bat,744.5625,0.4863157894736842
5846,swatter,drip,785.03125,0.4863157894736842
5847,swear,pencil,628.0625,0.5631578947368422
5848,swear,promise,644.8666666666667,0.5631578947368422
5849,sweater,assume,665.2903225806451,0.5636842105263158
5850,sweater,jacket,710.78125,0.5636842105263158
5851,sweet,chief,629.8275862068965,0.5373684210526316
5852,sweet,sour,632.875,0.5373684210526316
5853,sweetheart,energy,709.125,0.6463157894736842
5854,sweetheart,girlfriend,749.25,0.6463157894736842
5855,swift,bar,599.1935483870968,0.3589473684210526
5856,swift,move,625.4545454545455,0.3589473684210526
5857,swimmer,jogger,737.2857142857143,0.5194736842105264
5858,swimmer,ribs,681.0,0.5194736842105264
5859,swing,hundred,665.3793103448276,0.458421052631579
5860,swing,park,584.8965517241379,0.458421052631579
5863,swoon,billy,911.2068965517242,0.49684210526315786
5864,swoon,faint,736.75,0.49684210526315786
5865,sword,bathroom,596.3,0.5421052631578948
5866,sword,knight,610.1935483870968,0.5421052631578948
5867,sympathy,sorrow,647.15625,0.46842105263157896
5868,sympathy,sour,678.8333333333334,0.46842105263157896
5869,symphony,boring,656.40625,0.5257894736842106
5870,symphony,code,655.3870967741935,0.5257894736842106
5871,synagogue,night,544.2413793103449,0.45526315789473687
5872,synagogue,temple,677.2333333333333,0.45526315789473687
5873,synopsis,dad,660.741935483871,0.39263157894736844
5874,synopsis,summary,712.15625,0.39263157894736844
5875,syrup,brain,694.6333333333333,0.47368421052631576
5876,syrup,pancakes,682.0,0.47368421052631576
5877,system,beer,643.0666666666667,0.37105263157894736
5878,system,computer,613.375,0.37105263157894736
5879,tablet,pill,677.8709677419355,0.38842105263157894
5880,tablet,warm,639.3636363636364,0.38842105263157894
5881,tablet,yes,586.9666666666667,0.38842105263157894
5882,tack,great,622.2666666666667,0.36684210526315786
5883,tack,nail,648.5862068965517,0.36684210526315786
5884,tackle,defense,727.8387096774194,0.3821052631578947
5885,tackle,on,759.3666666666667,0.3821052631578947
5886,tactful,careful,647.7931034482758,0.44263157894736843
5887,tactful,something,623.125,0.44263157894736843
5888,tag,grab,663.6923076923077,0.3563157894736842
5889,tag,wednesday,650.09375,0.3563157894736842
5890,talent,record,652.1333333333333,0.47105263157894733
5891,talent,skill,652.6129032258065,0.47105263157894733
5892,talk,rabbit,646.71875,0.6452631578947369
5893,talk,speak,671.7,0.6452631578947369
5894,tall,flute,700.2666666666667,0.5184210526315789
5895,tall,short,696.4,0.5184210526315789
5896,tame,plate,807.741935483871,0.3978947368421053
5897,tame,wild,716.09375,0.3978947368421053
5898,tan,code,633.7741935483871,0.4257894736842105
5899,tan,dark,611.15625,0.4257894736842105
5900,tangerine,money,539.7741935483871,0.43315789473684213
5901,tangerine,orange,607.34375,0.43315789473684213
5902,tangy,strict,715.5,0.641578947368421
5903,tangy,tart,675.4782608695652,0.641578947368421
5904,tank,bump,739.5806451612904,0.4278947368421053
5905,tank,war,754.8709677419355,0.4278947368421053
5906,tape,health,618.2258064516129,0.48157894736842105
5907,tape,record,645.8387096774194,0.48157894736842105
5908,tar,explain,679.3225806451613,0.3731578947368421
5909,tar,roof,596.1612903225806,0.3731578947368421
5910,tardy,ear,666.53125,0.38473684210526315
5911,tardy,late,626.0,0.38473684210526315
5912,tarnish,dull,707.4074074074074,0.3794736842105263
5913,tarnish,heavy,584.9032258064516,0.3794736842105263
5914,tart,candy,604.34375,0.4621052631578947
5915,tart,welcome,644.6875,0.4621052631578947
5918,task,halloween,665.6969696969697,0.39789473684210525
5919,task,job,577.3225806451613,0.39789473684210525
5920,taste,achieve,677.1612903225806,0.5389473684210526
5921,taste,sour,735.2758620689655,0.5389473684210526
5922,tasty,scared,716.0333333333333,0.5836842105263159
5923,tasty,treat,613.9677419354839,0.5836842105263159
5924,tax,government,772.0645161290323,0.4847368421052632
5925,tax,sample,682.8214285714286,0.4847368421052632
5926,taxi,cab,645.7,0.5210526315789474
5927,taxi,shoes,625.96875,0.5210526315789474
5928,teach,learn,738.5,0.5342105263157895
5929,teach,loud,553.15625,0.5342105263157895
5930,teacher,chief,587.78125,0.5426315789473685
5931,teacher,smart,669.6,0.5426315789473685
5932,team,baseball,701.060606060606,0.45368421052631575
5933,team,naked,677.0625,0.45368421052631575
5934,tear,fungus,850.9230769230769,0.43105263157894735
5935,tear,rip,734.25,0.43105263157894735
5938,tease,assistant,689.3870967741935,0.4421052631578948
5939,tease,flirt,606.6129032258065,0.4421052631578948
5940,technique,style,682.7666666666667,0.4405263157894737
5941,technique,touch,695.125,0.4405263157894737
5942,technology,dream,661.9677419354839,0.4673684210526316
5943,technology,future,711.8,0.4673684210526316
5944,teenager,adolescent,682.1,0.498421052631579
5945,teenager,back,716.741935483871,0.498421052631579
5946,television,radio,596.59375,0.5463157894736842
5947,television,trees,695.2258064516129,0.5463157894736842
5948,tell,purple,618.2727272727273,0.6852631578947368
5949,tell,say,566.4516129032259,0.6852631578947368
5950,teller,bank,607.9655172413793,0.3521052631578947
5951,teller,sweat,757.3333333333334,0.3521052631578947
5952,temper,tantrum,894.2857142857143,0.46157894736842103
5953,temper,wander,790.7857142857143,0.46157894736842103
5954,temperature,climate,647.6060606060606,0.48999999999999994
5955,temperature,homeless,751.03125,0.48999999999999994
5956,temple,church,547.6129032258065,0.47421052631578947
5957,temple,rotten,791.8275862068965,0.47421052631578947
5958,ten,eleven,764.5483870967741,0.718421052631579
5959,ten,sheep,764.8387096774194,0.718421052631579
5960,tend,society,594.46875,0.48210526315789476
5961,tend,watch,586.34375,0.48210526315789476
5962,tendency,grill,665.7096774193549,0.4431578947368421
5963,tendency,habit,670.741935483871,0.4431578947368421
5964,tenor,cancer,672.7,0.49105263157894735
5965,tenor,soprano,885.4814814814815,0.49105263157894735
5966,tense,book,638.0,0.42157894736842105
5967,tense,situation,684.3333333333334,0.42157894736842105
5968,tension,dry,589.84375,0.4247368421052632
5969,tension,stress,606.741935483871,0.4247368421052632
5970,tent,area,636.8965517241379,0.4568421052631579
5971,tent,camp,597.0333333333333,0.4568421052631579
5972,term,ankle,637.939393939394,0.34842105263157896
5973,term,definition,733.7666666666667,0.34842105263157896
5974,terrible,specific,777.0,0.5689473684210526
5975,terrible,two,630.1612903225806,0.5689473684210526
5976,terror,fear,545.96875,0.4247368421052632
5977,terror,tight,674.6,0.4247368421052632
5978,testify,clam,777.76,0.501578947368421
5979,testify,confess,742.8666666666667,0.501578947368421
5980,text,advice,705.4516129032259,0.39473684210526316
5981,text,expensive,732.46875,0.39473684210526316
5982,thanks,succeed,657.3125,0.6578947368421053
5983,thanks,welcome,638.6774193548387,0.6578947368421053
5984,theorem,fortune,776.1034482758621,0.531578947368421
5985,theorem,guess,676.4516129032259,0.531578947368421
5986,therapy,massage,767.96875,0.4931578947368421
5987,therapy,offense,697.6206896551724,0.4931578947368421
5988,there,chocolate,698.84375,0.6494736842105263
5989,there,here,678.5806451612904,0.6494736842105263
5992,thesaurus,animal,608.5714285714286,0.3968421052631579
5993,thesaurus,words,612.3666666666667,0.3968421052631579
5994,thick,insurance,879.8,0.4784210526315789
5995,thick,thin,623.1333333333333,0.4784210526315789
5996,thief,box,565.1935483870968,0.5405263157894737
5997,thief,steal,643.46875,0.5405263157894737
5998,thigh,hip,698.2758620689655,0.5194736842105264
5999,thigh,pepper,635.8064516129032,0.5194736842105264
6000,thimble,shame,688.1,0.4031578947368421
6001,thimble,thumb,605.4516129032259,0.4031578947368421
6002,thin,run,616.8125,0.4189473684210527
6003,thin,small,664.25,0.4189473684210527
6004,thing,object,676.0333333333333,0.6494736842105263
6005,thing,ribs,679.7096774193549,0.6494736842105263
6006,think,bucket,644.2258064516129,0.756842105263158
6007,think,know,583.15625,0.756842105263158
6008,thinking,brain,652.28125,0.5942105263157895
6009,thinking,nephew,781.8571428571429,0.5942105263157895
6010,third,cars,594.3870967741935,0.5252631578947369
6011,third,three,605.40625,0.5252631578947369
6012,thirsty,constructio,765.0645161290323,0.481578947368421
6013,thirsty,dry,579.6875,0.481578947368421
6014,thought,stomach,653.9655172413793,0.6921052631578947
6015,thought,time,645.5625,0.6921052631578947
6016,threat,africa,791.0322580645161,0.4094736842105263
6017,threat,scare,805.1290322580645,0.4094736842105263
6018,three,four,776.516129032258,0.6510526315789474
6019,three,what,663.7741935483871,0.6510526315789474
6020,threshold,mail,621.4,0.3168421052631579
6021,threshold,marriage,608.5,0.3168421052631579
6022,thrift,heaven,640.71875,0.3078947368421053
6023,thrift,save,653.5483870967741,0.3078947368421053
6024,throat,cash,666.625,0.4336842105263158
6025,throat,cough,617.71875,0.4336842105263158
6026,throne,king,549.6071428571429,0.4973684210526315
6027,throne,mad,621.9333333333333,0.4973684210526315
6028,through,finished,707.2068965517242,0.4757894736842105
6029,through,long,771.09375,0.4757894736842105
6030,thumb,hitchhike,910.5,0.42000000000000004
6031,thumb,onion,662.3666666666667,0.42000000000000004
6032,thunder,done,621.46875,0.46
6033,thunder,lightning,683.5,0.46
6034,ticket,below,681.9310344827586,0.42947368421052634
6035,ticket,concert,667.0645161290323,0.42947368421052634
6036,tiger,beach,665.71875,0.4489473684210526
6037,tiger,orange,726.6875,0.4489473684210526
6038,tight,create,675.4137931034483,0.46
6039,tight,loose,620.8787878787879,0.46
6040,till,layer,662.9642857142857,0.5742105263157895
6041,till,then,629.5,0.5742105263157895
6042,time,angry,658.7741935483871,0.6110526315789473
6043,time,clock,676.7,0.6110526315789473
6044,times,days,714.6875,0.4689473684210526
6045,times,sand,605.1290322580645,0.4689473684210526
6046,tired,asleep,685.4375,0.5736842105263158
6047,tired,deep,612.6875,0.5736842105263158
6048,title,insurance,703.7931034482758,0.3663157894736842
6049,title,strawberry,760.0,0.3663157894736842
6050,toad,frog,618.28125,0.41210526315789475
6051,toad,tape,650.9310344827586,0.41210526315789475
6052,today,messy,765.7931034482758,0.5563157894736842
6053,today,tuesday,645.5483870967741,0.5563157894736842
6054,toe,foot,597.5806451612904,0.4584210526315789
6055,toe,ride,744.9677419354839,0.4584210526315789
6056,toenail,clipper,673.8965517241379,0.5
6057,toenail,six,625.9032258064516,0.5
6060,together,apart,721.71875,0.5163157894736843
6061,together,scratch,780.0,0.5163157894736843
6062,toilet,bathroom,588.7878787878788,0.5152631578947368
6063,toilet,greed,682.2666666666667,0.5152631578947368
6064,tomato,out,653.78125,0.5173684210526316
6065,tomato,vegetables,677.5625,0.5173684210526316
6066,tomb,cave,689.3793103448276,0.4826315789473684
6067,tomb,grave,681.0,0.4826315789473684
6068,tomorrow,cracker,694.4642857142857,0.6105263157894737
6069,tomorrow,wednesday,646.78125,0.6105263157894737
6070,ton,act,630.1935483870968,0.41210526315789475
6071,ton,lots,762.8275862068965,0.41210526315789475
6072,tone,hard,609.3333333333334,0.45789473684210524
6073,tone,sound,615.625,0.45789473684210524
6074,tonic,gin,703.75,0.4515789473684211
6075,tonic,skinny,619.1935483870968,0.4515789473684211
6078,toothpaste,fighter,707.5862068965517,0.4526315789473684
6079,toothpaste,toothbrush,701.2333333333333,0.4526315789473684
6080,top,board,678.71875,0.4094736842105263
6081,top,cover,618.3,0.4094736842105263
6082,topic,dream,608.46875,0.35736842105263156
6083,topic,subject,639.0,0.35736842105263156
6084,topping,bend,576.3870967741935,0.3521052631578947
6085,topping,fudge,695.8064516129032,0.3521052631578947
6086,torch,fire,592.3125,0.43736842105263163
6087,torch,loser,744.5,0.43736842105263163
6088,torn,apple,588.8064516129032,0.47631578947368425
6089,torn,hole,646.5454545454545,0.47631578947368425
6090,tortoise,syrup,741.4137931034483,0.3857894736842105
6091,tortoise,turtle,639.03125,0.3857894736842105
6092,torture,abuse,665.3666666666667,0.45473684210526316
6093,torture,angry,590.2121212121212,0.45473684210526316
6094,toss,builder,761.3548387096774,0.41947368421052633
6095,toss,throw,547.9666666666667,0.41947368421052633
6096,total,all,686.84375,0.4142105263157895
6097,total,zone,734.5806451612904,0.4142105263157895
6098,touch,feel,585.25,0.5426315789473685
6099,touch,finish,655.5483870967741,0.5426315789473685
6100,touchdown,scissors,727.6875,0.46578947368421053
6101,touchdown,seven,678.8709677419355,0.46578947368421053
6102,tour,france,701.2,0.4073684210526316
6103,tour,love,592.5483870967741,0.4073684210526316
6104,tourist,camera,748.8333333333334,0.3931578947368421
6105,tourist,lemon,722.1935483870968,0.3931578947368421
6106,tow,carry,616.8333333333334,0.4326315789473685
6107,tow,government,842.78125,0.4326315789473685
6108,towel,cloth,621.34375,0.4678947368421053
6109,towel,trait,735.3333333333334,0.4678947368421053
6110,toy,chain,711.03125,0.42894736842105263
6111,toy,doll,561.8214285714286,0.42894736842105263
6114,trace,conservative,714.741935483871,0.4352631578947368
6115,trace,evidence,676.59375,0.4352631578947368
6116,tractor,arms,668.40625,0.4378947368421053
6117,tractor,trailer,592.8387096774194,0.4378947368421053
6118,trade,action,657.375,0.4094736842105263
6119,trade,wind,616.5151515151515,0.4094736842105263
6120,tradition,always,619.9333333333333,0.3978947368421053
6121,tradition,deer,720.3793103448276,0.3978947368421053
6122,traffic,liar,653.7586206896551,0.4610526315789474
6123,traffic,sign,688.9655172413793,0.4610526315789474
6124,trail,minor,767.9032258064516,0.4015789473684211
6125,trail,path,767.34375,0.4015789473684211
6126,train,shallow,830.71875,0.49947368421052635
6127,train,station,678.40625,0.49947368421052635
6128,trait,build,648.5,0.4342105263157895
6129,trait,characteris,884.741935483871,0.4342105263157895
6130,traitor,explain,692.8387096774194,0.4747368421052631
6131,traitor,liar,683.96875,0.4747368421052631
6132,tramp,homework,773.15625,0.4
6133,tramp,slut,632.78125,0.4
6134,trance,explosion,748.5333333333333,0.4131578947368421
6135,trance,hypnotize,764.9655172413793,0.4131578947368421
6136,tranquil,easy,638.65625,0.5378947368421053
6137,tranquil,here,615.5151515151515,0.5378947368421053
6138,transparent,goo,917.1538461538462,0.3836842105263158
6139,transparent,tape,578.75,0.3836842105263158
6140,transplant,heart,610.0322580645161,0.48947368421052634
6141,transplant,last,685.46875,0.48947368421052634
6142,transportation,train,660.8095238095239,0.40789473684210525
6143,trauma,home,704.516129032258,0.5052631578947369
6144,trauma,shock,648.1034482758621,0.5052631578947369
6145,travel,cheap,677.6206896551724,0.4410526315789474
6146,travel,fly,586.4193548387096,0.4410526315789474
6147,tread,float,784.7741935483871,0.3878947368421053
6148,tread,speak,659.78125,0.3878947368421053
6149,treasure,argue,772.0689655172414,0.4147368421052631
6150,treasure,chest,702.5625,0.4147368421052631
6151,treatment,disease,713.2,0.47526315789473683
6152,treatment,eight,713.7096774193549,0.47526315789473683
6153,treble,bass,651.4375,0.4052631578947368
6154,treble,oil,665.0967741935484,0.4052631578947368
6155,tree,atom,740.1071428571429,0.5005263157894737
6156,tree,leaf,648.78125,0.5005263157894737
6159,trench,coat,592.9677419354839,0.44789473684210523
6160,trench,order,585.96875,0.44789473684210523
6161,trend,fad,737.3076923076923,0.37105263157894736
6162,trend,wire,624.483870967742,0.37105263157894736
6163,tribe,indian,865.3125,0.4247368421052632
6164,tribe,refrigerator,845.0967741935484,0.4247368421052632
6165,trick,eggs,604.741935483871,0.45210526315789473
6166,trick,treat,618.6060606060606,0.45210526315789473
6167,tricycle,bicycle,596.8709677419355,0.39
6168,tricycle,under,632.8064516129032,0.39
6169,trip,exact,702.4827586206897,0.5036842105263158
6170,trip,vacation,716.1666666666666,0.5036842105263158
6171,triumph,strawberry,697.2903225806451,0.42947368421052634
6172,triumph,win,647.0333333333333,0.42947368421052634
6173,trombone,band,614.09375,0.5615789473684211
6174,trombone,head,693.59375,0.5615789473684211
6175,tropical,neighborhood,708.741935483871,0.46315789473684216
6176,tropical,storm,623.9,0.46315789473684216
6177,trot,horse,700.1333333333333,0.37894736842105264
6178,trot,leave,627.8125,0.37894736842105264
6179,truce,even,710.0967741935484,0.40842105263157896
6180,truce,simple,605.875,0.40842105263157896
6181,truck,driver,635.4242424242424,0.55
6182,truck,system,607.551724137931,0.55
6183,trunk,scientist,745.4,0.42526315789473684
6184,trunk,storage,596.0967741935484,0.42526315789473684
6185,trust,cloudy,702.9310344827586,0.5178947368421053
6186,trust,faith,689.1290322580645,0.5178947368421053
6187,trustworthy,friend,596.96875,0.4257894736842105
6188,trustworthy,stare,695.9677419354839,0.4257894736842105
6189,truthful,honest,560.1875,0.41842105263157897
6190,truthful,leaf,628.6774193548387,0.41842105263157897
6191,try,attempt,556.3666666666667,0.6263157894736843
6192,try,truth,731.1,0.6263157894736843
6193,tub,bucket,616.8965517241379,0.46
6194,tub,guess,578.1290322580645,0.46
6195,tuba,directions,778.2,0.48736842105263156
6196,tuba,instrument,659.4074074074074,0.48736842105263156
6197,tube,america,737.8666666666667,0.4878947368421052
6198,tube,toothpaste,734.0645161290323,0.4878947368421052
6199,tuesday,basketball,701.2727272727273,0.6236842105263158
6200,tuesday,wednesday,657.78125,0.6236842105263158
6201,tulip,flower,567.3666666666667,0.36736842105263157
6202,tulip,poetry,637.7,0.36736842105263157
6203,tumble,down,629.09375,0.3468421052631579
6204,tumble,fist,701.4827586206897,0.3468421052631579
6205,tumor,bad,649.71875,0.5821052631578948
6206,tumor,cancer,631.84375,0.5821052631578948
6207,tuna,sandwich,701.2333333333333,0.5389473684210526
6208,tuna,shot,602.78125,0.5389473684210526
6209,tune,before,680.741935483871,0.5247368421052632
6210,tune,music,573.0967741935484,0.5247368421052632
6211,tunnel,elephant,629.3333333333334,0.44263157894736843
6212,tunnel,under,665.1290322580645,0.44263157894736843
6213,tupperware,criminal,802.625,0.4368421052631579
6214,tupperware,plastic,657.65625,0.4368421052631579
6215,turn,off,639.3939393939394,0.5342105263157895
6216,turn,say,602.8064516129032,0.5342105263157895
6217,turnip,bitch,664.969696969697,0.4663157894736842
6218,turnip,carrot,631.78125,0.4663157894736842
6219,tusk,elephant,677.1935483870968,0.44684210526315793
6220,tusk,mold,741.6666666666666,0.44684210526315793
6221,tutu,april,649.5666666666667,0.33947368421052626
6222,tutu,ballet,772.15625,0.33947368421052626
6223,tuxedo,growth,863.6333333333333,0.43052631578947365
6224,tuxedo,prom,736.1428571428571,0.43052631578947365
6225,twice,horse,667.258064516129,0.4905263157894737
6226,twice,once,588.3548387096774,0.4905263157894737
6227,twig,branch,724.3225806451613,0.4473684210526316
6228,twig,crack,701.125,0.4473684210526316
6229,twilight,being,594.46875,0.3952631578947368
6230,twilight,zone,660.3666666666667,0.3952631578947368
6231,twin,short,641.6,0.39052631578947367
6232,twin,sister,568.34375,0.39052631578947367
6233,twinkle,excited,770.09375,0.41578947368421054
6234,twinkle,star,653.1935483870968,0.41578947368421054
6235,twist,treat,700.1333333333333,0.4168421052631579
6236,twist,turn,625.59375,0.4168421052631579
6237,twister,concrete,742.0,0.3484210526315789
6238,twister,movie,601.0322580645161,0.3484210526315789
6239,two,precise,648.3793103448276,0.6510526315789473
6240,two,three,613.9354838709677,0.6510526315789473
6241,type,kind,724.34375,0.3857894736842105
6242,type,swamp,836.1333333333333,0.3857894736842105
6243,typhoon,hurricane,652.375,0.40578947368421053
6244,typhoon,ship,646.8333333333334,0.40578947368421053
6245,typist,france,705.8333333333334,0.41578947368421054
6246,typist,secretary,840.0,0.41578947368421054
6247,umbrella,rain,573.0625,0.37526315789473685
6248,umbrella,sorority,841.5862068965517,0.37526315789473685
6249,umpire,puke,724.8928571428571,0.4557894736842105
6250,umpire,referee,776.9354838709677,0.4557894736842105
6251,unaware,aware,673.9032258064516,0.42368421052631583
6252,unaware,gold,581.5483870967741,0.42368421052631583
6253,unclear,fog,669.2903225806451,0.4094736842105263
6254,unclear,mind,650.15625,0.4094736842105263
6255,uncommon,cologne,783.0,0.4242105263157895
6256,uncommon,weird,589.6666666666666,0.4242105263157895
6257,unconscious,asleep,711.6,0.46842105263157896
6258,unconscious,live,589.9090909090909,0.46842105263157896
6259,uncooked,gift,646.5172413793103,0.5094736842105263
6260,uncooked,raw,623.8181818181819,0.5094736842105263
6261,undecided,unknown,652.1379310344828,0.33052631578947367
6262,undecided,vacation,653.7272727272727,0.33052631578947367
6263,under,australia,956.7741935483872,0.39473684210526316
6264,under,cabin,806.5806451612904,0.39473684210526316
6265,underground,guard,681.625,0.4273684210526316
6266,underground,music,560.3125,0.4273684210526316
6267,understand,knit,931.6,0.6394736842105263
6268,understand,misunderstand,876.8709677419355,0.6394736842105263
6269,understanding,journey,633.9677419354839,0.4394736842105263
6270,understanding,sympathetic,825.1666666666666,0.4394736842105263
6271,underwear,bra,664.8484848484849,0.57
6272,underwear,girl,573.46875,0.57
6273,unequal,cabinet,674.65625,0.39999999999999997
6274,unequal,unfair,579.46875,0.39999999999999997
6275,uneven,crooked,722.6296296296297,0.3873684210526316
6276,uneven,legs,544.0967741935484,0.3873684210526316
6277,unhappy,knee,767.0333333333333,0.5173684210526316
6278,unhappy,worry,643.96875,0.5173684210526316
6279,uniform,nurse,551.8125,0.5268421052631579
6280,uniform,shop,560.28125,0.5268421052631579
6281,unique,gas,690.741935483871,0.42000000000000004
6282,unique,odd,686.6428571428571,0.42000000000000004
6283,unit,part,748.6129032258065,0.39842105263157895
6284,unit,shirt,670.0666666666667,0.39842105263157895
6285,united,amount,738.9310344827586,0.35736842105263156
6286,united,states,646.5625,0.35736842105263156
6287,university,descend,815.8928571428571,0.47526315789473683
6288,university,learn,631.28125,0.47526315789473683
6289,unjust,poor,618.0645161290323,0.44526315789473686
6290,unjust,unfair,683.741935483871,0.44526315789473686
6291,unload,load,599.25,0.44263157894736843
6292,unload,rich,670.03125,0.44263157894736843
6293,unnatural,fake,630.53125,0.4405263157894737
6294,unnatural,harvest,676.8,0.4405263157894737
6295,unseen,hidden,628.6,0.41789473684210526
6296,unseen,sleep,623.25,0.41789473684210526
6297,unsolved,behind,744.0689655172414,0.43210526315789477
6298,unsolved,questions,645.7096774193549,0.43210526315789477
6299,unsure,increase,700.5,0.38736842105263153
6300,unsure,maybe,605.8064516129032,0.38736842105263153
6301,untrue,false,669.40625,0.46
6302,untrue,brave,631.6333333333333,0.46
6303,untruthful,private,693.0645161290323,0.5405263157894737
6304,untruthful,truth,588.8709677419355,0.5405263157894737
6305,unusual,irregular,753.8571428571429,0.4942105263157895
6306,unusual,south,640.9090909090909,0.4942105263157895
6307,up,elevator,603.7741935483871,0.538421052631579
6308,up,rent,688.34375,0.538421052631579
6309,update,news,569.0,0.33210526315789474
6310,update,understand,715.5333333333333,0.33210526315789474
6311,upstairs,above,615.28125,0.5926315789473684
6312,upstairs,experiment,692.75,0.5926315789473684
6313,upstream,murderer,780.0967741935484,0.46684210526315784
6314,upstream,water,646.375,0.46684210526315784
6315,uptight,patience,746.90625,0.4505263157894737
6316,uptight,tense,616.8666666666667,0.4505263157894737
6317,urge,bible,732.2758620689655,0.39473684210526316
6318,urge,want,579.15625,0.39473684210526316
6321,use,abuse,694.3666666666667,0.4863157894736842
6322,use,explode,741.2857142857143,0.4863157894736842
6323,usual,steel,724.4,0.4110526315789474
6324,usual,unusual,762.7333333333333,0.4110526315789474
6325,vacancy,believe,616.483870967742,0.35368421052631577
6326,vacancy,empty,576.3333333333334,0.35368421052631577
6327,vacate,leave,617.21875,0.40263157894736845
6328,vacate,mind,607.65625,0.40263157894736845
6329,vacuum,cleaner,610.4545454545455,0.3836842105263158
6330,vacuum,exit,647.65625,0.3836842105263158
6331,vain,conceited,714.7586206896551,0.47684210526315784
6332,vain,deep,606.8787878787879,0.47684210526315784
6333,valentine,addition,713.2424242424242,0.4147368421052632
6334,valentine,love,628.8125,0.4147368421052632
6335,valor,bravery,702.2,0.3763157894736842
6336,valor,penny,626.0645161290323,0.3763157894736842
6337,valuable,expensive,755.40625,0.46
6338,valuable,table,582.96875,0.46
6339,value,bargain,793.5384615384615,0.3773684210526316
6340,value,hidden,739.09375,0.3773684210526316
6341,valve,car,620.6333333333333,0.5142105263157895
6342,valve,hotel,607.1875,0.5142105263157895
6343,vampire,court,656.9354838709677,0.4673684210526316
6344,vampire,teeth,608.9333333333333,0.4673684210526316
6345,van,bend,646.3666666666667,0.4036842105263158
6346,van,drive,677.21875,0.4036842105263158
6347,vanilla,check,583.483870967742,0.49947368421052635
6348,vanilla,fudge,626.7096774193549,0.49947368421052635
6349,vanish,appear,664.40625,0.4221052631578947
6350,vanish,play,714.0,0.4221052631578947
6351,variety,empire,723.448275862069,0.4505263157894737
6352,variety,many,746.875,0.4505263157894737
6353,vaseline,lion,592.258064516129,0.5226315789473684
6354,vaseline,slippery,730.1,0.5226315789473684
6355,vast,easy,637.65625,0.48052631578947363
6356,vast,large,735.6451612903226,0.48052631578947363
6357,vault,group,594.6129032258065,0.3636842105263158
6358,vault,lock,618.8064516129032,0.3636842105263158
6359,veal,die,691.4333333333333,0.5326315789473685
6360,veal,steak,669.2727272727273,0.5326315789473685
6361,veer,better,671.1935483870968,0.3542105263157895
6362,veer,right,659.8064516129032,0.3542105263157895
6363,vegetable,coat,689.0370370370371,0.4173684210526316
6364,vegetable,food,606.9375,0.4173684210526316
6367,vehicle,exercise,737.4666666666667,0.4957894736842105
6368,vehicle,speed,548.6666666666666,0.4957894736842105
6369,vent,anger,571.7666666666667,0.40421052631578946
6370,vent,loser,622.6875,0.40421052631578946
6371,venus,cure,673.9354838709677,0.5057894736842105
6372,venus,planet,634.6129032258065,0.5057894736842105
6373,verse,song,566.1212121212121,0.5194736842105264
6374,verse,thumb,696.8484848484849,0.5194736842105264
6375,vessel,fudge,714.741935483871,0.521578947368421
6376,vessel,submarine,725.3793103448276,0.521578947368421
6377,vest,hands,619.15625,0.48947368421052634
6378,vest,jacket,599.8125,0.48947368421052634
6379,veteran,old,572.0645161290323,0.36894736842105263
6380,veteran,plastic,591.5666666666667,0.36894736842105263
6381,vice,bleach,868.8888888888889,0.35105263157894734
6382,vice,president,613.3125,0.35105263157894734
6383,victim,dependable,739.5806451612904,0.5089473684210526
6384,victim,murderer,572.3,0.5089473684210526
6385,victor,crazy,656.15625,0.3915789473684211
6386,victor,loser,591.78125,0.3915789473684211
6387,victory,blanket,652.5,0.48
6388,victory,winner,610.0645161290323,0.48
6391,village,roof,672.0,0.4557894736842105
6392,village,town,589.9375,0.4557894736842105
6393,villain,bad,603.5,0.4636842105263158
6394,villain,sympathy,747.6129032258065,0.4636842105263158
6395,vine,parts,614.3333333333334,0.4326315789473685
6396,vine,wine,601.3939393939394,0.4326315789473685
6397,viola,cut,618.9310344827586,0.458421052631579
6398,viola,violin,814.6451612903226,0.458421052631579
6399,violence,grasp,794.9615384615385,0.4705263157894737
6400,violence,gun,557.90625,0.4705263157894737
6401,violent,elevator,712.741935483871,0.4652631578947368
6402,violent,purple,812.2258064516129,0.4652631578947368
6403,violet,purple,596.375,0.3742105263157895
6404,violet,toothpaste,710.4516129032259,0.3742105263157895
6405,violin,bow,713.75,0.5847368421052632
6406,violin,hurt,698.3225806451613,0.5847368421052632
6407,virgin,live,625.6333333333333,0.43999999999999995
6408,virgin,slut,791.5806451612904,0.43999999999999995
6409,virtue,active,752.516129032258,0.48052631578947363
6410,virtue,patience,770.875,0.48052631578947363
6411,vision,see,606.4242424242424,0.41578947368421054
6412,vision,walkway,631.7666666666667,0.41578947368421054
6413,visit,fix,635.7741935483871,0.4473684210526316
6414,visit,hello,642.6666666666666,0.4473684210526316
6415,visitor,hospital,682.0,0.35157894736842105
6416,visitor,plan,578.09375,0.35157894736842105
6417,vivid,begin,737.6774193548387,0.4278947368421053
6418,vivid,clear,574.9032258064516,0.4278947368421053
6419,vocabulary,large,701.2258064516129,0.47263157894736846
6420,vocabulary,laugh,596.4848484848485,0.47263157894736846
6421,vodka,forward,570.1935483870968,0.5431578947368422
6422,vodka,tonic,714.2,0.5431578947368422
6423,volcano,base,681.9375,0.45736842105263154
6424,volcano,erupt,644.9629629629629,0.45736842105263154
6425,vomit,city,682.96875,0.4789473684210526
6426,vomit,puke,593.4,0.4789473684210526
6427,vote,elect,648.0,0.48210526315789476
6428,vote,trouble,660.0333333333333,0.48210526315789476
6429,vulnerable,sit,705.1,0.42315789473684207
6430,vulnerable,weak,624.6451612903226,0.42315789473684207
6431,wag,tail,685.3125,0.3063157894736842
6432,wag,welcome,681.25,0.3063157894736842
6433,wage,minimum,831.0,0.41210526315789475
6434,wage,stain,692.6,0.41210526315789475
6435,wagon,five,563.1935483870968,0.4526315789473684
6436,wagon,toy,578.8666666666667,0.4526315789473684
6437,waist,hip,643.5666666666667,0.4921052631578947
6438,waist,hound,720.3571428571429,0.4921052631578947
6439,wait,long,611.625,0.6278947368421053
6440,wait,patience,662.5483870967741,0.6278947368421053
6441,wake,eyes,623.1333333333333,0.5868421052631579
6442,wake,study,581.4516129032259,0.5868421052631579
6443,walkway,hear,702.3225806451613,0.43736842105263163
6444,walkway,path,652.1212121212121,0.43736842105263163
6445,wall,furniture,714.4193548387096,0.4410526315789473
6446,wall,picture,617.5625,0.4410526315789473
6447,wallet,conference,760.9333333333333,0.5226315789473684
6448,wallet,money,573.21875,0.5226315789473684
6449,walnut,crack,715.3125,0.45789473684210524
6450,walnut,who,630.8387096774194,0.45789473684210524
6451,war,peace,559.1290322580645,0.45736842105263154
6452,war,subject,552.483870967742,0.45736842105263154
6453,warehouse,scientist,887.3448275862069,0.42894736842105263
6454,warehouse,storage,628.2666666666667,0.42894736842105263
6455,warmth,heat,632.875,0.47263157894736846
6456,warmth,ketchup,650.2413793103449,0.47263157894736846
6457,warning,cop,586.0689655172414,0.4242105263157895
6458,warning,stop,602.875,0.4242105263157895
6459,warrior,fighter,620.5,0.47526315789473683
6460,warrior,slow,596.4333333333333,0.47526315789473683
6461,wart,mistake,791.5,0.49684210526315786
6462,wart,ugly,654.6774193548387,0.49684210526315786
6463,wary,adventure,760.9333333333333,0.42000000000000004
6464,wary,tired,641.6,0.42000000000000004
6465,washcloth,anxiety,757.5,0.5326315789473685
6466,washcloth,towel,648.3125,0.5326315789473685
6467,wasp,bee,561.28125,0.4463157894736842
6468,wasp,watch,621.0,0.4463157894736842
6469,waste,basket,645.6129032258065,0.45368421052631586
6470,waste,emergency,680.9666666666667,0.45368421052631586
6471,wasted,actor,626.483870967742,0.4678947368421053
6472,wasted,garbage,708.15625,0.4678947368421053
6473,watch,plane,626.6060606060606,0.5515789473684211
6474,watch,stare,685.2413793103449,0.5515789473684211
6475,waterfall,beautiful,654.25,0.43842105263157893
6476,waterfall,builder,742.03125,0.43842105263157893
6477,way,hurry,663.0625,0.6557894736842105
6478,way,wrong,580.483870967742,0.6557894736842105
6479,weak,extinct,933.2,0.48368421052631577
6480,weak,wimp,725.2916666666666,0.48368421052631577
6481,weakness,pound,683.53125,0.44263157894736843
6482,weakness,strength,674.1034482758621,0.44263157894736843
6483,wealth,artist,758.741935483871,0.4663157894736842
6484,wealth,none,594.40625,0.4663157894736842
6485,wear,dress,614.1,0.6
6486,wear,exact,728.34375,0.6
6487,weather,climate,601.6875,0.5273684210526316
6488,weather,lunch,593.6666666666666,0.5273684210526316
6489,weave,mouth,646.030303030303,0.48210526315789476
6490,weave,sew,741.3214285714286,0.48210526315789476
6491,web,feet,622.9677419354839,0.42157894736842105
6492,web,floor,565.7666666666667,0.42157894736842105
6493,wed,idiot,665.4193548387096,0.36473684210526314
6494,wed,thursday,693.375,0.36473684210526314
6495,wedding,bride,613.03125,0.5631578947368422
6496,wedding,direct,621.741935483871,0.5631578947368422
6497,wednesday,motel,643.5333333333333,0.6226315789473684
6498,wednesday,thursday,641.0909090909091,0.6226315789473684
6499,weed,grass,639.5,0.46736842105263154
6500,weed,song,580.71875,0.46736842105263154
6501,week,armor,743.5357142857143,0.5621052631578948
6502,week,year,591.3125,0.5621052631578948
6503,weekend,front,701.8620689655172,0.5021052631578947
6504,weekend,fun,635.0,0.5021052631578947
6505,weekly,fog,721.875,0.45473684210526316
6506,weekly,monthly,676.1935483870968,0.45473684210526316
6507,weigh,closing,667.6451612903226,0.428421052631579
6508,weigh,fat,666.741935483871,0.428421052631579
6511,weird,spoon,722.0,0.6110526315789474
6512,weird,strange,646.9354838709677,0.6110526315789474
6513,welcome,fly,593.9677419354839,0.5105263157894736
6514,welcome,home,653.09375,0.5105263157894736
6515,well,earthquake,648.3548387096774,0.7426315789473684
6516,well,sick,667.6774193548387,0.7426315789473684
6517,west,east,590.3333333333334,0.4957894736842105
6518,west,person,590.4193548387096,0.4957894736842105
6519,wet,care,605.2258064516129,0.5515789473684211
6520,wet,dry,589.5483870967741,0.5515789473684211
6521,what,building,587.6,0.7447368421052631
6522,what,where,816.3333333333334,0.7447368421052631
6523,wheat,hay,896.1428571428571,0.5357894736842105
6524,wheat,you,613.65625,0.5357894736842105
6525,wheel,insurance,734.53125,0.47421052631578947
6526,wheel,wagon,640.2068965517242,0.47421052631578947
6527,when,shell,696.7666666666667,0.6542105263157895
6528,when,where,632.0,0.6542105263157895
6529,where,baby,637.5,0.6236842105263157
6530,where,when,729.7333333333333,0.6236842105263157
6531,whiskey,booze,684.6,0.541578947368421
6532,whiskey,study,668.34375,0.541578947368421
6533,whistle,blow,659.2258064516129,0.42684210526315786
6534,whistle,plus,615.21875,0.42684210526315786
6535,white,black,553.21875,0.5105263157894736
6536,white,store,659.8064516129032,0.5105263157894736
6537,who,rice,641.0,0.6063157894736843
6538,who,what,703.8387096774194,0.6063157894736843
6539,whom,carpet,668.75,0.4642105263157894
6540,whom,who,606.2666666666667,0.4642105263157894
6541,why,thanks,658.9375,0.7278947368421053
6542,why,when,610.2962962962963,0.7278947368421053
6543,wick,candle,635.3548387096774,0.3168421052631579
6544,wick,hill,675.1379310344828,0.3168421052631579
6545,wicker,basket,608.1875,0.33157894736842103
6546,wicker,hand,598.1379310344828,0.33157894736842103
6547,wide,book,605.9354838709677,0.3778947368421052
6548,wide,narrow,660.3333333333334,0.3778947368421052
6549,width,learn,646.258064516129,0.4368421052631579
6550,width,length,610.90625,0.4368421052631579
6551,wife,alive,692.0,0.5978947368421054
6552,wife,marry,592.6875,0.5978947368421054
6553,wilderness,forest,677.7741935483871,0.4378947368421053
6554,wilderness,prejudice,808.4666666666667,0.4378947368421053
6555,will,drain,740.6551724137931,0.6163157894736843
6556,will,power,568.5666666666667,0.6163157894736843
6557,willing,halloween,669.0625,0.49263157894736836
6558,willing,ready,635.28125,0.49263157894736836
6559,win,fast,702.9666666666667,0.5489473684210526
6560,win,lose,592.84375,0.5489473684210526
6561,wind,heaven,621.53125,0.5121052631578947
6562,wind,rain,631.7586206896551,0.5121052631578947
6563,winding,closing,775.6,0.35789473684210527
6564,winding,sport,636.90625,0.35789473684210527
6565,window,glass,578.25,0.5026315789473684
6566,window,owl,640.2,0.5026315789473684
6569,winner,jacket,653.4,0.5226315789473684
6570,winner,loser,551.1612903225806,0.5226315789473684
6571,wipe,ass,707.625,0.43473684210526314
6572,wipe,tupperware,909.1333333333332,0.43473684210526314
6573,wisdom,beef,629.5483870967741,0.4263157894736842
6574,wisdom,owl,659.15625,0.4263157894736842
6575,wit,round,732.9375,0.45789473684210524
6576,wit,smart,634.78125,0.45789473684210524
6577,witch,apology,669.8181818181819,0.4594736842105263
6578,witch,halloween,656.5,0.4594736842105263
6579,with,comment,773.5625,0.6352631578947369
6580,with,together,638.4375,0.6352631578947369
6581,without,crops,831.2307692307693,0.5168421052631579
6582,without,empty,749.3125,0.5168421052631579
6585,wood,dill,643.421052631579,0.5294736842105263
6586,wood,log,618.09375,0.5294736842105263
6587,woods,aunt,715.78125,0.4431578947368421
6588,woods,dark,645.483870967742,0.4431578947368421
6589,wool,itch,698.8928571428571,0.5115789473684211
6590,wool,know,596.0909090909091,0.5115789473684211
6591,word,hours,782.4137931034483,0.46842105263157896
6592,word,letter,658.46875,0.46842105263157896
6593,world,earth,617.6774193548387,0.46157894736842103
6594,world,gross,737.0322580645161,0.46157894736842103
6595,worse,better,580.1290322580645,0.5357894736842105
6596,worse,hog,738.5,0.5357894736842105
6597,worship,church,637.0322580645161,0.46736842105263154
6598,worship,mean,637.53125,0.46736842105263154
6599,worst,minus,691.7096774193549,0.4947368421052632
6600,worst,terrible,594.5806451612904,0.4947368421052632
6601,worth,join,561.96875,0.48157894736842105
6602,worth,nothing,609.8064516129032,0.48157894736842105
6603,worthless,nothing,574.1333333333333,0.4557894736842105
6604,worthless,secretary,858.9310344827586,0.4557894736842105
6605,wrap,around,603.6060606060606,0.4405263157894737
6606,wrap,female,607.6875,0.4405263157894737
6607,wrench,monkey,599.1724137931035,0.428421052631579
6608,wrench,trophy,786.4,0.428421052631579
6609,wrestling,own,629.1290322580645,0.41842105263157897
6610,wrestling,sport,606.7096774193549,0.41842105263157897
6611,wrinkle,iron,721.2258064516129,0.46842105263157896
6612,wrinkle,try,588.1875,0.46842105263157896
6613,wrist,ankle,637.8214285714286,0.5078947368421053
6614,wrist,language,689.1290322580645,0.5078947368421053
6615,write,print,701.0322580645161,0.5236842105263158
6616,write,tissue,655.6774193548387,0.5236842105263158
6617,yard,cake,691.8387096774194,0.4168421052631579
6618,yard,mile,601.3333333333334,0.4168421052631579
6619,yarn,refrigerator,774.9032258064516,0.48052631578947363
6620,yarn,weave,624.0714285714286,0.48052631578947363
6621,yearly,annually,704.9677419354839,0.41210526315789475
6622,yearly,break,581.40625,0.41210526315789475
6625,yes,positive,649.59375,0.6426315789473683
6626,yes,raw,764.5,0.6426315789473683
6627,yolk,egg,582.1724137931035,0.45473684210526316
6628,yolk,sneeze,779.5666666666667,0.45473684210526316
6629,young,ketchup,702.3333333333334,0.5157894736842106
6630,young,woman,555.0,0.5157894736842106
6631,youth,rights,597.1612903225806,0.39999999999999997
6632,youth,young,754.6875,0.39999999999999997
6633,yummy,rain,653.5,0.5105263157894736
6634,yummy,tasty,644.71875,0.5105263157894736
6635,zebra,donkey,607.1290322580645,0.3952631578947368
6636,zebra,vanish,722.0645161290323,0.3952631578947368
6637,zest,soap,545.84375,0.3942105263157895
6638,zest,sports,662.9354838709677,0.3942105263157895
6639,zit,pimple,713.1111111111111,0.51
6640,zit,writer,709.8518518518518,0.51
