,prime,target,target.RT
0,abdomen,body,543.8709677419355
1,abdomen,tear,751.3103448275862
2,abduct,australia,733.2258064516129
3,abduct,kidnap,678.1666666666666
4,ability,capability,774.25
5,ability,summary,703.0967741935484
6,able,beam,679.4
7,able,willing,833.8214285714286
8,abnormal,insane,818.1935483870968
9,abnormal,tighten,711.6428571428571
10,above,below,665.59375
11,above,property,662.5806451612904
12,abstract,thought,594.939393939394
13,abstract,unknown,669.7096774193549
14,absurd,ridiculous,783.2666666666667
15,absurd,satin,947.4642857142856
16,abundance,cloth,742.0666666666667
17,abundance,lots,611.0333333333333
18,accelerate,drugs,580.4516129032259
19,accelerate,speed,614.0322580645161
20,accept,towel,605.6896551724138
21,accept,understand,616.9333333333333
22,accomplish,finish,617.9677419354839
23,accomplish,gather,646.625
24,accomplished,fantasy,658.8709677419355
25,accomplished,finished,645.1333333333333
26,account,bag,630.0
27,account,for,811.9677419354839
28,accumulate,broken,594.741935483871
29,accumulate,gather,669.21875
30,accurate,fish,648.9354838709677
31,accurate,precise,756.5185185185185
32,accuse,court,767.09375
33,accuse,pants,807.5
34,ace,length,623.4193548387096
35,ace,poker,646.0
36,achieve,math,578.03125
37,achieve,succeed,612.1515151515151
38,achievement,oyster,937.6923076923076
39,achievement,success,588.6774193548387
40,acid,blow,663.6333333333333
41,acid,drug,572.6666666666666
42,acquire,get,628.7096774193549
43,acquire,offense,747.0
44,acre,land,571.9032258064516
45,acre,vanish,779.2666666666667
46,acrobat,dancer,604.0
47,acrobat,jewish,748.1333333333333
48,act,pie,664.4444444444445
49,act,play,551.3548387096774
50,action,noise,647.8709677419355
51,action,verb,650.7096774193549
52,actor,actress,667.5806451612904
53,actor,color,591.5625
54,actress,actor,661.3225806451613
55,actress,key,576.21875
56,ad,ask,690.40625
57,ad,sell,687.551724137931
58,add,lion,647.8928571428571
59,add,subtract,707.1875
60,addict,dependent,698.1
61,addict,mob,747.5909090909091
62,addiction,habit,661.9032258064516
63,addiction,poker,637.0333333333333
64,addition,plus,674.6666666666666
65,addition,thunder,754.6774193548387
66,adjective,bank,631.6206896551724
67,adjective,blue,635.1290322580645
68,adjourn,finish,649.5483870967741
69,adjourn,light,556.6206896551724
70,adjustment,bra,746.9354838709677
71,adjustment,stone,657.09375
72,admission,ax,771.5882352941177
73,admission,ticket,557.5666666666667
74,admit,confess,750.7741935483871
75,admit,remember,736.3225806451613
76,adolescent,gain,608.84375
77,adolescent,juvenile,876.8965517241379
78,adorable,cute,572.59375
79,adorable,tantrum,884.0
80,advance,forward,654.75
81,advance,garbage,782.9655172413793
82,adventure,electric,715.4193548387096
83,adventure,journey,624.9032258064516
84,adventurous,adolescent,807.8620689655172
85,adventurous,daring,795.741935483871
86,adverb,adjective,714.3125
87,adverb,mom,615.8064516129032
88,adversary,enemy,857.551724137931
89,adversary,wide,667.9333333333333
90,advertisement,great,708.15625
91,advertisement,newspaper,730.7878787878788
92,advise,advice,739.4516129032259
93,advise,kitchen,637.21875
94,affair,cheat,639.1333333333333
95,affair,window,637.03125
96,africa,continent,763.8620689655172
97,africa,get,788.551724137931
98,after,before,577.6129032258065
99,after,sunset,636.96875
100,again,hot,567.2258064516129
101,again,repeat,632.8275862068965
102,against,for,637.6333333333333
103,against,time,529.1612903225806
104,age,helper,784.7692307692307
105,age,old,644.0322580645161
106,agency,bracelet,734.0689655172414
107,agency,company,661.0
108,agenda,arrogant,762.6666666666666
109,agenda,schedule,642.060606060606
110,agree,disagree,657.2121212121212
111,agree,light,602.875
112,agreement,disagreement,665.84375
113,agreement,high,638.741935483871
114,agriculture,carry,650.3225806451613
115,agriculture,farm,606.71875
116,ahead,armor,903.1333333333332
117,ahead,behind,645.34375
118,ahoy,crazy,693.8787878787879
119,ahoy,ship,621.939393939394
120,aim,president,654.1333333333333
121,aim,toothpaste,680.7142857142857
122,air,breathe,646.5
123,air,murder,706.0
124,aircraft,pilot,686.8095238095239
125,airplane,communist,876.4285714285714
126,airplane,fly,569.9090909090909
127,airport,leaves,729.6875
128,airport,plane,703.6333333333333
129,alarm,am,918.1176470588236
130,alarm,morning,752.6875
131,album,less,674.8125
132,album,record,596.3548387096774
133,alcohol,drink,672.030303030303
134,alcohol,sticky,725.28125
135,algae,pool,555.0
136,algae,theory,676.1875
137,alive,create,589.6875
138,alive,live,582.2666666666667
139,all,none,625.1290322580645
140,all,towel,719.34375
141,allegiance,pledge,599.8709677419355
142,allegiance,spot,695.0666666666667
143,allergy,sneeze,696.6875
144,allergy,top,673.8709677419355
145,alligator,river,646.6129032258065
146,alligator,sugar,714.3870967741935
147,allow,let,641.9666666666667
148,allow,seven,625.5
149,almanac,devil,589.9333333333333
150,almanac,map,650.3103448275862
151,alone,lonely,656.6060606060606
152,alone,movement,725.7575757575758
153,alphabet,kids,606.84375
154,alphabet,letters,786.9677419354839
155,alter,change,606.6774193548387
156,alter,deer,641.9032258064516
157,alto,ground,662.875
158,alto,soprano,672.9230769230769
159,always,forever,612.8484848484849
160,always,lettuce,836.9
161,amateur,beginner,697.625
162,amateur,company,664.71875
163,amaze,all,665.84375
164,amaze,wonder,732.9032258064516
165,ambition,goal,643.6666666666666
166,ambition,talking,699.258064516129
167,ambulance,emergency,647.6666666666666
168,ambulance,scissors,747.1290322580645
169,american,flag,607.5483870967741
170,american,grandma,801.7096774193549
171,amount,lot,664.46875
172,amount,past,607.2258064516129
173,amp,electricity,709.4516129032259
174,amp,poetry,800.2413793103449
175,amuse,beer,557.0
176,amuse,joke,587.28125
177,analysis,data,709.4333333333333
178,analysis,mom,607.53125
179,anarchy,chaos,794.4333333333333
180,anarchy,worm,776.34375
181,ancestor,minus,728.8275862068965
182,ancestor,relative,692.40625
183,ancient,modern,642.125
184,ancient,sight,645.6206896551724
185,angel,fashion,732.0625
186,angel,heaven,547.6333333333333
187,angle,geometry,678.6
188,angle,once,632.4848484848485
189,angry,gamble,707.0
190,angry,sad,554.6129032258065
191,animal,bear,761.3548387096774
192,animal,subtract,822.46875
193,anisette,chair,625.96875
194,anisette,dictionary,767.625
195,ankle,bracelet,762.40625
196,ankle,way,791.8620689655172
197,annihilate,destroy,677.0666666666667
198,annihilate,parent,702.96875
199,announce,marriage,776.0645161290323
200,announce,sorrow,669.75
201,annoy,crack,644.0370370370371
202,annoy,sister,643.0
203,annoying,disappear,713.3571428571429
204,annoying,irritating,814.1935483870968
205,annual,once,678.59375
206,annual,stream,650.5862068965517
207,another,more,594.4285714285714
208,another,silly,589.2903225806451
209,anteater,ant,705.78125
210,anteater,ring,726.9354838709677
211,antelope,awake,661.0909090909091
212,antelope,beast,653.40625
213,antidote,cure,670.5483870967741
214,antidote,dam,949.8125
215,antique,face,609.0645161290323
216,antique,furniture,697.1666666666666
217,antler,excuse,851.7741935483871
218,antler,horn,624.1034482758621
219,antlers,deer,603.1612903225806
220,antlers,disgusting,753.5806451612904
221,anxiety,goo,1210.125
222,anxiety,nervous,707.5151515151515
223,apart,alone,613.5333333333333
224,apart,mix,619.3333333333334
225,apathetic,liar,609.1290322580645
226,apathetic,sympathetic,760.0666666666667
227,apathy,science,654.8125
228,apathy,sympathy,727.9677419354839
229,ape,all,680.5666666666667
230,ape,jungle,612.75
231,apology,mistake,696.71875
232,apology,win,699.28125
233,appeal,crooked,813.9642857142857
234,appeal,looks,577.9677419354839
235,appear,show,582.8064516129032
236,appear,whale,628.7931034482758
237,appearance,line,653.0384615384615
238,appearance,looks,636.1935483870968
239,appendage,finger,688.9354838709677
240,appendage,leg,609.1333333333333
241,apple,exercise,709.1333333333333
242,apple,red,568.8333333333334
243,appliance,bacon,613.0
244,appliance,stove,670.7586206896551
245,application,college,716.7
246,application,mist,716.2758620689655
247,appraise,empty,746.9354838709677
248,appraise,value,681.6666666666666
249,approval,pavement,837.7931034482758
250,approval,yes,554.1935483870968
251,apron,maid,677.3793103448276
252,apron,tense,681.0714285714286
253,architect,building,663.28125
254,architect,eye,565.6
255,arena,football,621.4333333333333
256,arena,hell,604.25
257,argue,disagree,717.5862068965517
258,argue,it,610.483870967742
259,argument,disagreement,752.03125
260,argument,spoiled,673.5862068965517
261,aright,fold,721.1935483870968
262,aright,okay,576.7741935483871
263,armor,chance,606.258064516129
264,armor,knight,567.3870967741935
265,arms,hug,583.09375
266,arms,taste,593.7096774193549
267,army,allow,766.6333333333333
268,army,navy,672.2903225806451
269,aroma,leader,636.2
270,aroma,spaghetti,720.9
271,around,buffalo,724.15625
272,around,world,613.46875
273,arrive,come,609.3870967741935
274,arrive,mail,574.3
275,arrow,bow,643.5
276,arrow,maker,689.3
277,art,cheese,693.125
278,art,paint,721.6875
279,artery,finger,634.5
280,artery,vein,708.5357142857143
281,artist,box,622.53125
282,artist,draw,630.5806451612904
283,arts,crafts,635.21875
284,arts,shot,622.34375
285,ascend,descend,813.5666666666667
286,ascend,tired,684.3225806451613
287,ascent,brush,663.7096774193549
288,ascent,climb,699.78125
289,ash,ashtray,865.9285714285714
290,ash,curtains,706.2903225806451
291,ashamed,fragile,708.8125
292,ashamed,guilt,763.1785714285714
293,ashes,ashtray,815.4137931034483
294,ashes,superior,654.3666666666667
295,asia,minor,646.6206896551724
296,asia,rich,741.7096774193549
297,asleep,awake,593.9032258064516
298,asleep,worm,716.25
299,asphalt,pavement,759.3333333333334
300,asphalt,sister,611.0333333333333
301,aspirin,deodorant,766.1290322580645
302,aspirin,headache,653.75
303,ass,donkey,686.1290322580645
304,ass,thirst,773.1875
305,assault,attack,601.6774193548387
306,assault,example,684.6060606060606
307,assignment,homework,607.5806451612904
308,assignment,pride,653.375
309,assistance,helper,677.6774193548387
310,assistance,piece,696.4285714285714
311,assistant,helper,622.34375
312,assistant,smooth,657.3225806451613
313,associate,loose,632.6333333333333
314,associate,partner,661.15625
315,asteroid,aware,802.7096774193549
316,asteroid,belt,623.516129032258
317,astrology,gross,703.5333333333333
318,astrology,space,706.96875
319,astronaut,climb,717.15625
320,astronaut,space,561.5483870967741
321,athlete,dress,679.1515151515151
322,athlete,muscle,606.5
323,athletic,movie,681.0
324,athletic,sports,639.6451612903226
325,atlas,map,607.6451612903226
326,atlas,take,612.5806451612904
327,atom,neutron,761.1290322580645
328,atom,shy,695.9375
329,atomic,crab,655.96875
330,atomic,explode,811.6206896551724
331,attach,cry,699.2413793103449
332,attach,stick,727.2962962962963
333,attack,ditch,818.3333333333334
334,attack,heart,646.21875
335,attempt,float,785.5806451612904
336,attempt,murder,682.9677419354839
337,attend,apple,664.7333333333333
338,attend,go,662.5625
339,attendance,farm,682.9629629629629
340,attendance,present,617.5333333333333
341,attention,job,591.875
342,attention,span,761.8
343,attic,growth,646.483870967742
344,attic,upstairs,653.6875
345,attire,clothes,580.84375
346,attire,hip,679.3448275862069
347,attitude,conceited,770.0370370370371
348,attitude,smell,605.5862068965517
349,attorney,lawyer,585.5625
350,attorney,walk,669.9032258064516
351,attract,like,582.3333333333334
352,attract,pyramid,722.3125
353,attractive,female,609.21875
354,attractive,parent,615.1818181818181
355,aunt,something,793.1
356,aunt,uncle,644.5806451612904
357,author,novel,624.258064516129
358,author,planet,675.65625
359,authority,print,619.9032258064516
360,authority,rules,626.516129032258
361,autumn,planets,608.8709677419355
362,autumn,spring,617.15625
363,avenue,park,611.3125
364,avenue,think,576.4375
365,average,maker,713.8333333333334
366,award,draw,587.5454545454545
367,award,trophy,714.3548387096774
368,awareness,alert,609.0645161290323
369,awareness,goal,621.9333333333333
370,away,grape,749.59375
371,away,here,630.6451612903226
372,awe,violin,807.5
373,awe,wonder,618.8
374,awesome,circus,632.7333333333333
375,awesome,cool,604.8387096774194
376,awkward,different,637.84375
377,awkward,zit,868.4545454545455
378,ax,daily,629.09375
379,ax,wood,606.5333333333333
380,axon,knit,717.8461538461538
381,axon,neuron,769.2592592592592
382,back,behind,608.09375
383,back,enemy,696.4333333333333
384,backbone,spine,668.71875
385,backbone,thin,682.15625
386,background,past,634.6774193548387
387,background,russia,726.3225806451613
388,backward,movement,717.1935483870968
389,backward,silk,787.3793103448276
390,bacteria,foresight,860.0344827586207
391,bacteria,fungus,763.6428571428571
392,badge,boyfriend,735.53125
393,badge,cop,623.6129032258065
394,bagel,sale,534.1724137931035
395,bagel,shop,598.25
396,baggage,frightened,845.6206896551724
397,baggage,luggage,688.9666666666667
398,bait,care,614.5862068965517
399,bait,worm,735.9677419354839
400,baker,cake,692.9333333333333
401,baker,ending,672.5
402,balcony,ledge,634.7586206896551
403,balcony,storage,633.1612903225806
404,ball,bat,665.09375
405,ball,glory,669.6451612903226
406,ballet,dance,570.1666666666666
407,ballet,defeat,851.8709677419355
408,balloon,clown,634.8484848484849
409,balloon,legend,612.516129032258
410,ballot,biology,703.3548387096774
411,ballot,elect,566.9655172413793
412,ban,deodorant,877.9285714285714
413,ban,italian,730.3
414,banana,fruit,701.8387096774194
415,banana,she,656.4193548387096
416,band,argument,700.9375
417,band,play,675.4375
418,bandaid,cut,688.96875
419,bandaid,honest,641.030303030303
420,bandanna,feel,592.4333333333333
421,bandanna,hat,627.4516129032259
422,banjo,guitar,701.55
423,bank,lock,736.0645161290323
424,bank,vault,913.0357142857144
425,banker,bank,611.875
426,banker,england,650.8709677419355
427,banquet,eat,692.9032258064516
428,banquet,less,627.8387096774194
429,bar,grill,653.0
430,bar,hunter,627.8125
431,barbecue,personality,738.1935483870968
432,barbecue,ribs,660.0
433,bargain,sale,579.258064516129
434,bargain,yell,770.65625
435,barrel,meat,627.5483870967741
436,barrel,pickles,705.741935483871
437,barrier,ice,597.28125
438,barrier,reef,746.6129032258065
439,bartender,alcohol,690.741935483871
440,bartender,tongue,709.7741935483871
441,base,guitar,666.40625
442,base,hole,689.8387096774194
443,baseball,basketball,768.2666666666667
444,baseball,hint,811.8709677419355
445,basement,attic,641.34375
446,basement,tile,779.40625
447,bashful,marker,751.2
448,bashful,shy,587.6774193548387
449,basket,driver,656.5
450,basket,weave,614.6774193548387
451,bat,gander,1004.0
452,bat,night,665.0625
453,bath,flag,691.8387096774194
454,bath,towel,596.0
455,bathroom,bedroom,709.5625
456,bathroom,thread,661.6774193548387
457,bathtub,monthly,692.2413793103449
458,bathtub,shower,692.8
459,bay,graduation,752.78125
460,bay,water,693.9677419354839
461,be,am,745.1379310344828
462,be,ten,697.2
463,bead,necklace,640.5
464,beam,say,644.4516129032259
465,beam,smile,556.71875
466,bean,green,587.9375
467,bean,layer,728.9583333333334
468,beans,eleven,701.8709677419355
469,beans,rice,595.46875
470,beard,arrow,636.9354838709677
471,beard,mustache,669.0
472,beast,animal,699.53125
473,beast,cactus,777.9629629629629
474,beat,jacket,653.8125
475,beat,pound,690.7096774193549
476,beautiful,pretty,591.7272727272727
477,beautiful,still,618.0909090909091
478,beauty,beast,656.4137931034483
479,beauty,me,622.8709677419355
480,beaver,dam,889.2307692307693
481,beaver,rain,573.71875
482,because,sugar,620.4516129032259
483,because,why,627.46875
484,become,am,722.375
485,become,search,679.0
486,bedroom,airplane,663.8125
487,bedroom,bathroom,619.625
488,bee,castle,741.6774193548387
489,bee,sting,701.8064516129032
490,beef,bug,692.9677419354839
491,beef,cow,683.5806451612904
492,beetle,juice,563.1935483870968
493,beetle,pie,624.1379310344828
494,before,after,619.5757575757576
495,before,new,593.0645161290323
496,beg,low,619.6451612903226
497,beg,plead,691.5384615384615
498,beggar,plead,787.3214285714286
499,beggar,polish,708.2727272727273
500,beginner,dull,795.483870967742
501,beginner,novice,702.0357142857143
502,behavior,bravery,765.9333333333333
503,behavior,strange,670.9354838709677
504,being,human,597.1875
505,being,seatbelt,759.4333333333333
506,belief,lie,588.8709677419355
507,belief,low,619.1785714285714
508,believe,faith,608.0666666666667
509,believe,mile,722.0
510,bell,army,647.8387096774194
511,bell,liberty,632.258064516129
512,belly,drop,600.1612903225806
513,belly,scratch,699.0
514,belong,bride,697.9677419354839
515,belong,mine,613.46875
516,below,above,703.5666666666667
517,below,road,685.6774193548387
518,belt,deodorant,837.3548387096774
519,belt,strap,673.0357142857143
520,bend,backward,667.5483870967741
521,bend,telephone,670.9032258064516
522,beneath,grave,658.2
523,beneath,under,694.8387096774194
524,benefit,help,622.6451612903226
525,benefit,idea,612.9090909090909
526,bent,belt,598.0333333333333
527,bent,crooked,678.9310344827586
528,best,cake,655.5625
529,best,worst,658.1935483870968
530,bet,door,641.84375
531,bet,gamble,677.8
532,betray,cheat,618.6451612903226
533,betray,owner,662.5483870967741
534,beware,fright,763.2
535,beware,sit,769.2758620689655
536,beyond,after,630.516129032258
537,beyond,pride,633.03125
538,bias,never,796.8333333333334
539,bias,race,692.6129032258065
540,bible,holy,587.6774193548387
541,bible,yell,711.1666666666666
542,big,grand,687.875
543,big,ready,571.0
544,bike,ride,621.9354838709677
545,bike,senate,806.4444444444445
546,billboard,pudding,808.7
547,billboard,sign,598.2258064516129
548,binder,do,678.8
549,binder,folder,680.3333333333334
550,biology,frog,666.9354838709677
551,biology,she,616.9310344827586
552,birds,cats,608.030303030303
553,birds,nurse,655.125
554,birth,beginning,757.0
555,birth,ten,581.21875
556,birthday,candle,629.3125
557,birthday,hill,670.4
558,bison,buffalo,673.5
559,bison,year,629.03125
560,bit,bite,780.3333333333334
561,bit,octopus,757.1333333333333
562,blackboard,chalk,675.3103448275862
563,blackboard,stair,752.0645161290323
564,blade,iron,690.5
565,blade,knife,594.8787878787879
566,blame,accuse,710.9642857142857
567,blame,private,712.3214285714286
568,blanket,warm,561.4545454545455
569,blanket,why,646.5862068965517
570,bleach,white,526.1290322580645
571,blend,ashtray,965.0384615384615
572,blend,mix,598.6896551724138
573,blender,ice,586.8709677419355
574,blender,patience,688.7931034482758
575,bless,want,571.75
576,bless,you,656.21875
577,blinds,curtains,669.8387096774194
578,blinds,kind,707.6451612903226
579,block,against,735.1612903225806
580,block,brick,841.2903225806451
581,blocks,cave,625.75
582,blocks,children,621.4827586206897
583,blood,rules,622.0909090909091
584,blood,vein,708.6785714285714
585,bloom,fungus,730.0416666666666
586,bloom,rose,605.1818181818181
587,blot,earth,603.4545454545455
588,blot,smudge,734.7037037037037
589,blouse,hair,623.516129032258
590,blouse,shirt,652.59375
591,blubber,empty,746.1290322580645
592,blubber,whale,654.258064516129
593,blueberry,pie,642.125
594,blueberry,thief,641.5666666666667
595,blues,brothers,654.1290322580645
596,blues,proof,716.258064516129
597,bluff,cliff,650.0967741935484
598,bluff,keeper,717.6551724137931
599,blunt,rude,683.125
600,blunt,suffocate,800.8275862068965
601,blur,dime,643.0714285714286
602,blur,vision,622.03125
603,board,chalk,719.3793103448276
604,board,person,608.0625
605,bog,hog,744.8148148148148
606,bog,wife,615.1
607,boil,happy,544.9375
608,boil,pot,592.71875
609,boiled,eggs,553.40625
610,boiled,pick,554.5172413793103
611,bold,daring,709.9375
612,bold,note,680.8571428571429
613,bologna,meat,690.6451612903226
614,bologna,tea,779.0322580645161
615,bolt,close,609.3333333333334
616,bolt,material,661.78125
617,bondage,slave,633.90625
618,bondage,usa,733.1481481481482
619,bone,chicken,606.90625
620,bone,shampoo,646.2666666666667
621,book,oyster,752.32
622,book,read,672.9677419354839
623,bookbag,people,632.3225806451613
624,bookbag,purse,643.8709677419355
625,boot,camp,570.5483870967741
626,boot,habit,676.6333333333333
627,booth,smash,679.03125
628,booth,telephone,649.75
629,boots,itch,727.8709677419355
630,boots,leather,580.6785714285714
631,border,dollars,651.5
632,border,line,683.125
633,boring,cause,692.09375
634,boring,dull,646.5862068965517
635,borrow,ending,658.3225806451613
636,borrow,lend,630.5483870967741
637,boss,employer,796.741935483871
638,boss,environment,811.1612903225806
639,bottle,booze,667.0714285714286
640,bottle,zoo,663.9333333333333
641,bottom,floor,754.125
642,bottom,park,620.2333333333333
643,bouillon,shark,642.15625
644,bouillon,square,826.1333333333333
645,boulevard,heat,650.78125
646,boulevard,street,739.9655172413793
647,bound,reel,848.5217391304348
648,bound,tie,615.4137931034483
649,boundary,fence,702.9655172413793
650,boundary,flute,755.5555555555555
651,bounty,future,770.84375
652,bounty,hunter,678.4666666666667
653,bouquet,flowers,582.1290322580645
654,bouquet,fraternity,848.258064516129
655,bow,arrow,618.375
656,bow,church,633.03125
657,bowl,plate,663.6363636363636
658,bowl,protect,774.6666666666666
659,bowling,ball,629.71875
660,bowling,flowers,690.8709677419355
661,box,honesty,582.8125
662,box,shoe,563.3793103448276
663,boxer,annoying,720.03125
664,boxer,gloves,658.09375
665,boxing,gloves,655.90625
666,boxing,kind,736.8064516129032
667,boy,george,848.7916666666666
668,boy,sympathy,866.4333333333333
669,boyfriend,girlfriend,681.7741935483871
670,boyfriend,innocent,749.0322580645161
671,bracelet,girl,625.9
672,bracelet,polite,688.84375
673,braces,stage,716.53125
674,braces,young,603.6875
675,brain,caring,763.9310344827586
676,brain,cell,635.5666666666667
677,brake,bird,681.90625
678,brake,go,618.96875
679,branch,leaf,578.8125
680,branch,pickles,695.3103448275862
681,brand,call,578.9655172413793
682,brand,kind,619.1515151515151
683,brandy,explosion,730.4848484848485
684,brandy,gin,692.9565217391304
685,brat,speak,612.96875
686,brat,spoiled,698.1612903225806
687,bravado,great,643.5757575757576
688,bravado,peak,635.3870967741935
689,brave,indian,734.28125
690,brave,top,622.3125
691,bravery,bum,784.5
692,bravery,scare,737.1724137931035
693,break,nature,765.3870967741935
694,break,smash,629.3125
695,breakable,indian,790.25
696,breakable,item,621.0
697,breakfast,cereal,671.3125
698,breakfast,queen,685.0645161290323
699,breast,chest,698.34375
700,breast,elect,813.64
701,breath,deep,609.0
702,breath,job,563.3225806451613
703,breathe,exhale,760.5625
704,breathe,knowledge,778.741935483871
705,breed,diary,675.625
706,breed,dog,549.7931034482758
707,breeze,tent,689.3333333333334
708,breeze,wind,579.9
709,breezeway,grow,720.9666666666667
710,breezeway,walkway,670.1875
711,brick,lawsuit,743.4516129032259
712,brick,layer,692.6153846153846
713,bridge,nice,672.71875
714,bridge,span,782.8695652173913
715,bring,answer,651.4193548387096
716,bring,get,630.7333333333333
717,bristle,brush,741.7096774193549
718,bristle,sound,652.6774193548387
719,britannica,britain,985.4814814814816
720,britannica,france,760.7096774193549
721,brittle,board,658.3333333333334
722,brittle,peanut,672.1612903225806
723,broad,surgery,650.71875
724,broad,wide,580.09375
725,broccoli,gift,629.1612903225806
726,broccoli,spinach,857.2258064516129
727,broil,bake,613.1875
728,broil,instrument,647.6
729,broken,fix,661.6896551724138
730,broken,luggage,689.8965517241379
731,brook,queen,636.5454545454545
732,brook,stream,663.6666666666666
733,broom,brush,618.46875
734,broom,muscle,653.1034482758621
735,brother,appear,671.2068965517242
736,brother,mother,628.6451612903226
737,brown,color,689.0
738,brown,song,670.9677419354839
739,bruise,knee,643.6206896551724
740,bruise,worker,630.1290322580645
741,brunette,blonde,652.9354838709677
742,brunette,english,692.7586206896551
743,brush,male,601.0
744,brush,touch,640.0625
745,bubble,chaos,729.7407407407408
746,bubble,gum,691.28125
747,buck,dollar,680.7272727272727
748,buck,gain,648.6896551724138
749,buckle,seatbelt,668.6
750,buckle,temperature,669.5
751,bud,candy,687.8387096774194
752,bud,roses,734.2258064516129
753,budget,plan,549.125
754,budget,potato,707.46875
755,buffalo,guitar,771.0
756,buffalo,plain,698.7333333333333
757,bug,guilty,775.6666666666666
758,bug,spider,773.28125
759,bugle,horn,743.4333333333333
760,bugle,tornado,774.258064516129
761,builder,constructio,754.15625
762,builder,okay,580.258064516129
763,building,normal,619.6666666666666
764,building,tall,600.8
765,bullet,newton,879.1
766,bullet,proof,714.6
767,bulletin,board,560.40625
768,bulletin,stage,679.3548387096774
769,bullock,actress,747.5333333333333
770,bullock,rare,680.1612903225806
771,bully,rough,668.9032258064516
772,bully,russia,785.8214285714286
773,bumps,give,640.7741935483871
774,bumps,goose,623.2903225806451
775,burden,load,636.6451612903226
776,burden,prom,769.75
777,burglar,robbery,655.5151515151515
778,burglar,second,669.6451612903226
779,burglary,baseball,736.9333333333333
780,burglary,robbery,645.0322580645161
781,burial,death,629.09375
782,burial,refuse,664.2333333333333
783,burst,bubble,584.0344827586207
784,burst,gum,738.7931034482758
785,bury,bone,695.8275862068965
786,bury,electricity,845.75
787,bus,geometry,739.09375
788,bus,taxi,631.258064516129
789,bush,clue,711.3548387096774
790,bush,leaves,659.0
791,busy,bored,631.9655172413793
792,busy,taxi,645.3225806451613
793,button,doll,607.9285714285714
794,button,push,610.448275862069
795,buy,dusk,784.56
796,buy,sell,605.4666666666667
797,buyer,organize,676.4375
798,buyer,seller,747.1290322580645
799,buzz,ring,670.4
800,buzz,service,697.1290322580645
801,cab,geometry,773.6969696969697
802,cab,taxi,603.6333333333333
803,cabbage,peanut,643.5666666666667
804,cabbage,vegetable,664.0645161290323
805,cabin,family,565.5333333333333
806,cabin,log,571.1212121212121
807,cabinet,kitchen,588.375
808,cabinet,push,630.4848484848485
809,caboose,minute,652.34375
810,caboose,tail,621.2333333333333
811,cactus,scare,756.3125
812,cactus,spine,680.2
813,cafe,careful,779.4193548387096
814,cafe,dinner,604.8333333333334
815,caffeine,coffee,591.6451612903226
816,caffeine,pickles,726.2
817,cage,wide,636.516129032258
818,cage,wire,589.28125
819,cake,bake,684.8125
820,cake,cans,759.4285714285714
821,calculator,math,580.875
822,calculator,rip,844.1111111111111
823,calendar,cat,576.9354838709677
824,calendar,date,599.625
825,call,adolescent,748.3548387096774
826,call,yell,625.3125
827,calories,few,595.4666666666667
828,calories,sharp,726.5625
829,camel,coffee,652.6896551724138
830,camel,egypt,663.2413793103449
831,camera,clay,667.0666666666667
832,camera,picture,566.25
833,camp,ground,582.4516129032259
834,camp,hound,735.7857142857143
835,camping,four,621.0370370370371
836,camping,tent,682.741935483871
837,can,coke,635.78125
838,can,morning,679.7272727272727
839,canal,hurricane,707.1666666666666
840,canal,stream,771.5
841,candidate,bed,575.9666666666667
842,candidate,president,664.2258064516129
843,candy,allow,627.3
844,candy,gum,622.4375
845,cane,dill,944.190476190476
846,cane,sugar,689.9333333333333
847,canvas,award,634.9354838709677
848,canvas,shoes,622.5454545454545
849,canvass,failure,661.0
850,canvass,painting,764.1612903225806
851,canyon,electric,814.516129032258
852,canyon,grand,693.8064516129032
853,cap,dish,695.0
854,cap,hat,681.8387096774194
855,capability,ability,711.21875
856,capability,winter,620.125
857,capacity,erupt,884.2758620689655
858,capacity,full,645.1935483870968
859,cape,ambulance,827.2258064516129
860,cape,coral,756.125
861,captain,boss,659.9629629629629
862,captain,nephew,706.1666666666666
863,caption,best,602.3333333333334
864,caption,closed,630.6969696969697
865,captive,candy,679.15625
866,captive,prisoner,726.8333333333334
867,capture,busy,710.0666666666667
868,capture,kidnap,704.5
869,car,auto,667.53125
870,car,salad,777.2
871,caravan,desert,698.3939393939394
872,caravan,obstacle,695.8620689655172
873,carbon,atom,673.516129032258
874,carbon,murder,599.0
875,cardboard,space,610.2258064516129
876,cardboard,stiff,723.8214285714286
877,cardinal,rule,579.2121212121212
878,cardinal,tail,679.6969696969697
879,cards,bass,660.6551724137931
880,cards,poker,621.258064516129
881,career,goal,592.7
882,career,pepsi,952.8888888888888
883,careful,cautious,815.8620689655172
884,careful,ceremony,706.4193548387096
885,careless,disc,759.32
886,careless,messy,743.0357142857143
887,caress,purple,671.53125
888,caress,soft,763.3548387096774
889,caring,loving,572.9666666666667
890,caring,neat,635.84
891,carnival,party,644.5333333333333
892,carnival,toothbrush,733.375
893,carpenter,hammer,725.5806451612904
894,carpenter,push,603.7586206896551
895,carpet,mountains,713.3793103448276
896,carpet,rug,619.59375
897,carrot,elephant,721.8787878787879
898,carrot,rabbit,642.4545454545455
899,carton,box,672.0625
900,carton,spinach,795.2
901,case,court,611.0666666666667
902,case,lid,711.7241379310345
903,cashew,nut,636.516129032258
904,cashew,sword,626.3225806451613
905,castle,sand,622.4848484848485
906,castle,temperature,722.5151515151515
907,casual,comfortable,708.0
908,casual,con,920.5
909,catastrophe,goal,669.4375
910,catastrophe,tornado,632.5806451612904
911,catch,ball,660.15625
912,catch,human,651.0
913,catcher,baseball,674.5333333333333
914,catcher,clear,634.1333333333333
915,cattle,horse,798.2
916,cattle,seller,708.8148148148148
917,cauliflower,broccoli,741.8387096774194
918,cauliflower,scare,726.9375
919,cause,thursday,697.6875
920,cause,why,584.0625
921,caution,army,619.09375
922,caution,danger,630.0625
923,cautious,careful,659.1212121212121
924,cautious,come,711.8484848484849
925,cave,hundred,675.0
926,cave,opening,642.8387096774194
927,cavern,cave,552.0
928,cavern,shape,601.0967741935484
929,cavity,cave,568.21875
930,cavity,insane,845.2
931,ceiling,red,591.060606060606
932,ceiling,wall,602.15625
933,celcius,after,677.3333333333334
934,celebration,lie,657.5333333333333
935,celebration,party,693.3870967741935
936,celery,carrot,653.0
937,celery,stay,689.9655172413793
938,cellar,attic,730.375
939,cellar,hair,565.9677419354839
940,cello,bass,641.3333333333334
941,cello,lot,689.59375
942,celsius,temperature,686.40625
943,cement,anxiety,823.6206896551724
944,cement,concrete,749.1333333333333
945,cemetery,grave,737.8666666666667
946,cemetery,neck,757.9666666666667
947,center,middle,584.1818181818181
948,center,opening,708.9655172413793
949,central,center,622.0
950,central,lawyer,652.6129032258065
951,cents,dollars,629.71875
952,cents,wife,595.1935483870968
953,century,elect,732.3103448275862
954,century,year,546.5333333333333
955,ceramics,blonde,724.75
956,ceramics,crafts,748.1875
957,cereal,breakfast,698.6969696969697
958,cereal,uncle,649.939393939394
959,ceremony,graduation,689.84375
960,ceremony,sly,676.2307692307693
961,chain,china,691.8214285714286
962,chain,saw,627.3870967741935
963,chair,coffee,598.09375
964,chair,table,599.8787878787879
965,chairperson,fries,810.7142857142857
966,chairperson,leader,692.25
967,chalk,crayon,772.0333333333333
968,chalk,diamond,648.8387096774194
969,chalkboard,branch,849.6451612903226
970,chalkboard,write,625.2903225806451
971,chamber,present,676.5
972,chamber,room,666.375
973,champagne,beer,630.5625
974,champagne,painting,661.0967741935484
975,champion,boxer,586.0967741935484
976,champion,penny,751.21875
977,chance,bow,659.5714285714286
978,chance,luck,654.7666666666667
979,change,chicken,570.030303030303
980,change,different,685.96875
981,channel,marker,713.6071428571429
982,channel,mine,657.939393939394
983,chaos,bag,675.2727272727273
984,chaos,confusion,655.7857142857143
985,chapel,jungle,724.1875
986,chapel,priest,780.4333333333333
987,chapter,sorority,912.1071428571428
988,chapter,trash,634.90625
989,character,personality,696.7878787878788
990,character,talk,571.9090909090909
991,characteristic,look,704.2258064516129
992,characteristic,trait,826.90625
993,charcoal,grill,696.0333333333333
994,charcoal,star,643.483870967742
995,charge,electric,704.4193548387096
996,charge,safe,553.1875
997,charm,bracelet,699.7333333333333
998,charm,wolf,650.8387096774194
999,chart,graph,651.7
1000,chart,winner,691.5
1001,cheap,auto,601.75
1002,cheap,sale,653.0
1003,cheat,fail,653.5
1004,cheat,wear,670.5483870967741
1005,check,cash,642.8064516129032
1006,check,tight,616.3225806451613
1007,checkers,cotton,705.741935483871
1008,checkers,round,737.0666666666667
1009,checking,account,644.8666666666667
1010,checking,snow,667.8064516129032
1011,cheerleader,rock,673.939393939394
1012,cheerleader,snob,848.4444444444445
1013,chef,donkey,613.8125
1014,chef,waiter,620.8387096774194
1015,chemical,muscle,676.9642857142857
1016,chemical,reaction,605.9677419354839
1017,chemist,scientist,726.9354838709677
1018,chemist,wool,735.1481481481482
1019,chemistry,body,644.84375
1020,chemistry,science,566.3666666666667
1021,chess,foot,593.030303030303
1022,chess,king,609.060606060606
1023,chew,little,646.516129032258
1024,chew,swallow,710.9354838709677
1025,chicken,communism,960.1290322580644
1026,chicken,soup,592.0625
1027,chief,leader,605.7741935483871
1028,chief,neat,770.1666666666666
1029,child,baby,563.5625
1030,child,dots,767.8846153846154
1031,childish,immature,802.4285714285714
1032,childish,listen,657.9333333333333
1033,children,kids,649.5806451612904
1034,children,superior,745.0
1035,chime,bell,599.15625
1036,chime,blonde,671.4
1037,chimpanzee,ape,633.0689655172414
1038,chimpanzee,snake,658.78125
1039,china,cab,657.68
1040,china,dish,642.483870967742
1041,china,stairs,648.0333333333333
1042,chinese,bread,628.84375
1043,chinese,rice,595.46875
1044,chip,meat,675.0
1045,chip,potato,598.2258064516129
1046,chipmunk,cards,691.5333333333333
1047,chipmunk,squirrel,716.8666666666667
1048,chips,movement,704.96875
1049,chips,potato,552.40625
1050,chisel,chip,582.7741935483871
1051,chisel,climb,724.3333333333334
1052,chocolate,candy,556.4193548387096
1053,chocolate,leather,646.6875
1054,choice,decision,629.375
1055,choice,frankenstein,987.0
1056,choose,monkey,687.4375
1057,choose,pick,607.5483870967741
1058,chop,ax,711.0
1059,chop,learn,650.1290322580645
1060,chorus,song,606.0967741935484
1061,chorus,toothpaste,942.548387096774
1062,christ,jesus,610.40625
1063,christ,on,614.0
1064,christian,enough,629.2903225806451
1065,christian,jewish,723.5
1066,christmas,santa,676.4137931034483
1067,christmas,sky,633.125
1068,chromosomes,fence,679.8275862068965
1069,chromosomes,sex,741.1612903225806
1070,chunk,christ,833.9642857142857
1071,chunk,piece,650.875
1072,church,religion,596.9677419354839
1073,church,white,649.5
1074,cigar,smoke,648.4666666666667
1075,cigar,south,679.8064516129032
1076,cinnamon,klutz,1165.7777777777778
1077,cinnamon,toast,602.7096774193549
1078,circle,square,657.3125
1079,circle,wimp,908.952380952381
1080,circumstance,ruler,592.1875
1081,circumstance,situation,672.125
1082,circus,clown,654.0645161290323
1083,circus,minute,619.9310344827586
1084,citizen,geek,853.1851851851852
1085,citizen,person,628.9
1086,city,state,657.7333333333333
1087,city,vomit,787.7
1088,claim,insurance,788.0666666666667
1089,claim,persuade,707.7333333333333
1090,clam,flakes,707.6129032258065
1091,clam,oyster,791.3928571428571
1092,clamp,school,682.6875
1093,clamp,tool,585.5806451612904
1094,clarify,repeat,701.0
1095,clarify,tape,642.90625
1096,clarinet,flute,675.0
1097,clarinet,soft,601.2413793103449
1098,claw,cat,647.0322580645161
1099,claw,glue,710.0
1100,clean,blood,621.1212121212121
1101,clean,dirty,622.2903225806451
1102,cleaner,maid,716.6333333333333
1103,cleaner,nice,704.7
1104,cleaning,dust,597.1935483870968
1105,cleaning,harvest,768.5806451612904
1106,clear,cloudy,697.1612903225806
1107,clear,ski,591.6875
1108,clench,bed,584.625
1109,clench,tighten,754.8064516129032
1110,clerk,metal,647.6363636363636
1111,clerk,person,586.5483870967741
1112,clever,fad,872.421052631579
1113,clever,stupid,644.71875
1114,click,mouse,619.6451612903226
1115,click,whole,675.7878787878788
1116,cliff,angel,627.0
1117,cliff,ledge,665.6
1118,climate,none,728.09375
1119,climate,weather,609.1935483870968
1120,climax,florida,707.6363636363636
1121,climax,orgasm,800.6774193548387
1122,clippers,climate,630.5806451612904
1123,clippers,scissors,724.3125
1124,cloak,dagger,727.2758620689655
1125,cloak,temple,738.34375
1126,clockwise,bad,728.0625
1127,clockwise,direction,619.0
1128,clog,ass,693.9677419354839
1129,clog,drain,711.28125
1130,clorox,bleach,656.125
1131,clorox,dinosaur,808.7741935483871
1132,close,near,578.1875
1133,close,priest,817.7037037037037
1134,closing,opening,561.9032258064516
1135,closing,package,693.483870967742
1136,cloth,camp,683.8666666666667
1137,cloth,material,687.3666666666667
1138,clothes,wear,581.96875
1139,clothes,world,587.6551724137931
1140,cloud,second,665.9032258064516
1141,cloud,sky,651.1
1142,clown,funny,558.875
1143,clown,unknown,652.15625
1144,club,fraternity,819.9285714285714
1145,club,tool,582.1935483870968
1146,clumsy,important,703.9
1147,clumsy,klutz,1152.888888888889
1148,coach,jesus,687.483870967742
1149,coach,team,608.8
1150,coal,diamond,707.0322580645161
1151,coal,wolf,690.1935483870968
1152,coast,actor,585.060606060606
1153,coast,beach,784.7666666666667
1154,cob,magic,585.78125
1155,cob,web,699.375
1156,cobbler,american,744.6451612903226
1157,cobbler,peach,687.71875
1158,cobra,maze,798.3076923076923
1159,cobra,snake,603.3225806451613
1160,cobweb,bargain,852.516129032258
1161,cobweb,spider,645.0
1162,cocky,arrogant,779.1290322580645
1163,cocky,wet,590.78125
1164,cocoon,butterfly,622.71875
1165,cocoon,spider,642.65625
1166,cod,cans,706.1481481481482
1167,cod,fish,673.0344827586207
1168,code,politics,746.3448275862069
1169,code,red,558.741935483871
1170,coffee,life,644.7333333333333
1171,coffee,tea,692.7666666666667
1172,coffin,death,612.516129032258
1173,coffin,decide,740.6666666666666
1174,coke,pepsi,787.3548387096774
1175,coke,thanks,718.7096774193549
1176,cold,cover,751.8571428571429
1177,cold,snow,646.15625
1178,coleslaw,cabbage,728.3448275862069
1179,coleslaw,mouse,666.6666666666666
1180,collect,real,633.9333333333333
1181,collect,stamp,692.5
1182,college,journey,658.258064516129
1183,college,school,544.65625
1184,colonel,general,608.0
1185,colonel,words,683.4375
1186,colt,gun,595.0689655172414
1187,colt,shovel,826.7142857142857
1188,column,hallway,668.375
1189,column,newspaper,744.1666666666666
1190,combination,load,604.2903225806451
1191,combination,mixture,848.4666666666667
1192,combine,irregular,714.6666666666666
1193,combine,join,642.34375
1194,comedian,actor,616.65625
1195,comedian,twelve,679.2258064516129
1196,comedy,club,579.6129032258065
1197,comedy,finger,677.1875
1198,comet,planet,638.375
1199,comet,test,612.3870967741935
1200,comfortable,couch,716.258064516129
1201,comfortable,wrong,594.6774193548387
1202,comma,english,671.25
1203,comma,refuse,744.3870967741935
1204,command,fashion,690.483870967742
1205,command,tell,640.3448275862069
1206,commander,chief,600.9090909090909
1207,commander,feel,700.4375
1208,comment,talk,580.90625
1209,comment,zone,624.3870967741935
1210,committee,congress,724.4333333333333
1211,committee,loud,604.3939393939394
1212,common,grape,676.4333333333333
1213,common,uncommon,786.7
1214,communication,radio,617.96875
1215,communication,why,679.741935483871
1216,communist,answer,623.3548387096774
1217,communist,russia,747.9655172413793
1218,community,dependable,805.8
1219,community,neighborhood,740.1612903225806
1220,compact,disc,670.2333333333333
1221,compact,two,648.15625
1222,companion,ill,689.4642857142857
1223,companion,partner,780.65625
1224,compass,direction,623.3333333333334
1225,compass,spring,634.21875
1226,compassion,letters,701.3333333333334
1227,compassion,sympathy,659.25
1228,competence,capability,846.3666666666667
1229,competence,down,670.28125
1230,competition,bee,676.7096774193549
1231,competition,sport,592.125
1232,complain,grass,724.6451612903226
1233,complain,whine,800.7777777777778
1234,complete,destruction,725.875
1235,complete,homework,664.1935483870968
1236,complex,building,663.1
1237,complex,mouth,585.2903225806451
1238,complicated,simple,613.96875
1239,complicated,team,672.6129032258065
1240,compliment,brave,633.7272727272727
1241,compliment,thanks,631.78125
1242,component,apartment,723.3939393939394
1243,component,part,685.6551724137931
1244,components,cop,730.3125
1245,components,parts,610.6896551724138
1246,compose,disagree,675.4
1247,compose,gather,612.3214285714286
1248,compound,jeans,608.7586206896551
1249,compound,mixture,639.21875
1250,compulsion,obsession,764.1612903225806
1251,compulsion,uncommon,752.0
1252,compute,calculate,705.875
1253,compute,market,629.1333333333333
1254,computer,disc,732.0689655172414
1255,computer,poor,642.03125
1256,con,artist,650.6129032258065
1257,con,fun,643.03125
1258,concentrate,vision,595.7
1259,concentrate,wander,876.0384615384615
1260,concept,belief,676.1
1261,concept,puzzle,625.7575757575758
1262,concern,worker,594.0689655172414
1263,concern,worry,607.625
1264,conclude,answer,666.4516129032259
1265,conclude,street,687.5625
1266,conclusion,ending,630.3939393939394
1267,conclusion,smell,609.78125
1268,condemn,accuse,741.9285714285714
1269,condemn,bump,719.3214285714286
1270,confidence,knowledge,704.0666666666667
1271,condition,drunk,586.9375
1272,condition,health,704.3870967741935
1273,conditioner,football,591.0
1274,conditioner,shampoo,675.09375
1275,cone,cup,579.4333333333333
1276,cone,women,603.7878787878788
1277,conference,meeting,606.1612903225806
1278,conference,picket,887.8
1279,confess,alligator,808.7333333333333
1280,confess,guilty,637.0967741935484
1281,confidence,security,685.2903225806451
1282,conflict,fight,616.7741935483871
1283,conflict,tennis,614.3103448275862
1284,confuse,misunderstand,827.5
1285,confuse,sheets,646.7272727272727
1286,confusion,highway,775.258064516129
1287,confusion,lost,641.6774193548387
1288,congress,cover,701.2962962962963
1289,congress,senate,713.3793103448276
1290,connect,dots,701.9032258064516
1291,connect,hole,634.12
1292,conquer,boxer,646.1724137931035
1293,conquer,defeat,633.0666666666667
1294,conquest,adventure,669.3225806451613
1295,conquest,fries,715.71875
1296,conscience,awake,665.21875
1297,conscience,trip,698.8965517241379
1298,conscious,aware,608.741935483871
1299,conscious,rabbit,668.3225806451613
1300,consequence,action,575.2903225806451
1301,consequence,friend,563.96875
1302,constitution,calculate,687.448275862069
1303,constitution,rights,646.25
1304,construct,bone,631.3125
1305,construct,destroy,682.3225806451613
1306,construction,build,619.71875
1307,construction,climate,692.1612903225806
1308,container,award,656.0967741935484
1309,container,tupperware,810.7083333333334
1310,contemporary,modern,670.125
1311,contemporary,tan,609.2333333333333
1312,content,book,551.5454545454545
1313,content,egg,606.90625
1314,contest,back,710.3
1315,contest,winner,661.2
1316,context,clue,571.6774193548387
1317,context,need,673.3125
1318,continent,africa,741.5806451612904
1319,continent,bone,724.8148148148148
1320,contract,agreement,680.8666666666667
1321,contract,bat,626.3225806451613
1322,contractor,builder,699.4516129032259
1323,contractor,help,604.6774193548387
1324,control,enter,716.9354838709677
1325,control,power,614.0
1326,convent,beginner,738.7575757575758
1327,convent,nun,870.2222222222222
1328,conversation,leather,678.1818181818181
1329,conversation,speech,602.1333333333333
1330,convict,killer,579.4375
1331,convict,more,720.060606060606
1332,convince,comfortable,690.4193548387096
1333,convince,persuade,715.5862068965517
1334,cook,arrogant,713.3076923076923
1335,cook,raw,606.258064516129
1336,cookbook,novel,680.7931034482758
1337,cookbook,recipe,690.96875
1338,cool,air,599.3870967741935
1339,cool,lake,605.1935483870968
1340,cooler,bitch,672.7741935483871
1341,cooler,wine,586.09375
1342,cop,again,678.03125
1343,cop,ticket,634.5
1344,copier,machine,767.7666666666667
1345,copier,whine,774.48
1346,copper,land,628.6774193548387
1347,copper,penny,642.7096774193549
1348,copy,machine,666.84375
1349,copy,thumb,660.1
1350,coral,reef,732.7
1351,coral,washington,695.3666666666667
1352,cord,dance,659.6333333333333
1353,cord,telephone,576.59375
1354,core,early,571.2258064516129
1355,core,middle,679.53125
1356,cork,board,695.5
1357,cork,states,712.9032258064516
1358,cornbeef,beef,636.6
1359,cornbeef,tantrum,924.391304347826
1360,corporal,army,579.8387096774194
1361,corporal,princess,681.741935483871
1362,corporation,business,660.5151515151515
1363,corporation,lamb,641.1
1364,corpse,dead,570.5483870967741
1365,corpse,not,602.7777777777778
1366,correct,owner,684.516129032258
1367,correct,wrong,610.3225806451613
1368,corridor,evidence,840.3793103448276
1369,corridor,hall,569.3125
1370,costume,clothes,693.4375
1371,costume,string,688.6774193548387
1372,cotton,state,682.28125
1373,cotton,wool,603.4333333333333
1374,couch,relax,620.6206896551724
1375,couch,ring,656.9375
1376,cougar,lion,629.4516129032259
1377,cougar,remember,600.7
1378,cough,cold,651.3939393939394
1379,cough,now,659.7096774193549
1380,country,quick,685.6774193548387
1381,country,usa,737.7777777777778
1382,county,city,591.0967741935484
1383,county,shower,593.375
1384,couple,christmas,737.7575757575758
1385,couple,date,597.3636363636364
1386,courage,bravery,610.59375
1387,courage,quick,695.2258064516129
1388,courageous,dumb,698.6875
1389,courageous,superman,710.2222222222222
1390,court,judge,576.4193548387096
1391,court,spread,692.34375
1392,cousin,nephew,672.5172413793103
1393,cousin,reptile,699.96
1394,cover,girlfriend,779.03125
1395,cover,lid,682.4666666666667
1396,covered,football,601.6774193548387
1397,covered,sheets,602.516129032258
1398,coward,river,610.2903225806451
1399,coward,wimp,784.3846153846154
1400,cowboy,boots,608.8
1401,cowboy,fly,575.3103448275862
1402,cowgirl,cowboy,671.1875
1403,cowgirl,rhyme,824.4782608695652
1404,coyote,hidden,682.3870967741935
1405,coyote,wolf,583.8709677419355
1406,cozy,comfortable,706.7096774193549
1407,cozy,yellow,575.2
1408,crab,lobster,569.40625
1409,crab,scared,756.6774193548387
1410,crack,cocaine,910.8064516129032
1411,crack,situation,716.5806451612904
1412,cradle,cuddle,778.6666666666666
1413,cradle,stress,620.4242424242424
1414,craft,in,683.5862068965517
1415,craft,trade,604.7
1416,crafts,clay,698.0333333333333
1417,crafts,sexy,699.25
1418,crane,constructio,695.1875
1419,crane,go,621.65625
1420,crater,hell,770.9
1421,crater,zit,882.2083333333334
1422,crave,hunger,613.8787878787879
1423,crave,walk,638.875
1424,crawl,snail,676.2857142857143
1425,crawl,sting,709.1290322580645
1426,crayola,crayon,614.6896551724138
1427,crayola,skill,701.9
1428,crazy,insane,717.2258064516129
1429,crazy,letter,632.0625
1430,cream,line,685.0689655172414
1431,cream,milk,628.90625
1432,crease,fold,753.46875
1433,crease,indoors,638.2758620689655
1434,create,make,611.9677419354839
1435,create,mine,701.4827586206897
1436,creation,make,573.84375
1437,creation,waiter,666.2068965517242
1438,creative,mind,638.65625
1439,creative,shower,665.8387096774194
1440,creator,builder,689.4
1441,creator,food,583.1666666666666
1442,creature,dinosaur,640.8
1443,creature,religion,838.483870967742
1444,credit,card,574.1333333333333
1445,credit,decision,719.3666666666667
1446,crescent,goose,649.8928571428571
1447,crescent,moon,625.03125
1448,crevice,crack,766.8387096774194
1449,crevice,silk,654.0689655172414
1450,crew,start,677.483870967742
1451,crew,team,656.40625
1452,cricket,better,612.28125
1453,cricket,bug,658.96875
1454,crisis,hand,655.0
1455,crisis,stress,695.9333333333333
1456,crisp,crunchy,724.9354838709677
1457,crisp,zoo,654.2333333333333
1458,criterion,compact,804.5333333333333
1459,criterion,schedule,633.0333333333333
1460,critical,dangerous,716.53125
1461,critical,look,630.2727272727273
1462,criticize,argue,670.7741935483871
1463,criticize,fail,607.4516129032259
1464,crochet,knit,768.5357142857143
1465,crochet,sex,673.7272727272727
1466,crocodile,alligator,638.4
1467,crocodile,mall,644.4
1468,crook,staff,658.1724137931035
1469,crook,thief,609.1935483870968
1470,crops,harvest,808.1612903225806
1471,crops,worry,688.2
1472,cross,ass,704.75
1473,cross,street,672.5
1474,crowd,mob,690.6785714285714
1475,crowd,radio,730.2758620689655
1476,crude,disgusting,846.84375
1477,crude,nose,713.7
1478,crunch,ball,631.9375
1479,crunch,crackle,812.0344827586207
1480,crunchy,foresight,844.741935483871
1481,crunchy,nut,611.9354838709677
1482,crush,smash,644.625
1483,crush,speech,728.5172413793103
1484,crust,beginner,699.9354838709677
1485,crust,pizza,579.28125
1486,crutch,leg,562.483870967742
1487,crutch,reason,726.8125
1488,cry,calm,668.3703703703703
1489,cry,tears,636.625
1490,crystal,clear,646.6969696969697
1491,crystal,cuddle,829.6071428571429
1492,cub,bear,695.34375
1493,cub,hospital,671.7096774193549
1494,cucumber,pickles,762.7
1495,cucumber,tea,568.1515151515151
1496,cuddle,boy,592.1612903225806
1497,cuddle,weak,583.2333333333333
1498,cue,hint,737.6129032258065
1499,cue,tell,626.483870967742
1500,cuff,business,652.6206896551724
1501,cuff,pants,626.8387096774194
1502,culture,question,676.0625
1503,culture,society,630.1612903225806
1504,cup,horn,743.8
1505,cup,saucer,679.9354838709677
1506,cupboard,cans,717.3448275862069
1507,cupboard,pull,643.4
1508,cure,abandon,749.1111111111111
1509,cure,help,539.0333333333333
1510,curiosity,knowledge,710.2903225806451
1511,curiosity,work,634.4193548387096
1512,curious,george,685.3
1513,curious,sandwich,688.1379310344828
1514,curse,storm,611.9375
1515,curse,swear,589.9032258064516
1516,cursive,drop,694.3448275862069
1517,cursive,writing,606.21875
1518,curtains,closed,719.71875
1519,curtains,collar,808.6
1520,curve,beat,742.34375
1521,curve,straight,654.060606060606
1522,curved,novel,662.3870967741935
1523,curved,road,672.53125
1524,cushion,couch,593.8666666666667
1525,cushion,hurry,627.2
1526,cuss,alive,621.6551724137931
1527,cuss,swear,657.5
1528,custard,pudding,644.8709677419355
1529,custard,race,631.5333333333333
1530,customer,service,658.15625
1531,customer,six,662.78125
1532,cut,blood,596.6451612903226
1533,cut,strength,624.8064516129032
1534,cyclone,cautious,853.46875
1535,cyclone,tornado,636.0625
1536,cylinder,floor,635.90625
1537,cylinder,round,645.9354838709677
1538,dad,mom,607.5625
1539,dad,waiter,714.7857142857143
1540,dagger,perfect,643.5454545454545
1541,dagger,sword,604.2903225806451
1542,daily,blood,638.3333333333334
1543,daily,monthly,737.2
1544,dairy,belt,630.9375
1545,dairy,milk,620.483870967742
1546,damage,destruction,770.15625
1547,damage,hitchhike,1063.1538461538462
1548,damn,it,672.0625
1549,damn,yours,613.6666666666666
1550,dandelion,destroy,726.7741935483871
1551,dandelion,yellow,587.6129032258065
1552,dandruff,flakes,800.75
1553,dandruff,workout,732.1612903225806
1554,danger,scary,597.3214285714286
1555,danger,vein,761.6923076923077
1556,dangerous,pizza,574.4375
1557,dangerous,safe,600.8125
1558,daring,brave,589.96875
1559,daring,ghost,623.25
1560,dark,bracelet,850.6551724137931
1561,dark,cold,619.8666666666667
1562,darkness,arms,712.5333333333333
1563,darkness,scared,707.7666666666667
1564,dart,different,599.5806451612904
1565,dart,throw,581.8666666666667
1566,data,base,643.5625
1567,data,lunch,603.34375
1568,date,raw,642.3103448275862
1569,date,time,640.53125
1570,daughter,quack,919.84
1571,daughter,son,660.03125
1572,dawn,dusk,594.625
1573,dawn,forgive,666.030303030303
1574,dead,alive,607.4333333333333
1575,dead,lobster,709.1515151515151
1576,deadly,poison,648.40625
1577,deadly,salt,676.3225806451613
1578,deaf,grill,681.3636363636364
1579,deaf,what,675.0967741935484
1580,deal,bother,769.75
1581,deal,cards,591.5625
1582,death,cabin,606.0967741935484
1583,death,life,530.2758620689655
1584,debate,argue,685.5666666666667
1585,debate,president,626.0333333333333
1586,decay,purpose,643.5151515151515
1587,decay,rot,695.6
1588,deceit,spit,700.6551724137931
1589,deceit,trick,684.125
1590,decency,manners,696.5714285714286
1591,decency,map,623.1666666666666
1592,deception,cliff,728.9285714285714
1593,deception,honesty,616.3030303030303
1594,decide,amount,700.25
1595,decide,choice,679.78125
1596,decision,cabbage,710.1851851851852
1597,decision,decide,644.9375
1598,decompose,decay,734.5483870967741
1599,decompose,large,587.0322580645161
1600,decoration,christmas,694.9354838709677
1601,decoration,father,671.375
1602,decrease,increase,749.0625
1603,decrease,rules,634.0
1604,deep,insane,666.3571428571429
1605,deep,shallow,722.2258064516129
1606,deer,doe,781.5384615384615
1607,deer,slave,587.84375
1608,defend,balloon,611.7
1609,defend,protect,574.6896551724138
1610,defense,offense,694.2142857142857
1611,defense,poem,649.9354838709677
1612,define,dictionary,740.6451612903226
1613,define,enough,633.8125
1614,definition,meaning,613.969696969697
1615,definition,off,592.4285714285714
1616,defrost,show,645.9354838709677
1617,defrost,thaw,659.12
1618,degrade,embarrass,819.76
1619,degrade,hit,606.2258064516129
1620,degree,cold,639.5806451612904
1621,degree,college,587.40625
1622,delicate,fragile,645.2
1623,delicate,one,617.8709677419355
1624,delicious,glasses,746.0645161290323
1625,delicious,tasty,613.0645161290323
1626,delight,fire,651.9375
1627,delight,happy,540.65625
1628,delinquent,juvenile,719.5333333333333
1629,delinquent,map,660.3333333333334
1630,deliver,package,724.625
1631,deliver,stairs,593.5806451612904
1632,demi,corn,756.9354838709677
1633,demi,god,716.0333333333333
1634,democracy,arm,642.4193548387096
1635,democracy,communism,827.2333333333333
1636,democrat,careful,680.5
1637,democrat,republican,726.2758620689655
1638,demon,devil,594.258064516129
1639,demon,diamond,683.5
1640,denial,ladder,835.516129032258
1641,denial,refuse,739.516129032258
1642,dense,compact,856.4375
1643,dense,table,614.8333333333334
1644,dent,bend,720.3
1645,dent,close,582.21875
1646,deny,refuse,653.03125
1647,deny,storage,638.65625
1648,department,death,661.6774193548387
1649,department,head,624.75
1650,depend,independent,752.15625
1651,depend,strength,644.3870967741935
1652,dependent,independent,760.34375
1653,dependent,ocean,653.6666666666666
1654,deposit,animal,649.59375
1655,deposit,slip,652.2903225806451
1656,depth,grass,741.0625
1657,depth,shallow,632.1612903225806
1658,deputy,assistant,685.6129032258065
1659,deputy,stack,758.3103448275862
1660,descent,below,609.9666666666667
1661,descent,moon,686.0
1662,desert,cactus,805.2068965517242
1663,desert,prisoner,659.6551724137931
1664,designer,boring,760.6129032258065
1665,designer,name,628.1875
1666,desire,join,603.28125
1667,desire,want,579.8387096774194
1668,desk,cat,605.2258064516129
1669,desk,study,570.75
1670,destiny,future,680.448275862069
1671,destiny,polish,766.0
1672,detach,freedom,694.7
1673,detach,separate,910.0625
1674,detail,awake,667.4193548387096
1675,detail,specific,712.0
1676,detective,god,735.6333333333333
1677,detective,private,665.3939393939394
1678,deteriorate,decay,751.3571428571429
1679,deteriorate,legend,735.40625
1680,determine,constructio,788.5625
1681,determine,decide,689.2258064516129
1682,develop,doughnut,870.6206896551724
1683,develop,grow,816.1290322580645
1684,development,cabinet,678.2258064516129
1685,development,growth,684.8387096774194
1686,devil,club,643.1333333333333
1687,devil,evil,646.6
1688,dew,lots,738.5
1689,dew,morning,794.0322580645161
1690,diagram,graph,688.0
1691,diagram,minor,729.0
1692,dial,phone,548.0625
1693,dial,punishment,668.90625
1694,diameter,circle,636.75
1695,diameter,rattle,879.9310344827586
1696,dice,backpack,795.0
1697,dice,game,578.6774193548387
1698,dictator,communist,781.7857142857143
1699,dictator,lamb,699.9354838709677
1700,differ,hospital,782.741935483871
1701,differ,similar,784.9333333333333
1702,difference,kidnap,813.9655172413793
1703,difference,subtract,687.4333333333333
1704,difficulty,shoot,608.483870967742
1705,difficulty,trouble,637.0322580645161
1706,dig,fox,644.3225806451613
1707,dig,shovel,720.3333333333334
1708,digger,dagger,809.04
1709,digger,mall,743.7241379310345
1710,digit,number,637.75
1711,digit,stove,682.4333333333333
1712,dignity,caring,777.3125
1713,dignity,pride,591.483870967742
1714,dilemma,curtains,742.6363636363636
1715,dilemma,decision,707.1875
1716,diligence,smile,632.9655172413793
1717,diligence,try,656.0
1718,dim,early,612.4193548387096
1719,dim,light,606.939393939394
1720,dime,dive,770.8571428571429
1721,dime,phone,698.625
1722,diminish,drunk,724.9333333333333
1723,diminish,lesson,648.2727272727273
1724,dine,once,723.4230769230769
1725,dine,out,605.5806451612904
1726,diner,cut,611.2333333333333
1727,diner,supper,710.09375
1728,dinner,beard,714.1724137931035
1729,dinner,supper,612.1428571428571
1730,dinosaur,extinct,833.03125
1731,dinosaur,read,621.1875
1732,dip,action,622.8709677419355
1733,dip,chip,637.8965517241379
1734,diploma,compact,679.9
1735,diploma,graduation,631.5454545454545
1736,direct,forward,628.741935483871
1737,direct,restaurant,617.8064516129032
1738,direction,east,564.1333333333333
1739,direction,geek,781.9655172413793
1740,directions,arrow,714.0666666666667
1741,directions,bee,662.516129032258
1742,dirt,many,615.3103448275862
1743,dirt,mud,610.4137931034483
1744,disagreement,argument,835.258064516129
1745,disagreement,bit,757.6071428571429
1746,disallow,allow,756.3333333333334
1747,disallow,later,734.5806451612904
1748,disappear,annoy,772.1612903225806
1749,disappear,vanish,722.8666666666667
1750,disaster,earthquake,603.5483870967741
1751,disaster,name,792.125
1752,disbelief,alive,624.6451612903226
1753,disbelief,brother,683.6451612903226
1754,disbelieve,believe,643.65625
1755,disbelieve,own,608.90625
1756,disc,compact,676.375
1757,disc,disagreement,777.3548387096774
1758,discipline,strict,689.5333333333333
1759,discipline,sunday,626.6774193548387
1760,discomfort,hard,655.4193548387096
1761,discomfort,klutz,1013.2857142857144
1762,discourage,encourage,740.6774193548387
1763,discourage,field,682.125
1764,discovery,find,599.9642857142857
1765,discovery,hitchhike,920.84
1766,discreet,basic,631.5806451612904
1767,discreet,cautious,722.125
1768,disease,amuse,830.8636363636364
1769,disease,cure,622.6774193548387
1770,disgrace,jungle,628.258064516129
1771,disgrace,shame,714.0967741935484
1772,disguise,bush,647.46875
1773,disguise,mustache,723.96875
1774,disgusting,abuse,720.09375
1775,disgusting,gross,641.0
1776,dish,beg,709.7857142857143
1777,dish,plate,672.1071428571429
1778,dishes,length,631.3103448275862
1779,dishes,wash,575.7741935483871
1780,dishonest,car,624.7666666666667
1781,dishonest,honest,650.53125
1782,disintegrate,important,748.3125
1783,disintegrate,vanish,712.6129032258065
1784,dislike,hate,628.6875
1785,dislike,sand,637.6060606060606
1786,disorder,order,590.4193548387096
1787,disorder,time,678.483870967742
1788,disown,abandon,856.0689655172414
1789,disown,patient,706.0
1790,disperse,active,714.25
1791,disperse,spread,698.15625
1792,display,little,650.90625
1793,display,show,555.969696969697
1794,disregard,ignore,632.4
1795,disregard,shy,642.1935483870968
1796,dissimilar,similar,707.6451612903226
1797,dissimilar,supper,689.7
1798,dissolve,pyramid,747.2903225806451
1799,dissolve,salt,576.40625
1800,distance,far,631.5454545454545
1801,distance,lesson,623.6774193548387
1802,distinct,alert,743.5
1803,distinct,specific,832.8928571428571
1804,disturb,club,674.551724137931
1805,disturb,don't,763.3103448275862
1806,ditch,concert,688.3870967741935
1807,ditch,hole,646.75
1808,divide,good,607.741935483871
1809,divide,multiply,790.46875
1810,division,beautiful,633.1935483870968
1811,division,separate,775.6551724137931
1812,do,don't,691.5483870967741
1813,do,willing,646.2903225806451
1814,doe,jane,649.125
1815,doe,meet,712.875
1816,doll,house,625.03125
1817,doll,police,782.1935483870968
1818,dollars,change,656.8125
1819,dollars,old,560.125
1820,dominant,male,664.060606060606
1821,dominant,scary,642.5
1822,dominate,control,612.1935483870968
1823,dominate,killer,611.28125
1824,donation,gift,598.8125
1825,donation,positive,768.3548387096774
1826,done,gone,713.0333333333333
1827,done,speech,649.3870967741935
1828,donkey,ass,641.7096774193549
1829,donkey,don't,833.4193548387096
1830,door,funny,568.2258064516129
1831,door,open,610.448275862069
1832,doorbell,night,596.1612903225806
1833,doorbell,ring,671.6666666666666
1834,doorway,do,582.2258064516129
1835,doorway,hallway,628.6
1836,doubt,believe,606.6333333333333
1837,doubt,temple,769.1290322580645
1838,dough,doughnut,738.1333333333333
1839,dough,driving,778.2333333333333
1840,dove,fighter,694.9677419354839
1841,dove,peace,573.258064516129
1842,down,descend,739.2666666666667
1843,down,nut,671.0
1844,downstairs,in,704.7586206896551
1845,downstairs,upstairs,632.78125
1846,downtown,busy,664.15625
1847,downtown,leaf,648.8709677419355
1848,dozen,juvenile,918.6666666666666
1849,dozen,twelve,573.53125
1850,dracula,frankenstein,846.3870967741935
1851,dracula,glass,617.90625
1852,drag,race,604.5333333333333
1853,drag,rot,759.6842105263158
1854,dragon,independent,758.40625
1855,dragon,queen,624.625
1856,drapes,curtains,672.65625
1857,drapes,steak,753.1666666666666
1858,drawing,bean,863.6551724137931
1859,drawing,painting,676.1935483870968
1860,dressing,honesty,622.1333333333333
1861,dressing,salad,808.0645161290323
1862,drill,bit,637.8275862068965
1863,drill,change,634.0625
1864,drip,drop,586.0322580645161
1865,drip,give,734.925925925926
1866,drive,cough,639.28125
1867,drive,in,602.8666666666667
1868,driveway,pavement,692.7741935483871
1869,driveway,surgery,791.516129032258
1870,drop,annoying,765.9677419354839
1871,drop,fall,674.15625
1872,drown,plant,647.6060606060606
1873,drown,suffocate,765.741935483871
1874,drowsy,cab,682.5
1875,drowsy,tired,635.8387096774194
1876,drug,cocaine,676.53125
1877,drug,definition,782.2727272727273
1878,drugs,illegal,666.28125
1879,drugs,swamp,670.6538461538462
1880,drum,span,855.9130434782609
1881,drum,stick,626.6666666666666
1882,drunk,alcohol,610.5
1883,drunk,stamp,705.6
1884,duck,quack,803.3103448275862
1885,duck,strange,696.0645161290323
1886,ducks,fair,716.75
1887,ducks,quack,835.8518518518518
1888,due,dagger,810.0416666666666
1889,due,now,706.9666666666667
1890,dull,dirt,608.65625
1891,dull,knife,609.1935483870968
1892,dumb,deaf,683.2068965517242
1893,dumb,verb,647.7333333333333
1894,dump,garbage,722.2121212121212
1895,dump,negative,683.0625
1896,dunk,basketball,667.1212121212121
1897,dunk,thief,620.258064516129
1898,duplicate,true,589.0
1899,duplicate,same,571.4827586206897
1900,dusk,before,682.03125
1901,dusk,sunset,697.4193548387096
1902,dust,area,623.6666666666666
1903,dust,pan,618.3225806451613
1904,dustpan,clean,647.6875
1905,dustpan,door,584.8387096774194
1906,dynamite,explosion,657.3333333333334
1907,dynamite,maybe,573.4333333333333
1908,dynasty,empire,686.5806451612904
1909,dynasty,value,669.6
1910,eager,tissue,698.5483870967741
1911,eager,willing,784.2142857142857
1912,eagle,america,724.96875
1913,eagle,washer,705.3870967741935
1914,early,bird,572.0909090909091
1915,early,protection,657.0645161290323
1916,earnestness,honesty,663.4
1917,earnestness,ridiculous,789.1724137931035
1918,earring,hoop,716.4
1919,earring,oven,631.53125
1920,earthquake,hurricane,748.2258064516129
1921,earthquake,movie,648.375
1922,east,beginning,761.2333333333333
1923,east,west,593.28125
1924,easter,noise,733.258064516129
1925,easter,sunday,629.3548387096774
1926,economy,find,564.516129032258
1927,economy,society,601.75
1928,ecstasy,crackle,751.516129032258
1929,ecstasy,fantasy,679.1333333333333
1930,editor,where,610.0645161290323
1931,editor,writer,593.2413793103449
1932,education,chew,679.0344827586207
1933,education,higher,601.2903225806451
1934,effect,cause,643.0967741935484
1935,effect,group,623.1612903225806
1936,effort,try,592.125
1937,effort,workout,708.0
1938,egg,breakfast,669.78125
1939,egg,soda,767.75
1940,eggs,bacon,719.1290322580645
1941,eggs,descend,769.12
1942,ego,adjective,886.1666666666666
1943,ego,id,830.625
1944,egypt,abnormal,793.8333333333334
1945,egypt,pyramid,672.0645161290323
1946,eight,horse,674.0645161290323
1947,eight,octopus,839.6551724137931
1948,einstein,brain,728.6129032258065
1949,einstein,cigarette,759.9354838709677
1950,elaborate,explain,639.5757575757576
1951,elaborate,sport,582.1666666666666
1952,electrician,similar,703.84375
1953,electrician,wire,610.3333333333334
1954,electron,neutron,852.2333333333333
1955,electron,work,699.3548387096774
1956,elements,chain,681.78125
1957,elements,chemistry,705.7931034482758
1958,elephant,cute,614.3870967741935
1959,elephant,peanut,671.15625
1960,elevator,lots,663.0322580645161
1961,elevator,stair,639.258064516129
1962,elf,santa,693.741935483871
1963,elf,writing,670.0333333333333
1964,elimination,destruction,760.1290322580645
1965,elimination,orange,606.6129032258065
1966,embarrass,blush,710.074074074074
1967,embarrass,math,594.6774193548387
1968,embrace,hug,593.741935483871
1969,embrace,neuron,822.6538461538462
1970,emergency,ambulance,735.4333333333333
1971,emergency,irritating,935.7096774193548
1972,emotion,feeling,632.9032258064516
1973,emotion,shoe,729.3333333333334
1974,empathy,slow,615.0
1975,empathy,sorry,643.53125
1976,emperor,ruler,619.5
1977,emperor,thin,746.741935483871
1978,empire,china,619.5
1979,empire,enter,638.3225806451613
1980,employee,college,579.90625
1981,employee,employer,683.8787878787879
1982,employment,reaction,682.516129032258
1983,employment,unemploymen,802.0
1984,empty,can,616.0967741935484
1985,empty,duty,862.0322580645161
1986,end,start,777.9677419354839
1987,end,stripe,719.1034482758621
1988,ending,beginning,652.9032258064516
1989,ending,three,660.34375
1990,endless,asia,694.5483870967741
1991,endless,class,636.8181818181819
1992,enemy,rip,819.7037037037037
1993,enemy,russia,817.0333333333333
1994,energetic,communist,891.4285714285714
1995,energetic,energy,657.6451612903226
1996,energy,drip,681.9285714285714
1997,energy,electricity,761.3870967741935
1998,engage,condom,720.4333333333333
1999,engage,together,642.0625
2000,engine,fire,586.6774193548387
2001,engine,weight,608.0689655172414
2002,england,britain,775.8846153846154
2003,england,spit,768.6774193548387
2004,english,store,628.8787878787879
2005,english,writing,614.1935483870968
2006,enjoy,clay,681.0
2007,enjoy,life,555.96875
2008,enough,black,561.65625
2009,enough,done,597.9
2010,enrage,calm,664.9333333333333
2011,enrage,understand,668.483870967742
2012,enter,computer,610.3870967741935
2013,enter,cure,654.516129032258
2014,entertain,amuse,712.6774193548387
2015,entertain,mist,749.1538461538462
2016,entertainment,office,686.3870967741935
2017,entertainment,television,692.6969696969697
2018,entrance,bush,713.0
2019,entrance,exit,643.75
2020,entry,enter,578.2
2021,entry,sheep,661.9032258064516
2022,environment,leaves,634.84375
2023,environment,nature,650.46875
2024,envy,greed,581.5483870967741
2025,envy,jogger,739.5
2026,equal,hold,632.84375
2027,equal,rights,625.6666666666666
2028,eraser,cheat,623.4516129032259
2029,eraser,pen,621.516129032258
2030,erect,blush,788.258064516129
2031,erect,hard,762.875
2032,erode,manners,613.516129032258
2033,erode,rot,701.2307692307693
2034,erupt,example,698.8064516129032
2035,erupt,orgasm,788.5769230769231
2036,escalator,elevator,628.9354838709677
2037,escalator,for,637.7931034482758
2038,escape,exit,717.5666666666667
2039,escape,lemon,734.21875
2040,escargot,snail,766.2758620689655
2041,escargot,toast,846.0
2042,essay,airplane,647.4375
2043,essay,write,549.09375
2044,essence,knife,741.28125
2045,essence,meaning,665.34375
2046,esteem,santa,782.8571428571429
2047,esteem,self,637.375
2048,estimate,average,694.2666666666667
2049,estimate,dry,569.1935483870968
2050,ethics,code,626.7741935483871
2051,ethics,feeling,666.516129032258
2052,etiquette,manners,684.5625
2053,etiquette,wheat,693.875
2054,europe,asia,635.3225806451613
2055,europe,emergency,674.84375
2056,evacuate,earthquake,714.258064516129
2057,evacuate,shoe,672.90625
2058,evaluate,judge,570.0333333333333
2059,evaluate,nun,922.9166666666666
2060,even,forever,688.53125
2061,even,odd,665.59375
2062,evening,dusk,733.5862068965517
2063,evening,promise,696.96875
2064,ever,fruit,652.258064516129
2065,ever,never,608.3333333333334
2066,everyday,bean,850.8666666666667
2067,everyday,daily,635.28125
2068,evict,apartment,637.6
2069,evict,desk,672.3225806451613
2070,evidence,proof,679.2258064516129
2071,evidence,summer,651.46875
2072,evil,nice,659.03125
2073,evil,shock,676.8064516129032
2074,ewe,lamb,716.483870967742
2075,ewe,wood,670.0322580645161
2076,exact,east,675.96875
2077,exact,precise,708.1666666666666
2078,exam,pass,598.0967741935484
2079,exam,tennis,603.0
2080,example,bleach,790.5666666666667
2081,example,sample,625.8
2082,excedrin,medicine,689.1875
2083,excedrin,money,662.6666666666666
2084,excel,fix,602.28125
2085,excel,succeed,716.0967741935484
2086,excellent,lightning,789.8387096774194
2087,excellent,superior,674.6060606060606
2088,exceptional,great,716.741935483871
2089,exceptional,peak,724.7741935483871
2090,exchange,anger,595.9677419354839
2091,exchange,foreign,673.09375
2092,excise,pan,765.2592592592592
2093,excise,tax,747.71875
2094,excited,bored,571.6
2095,excited,ship,646.8333333333334
2096,excuse,apology,710.4666666666667
2097,excuse,camera,643.5483870967741
2098,executive,secretary,798.5625
2099,executive,strong,577.1935483870968
2100,exercise,prom,798.4782608695652
2101,exercise,sweat,662.6333333333333
2102,exhale,inhale,682.8064516129032
2103,exhale,leg,638.9375
2104,exist,extinct,886.8846153846154
2105,exist,room,690.7
2106,existence,being,578.7741935483871
2107,existence,flakes,805.53125
2108,exit,enter,637.6129032258065
2109,exit,reaction,685.9677419354839
2110,expense,can,641.9
2111,expense,cheap,694.741935483871
2112,expensive,cheap,628.4545454545455
2113,expensive,shave,700.258064516129
2114,experience,dumb,637.3448275862069
2115,experience,knowledge,666.6666666666666
2116,experiment,scientist,748.8620689655172
2117,experiment,scratch,757.84375
2118,expert,come,687.34375
2119,expert,novice,737.5217391304348
2120,explain,excuse,773.7037037037037
2121,explain,irritating,808.5172413793103
2122,explanation,answer,655.8333333333334
2123,explanation,sorry,754.9375
2124,explode,erupt,767.8571428571429
2125,explode,extrovert,935.28
2126,explorer,adventure,641.9655172413793
2127,explorer,power,644.8709677419355
2128,explosion,bomb,634.3333333333334
2129,explosion,potato,700.6666666666666
2130,express,quiet,646.9032258064516
2131,express,say,619.1666666666666
2132,expression,emotion,682.0
2133,expression,vine,719.1111111111111
2134,extension,addition,685.3225806451613
2135,extension,precise,811.6428571428571
2136,extinct,basic,649.1818181818181
2137,extinct,young,645.1666666666666
2138,extra,more,576.8275862068965
2139,extra,music,552.78125
2140,extravagant,clothes,668.28125
2141,extravagant,rich,658.3548387096774
2142,eye,ear,626.125
2143,eye,star,623.1612903225806
2144,eyeball,sly,746.6923076923077
2145,eyeball,socket,821.8709677419355
2146,eyebrows,eyes,655.7666666666667
2147,eyebrows,son,661.5357142857143
2148,eyes,schedule,721.1875
2149,eyes,sight,660.3548387096774
2150,fable,lesson,627.34375
2151,fable,minimum,887.8214285714286
2152,fabric,material,654.5483870967741
2153,fabric,smash,672.8
2154,factor,dictionary,742.8181818181819
2155,factor,reason,724.71875
2156,factory,swear,609.6774193548387
2157,factory,worker,587.1515151515151
2158,facts,fiction,795.3666666666667
2159,facts,have,649.9354838709677
2160,faculty,mountain,737.8387096774194
2161,faculty,staff,596.3225806451613
2162,fad,fashion,670.9032258064516
2163,fad,real,655.483870967742
2164,fade,jeans,618.5757575757576
2165,fade,seven,606.9090909090909
2166,fail,house,642.0625
2167,fail,pass,642.6875
2168,failure,success,604.9677419354839
2169,failure,write,596.6451612903226
2170,fairy,sign,767.6774193548387
2171,fairy,story,618.1612903225806
2172,fairytale,decay,893.4814814814815
2173,fairytale,fiction,717.0
2174,faith,jesus,637.8064516129032
2175,faith,pick,643.7741935483871
2176,faithful,grow,664.21875
2177,faithful,relationshi,765.15625
2178,fake,far,786.9333333333333
2179,fake,real,622.5333333333333
2180,fall,shovel,853.25
2181,fall,spring,586.34375
2182,false,true,618.75
2183,false,crunchy,879.75
2184,fame,fortune,648.8125
2185,fame,material,676.6129032258065
2186,famine,homeless,709.516129032258
2187,famine,hunger,594.9310344827586
2188,famous,accept,623.625
2189,famous,artist,622.2
2190,fan,air,658.25
2191,fan,skin,748.3125
2192,fancy,agreement,661.09375
2193,fancy,like,585.46875
2194,fangs,television,710.6774193548387
2195,fangs,wolf,661.7
2196,fantastic,four,604.65625
2197,fantastic,skinny,691.6363636363636
2198,far,bedroom,719.2727272727273
2199,far,near,634.9333333333333
2200,farmer,crops,700.5806451612904
2201,farmer,sleep,579.8333333333334
2202,fascism,communism,707.1290322580645
2203,fascism,god,701.34375
2204,fashion,fad,769.7058823529412
2205,fashion,trees,772.5172413793103
2206,fast,friend,578.3666666666667
2207,fast,slow,603.96875
2208,fasten,plastic,681.6129032258065
2209,fasten,seatbelt,727.625
2210,fat,lady,605.6774193548387
2211,fat,tag,690.2333333333333
2212,father,hose,714.6923076923077
2213,father,mother,631.3939393939394
2214,faucet,around,619.125
2215,faucet,drip,616.8064516129032
2216,fault,breakfast,663.25
2217,fault,yours,705.5862068965517
2218,favorite,best,616.1818181818181
2219,favorite,cotton,612.875
2220,fear,biology,762.1818181818181
2221,fear,scared,682.9333333333333
2222,feature,boots,613.8125
2223,feature,nose,680.7931034482758
2224,federal,gone,591.84375
2225,federal,offense,674.3225806451613
2226,feeble,attempt,638.8387096774194
2227,feeble,wild,690.4193548387096
2228,feed,cool,752.8387096774194
2229,feed,eat,646.4516129032259
2230,feeling,emotion,619.8125
2231,feeling,farm,703.5666666666667
2232,feet,fake,679.2142857142857
2233,feet,toes,614.7272727272727
2234,felt,crafts,773.3333333333334
2235,felt,hand,612.8125
2236,female,male,589.75
2237,female,perfect,653.4516129032259
2238,fence,picket,759.0625
2239,fence,smoke,782.5333333333333
2240,festival,strawberry,632.9
2241,festival,weave,815.5357142857143
2242,feud,argument,840.7333333333333
2243,feud,juice,687.2903225806451
2244,fever,draw,619.9354838709677
2245,fever,high,592.6875
2246,fiber,cereal,708.125
2247,fiber,foreign,673.1379310344828
2248,field,corn,621.7096774193549
2249,field,yellow,612.2121212121212
2250,fig,newton,794.7586206896551
2251,fig,weight,633.4516129032259
2252,fight,fist,725.2258064516129
2253,fight,lace,752.0
2254,fighter,boxer,641.3870967741935
2255,fighter,space,654.483870967742
2256,figure,eight,715.0645161290323
2257,figure,ugly,666.5
2258,file,cabinet,631.9032258064516
2259,file,frame,707.65625
2260,fill,dirt,678.3
2261,fill,misunderstand,894.7586206896551
2262,filthy,bum,787.0
2263,filthy,cocaine,757.0625
2264,fin,carpet,630.71875
2265,fin,dolphin,806.5625
2266,final,last,645.53125
2267,final,superman,677.46875
2268,financial,problem,626.7666666666667
2269,financial,window,691.9677419354839
2270,find,found,679.3666666666667
2271,find,hungry,667.8064516129032
2272,finger,follower,721.65625
2273,finger,hand,590.84375
2274,fingernail,boat,667.3548387096774
2275,fingernail,polish,669.9666666666667
2276,fingers,crowd,636.1612903225806
2277,fingers,toes,567.6896551724138
2278,finish,brother,711.258064516129
2279,finish,start,577.0625
2280,finished,done,621.0625
2281,finished,quart,841.1333333333333
2282,fire,hot,575.28125
2283,fire,oxygen,806.6451612903226
2284,fireplace,creator,780.0
2285,fireplace,winter,615.6333333333333
2286,first,last,620.3333333333334
2287,first,saw,662.75
2288,fishing,ability,785.5333333333333
2289,fishing,reel,795.074074074074
2290,fit,load,600.8709677419355
2291,fit,tantrum,847.3478260869565
2292,fitness,healthy,641.875
2293,fitness,saucer,794.875
2294,five,hungry,637.3636363636364
2295,five,six,670.21875
2296,fix,it,628.7741935483871
2297,fix,vault,709.7586206896551
2298,flag,american,826.483870967742
2299,flag,honor,624.34375
2300,flake,corn,651.1935483870968
2301,flake,wild,607.8064516129032
2302,flap,flop,827.6206896551724
2303,flap,maybe,585.9677419354839
2304,flat,down,571.2333333333333
2305,flat,tire,607.5483870967741
2306,flea,bow,707.5666666666667
2307,flea,market,624.741935483871
2308,fleet,cars,671.59375
2309,fleet,hostess,735.7857142857143
2310,flesh,pepper,642.4
2311,flesh,skin,697.3666666666667
2312,flex,muscle,674.6129032258065
2313,flex,thought,699.1935483870968
2314,flexible,bend,699.25
2315,flexible,wait,651.8125
2316,flick,off,663.8
2317,flick,picture,654.4375
2318,fling,bedroom,801.03125
2319,fling,flirt,675.4375
2320,flip,dead,613.8125
2321,flip,flop,789.4333333333333
2322,flipper,dolphin,762.5333333333333
2323,flipper,flirt,679.6333333333333
2324,float,control,617.625
2325,float,sink,618.3548387096774
2326,flood,dam,912.3478260869564
2327,flood,stamp,672.5666666666667
2328,floor,looks,636.1666666666666
2329,floor,tile,768.074074074074
2330,florida,heat,625.5806451612904
2331,florida,sun,668.90625
2332,flour,bread,600.28125
2333,flour,no,673.030303030303
2334,flow,smooth,675.3870967741935
2335,flow,still,584.9
2336,flower,fiction,733.1071428571429
2337,flower,rose,590.40625
2338,flowers,rope,805.8709677419355
2339,flowers,roses,716.6875
2340,flu,poison,619.34375
2341,flu,sneeze,696.1935483870968
2342,fluffy,confusion,658.7878787878788
2343,fluffy,soft,722.3225806451613
2344,fluid,washer,697.7666666666667
2345,fluid,whine,773.3448275862069
2346,flunk,failure,761.3125
2347,flunk,fork,764.1666666666666
2348,flush,american,659.65625
2349,flush,blush,724.9677419354839
2350,fly,airplane,723.741935483871
2351,fly,gold,670.46875
2352,flying,airplane,694.9375
2353,flying,personality,712.03125
2354,foam,energy,690.15625
2355,foam,shave,650.8709677419355
2356,foe,ape,779.7407407407408
2357,foe,friend,638.0
2358,fog,mist,622.6451612903226
2359,fog,safe,580.9677419354839
2360,foggy,unclear,672.0967741935484
2361,foggy,wear,584.6
2362,foil,aluminum,711.4
2363,foil,kidnap,761.1935483870968
2364,fold,tear,643.8125
2365,fold,terrible,652.78125
2366,follow,lend,670.8333333333334
2367,follow,tag,628.0645161290323
2368,folly,cook,591.7
2369,folly,mistake,632.375
2370,fond,desert,702.0
2371,fond,fish,683.2258064516129
2372,fool,april,754.59375
2373,fool,zero,682.3666666666667
2374,foolish,plus,688.5
2375,foolish,silly,670.5757575757576
2376,football,field,758.7
2377,football,mud,631.3333333333334
2378,for,against,719.3333333333334
2379,for,exhale,865.75
2380,forbidden,actress,708.0333333333333
2381,forbidden,zone,754.9655172413793
2382,force,strength,609.09375
2383,force,summer,628.90625
2384,forehead,hair,548.2903225806451
2385,forehead,marry,730.75
2386,foresight,before,575.8
2387,foresight,secretary,693.1
2388,forever,always,639.4516129032259
2389,forever,test,595.4848484848485
2390,forget,basket,653.3225806451613
2391,forget,lose,661.969696969697
2392,forgive,accept,651.6666666666666
2393,forgive,tears,627.21875
2394,fork,dictionary,864.0
2395,fork,spoon,565.4
2396,form,law,556.84375
2397,form,shape,606.6363636363636
2398,formal,dress,607.2903225806451
2399,formal,sea,647.8064516129032
2400,formula,secret,654.875
2401,formula,upstairs,737.03125
2402,fort,april,633.9
2403,fort,army,653.4375
2404,fortune,false,630.53125
2405,fortune,poor,608.258064516129
2406,forward,backward,640.7
2407,forward,words,592.96875
2408,fossil,dinosaur,757.7333333333333
2409,fossil,machine,642.741935483871
2410,foundation,base,634.5666666666667
2411,foundation,view,610.59375
2412,fountain,penny,728.8
2413,fountain,sea,636.741935483871
2414,four,actress,723.8125
2415,four,five,521.6875
2416,fox,hound,740.3333333333334
2417,fox,parts,660.1071428571429
2418,fragile,best,667.75
2419,fragile,weak,650.09375
2420,fragrance,cologne,661.4516129032259
2421,fragrance,congress,679.9354838709677
2422,frail,mistake,704.0645161290323
2423,frail,thin,676.15625
2424,frankenstein,independent,701.34375
2425,frankenstein,monster,575.28125
2426,fraternity,problem,683.4516129032259
2427,fraternity,sorority,818.6129032258065
2428,fraud,crime,823.4516129032259
2429,fraud,under,734.0322580645161
2430,fray,bargain,773.6666666666666
2431,fray,rug,688.8387096774194
2432,freak,christmas,808.1290322580645
2433,freak,weird,721.3793103448276
2434,freckle,pen,648.12
2435,freckle,pimple,728.2333333333333
2436,freeway,am,759.6666666666666
2437,freeway,highway,625.0333333333333
2438,freeze,joke,588.9354838709677
2439,freeze,thaw,857.35
2440,freezer,bat,583.125
2441,freezer,refrigerator,728.3666666666667
2442,french,fries,663.6875
2443,french,rocks,631.8620689655172
2444,frequency,often,620.6129032258065
2445,friar,monk,733.8461538461538
2446,friar,shoes,622.3939393939394
2447,friday,manners,818.9677419354839
2448,friday,weekend,586.3333333333334
2449,friendliness,nice,586.8125
2450,friendliness,pen,661.1481481481482
2451,friends,fad,794.4285714285714
2452,friends,family,595.34375
2453,friendship,enemy,848.2857142857143
2454,friendship,tile,844.5
2455,fries,ketchup,696.9333333333333
2456,fries,submarine,791.2903225806451
2457,fright,george,777.3793103448276
2458,fright,ghost,655.1724137931035
2459,frigid,fragile,636.2413793103449
2460,frigid,jail,782.09375
2461,frill,lace,713.3103448275862
2462,frill,verb,685.2333333333333
2463,frisk,act,620.4193548387096
2464,frisk,search,692.1290322580645
2465,frog,prince,710.3103448275862
2466,frog,tall,643.5333333333333
2467,frosted,crowd,618.2413793103449
2468,frosted,flakes,678.4333333333333
2469,frosting,cake,628.0
2470,frosting,finished,702.1
2471,frown,smile,601.40625
2472,frown,taste,622.1818181818181
2473,frustrate,annoy,802.3703703703703
2474,frustrate,itch,835.2903225806451
2475,frustration,anxiety,659.2333333333333
2476,frustration,most,681.0
2477,fuel,ability,735.9666666666667
2478,fuel,gas,589.9032258064516
2479,fugitive,criminal,657.9032258064516
2480,fugitive,fist,798.8666666666667
2481,fumes,often,632.7096774193549
2482,fumes,smoke,659.9677419354839
2483,fun,excited,695.0
2484,fun,poem,653.0645161290323
2485,function,purpose,660.8333333333334
2486,function,tomato,776.9310344827586
2487,fund,dollars,610.0967741935484
2488,fund,prison,741.8275862068965
2489,fungi,biology,670.6666666666666
2490,fungi,hotel,667.1612903225806
2491,fungus,duck,691.375
2492,fungus,growth,668.59375
2493,funny,amuse,689.4615384615385
2494,funny,change,679.0
2495,furry,atom,818.25
2496,furry,rabbit,665.65625
2497,further,away,651.4193548387096
2498,further,liberty,694.9655172413793
2499,fury,anger,582.625
2500,fury,major,689.6
2501,fuss,sex,615.5
2502,fuss,whine,863.2
2503,gag,fog,715.0322580645161
2504,gag,puke,719.9655172413793
2505,gal,destruction,791.71875
2506,gal,girl,640.6666666666666
2507,galaxy,planets,700.1724137931035
2508,galaxy,sweat,634.0
2509,gallon,good,567.09375
2510,gallon,quart,777.2962962962963
2511,gallop,egypt,756.7741935483871
2512,gallop,run,596.875
2513,gamble,cards,644.6451612903226
2514,gamble,stair,632.0625
2515,game,flower,606.5
2516,game,win,586.1212121212121
2517,gander,goose,674.9
2518,gander,let,685.75
2519,gang,feet,688.8387096774194
2520,gang,group,597.2
2521,gangster,forest,684.4848484848485
2522,gangster,mob,624.1333333333333
2523,garbage,ready,586.2121212121212
2524,garbage,trash,609.516129032258
2525,garlic,onion,614.6
2526,garlic,show,664.5625
2527,gate,emotion,667.7741935483871
2528,gate,fence,703.1034482758621
2529,gather,blame,632.34375
2530,gather,spread,671.71875
2531,gathering,meeting,599.1515151515151
2532,gathering,sunset,649.2
2533,gauge,after,651.7
2534,gauge,temperature,748.6875
2535,gavel,rocks,569.4193548387096
2536,gavel,spaghetti,787.7241379310345
2537,geese,gander,787.1578947368421
2538,geese,strict,751.3793103448276
2539,gene,closed,621.6666666666666
2540,gene,pool,603.34375
2541,general,car,611.258064516129
2542,general,hospital,640.46875
2543,generous,disc,684.5555555555555
2544,generous,give,512.4375
2545,gentle,loving,553.7575757575758
2546,gentle,vein,770.28
2547,gentleman,end,563.939393939394
2548,gentleman,lady,571.6129032258065
2549,geology,land,620.8333333333334
2550,geology,security,636.875
2551,geometry,being,627.9333333333333
2552,geometry,shape,605.1290322580645
2553,george,experiment,764.2258064516129
2554,george,washington,683.2903225806451
2555,ghetto,drink,660.7333333333333
2556,ghetto,poor,691.0
2557,ghoul,ghost,639.0322580645161
2558,ghoul,trip,665.8
2559,gift,present,598.3636363636364
2560,gift,who,607.0
2561,giggle,clean,663.2903225806451
2562,giggle,laugh,600.59375
2563,gin,society,625.03125
2564,gin,tonic,711.2142857142857
2565,giraffe,jelly,634.6774193548387
2566,giraffe,zoo,624.4375
2567,girl,achieve,705.8620689655172
2568,girl,boy,648.4242424242424
2569,girlfriend,boyfriend,677.5483870967741
2570,girlfriend,duck,674.6666666666666
2571,giving,caring,723.5333333333333
2572,giving,maid,632.0645161290323
2573,glance,look,571.4516129032259
2574,glance,sink,630.3125
2575,glands,iron,747.0666666666667
2576,glands,neck,782.448275862069
2577,glare,ape,778.3
2578,glare,stare,656.9333333333333
2579,glass,save,629.4333333333333
2580,glass,window,601.516129032258
2581,glasses,frame,596.2413793103449
2582,glasses,hall,676.3666666666667
2583,glide,beef,620.3333333333334
2584,glide,slide,586.3666666666667
2585,globe,milk,636.0666666666667
2586,globe,world,603.03125
2587,glory,days,607.4375
2588,glory,dollar,726.09375
2589,gloves,hands,596.0
2590,gloves,monster,633.741935483871
2591,go,leave,603.28125
2592,go,news,657.6451612903226
2593,goal,achieve,641.25
2594,goal,collar,909.36
2595,goat,billy,753.7407407407408
2596,goat,massage,797.9032258064516
2597,god,creator,749.9
2598,god,finish,632.6451612903226
2599,going,gone,766.25
2600,going,security,750.3225806451613
2601,gold,pudding,837.5
2602,gold,value,706.6129032258065
2603,gone,duty,748.9333333333333
2604,gone,left,651.9354838709677
2605,goo,ache,700.2142857142857
2606,goo,sticky,681.1785714285714
2607,good,better,635.0333333333333
2608,good,water,613.6451612903226
2609,goodbye,hello,597.1034482758621
2610,goodbye,snob,654.8461538461538
2611,goodness,cautious,751.5862068965517
2612,goodness,sweet,594.34375
2613,goose,fight,657.7931034482758
2614,goose,gander,850.5333333333333
2615,gorgeous,beautiful,572.03125
2616,gorgeous,phone,611.9375
2617,gourmet,cook,565.8666666666667
2618,gourmet,corn,653.0322580645161
2619,government,nature,828.5333333333333
2620,government,politics,639.4333333333333
2621,governor,green,646.8387096774194
2622,governor,state,584.15625
2623,grab,bag,629.9032258064516
2624,grab,river,702.3548387096774
2625,grace,aunt,623.9666666666667
2626,grace,fold,651.09375
2627,graceful,ear,606.3333333333334
2628,graceful,klutz,1208.5333333333333
2629,grade,woman,557.1379310344828
2630,graduate,sew,774.92
2631,graduate,student,565.2666666666667
2632,graduation,ceremony,666.6875
2633,graduation,see,639.5483870967741
2634,graft,lobster,685.8333333333334
2635,graft,trees,673.8928571428571
2636,grain,employer,728.375
2637,grain,wheat,621.4242424242424
2638,grammar,blush,710.21875
2639,grammar,words,623.4516129032259
2640,grandpa,assume,702.71875
2641,grandpa,grandma,712.3
2642,grandparents,mom,590.8181818181819
2643,grandparents,rope,693.5
2644,grant,allow,617.0967741935484
2645,grant,gun,611.625
2646,grape,thursday,687.40625
2647,grape,vine,732.1612903225806
2648,graph,geometry,668.71875
2649,graph,taxi,667.3
2650,grasp,fist,708.4074074074074
2651,grasp,straight,666.09375
2652,grass,lawn,683.0645161290323
2653,grass,punishment,769.125
2654,grate,instrument,793.5806451612904
2655,grate,metal,729.2333333333333
2656,grave,die,603.53125
2657,grave,preview,673.5806451612904
2658,gravel,chair,560.2
2659,gravel,rocks,607.9032258064516
2660,gravity,hands,623.3870967741935
2661,gravity,newton,897.7826086956521
2662,gravy,boat,727.6333333333333
2663,gravy,exhale,707.1666666666666
2664,gray,characteris,1115.5357142857142
2665,gray,hound,704.9
2666,grease,massage,749.6129032258065
2667,grease,oil,601.741935483871
2668,greatest,always,609.625
2669,greatest,worst,701.1034482758621
2670,greed,found,695.1875
2671,greed,hate,634.9032258064516
2672,greek,can,616.6451612903226
2673,greek,fraternity,751.7878787878788
2674,greet,frame,707.9285714285714
2675,greet,meet,621.6666666666666
2676,grief,pound,693.3548387096774
2677,grief,tears,612.0
2678,grind,bump,665.96875
2679,grind,purse,637.25
2680,grip,hold,646.9677419354839
2681,grip,sale,595.6451612903226
2682,grizzly,scary,662.0967741935484
2683,grizzly,snob,768.2
2684,grocery,cowboy,741.8387096774194
2685,grocery,store,537.84375
2686,groom,bride,615.84375
2687,groom,spanish,611.1875
2688,gross,disgusting,761.1034482758621
2689,gross,where,671.3
2690,grounds,glass,599.483870967742
2691,grounds,keeper,663.0666666666667
2692,grove,data,611.71875
2693,grove,ditch,846.8620689655172
2694,grow,few,753.5
2695,grow,tall,574.3939393939394
2696,grown,love,573.40625
2697,grown,up,631.1935483870968
2698,guard,excited,711.0625
2699,guard,security,721.25
2700,guardian,female,656.15625
2701,guardian,parent,558.0645161290323
2702,guess,nose,663.6666666666666
2703,guess,question,664.0645161290323
2704,guest,air,680.7878787878788
2705,guest,relative,593.5
2706,guilt,bad,600.3333333333334
2707,guilt,ride,629.5666666666667
2708,guilty,innocent,651.75
2709,guilty,painting,681.2903225806451
2710,guitar,men,611.9677419354839
2711,guitar,string,592.0967741935484
2712,gull,dependent,692.6451612903226
2713,gull,freedom,743.1290322580645
2714,gullible,husband,626.90625
2715,gullible,stupid,652.741935483871
2716,gully,bride,620.483870967742
2717,gully,ditch,711.4642857142857
2718,gulp,shock,682.483870967742
2719,gulp,swallow,662.4242424242424
2720,gum,blow,661.3333333333334
2721,gum,chew,584.75
2722,gums,restaurant,667.0
2723,gums,teeth,579.4193548387096
2724,gun,meaning,688.5151515151515
2725,gun,shoot,649.2333333333333
2726,guys,girls,699.59375
2727,guys,questions,660.2666666666667
2728,gym,trailer,671.5454545454545
2729,gym,workout,668.0
2730,gymnast,tumble,649.4285714285714
2731,gymnast,weather,619.65625
2732,gymnastics,dirty,622.3870967741935
2733,gymnastics,tumble,696.9655172413793
2734,habit,finished,624.8064516129032
2735,habit,nun,766.1363636363636
2736,hail,cab,776.3103448275862
2737,hail,power,663.5454545454545
2738,hair,hula,882.1428571428571
2739,hair,shampoo,593.0322580645161
2740,haircut,land,652.258064516129
2741,haircut,no,641.3225806451613
2742,hairspray,cliff,834.3793103448276
2743,hairspray,sticky,670.8125
2744,half,choose,659.5625
2745,half,whole,629.125
2746,halt,death,605.9032258064516
2747,halt,stop,621.8064516129032
2748,hammock,swing,755.0
2749,hammock,unfair,695.0967741935484
2750,hand,finger,684.4375
2751,hand,necklace,637.8064516129032
2752,handbag,backpack,727.6129032258065
2753,handbag,forever,695.09375
2754,handcuffs,criminal,742.125
2755,handcuffs,mountains,681.258064516129
2756,handicap,puke,741.3461538461538
2757,handicap,wheelchair,834.5625
2758,handkerchief,saw,651.741935483871
2759,handkerchief,tissue,646.4848484848485
2760,handle,care,617.71875
2761,handle,her,764.2142857142857
2762,hands,feet,568.5
2763,hands,sorrow,701.1935483870968
2764,handsome,boyfriend,696.8387096774194
2765,handsome,market,673.8387096774194
2766,hanger,coat,653.0
2767,hanger,color,624.9375
2768,happening,now,575.8484848484849
2769,happening,tense,691.8275862068965
2770,happiness,sad,623.9032258064516
2771,happiness,snail,703.4137931034483
2772,hardy,boys,594.78125
2773,hardy,earthquake,715.8387096774194
2774,hare,get,626.2666666666667
2775,hare,turtle,693.2258064516129
2776,harley,motorcycle,780.0645161290323
2777,harley,town,621.03125
2778,harm,evil,600.3333333333334
2779,harm,smudge,783.4230769230769
2780,harmful,dangerous,711.6129032258065
2781,harmful,desert,728.46875
2782,harmony,middle,626.0322580645161
2783,harmony,sing,618.7
2784,harp,angel,603.2903225806451
2785,harp,sentence,719.5862068965517
2786,harsh,mean,624.5666666666667
2787,harsh,rat,675.258064516129
2788,harvest,crops,630.6666666666666
2789,harvest,wrong,571.71875
2790,hat,head,674.5483870967741
2791,hat,illegal,770.7333333333333
2792,hatch,door,588.3870967741935
2793,hatch,ticket,645.0645161290323
2794,hatchet,ax,786.64
2795,hatchet,peace,606.1290322580645
2796,haul,carry,627.483870967742
2797,haul,team,564.8666666666667
2798,haunt,glasses,657.8125
2799,haunt,house,713.1935483870968
2800,have,grand,739.5483870967741
2801,have,own,638.4516129032259
2802,havoc,chaos,700.2413793103449
2803,havoc,mixture,878.5
2804,hawaii,hula,920.0
2805,hawaii,station,707.03125
2806,hay,breathe,674.53125
2807,hay,stack,676.7096774193549
2808,haystack,cow,651.0322580645161
2809,haystack,grave,687.25
2810,haze,mist,709.0666666666667
2811,haze,wheat,652.9375
2812,he,dishes,750.8620689655172
2813,he,she,681.4848484848485
2814,head,ache,676.9655172413793
2815,head,hunger,700.7096774193549
2816,headband,brick,763.7666666666667
2817,headband,exercise,658.030303030303
2818,heading,bell,683.4193548387096
2819,heading,title,690.0322580645161
2820,heal,tool,572.4848484848485
2821,heal,wound,616.25
2822,health,care,584.0322580645161
2823,health,senate,870.0666666666667
2824,healthy,dead,651.9354838709677
2825,healthy,easy,597.8125
2826,hear,idiot,686.1612903225806
2827,hear,listen,653.8333333333334
2828,hearing,faith,584.2333333333333
2829,hearing,noise,643.0645161290323
2830,heat,children,638.6
2831,heat,florida,632.3225806451613
2832,heaven,dust,649.03125
2833,heaven,hell,639.7096774193549
2834,heavy,calm,734.6785714285714
2835,heavy,weight,623.2
2836,hedge,clipper,697.258064516129
2837,hedge,repeat,716.4333333333333
2838,heel,crash,680.4666666666667
2839,heel,toe,595.53125
2840,height,annoy,754.2142857142857
2841,height,length,666.0322580645161
2842,heights,mountains,751.21875
2843,heights,rug,719.5806451612904
2844,helium,balloon,602.448275862069
2845,helium,electricity,813.2903225806451
2846,hell,devil,644.8
2847,hell,rat,650.2333333333333
2848,helmet,motorcycle,708.125
2849,helmet,shopping,646.1935483870968
2850,help,funny,634.59375
2851,help,need,617.3103448275862
2852,helper,assistant,671.4516129032259
2853,helper,shame,665.6206896551724
2854,hem,brain,629.4516129032259
2855,hem,leg,601.78125
2856,her,computer,688.5806451612904
2857,her,she,609.59375
2858,herb,garden,659.78125
2859,herb,success,623.9032258064516
2860,herd,buffalo,731.3125
2861,herd,greed,650.4285714285714
2862,here,enlarge,814.3793103448276
2863,here,there,672.4193548387096
2864,hero,superman,723.9677419354839
2865,hero,toe,676.0666666666667
2866,heroin,abuse,740.4827586206897
2867,heroin,drugs,613.1818181818181
2868,heroine,drug,734.483870967742
2869,heroine,strong,616.1290322580645
2870,hesitate,poker,617.448275862069
2871,hesitate,wait,593.9333333333333
2872,hidden,secret,642.7096774193549
2873,hidden,unusual,758.65625
2874,hide,dinner,647.8387096774194
2875,hide,seek,675.516129032258
2876,high,low,610.3103448275862
2877,high,neutron,856.9285714285714
2878,highlight,condom,674.9666666666667
2879,highlight,marker,671.3548387096774
2880,hike,angel,637.375
2881,hike,walk,646.6333333333333
2882,hiker,hitchhike,1010.3448275862067
2883,hiker,recipe,788.21875
2884,hiking,boots,574.9
2885,hiking,hate,638.6666666666666
2886,hill,devil,660.4193548387096
2887,hill,mountain,670.3125
2888,him,her,753.8125
2889,him,virtue,807.3333333333334
2890,hindsight,foresight,795.1290322580645
2891,hindsight,sting,723.8518518518518
2892,hinge,alright,645.71875
2893,hinge,swing,615.2903225806451
2894,hint,clue,545.6451612903226
2895,hint,faint,637.0967741935484
2896,hip,bone,628.258064516129
2897,hip,cocaine,713.6129032258065
2898,hispanic,butter,688.0322580645161
2899,hispanic,spanish,695.0
2900,history,balloon,625.2424242424242
2901,history,war,595.9333333333333
2902,hitch,hug,625.9375
2903,hitch,trailer,639.78125
2904,hitchhike,stomach,648.7878787878788
2905,hitchhike,thumb,668.0625
2906,hive,bee,619.6551724137931
2907,hive,rug,610.2758620689655
2908,hobo,bum,752.258064516129
2909,hobo,narrow,652.1
2910,hoe,doll,629.8571428571429
2911,hoe,garden,617.516129032258
2912,hold,grasp,696.258064516129
2913,hold,sticky,751.6451612903226
2914,hole,ground,552.15625
2915,hole,path,720.741935483871
2916,home,family,693.4193548387096
2917,home,talk,665.8333333333334
2918,homework,father,562.25
2919,homework,study,608.2903225806451
2920,honest,nail,695.0689655172414
2921,honest,truth,638.46875
2922,honesty,mouse,679.074074074074
2923,honesty,virtue,784.1851851851852
2924,honey,george,854.7666666666667
2925,honey,sweet,612.6451612903226
2926,honeymoon,juice,583.6875
2927,honeymoon,wedding,567.46875
2928,hoop,hula,917.1666666666666
2929,hoop,success,656.71875
2930,hoot,owl,635.84375
2931,hoot,relationshi,695.6774193548387
2932,hope,glory,626.15625
2933,hope,indian,722.7241379310345
2934,hopeless,alright,723.375
2935,hopeless,homeless,745.8064516129032
2936,horn,cards,747.28125
2937,horn,instrument,698.4
2938,hornet,drive,582.9090909090909
2939,hornet,sting,638.4516129032259
2940,horrible,peanut,758.6
2941,horrible,terrible,605.4193548387096
2942,host,hostess,717.2903225806451
2943,host,morning,687.6666666666666
2944,hostage,heart,609.0967741935484
2945,hostage,prisoner,695.125
2946,hostess,days,597.1212121212121
2947,hostess,restaurant,662.53125
2948,hotel,motel,643.3
2949,hotel,pavement,734.7096774193549
2950,hotter,summer,711.4
2951,hotter,vegetables,654.6875
2952,hound,blood,577.46875
2953,hound,city,587.1612903225806
2954,hour,fudge,648.8620689655172
2955,hour,minute,579.90625
2956,hours,dam,843.2
2957,hours,long,668.9666666666667
2958,house,brick,661.8387096774194
2959,house,eleven,599.0344827586207
2960,how,stupid,631.8064516129032
2961,how,who,646.5
2962,hue,color,624.59375
2963,hue,different,683.375
2964,hug,arms,729.5483870967741
2965,hug,looks,652.75
2966,huge,big,596.9032258064516
2967,huge,no,632.53125
2968,hula,hoop,621.7741935483871
2969,hula,hostess,774.53125
2970,hull,boat,651.7741935483871
2971,hull,heart,594.0645161290323
2972,human,being,648.4333333333333
2973,human,shirt,614.741935483871
2974,humiliate,embarrass,881.8214285714286
2975,humiliate,smart,643.40625
2976,hundred,puzzle,599.375
2977,hundred,thousand,652.40625
2978,hung,directions,714.15625
2979,hung,up,632.0344827586207
2980,hunger,africa,779.0666666666667
2981,hunger,hallway,882.7333333333333
2982,hungry,full,598.7575757575758
2983,hungry,shop,626.0967741935484
2984,hunt,find,651.6896551724138
2985,hunt,flowers,671.6774193548387
2986,hurricane,busy,768.6551724137931
2987,hurricane,storm,651.2
2988,hurry,boss,633.5806451612904
2989,hurry,slow,669.8181818181819
2990,hurt,lightning,729.8333333333334
2991,hurt,pain,619.5625
2992,husband,period,678.2666666666667
2993,husband,wife,539.6363636363636
2994,husk,elephant,610.9677419354839
2995,husk,phone,664.9354838709677
2996,husky,boys,628.4193548387096
2997,husky,skin,634.8709677419355
2998,hustle,fall,669.8125
2999,hustle,fast,651.0645161290323
3000,hut,jane,849.3888888888889
3001,hut,straw,596.5806451612904
3002,hydrogen,oxygen,633.25
3003,hydrogen,worst,739.0645161290323
3004,hygiene,quack,808.8888888888889
3005,hygiene,toothbrush,645.90625
3006,hyper,active,730.03125
3007,hyper,pig,626.2758620689655
3008,hypothesis,guess,645.59375
3009,hypothesis,party,660.2
3010,ice,america,748.448275862069
3011,ice,pick,674.3666666666667
3012,iceberg,game,635.3125
3013,iceberg,lettuce,767.7241379310345
3014,ideal,cleaner,748.8275862068965
3015,ideal,real,659.0344827586207
3016,identical,borrow,666.2258064516129
3017,identical,exact,780.2903225806451
3018,identification,number,618.4193548387096
3019,identification,volcano,733.84375
3020,identity,id,1005.3846153846154
3021,identity,reason,598.5
3022,idiot,dumb,603.96875
3023,idiot,same,688.84375
3024,idol,billy,807.2631578947369
3025,idol,rose,676.2258064516129
3026,igloo,ice,582.9090909090909
3027,igloo,mean,593.483870967742
3028,ignore,mean,649.53125
3029,ignore,story,638.0625
3030,ill,doughnut,837.72
3031,ill,healthy,671.969696969697
3032,illegal,drugs,631.625
3033,illegal,sun,631.3125
3034,illness,sick,613.4
3035,illness,teach,652.0333333333333
3036,image,average,757.4666666666667
3037,image,mirror,591.8064516129032
3038,imagine,christ,666.0322580645161
3039,imagine,create,637.8709677419355
3040,imitate,copy,712.3870967741935
3041,imitate,train,726.34375
3042,immediate,later,600.2903225806451
3043,immediate,saucer,833.5384615384615
3044,impact,crash,693.6206896551724
3045,impact,drive,667.6551724137931
3046,impatience,patient,609.3225806451613
3047,impatience,wonder,722.46875
3048,impediment,beginning,714.939393939394
3049,impediment,obstacle,818.6896551724138
3050,implode,explode,741.5333333333333
3051,implode,tupperware,943.16
3052,important,headache,748.40625
3053,important,major,586.7241379310345
3054,impossible,boy,696.8387096774194
3055,impossible,can't,743.78125
3056,impression,art,649.6774193548387
3057,impression,honest,657.6774193548387
3058,in,inferior,803.6666666666666
3059,in,out,582.8181818181819
3060,inability,can't,769.3666666666667
3061,inability,groceries,778.5483870967741
3062,incline,hill,632.9354838709677
3063,incline,tired,686.375
3064,income,date,579.6129032258065
3065,income,important,639.6875
3066,increase,enlarge,735.8928571428571
3067,increase,navy,706.8387096774194
3068,independent,crime,715.9677419354839
3069,independent,dependent,684.0
3070,indian,chief,795.448275862069
3071,indian,hat,692.5483870967741
3072,indirect,direct,719.8709677419355
3073,indirect,doctor,679.7666666666667
3074,indoors,divide,728.1612903225806
3075,indoors,outdoors,599.6129032258065
3076,industry,luck,671.40625
3077,industry,steel,606.4666666666667
3078,inertia,force,697.9354838709677
3079,inertia,telephone,638.1875
3080,infection,around,692.0
3081,infection,disease,723.4333333333333
3082,inferior,auto,681.0333333333333
3083,inferior,superior,683.40625
3084,inferno,last,596.1290322580645
3085,inferno,volcano,696.3225806451613
3086,inflation,balloon,641.3125
3087,inflation,soup,670.125
3088,influence,glory,652.741935483871
3089,influence,persuade,744.8275862068965
3090,information,close,704.5625
3091,information,data,759.3793103448276
3092,inhale,exhale,757.7333333333333
3093,inhale,plane,708.375
3094,initial,name,709.8666666666667
3095,initial,planets,753.6333333333333
3096,injection,blanket,595.9032258064516
3097,injection,needle,569.5806451612904
3098,inlet,island,642.8125
3099,inlet,ugly,703.7586206896551
3100,inmate,paper,619.625
3101,inmate,prison,601.8709677419355
3102,innocence,frog,721.0689655172414
3103,innocence,guilty,612.75
3104,innocent,prejudice,727.4827586206897
3105,innocent,virgin,598.1333333333333
3106,inquire,ask,695.8484848484849
3107,inquire,vault,841.7
3108,insane,build,614.1515151515151
3109,insane,mad,582.3548387096774
3110,insect,ant,594.4137931034483
3111,insect,conference,837.3333333333334
3112,insecure,secure,683.3870967741935
3113,insecure,tonic,726.3448275862069
3114,inside,baby,569.5454545454545
3115,inside,indoors,633.4827586206897
3116,insight,foresight,721.8387096774194
3117,insight,sun,614.25
3118,instance,example,612.8709677419355
3119,instance,jesus,807.5625
3120,instant,big,619.21875
3121,instant,quick,611.53125
3122,instinct,basic,628.125
3123,instinct,foot,610.15625
3124,instruct,directions,687.6333333333333
3125,instruct,motion,706.65625
3126,instructions,addition,688.0322580645161
3127,instructions,directions,751.6129032258065
3128,insult,comment,729.9375
3129,insult,stare,616.3333333333334
3130,intake,adventure,754.09375
3131,intake,inhale,754.7741935483871
3132,integrate,hard,657.375
3133,integrate,math,621.8064516129032
3134,intensity,force,710.5806451612904
3135,intensity,weird,662.53125
3136,intent,purpose,634.6551724137931
3137,intent,relax,580.4827586206897
3138,interesting,neat,789.6296296296297
3139,interesting,obsession,766.0645161290323
3140,interior,inferior,771.5714285714286
3141,interior,spot,666.8064516129032
3142,interrupt,rude,605.0967741935484
3143,interrupt,up,579.7741935483871
3144,interview,beat,819.7142857142857
3145,interview,nervous,703.551724137931
3146,intestine,stomach,676.75
3147,intestine,violin,809.4827586206897
3148,intoxicate,attempt,627.71875
3149,intoxicate,poison,777.59375
3150,intoxicated,drunk,588.7096774193549
3151,intoxicated,piece,762.2258064516129
3152,introduce,meet,633.7096774193549
3153,introduce,sky,629.1612903225806
3154,introvert,ambulance,863.7586206896551
3155,introvert,extrovert,780.6538461538462
3156,intuition,force,716.9375
3157,intuition,know,636.875
3158,invalid,few,690.28125
3159,invalid,wheelchair,823.8064516129032
3160,invent,create,643.9666666666667
3161,invent,teeth,603.25
3162,inventor,creator,676.53125
3163,inventor,sell,631.5625
3164,iron,plain,690.741935483871
3165,iron,steel,760.09375
3166,irregular,abnormal,829.6428571428571
3167,irregular,plate,633.5483870967741
3168,irritate,angry,634.1875
3169,irritate,day,628.0
3170,irritating,annoying,768.96875
3171,irritating,hold,623.71875
3172,isolated,idea,613.1935483870968
3173,isolated,room,699.78125
3174,issue,cell,614.375
3175,issue,magazine,658.7037037037037
3176,itch,scratch,803.625
3177,itch,young,623.46875
3178,item,thing,654.9354838709677
3179,item,turtle,700.4827586206897
3180,ivory,piano,725.3870967741935
3181,ivory,uncle,630.2413793103449
3182,ivy,husband,716.2413793103449
3183,ivy,vine,715.3333333333334
3184,jail,aluminum,858.75
3185,jail,prison,657.0
3186,japan,china,657.875
3187,japan,politics,637.6
3188,jar,jelly,597.0
3189,jar,spaghetti,700.0333333333333
3190,jaw,minimum,803.0
3191,jaw,mouth,630.5625
3192,jaws,shark,809.5
3193,jaws,stripe,719.8928571428571
3194,jazz,ballet,662.2413793103449
3195,jazz,talking,707.03125
3196,jealousy,feeling,645.0333333333333
3197,jealousy,rights,604.8787878787879
3198,jello,mold,658.1935483870968
3199,jello,read,651.5483870967741
3200,jelly,grape,625.03125
3201,jelly,spanish,640.9677419354839
3202,jerk,idiot,629.8
3203,jerk,present,654.65625
3204,jesus,christ,626.5
3205,jesus,play,656.1875
3206,jewel,diamond,702.969696969697
3207,jewel,service,704.0645161290323
3208,jewelry,necklace,680.3333333333334
3209,jewelry,sorry,717.3225806451613
3210,jewish,prison,713.5666666666667
3211,jewish,religion,733.8333333333334
3212,jobless,day,713.53125
3213,jobless,unemploymen,802.3870967741935
3214,jock,accept,642.741935483871
3215,jock,strap,729.8181818181819
3216,jog,knife,642.0909090909091
3217,jog,run,618.03125
3218,join,dinner,635.258064516129
3219,join,group,538.21875
3220,joint,account,665.3
3221,joint,circle,611.6666666666666
3222,joker,candle,574.7333333333333
3223,joker,laugh,552.0
3224,journal,diary,618.46875
3225,journal,hamburger,738.15625
3226,journey,die,613.5
3227,journey,trip,637.21875
3228,juggler,appear,667.4242424242424
3229,juggler,circus,709.6774193548387
3230,juice,thirst,820.6
3231,juice,toe,641.2333333333333
3232,jump,man,759.2258064516129
3233,jump,rope,712.3870967741935
3234,jumpy,cactus,801.969696969697
3235,jumpy,rope,639.258064516129
3236,jungle,animal,590.375
3237,jungle,pan,694.7142857142857
3238,junior,late,586.6666666666666
3239,junior,son,711.6333333333333
3240,junk,cigarette,706.9375
3241,junk,yard,594.1290322580645
3242,jury,juvenile,796.5
3243,jury,twelve,676.75
3244,just,fair,635.0967741935484
3245,just,reptile,850.5666666666667
3246,justice,fair,606.8666666666667
3247,justice,rose,677.40625
3248,justify,explain,673.0625
3249,justify,fraternity,836.6
3250,juvenile,immature,707.7666666666667
3251,juvenile,sheets,610.71875
3252,kangaroo,australia,782.6875
3253,kangaroo,shallow,742.3
3254,keep,own,754.3
3255,keep,pimple,809.2857142857143
3256,keeper,dress,669.6875
3257,keeper,zoo,580.6333333333333
3258,kettle,dancer,619.59375
3259,kettle,stove,589.0
3260,key,lock,612.1818181818181
3261,key,web,681.9
3262,keyboard,piano,647.9677419354839
3263,keyboard,pool,622.0909090909091
3264,keys,chain,592.4666666666667
3265,keys,off,633.2413793103449
3266,kid,child,598.5625
3267,kid,tell,637.4516129032259
3268,kidnap,baby,565.46875
3269,kidnap,holy,684.1290322580645
3270,kidney,bean,667.7096774193549
3271,kidney,tag,684.46875
3272,kill,chemistry,672.3030303030303
3273,kill,murder,612.060606060606
3274,killer,food,580.03125
3275,killer,murderer,749.5
3276,kilometer,mile,605.8787878787879
3277,kilometer,pretty,661.96875
3278,kinetic,energy,606.448275862069
3279,kinetic,onion,685.625
3280,king,queen,534.0
3281,king,seller,775.9642857142857
3282,kitchen,cook,668.0
3283,kitchen,island,655.5862068965517
3284,kitten,cute,624.9354838709677
3285,kitten,needle,667.8125
3286,kleenex,shove,971.1785714285714
3287,kleenex,tissue,618.9032258064516
3288,knapsack,backpack,657.2903225806451
3289,knapsack,boy,692.96875
3290,kneel,hours,657.0
3291,kneel,knee,664.4666666666667
3292,knees,even,653.34375
3293,knees,legs,631.6451612903226
3294,knife,fork,629.5483870967741
3295,knife,ski,724.0
3296,knight,armor,678.65625
3297,knight,throw,617.3636363636364
3298,knitting,grandma,731.40625
3299,knitting,leave,636.46875
3300,knock,door,589.5806451612904
3301,knock,spice,664.8076923076923
3302,knot,hoop,700.9642857142857
3303,knot,shoelace,694.3214285714286
3304,known,unknown,623.258064516129
3305,known,volcano,701.9032258064516
3306,lab,experiment,685.5151515151515
3307,lab,wound,708.8571428571429
3308,label,story,562.2424242424242
3309,label,tag,662.5454545454545
3310,labyrinth,make,578.65625
3311,labyrinth,maze,780.88
3312,lace,fish,685.1290322580645
3313,lace,shoelace,758.2962962962963
3314,lagoon,sandwich,665.9090909090909
3315,lagoon,swamp,634.5333333333333
3316,lamb,obsession,818.71875
3317,lamb,sheep,645.03125
3318,landscape,simple,711.4545454545455
3319,landscape,trees,652.7741935483871
3320,lane,highway,680.1935483870968
3321,lane,smoke,608.6
3322,language,away,657.7096774193549
3323,language,english,617.5666666666667
3324,lap,embarrass,707.7777777777778
3325,lap,sit,564.1290322580645
3326,lapel,collar,730.75
3327,lapel,seek,688.0333333333333
3328,laser,beam,749.09375
3329,laser,hello,713.2258064516129
3330,lash,hurt,669.0
3331,lash,kids,674.375
3332,last,chance,590.258064516129
3333,last,virgin,658.875
3334,lasting,butterfly,694.8387096774194
3335,lasting,long,621.2727272727273
3336,latch,key,609.4193548387096
3337,latch,motorcycle,751.5806451612904
3338,late,early,662.969696969697
3339,late,think,648.75
3340,latin,against,677.2
3341,latin,spanish,653.09375
3342,laugh,cry,568.7666666666667
3343,laugh,ice,619.3125
3344,launch,rocket,597.2903225806451
3345,launch,white,638.59375
3346,laundry,referee,863.9545454545455
3347,laundry,soap,614.1935483870968
3348,lava,ticket,667.8
3349,lava,volcano,774.9375
3350,law,cow,658.8571428571429
3351,law,order,621.21875
3352,lawn,chair,614.6875
3353,lawn,crunchy,754.1071428571429
3354,lawsuit,law,538.25
3355,lawsuit,lawn,697.0
3356,lawyer,gloves,782.2258064516129
3357,lawyer,lawsuit,632.6551724137931
3358,lay,down,580.4516129032259
3359,lay,television,698.0645161290323
3360,lead,aluminum,702.8709677419355
3361,lead,order,766.40625
3362,leader,fear,642.1
3363,leader,follower,774.1034482758621
3364,leadership,clothes,631.625
3365,leadership,follower,602.9375
3366,leaf,add,643.0322580645161
3367,leaf,flower,621.0645161290323
3368,league,football,654.25
3369,league,meaning,663.8
3370,leak,con,1000.8571428571428
3371,leak,drip,595.8620689655172
3372,lean,chip,702.4516129032259
3373,lean,skinny,641.2666666666667
3374,learn,pepsi,831.36
3375,learn,teach,560.0
3376,lease,rent,562.1875
3377,lease,small,599.3333333333334
3378,least,bath,637.125
3379,least,most,616.7777777777778
3380,leave,come,601.0625
3381,leave,piano,741.3225806451613
3382,leaves,crunchy,720.8620689655172
3383,leaves,toast,625.0322580645161
3384,ledge,cliff,858.2666666666667
3385,ledge,then,642.6129032258065
3386,left,right,681.741935483871
3387,left,washer,730.1612903225806
3388,leg,done,646.6153846153846
3389,leg,walk,710.6666666666666
3390,legal,graph,736.0
3391,legal,illegal,715.7096774193549
3392,legend,story,600.28125
3393,legend,wedding,646.53125
3394,legion,foreign,768.6774193548387
3395,legion,wheelchair,654.6
3396,legislature,senate,747.8666666666667
3397,legislature,wander,721.2692307692307
3398,legs,innocent,765.448275862069
3399,legs,shave,598.0967741935484
3400,lemon,believe,552.0666666666667
3401,lemon,fruit,610.3548387096774
3402,lend,borrow,749.9666666666667
3403,lend,date,637.03125
3404,lenient,loose,610.875
3405,lenient,strict,861.5806451612904
3406,lens,closing,688.258064516129
3407,lens,glasses,644.59375
3408,leopard,tiger,598.0689655172414
3409,leopard,yes,640.0322580645161
3410,less,fox,714.0645161290323
3411,less,zero,612.8709677419355
3412,let,do,641.0357142857143
3413,let,item,671.0
3414,letter,note,537.0333333333333
3415,letter,steak,671.2903225806451
3416,lettuce,asleep,858.90625
3417,lettuce,tomato,629.4666666666667
3418,level,even,702.78125
3419,level,hug,632.4375
3420,lever,hay,777.5
3421,lever,pull,575.8709677419355
3422,libel,gloves,745.2903225806451
3423,libel,lawsuit,716.59375
3424,liberal,conservative,636.2333333333333
3425,liberal,direction,686.0625
3426,liberty,bathroom,746.7878787878788
3427,liberty,freedom,651.0909090909091
3428,lice,dirty,641.3666666666667
3429,lice,inferior,808.0
3430,license,driving,645.3125
3431,license,swing,670.5483870967741
3432,lick,secure,830.3333333333334
3433,lick,tongue,652.0625
3434,lid,bird,755.3
3435,lid,cover,659.40625
3436,life,dish,738.9655172413793
3437,life,forever,619.5483870967741
3438,lift,heavy,621.6875
3439,lift,one,589.9677419354839
3440,lightheaded,faint,687.5483870967741
3441,lightheaded,oil,668.875
3442,lightning,plant,816.1
3443,lightning,thunder,608.3548387096774
3444,like,britain,1077.764705882353
3445,like,love,677.5806451612904
3446,lime,lemon,626.8709677419355
3447,lime,tongue,668.8666666666667
3448,limousine,full,675.09375
3449,limousine,prom,775.6206896551724
3450,line,peach,618.8333333333334
3451,line,wait,619.0909090909091
3452,linen,shark,629.3125
3453,linen,sheets,642.71875
3454,lingerie,attic,746.9333333333333
3455,lingerie,sexy,629.5483870967741
3456,link,attack,648.2333333333333
3457,link,chain,637.1875
3458,lint,chest,588.8387096774194
3459,lint,dust,628.0
3460,lion,religion,730.1333333333333
3461,lion,tiger,577.4666666666667
3462,lip,tongue,690.3
3463,lip,worst,687.3333333333334
3464,lips,kiss,535.9354838709677
3465,lips,states,739.4285714285714
3466,liquid,right,634.2903225806451
3467,liquid,wet,557.5806451612904
3468,list,groceries,706.8484848484849
3469,list,hit,586.28125
3470,listen,air,629.1379310344828
3471,listen,hear,535.1612903225806
3472,lit,object,717.483870967742
3473,lit,on,680.5862068965517
3474,literature,poetry,627.5625
3475,literature,ruler,611.2413793103449
3476,litter,cats,592.21875
3477,litter,fall,605.3548387096774
3478,live,happy,610.0322580645161
3479,live,none,668.6129032258065
3480,liver,forward,645.8387096774194
3481,liver,onion,688.9333333333333
3482,lizard,perfume,676.0333333333333
3483,lizard,reptile,701.1379310344828
3484,load,heavy,610.741935483871
3485,load,republican,851.28125
3486,loan,shark,686.3870967741935
3487,loan,wimp,881.6428571428571
3488,lobe,ear,681.5806451612904
3489,lobe,style,624.4
3490,lobster,crab,626.0625
3491,lobster,increase,670.5483870967741
3492,local,far,624.9354838709677
3493,local,mother,619.34375
3494,location,home,744.1379310344828
3495,location,wound,637.9
3496,lodge,cabin,580.375
3497,lodge,vine,691.695652173913
3498,loft,bed,644.7096774193549
3499,loft,sample,657.9032258064516
3500,log,attack,773.4666666666667
3501,log,cabin,654.7096774193549
3502,london,england,685.0
3503,london,title,680.5925925925926
3504,lonely,alone,635.0666666666667
3505,lonely,kiss,608.59375
3506,look,eye,654.5625
3507,look,spider,760.9655172413793
3508,looks,apology,644.1612903225806
3509,looks,pretty,605.21875
3510,loose,shine,744.9655172413793
3511,loose,tight,589.78125
3512,loosen,rent,597.0333333333333
3513,loosen,tighten,665.3225806451613
3514,lord,christ,659.2333333333333
3515,lord,seatbelt,752.5555555555555
3516,lose,defeat,780.3870967741935
3517,lose,style,609.741935483871
3518,loser,geek,825.7741935483871
3519,loser,up,683.15625
3520,loss,boots,683.5333333333333
3521,loss,gain,582.7741935483871
3522,lost,alligator,743.9666666666667
3523,lost,found,597.6896551724138
3524,lots,drug,622.6785714285714
3525,lots,joke,583.8709677419355
3526,lots,little,665.59375
3527,loud,jump,655.8064516129032
3528,loud,pain,623.21875
3529,lounge,help,664.3793103448276
3530,lounge,hotel,690.25
3531,lover,fighter,674.060606060606
3532,lover,inhale,752.1153846153846
3533,loving,caring,631.25
3534,loving,sign,626.34375
3535,low,breathe,657.9354838709677
3536,low,high,640.3939393939394
3537,lower,chew,613.6333333333333
3538,lower,higher,661.6451612903226
3539,loyal,true,623.53125
3540,loyal,thing,618.34375
3541,loyalty,carry,636.5625
3542,loyalty,husband,785.96875
3543,lubricate,condom,698.3928571428571
3544,lubricate,eyes,648.1212121212121
3545,luck,fortune,664.6666666666666
3546,luck,maze,738.5185185185185
3547,luggage,explode,703.6451612903226
3548,luggage,plane,562.0
3549,lumber,build,597.7
3550,lumber,tornado,741.4333333333333
3551,lump,bump,767.1666666666666
3552,lump,purse,628.4074074074074
3553,lunch,dinner,633.8125
3554,lunch,gas,690.9354838709677
3555,lung,cancer,644.6363636363636
3556,lung,relationshi,648.9375
3557,lust,not,664.6
3558,lust,obsession,861.258064516129
3559,macaroni,noodles,617.9032258064516
3560,macaroni,shave,638.6129032258065
3561,machine,priest,646.2413793103449
3562,machine,washer,683.0645161290323
3563,mad,angry,649.1612903225806
3564,mad,thing,653.6451612903226
3565,mafia,italian,700.5483870967741
3566,mafia,spill,757.6774193548387
3567,magazine,book,663.9032258064516
3568,magazine,spine,854.1666666666666
3569,maggot,walkway,691.3666666666667
3570,maggot,worm,726.7586206896551
3571,magic,coke,656.6896551724138
3572,magic,trick,675.4516129032259
3573,magician,it,613.125
3574,magician,magic,625.6451612903226
3575,magnet,refrigerator,825.6129032258065
3576,magnet,system,670.6206896551724
3577,magnify,enlarge,798.0625
3578,magnify,trade,611.2258064516129
3579,mailbox,flag,713.483870967742
3580,mailbox,major,630.59375
3581,mailman,disagree,708.8064516129032
3582,mailman,mail,668.5454545454545
3583,main,first,656.15625
3584,main,uncommon,801.5333333333333
3585,major,holy,713.483870967742
3586,major,minor,648.5625
3587,majority,bite,740.8965517241379
3588,majority,most,681.25
3589,make,do,559.7096774193549
3590,make,war,673.4
3591,male,hello,603.3225806451613
3592,male,man,612.25
3593,mall,lake,643.65625
3594,mall,shop,580.6
3595,malt,shake,661.4516129032259
3596,malt,stupid,601.2727272727273
3597,mammal,weekend,671.4375
3598,mammal,whale,574.8064516129032
3599,man,gone,645.7586206896551
3600,man,woman,608.0645161290323
3601,manner,old,610.939393939394
3602,manner,way,560.4516129032259
3603,manners,cleaner,717.65625
3604,manners,polite,651.4
3605,manufacturer,maker,705.9285714285714
3606,manufacturer,sweet,579.5483870967741
3607,many,concrete,705.8214285714286
3608,many,few,614.09375
3609,map,country,595.0
3610,map,plug,645.2916666666666
3611,maple,sugar,555.7037037037037
3612,maple,wonder,790.5806451612904
3613,march,april,646.59375
3614,march,lawyer,743.625
3615,margin,left,671.0689655172414
3616,margin,public,647.0625
3617,marijuana,cigarette,704.96875
3618,marijuana,wind,690.9375
3619,marines,fast,648.5806451612904
3620,marines,men,626.0
3621,mark,check,603.75
3622,mark,late,688.9354838709677
3623,maroon,abandon,801.0967741935484
3624,maroon,trouble,569.0967741935484
3625,marriage,summary,712.0322580645161
3626,marriage,wedding,654.0322580645161
3627,mars,average,684.9642857142857
3628,mars,planets,693.741935483871
3629,marsh,excuse,676.448275862069
3630,marsh,swamp,608.625
3631,mary,lawn,658.7333333333333
3632,mary,virgin,655.939393939394
3633,mask,face,559.2
3634,mask,neck,639.0322580645161
3635,mason,break,685.96875
3636,mason,worker,604.9677419354839
3637,mass,annually,870.375
3638,mass,confusion,651.5625
3639,massage,planet,639.9375
3640,massage,relax,614.6969696969697
3641,master,large,641.4333333333333
3642,master,slave,659.1724137931035
3643,mastery,nervous,809.0689655172414
3644,mastery,skill,585.4545454545455
3645,mat,spice,696.9375
3646,mat,welcome,631.4375
3647,match,mix,648.8064516129032
3648,match,mixture,816.4333333333333
3649,mate,toes,635.8666666666667
3650,mate,wife,578.4193548387096
3651,material,hamburger,698.8
3652,material,object,682.6129032258065
3653,matter,boxer,648.6666666666666
3654,matter,earth,608.1612903225806
3655,mature,age,597.030303030303
3656,mature,disappear,746.3225806451613
3657,maximum,camera,716.625
3658,maximum,minimum,737.1818181818181
3659,maybe,ignore,610.25
3660,maybe,not,625.9333333333333
3661,maze,highway,652.4666666666667
3662,maze,lost,570.969696969697
3663,mcdonald's,hamburger,673.6774193548387
3664,mcdonald's,worry,693.6060606060606
3665,me,bible,817.0666666666667
3666,me,you,624.8275862068965
3667,meadow,field,672.65625
3668,meadow,way,619.9642857142857
3669,mean,ugly,622.9333333333333
3670,mean,wagon,782.2068965517242
3671,meaning,definition,691.84375
3672,meaning,egg,534.34375
3673,meaningful,feeling,752.483870967742
3674,meaningful,relationshi,734.1875
3675,means,ability,680.7741935483871
3676,means,backpack,683.741935483871
3677,measure,calculate,720.3548387096774
3678,measure,coral,815.1612903225806
3679,measurement,ruler,616.2413793103449
3680,measurement,weave,723.0689655172414
3681,meat,king,616.1935483870968
3682,meat,steak,611.25
3683,medal,award,586.53125
3684,medal,wall,658.0
3685,media,camera,637.7
3686,media,hose,769.5333333333333
3687,medical,clown,624.8125
3688,medical,doctor,652.0
3689,medicine,cabinet,712.1935483870968
3690,medicine,cowboy,647.2121212121212
3691,medieval,armor,594.4333333333333
3692,medieval,art,659.3333333333334
3693,mediocre,alright,664.6969696969697
3694,mediocre,erupt,836.56
3695,medium,rare,723.84375
3696,medium,soft,712.1875
3697,meet,crayon,755.2258064516129
3698,meet,new,595.5333333333333
3699,meeting,beach,608.1034482758621
3700,meeting,conference,705.3
3701,mellow,soup,682.483870967742
3702,mellow,yellow,549.516129032258
3703,melt,adjective,814.84375
3704,melt,cheese,672.9677419354839
3705,member,club,549.5625
3706,member,plead,717.68
3707,memorial,service,673.0
3708,memorial,stain,711.8333333333334
3709,memory,past,663.2068965517242
3710,memory,rule,604.0
3711,men,see,702.4
3712,men,women,581.34375
3713,mend,break,596.125
3714,mend,eggs,652.2903225806451
3715,mental,crackle,826.96875
3716,mental,health,572.5
3717,merit,award,625.6666666666666
3718,merit,dance,635.6875
3719,message,hurt,637.0
3720,message,note,632.4375
3721,metal,plastic,690.25
3722,metal,problem,609.3870967741935
3723,meteor,brothers,673.5
3724,meteor,shower,631.3548387096774
3725,meteorite,bacon,653.5925925925926
3726,meteorite,star,696.8387096774194
3727,meter,honor,597.4193548387096
3728,meter,yard,580.8125
3729,methodist,catholic,662.78125
3730,methodist,faint,752.3333333333334
3731,meticulous,bass,702.3125
3732,meticulous,perfect,632.3103448275862
3733,metric,broccoli,808.1111111111111
3734,metric,system,574.21875
3735,mexico,control,623.7666666666667
3736,mexico,south,681.5625
3737,mice,pass,675.9354838709677
3738,mice,rat,680.9090909090909
3739,microphone,loud,634.3225806451613
3740,microphone,pancakes,743.258064516129
3741,microscope,mob,779.3333333333334
3742,microscope,small,648.6875
3743,microwave,cars,782.15625
3744,microwave,oven,616.8064516129032
3745,middle,alone,599.40625
3746,middle,center,583.8064516129032
3747,might,maybe,623.75
3748,might,scary,621.5666666666667
3749,mild,recipe,751.7666666666667
3750,mild,sauce,677.9677419354839
3751,mildew,above,692.59375
3752,mildew,stain,697.7142857142857
3753,million,illegal,709.8709677419355
3754,million,rich,629.3125
3755,mimic,apartment,721.28125
3756,mimic,fake,666.2903225806451
3757,mine,park,592.2903225806451
3758,mine,yours,608.75
3759,mineral,dead,666.5483870967741
3760,mineral,rock,552.8
3761,minimum,low,602.2758620689655
3762,minimum,unemploymen,879.4666666666667
3763,mink,fox,659.96875
3764,mink,slide,680.34375
3765,minor,major,614.6666666666666
3766,minor,sharp,606.8484848484849
3767,mint,jelly,654.3939393939394
3768,mint,yard,641.7931034482758
3769,mints,enlarge,858.2666666666667
3770,mints,green,622.6875
3771,minus,plus,767.9375
3772,minus,thunder,626.3548387096774
3773,minute,second,653.9677419354839
3774,minute,vision,630.90625
3775,minutes,hours,641.2903225806451
3776,minutes,lonely,675.03125
3777,mirage,desert,763.96875
3778,mirage,want,629.448275862069
3779,mischief,trouble,569.3225806451613
3780,mischief,try,546.5151515151515
3781,miss,hit,652.28125
3782,miss,theory,612.96875
3783,missile,dust,664.4666666666667
3784,missile,rocket,674.625
3785,mist,fog,605.6
3786,mist,normal,614.060606060606
3787,mistake,forgive,663.4666666666667
3788,mistake,piano,676.5806451612904
3789,mister,bread,663.6129032258065
3790,mister,man,719.1
3791,moat,castle,663.75
3792,moat,snake,630.6333333333333
3793,mob,art,664.3666666666667
3794,mob,crowd,691.1935483870968
3795,modern,roses,664.258064516129
3796,modern,style,701.483870967742
3797,moist,plan,596.21875
3798,moist,wet,578.78125
3799,molten,church,683.8387096774194
3800,molten,rotten,713.6333333333333
3801,moment,closed,619.625
3802,moment,one,548.1666666666666
3803,monarch,butterfly,695.1666666666666
3804,monarch,disgusting,703.5625
3805,monastery,eyes,746.7
3806,monastery,monk,726.1290322580645
3807,monday,tuesday,642.03125
3808,monday,vegetable,710.0625
3809,money,cash,736.8064516129032
3810,money,preview,634.516129032258
3811,mongoose,duck,636.0967741935484
3812,mongoose,property,710.3030303030303
3813,monk,expensive,682.0666666666667
3814,monk,priest,921.03125
3815,monkey,ape,678.1428571428571
3816,monkey,wash,653.516129032258
3817,monotonous,boring,798.78125
3818,monotonous,straw,668.6875
3819,monster,cancer,761.0
3820,monster,frankenstein,866.7333333333333
3821,month,clock,608.3225806451613
3822,month,day,660.46875
3823,monthly,annually,724.0689655172414
3824,monthly,keep,759.9333333333333
3825,monument,far,713.0333333333333
3826,monument,washington,749.375
3827,moonlight,crops,784.6666666666666
3828,moonlight,night,628.1290322580645
3829,moose,deer,644.3793103448276
3830,moose,eye,573.0666666666667
3831,mop,creator,692.2758620689655
3832,mop,floor,596.8125
3833,moral,fake,758.09375
3834,moral,values,653.483870967742
3835,morals,buffalo,688.53125
3836,morals,values,604.3333333333334
3837,more,less,612.71875
3838,more,noodles,695.3448275862069
3839,morning,early,602.625
3840,morning,point,599.0333333333333
3841,moron,idiot,742.2666666666667
3842,moron,slippery,732.969696969697
3843,morse,code,575.3333333333334
3844,morse,gun,680.516129032258
3845,mortgage,rent,592.4
3846,mortgage,toy,635.84375
3847,moss,fungus,817.7857142857143
3848,moss,glue,637.6363636363636
3849,most,all,645.46875
3850,most,annually,737.551724137931
3851,motel,pass,629.0
3852,motel,sleep,668.483870967742
3853,mother,father,611.9032258064516
3854,mother,male,540.9666666666667
3855,motion,defense,578.6
3856,motion,movement,661.2903225806451
3857,motionless,ant,690.0689655172414
3858,motionless,still,628.9354838709677
3859,motor,auto,617.1612903225806
3860,motor,jane,732.551724137931
3861,motorcycle,danger,735.7575757575758
3862,motorcycle,kiss,568.9
3863,mountain,situation,698.0322580645161
3864,mountain,top,564.21875
3865,mousse,rat,657.9666666666667
3866,mousse,roof,687.2758620689655
3867,move,science,648.9375
3868,move,stay,588.258064516129
3869,movement,fishing,585.3333333333334
3870,movement,motion,596.258064516129
3871,movie,film,700.6774193548387
3872,movie,hunger,683.8064516129032
3873,mow,lawn,602.3225806451613
3874,mow,run,662.3666666666667
3875,mower,bug,591.4666666666667
3876,mower,cut,721.53125
3877,much,homework,734.5333333333333
3878,much,many,593.7666666666667
3879,muffin,necklace,631.6666666666666
3880,muffin,toast,600.5
3881,mug,amuse,764.1538461538462
3882,mug,beer,693.7575757575758
3883,mule,britain,924.2692307692308
3884,mule,pull,699.1724137931035
3885,multiply,don't,763.59375
3886,multiply,increase,710.1290322580645
3887,mummy,dad,636.5806451612904
3888,mummy,daily,651.1212121212121
3889,munch,chew,639.1666666666666
3890,munch,sink,657.375
3891,murderer,irregular,797.0645161290323
3892,murderer,killer,659.84375
3893,muscle,rude,674.4516129032259
3894,muscle,strong,641.5
3895,music,dance,607.5666666666667
3896,music,willing,740.5333333333333
3897,musk,brush,681.9
3898,musk,cologne,677.9032258064516
3899,must,crash,759.0666666666667
3900,must,have,649.3793103448276
3901,mustache,beard,647.6875
3902,mustache,dolphin,699.40625
3903,mute,deaf,649.1
3904,mute,swallow,633.0967741935484
3905,mutton,faith,622.9666666666667
3906,mutton,lamb,614.2413793103449
3907,mystery,eat,566.7096774193549
3908,mystery,novel,639.7931034482758
3909,myth,clock,586.5625
3910,myth,legend,602.9666666666667
3911,mythology,legend,702.1935483870968
3912,mythology,perfume,747.4333333333333
3913,nag,bother,715.9
3914,nag,oven,578.5333333333333
3915,nail,doe,1049.75
3916,nail,polish,641.1935483870968
3917,naive,innocent,726.125
3918,naive,outdoors,749.3225806451613
3919,name,owl,597.9
3920,name,title,687.0
3921,nap,ill,663.6774193548387
3922,nap,sleep,684.90625
3923,napkin,class,620.6875
3924,napkin,fold,663.25
3925,nation,continent,826.3448275862069
3926,nation,tree,616.1612903225806
3927,natural,booze,779.741935483871
3928,natural,nature,678.5333333333333
3929,nature,dishes,621.3548387096774
3930,nature,outdoors,803.5483870967741
3931,nausea,shine,733.15625
3932,nausea,vomit,612.4666666666667
3933,nauseous,pill,737.5483870967741
3934,nauseous,stomach,612.28125
3935,navigator,often,612.78125
3936,navigator,pilot,665.6333333333333
3937,necessary,catholic,804.0967741935484
3938,necessary,need,628.7
3939,neck,collar,731.483870967742
3940,neck,novice,794.36
3941,necklace,gold,554.8787878787879
3942,necklace,hammer,723.7096774193549
3943,needle,rare,676.8125
3944,needle,thread,622.5666666666667
3945,needy,child,621.0
3946,needy,wednesday,653.96875
3947,negative,minus,782.0689655172414
3948,negative,mirror,691.0
3949,negotiation,agreement,678.8709677419355
3950,negotiation,sneeze,712.551724137931
3951,neighborhood,area,668.741935483871
3952,neighborhood,frightened,758.3333333333334
3953,nephew,broken,606.2903225806451
3954,nephew,uncle,587.59375
3955,nerd,geek,666.0322580645161
3956,nerd,west,738.5862068965517
3957,nerve,bear,614.375
3958,nerve,neuron,847.3666666666667
3959,nerves,deaf,676.0333333333333
3960,nerves,ending,684.5625
3961,net,clipper,746.3548387096774
3962,net,gain,636.1612903225806
3963,network,news,594.5483870967741
3964,network,strap,686.7307692307693
3965,neutron,atom,734.9333333333333
3966,neutron,square,633.0666666666667
3967,never,again,619.3225806451613
3968,never,son,603.0333333333333
3969,new,hip,669.4074074074074
3970,new,shine,703.8214285714286
3971,news,government,683.2
3972,news,paper,665.9354838709677
3973,newspaper,have,687.7857142857143
3974,newspaper,print,626.84375
3975,newsstand,magazine,720.8333333333334
3976,newsstand,tonic,710.2962962962963
3977,nickel,five,718.90625
3978,nickel,short,654.78125
3979,nicotine,borrow,737.4375
3980,nicotine,cigarette,743.8125
3981,niece,hunter,708.4
3982,niece,nephew,663.7666666666667
3983,night,day,561.7741935483871
3984,night,laugh,614.15625
3985,nightgown,confess,767.8064516129032
3986,nightgown,sexy,655.59375
3987,nine,ten,609.6774193548387
3988,nine,you,566.59375
3989,nitrogen,end,663.6206896551724
3990,nitrogen,oxygen,729.0666666666667
3991,no,advice,676.40625
3992,no,yes,632.8181818181819
3993,noisy,loud,576.2903225806451
3994,noisy,street,663.15625
3995,nomad,homeless,745.6129032258065
3996,nomad,relative,715.2424242424242
3997,none,full,590.6451612903226
3998,none,zero,625.28125
3999,nonsense,ridiculous,792.9032258064516
4000,nonsense,secret,685.5625
4001,noon,lunch,625.9677419354839
4002,noon,place,719.0
4003,norm,average,757.3548387096774
4004,norm,mirror,722.9677419354839
4005,normal,abnormal,711.1333333333333
4006,normal,bum,868.88
4007,north,search,688.9333333333333
4008,north,south,624.6129032258065
4009,nose,blow,646.3125
4010,nose,drug,596.7272727272727
4011,not,dad,742.483870967742
4012,not,negative,762.8064516129032
4013,note,knight,684.40625
4014,note,letter,688.1875
4015,notebook,broccoli,867.5652173913044
4016,notebook,folder,611.09375
4017,nothing,hat,669.3125
4018,nothing,something,671.625
4019,notice,see,584.7333333333333
4020,notice,string,727.65625
4021,notify,alert,620.1515151515151
4022,notify,english,598.3636363636364
4023,noun,never,677.90625
4024,noun,verb,629.1875
4025,novel,part,646.9333333333333
4026,novel,read,650.4193548387096
4027,novice,beginner,740.3636363636364
4028,novice,lady,621.3225806451613
4029,now,account,654.875
4030,now,later,704.0967741935484
4031,nuclear,bomb,761.8064516129032
4032,nuclear,chance,695.6333333333333
4033,number,one,540.15625
4034,number,pencil,717.939393939394
4035,numbers,add,584.09375
4036,numbers,cook,586.75
4037,nun,father,605.0333333333333
4038,nun,tax,657.8709677419355
4039,nurse,high,608.15625
4040,nurse,patient,658.25
4041,nut,cracker,614.4516129032259
4042,nut,motorcycle,870.65625
4043,nuts,crazy,599.2727272727273
4044,nuts,news,630.4242424242424
4045,nylon,hose,687.4516129032259
4046,nylon,medicine,753.5483870967741
4047,oasis,move,671.96875
4048,oasis,thirsty,702.15625
4049,oath,can't,680.9375
4050,oath,promise,633.1290322580645
4051,object,backward,675.258064516129
4052,object,subject,632.625
4053,objective,course,607.258064516129
4054,objective,green,623.3939393939394
4055,obligation,duty,673.1935483870968
4056,obligation,school,595.7272727272727
4057,obnoxious,irritating,701.1428571428571
4058,obnoxious,teacher,625.2903225806451
4059,oboe,flute,790.0
4060,oboe,separate,832.9310344827586
4061,obscure,assistant,916.258064516129
4062,obscure,unclear,811.9666666666667
4063,observe,deaf,727.8333333333334
4064,observe,watch,587.0666666666667
4065,obsession,id,987.625
4066,obsession,perfume,703.5172413793103
4067,obstacle,course,646.21875
4068,obstacle,robbery,634.3870967741935
4069,obtain,steal,714.78125
4070,obtain,warm,676.1935483870968
4071,obvious,bit,670.9642857142857
4072,obvious,hidden,651.3333333333334
4073,occupation,money,593.0
4074,occupation,race,687.483870967742
4075,occupied,busy,644.3870967741935
4076,occupied,shake,644.09375
4077,ocean,print,651.28125
4078,ocean,sea,616.6551724137931
4079,octopus,arms,634.6666666666666
4080,octopus,extinct,761.5806451612904
4081,odd,baseball,719.5806451612904
4082,odd,unusual,715.4827586206897
4083,odds,against,666.9032258064516
4084,odds,wash,609.0
4085,off,on,635.5666666666667
4086,off,paper,642.625
4087,offend,bother,635.2758620689655
4088,offend,music,600.3
4089,offense,defense,705.516129032258
4090,offense,pill,641.8387096774194
4091,office,desk,675.125
4092,office,rocket,705.8387096774194
4093,officer,ballet,827.6
4094,officer,navy,671.8181818181819
4095,official,cereal,754.3225806451613
4096,official,referee,779.5
4097,often,ax,859.3636363636364
4098,often,enough,706.3333333333334
4099,ointment,medicine,637.6
4100,ointment,stone,634.65625
4101,okay,alright,616.5625
4102,okay,zero,640.6333333333333
4103,old,new,557.75
4104,old,value,651.0
4105,oligarchy,government,806.2
4106,oligarchy,part,661.3870967741935
4107,olympics,bicycle,644.9354838709677
4108,olympics,gold,581.8064516129032
4109,once,alcohol,670.4516129032259
4110,once,never,722.3666666666667
4111,onion,hamburger,563.9
4112,onion,unclear,754.448275862069
4113,oodles,magazine,740.71875
4114,oodles,noodles,773.4074074074074
4115,open,close,652.9666666666667
4116,open,smudge,752.1428571428571
4117,opener,can,624.4848484848485
4118,opener,cheat,638.6666666666666
4119,opening,closing,638.9032258064516
4120,opening,repeat,675.6451612903226
4121,operation,surgery,668.25
4122,operation,valuable,803.75
4123,opportunity,chance,556.1212121212121
4124,opportunity,modern,756.0322580645161
4125,opposite,monk,776.5769230769231
4126,opposite,same,597.1612903225806
4127,optimistic,self,622.6875
4128,optimistic,view,606.7
4129,option,loving,720.060606060606
4130,option,open,685.8709677419355
4131,orchestra,violin,695.7241379310345
4132,orchestra,wet,597.6129032258065
4133,orchid,chalk,647.9333333333333
4134,orchid,plant,642.0645161290323
4135,orderly,college,599.0
4136,orderly,fashion,787.53125
4137,ordinary,plain,674.2666666666667
4138,ordinary,swing,669.1333333333333
4139,ore,iron,687.0967741935484
4140,ore,near,669.030303030303
4141,oregano,nut,600.4827586206897
4142,oregano,spice,672.5
4143,organize,flop,900.9166666666666
4144,organize,neat,640.7586206896551
4145,orient,asia,689.0370370370371
4146,orient,dots,680.4285714285714
4147,original,cologne,734.1481481481482
4148,original,first,645.7096774193549
4149,originate,begin,564.2666666666667
4150,originate,danger,700.71875
4151,ornament,shove,772.9642857142857
4152,ornament,tree,561.9032258064516
4153,otter,ghost,697.9354838709677
4154,otter,lake,650.2903225806451
4155,ouch,go,704.2903225806451
4156,ouch,hurt,555.25
4157,ounce,headache,730.3939393939394
4158,ounce,pound,602.46875
4159,out,cup,676.2413793103449
4160,out,in,566.2258064516129
4161,outcome,end,553.8214285714286
4162,outcome,record,674.15625
4163,outdoors,indoors,599.90625
4164,outdoors,lose,678.5172413793103
4165,outgoing,extrovert,869.6666666666666
4166,outgoing,view,573.0625
4167,outlet,attempt,678.0967741935484
4168,outlet,plug,692.2258064516129
4169,outrageous,funny,598.1935483870968
4170,outrageous,snail,744.34375
4171,oval,basketball,611.9375
4172,oval,office,637.5333333333333
4173,oven,heat,608.4516129032259
4174,oven,sad,633.1818181818181
4175,over,turn,653.71875
4176,over,wire,739.3548387096774
4177,overcome,nothing,607.1612903225806
4178,overcome,obstacle,784.9655172413793
4179,overflow,italian,705.2666666666667
4180,overflow,spill,647.8571428571429
4181,overpower,beat,608.1875
4182,overpower,negative,663.6129032258065
4183,overview,away,570.2333333333333
4184,overview,preview,707.7741935483871
4185,overwhelm,again,593.5806451612904
4186,overwhelm,excited,717.1935483870968
4187,owe,lend,797.1379310344828
4188,owe,many,662.7931034482758
4189,own,mine,708.9310344827586
4190,own,yard,572.741935483871
4191,owner,foreign,713.0
4192,owner,seller,716.6666666666666
4193,oxygen,breathe,585.4666666666667
4194,oxygen,write,674.6666666666666
4195,oyster,clam,678.15625
4196,oyster,shampoo,651.3666666666667
4197,ozone,cabbage,697.9677419354839
4198,ozone,layer,619.03125
4199,pack,rot,737.5
4200,pack,six,628.5666666666667
4201,package,guilt,693.7333333333333
4202,package,mail,658.9333333333333
4203,paddle,period,603.96875
4204,paddle,punishment,784.2
4205,paddy,flower,590.8387096774194
4206,paddy,wagon,772.1851851851852
4207,page,call,593.84375
4208,page,later,761.5185185185185
4209,pail,bucket,595.1666666666666
4210,pail,slip,656.6551724137931
4211,pain,headache,619.40625
4212,pain,prince,742.3548387096774
4213,pair,operation,881.5625
4214,pair,two,730.78125
4215,palace,guard,702.5483870967741
4216,palace,killer,753.9333333333333
4217,pale,argue,670.8965517241379
4218,pale,tan,642.8620689655172
4219,palm,sunday,602.8666666666667
4220,palm,take,574.0333333333333
4221,pan,pot,727.8620689655172
4222,pan,strap,801.448275862069
4223,pancakes,syrup,651.2
4224,pancakes,tree,599.59375
4225,panel,trash,651.65625
4226,panel,wood,596.2903225806451
4227,pants,graduation,707.3125
4228,pants,wear,623.1666666666666
4229,paper,gather,607.2307692307693
4230,paper,pencil,716.4193548387096
4231,paperclip,staple,622.3333333333334
4232,paperclip,winner,714.8064516129032
4233,parade,arrow,599.8
4234,parade,circus,626.8125
4235,paradise,add,616.4193548387096
4236,paradise,island,552.3666666666667
4237,parcel,ask,711.8709677419355
4238,parcel,package,688.5625
4239,parched,backward,742.1666666666666
4240,parched,thirsty,769.9354838709677
4241,pardon,excuse,694.0625
4242,pardon,soprano,914.5217391304348
4243,paris,france,724.0666666666667
4244,paris,shoelace,748.12
4245,park,tax,675.9354838709677
4246,park,tree,594.9677419354839
4247,parking,crab,702.4375
4248,parking,lot,705.9310344827586
4249,parkway,cars,643.2666666666667
4250,parkway,pull,676.9032258064516
4251,parsley,party,628.6
4252,parsley,spice,662.2333333333333
4253,part,staple,770.125
4254,part,whole,567.3666666666667
4255,participate,guard,668.84375
4256,participate,join,636.516129032258
4257,party,naked,640.9677419354839
4258,party,unusual,702.483870967742
4259,pass,fail,599.8387096774194
4260,pass,jogger,780.72
4261,passage,hallway,681.1612903225806
4262,passage,poison,646.9
4263,passive,active,709.1724137931035
4264,passive,girlfriend,573.3548387096774
4265,pasta,big,585.7333333333333
4266,pasta,spaghetti,733.7741935483871
4267,paste,glue,597.75
4268,paste,superman,710.4333333333333
4269,pastry,cough,691.8571428571429
4270,pastry,doughnut,828.5862068965517
4271,pasture,grass,669.7
4272,pasture,hog,752.08
4273,pat,tail,704.1724137931035
4274,pat,touch,687.0625
4275,path,forest,648.53125
4276,path,socket,806.0357142857143
4277,patience,tuesday,728.84375
4278,patience,virtue,809.2857142857143
4279,patient,me,591.1818181818181
4280,patient,nurse,597.2903225806451
4281,patio,elevator,598.71875
4282,patio,furniture,674.8333333333334
4283,pattern,maze,735.3703703703703
4284,pattern,touch,594.875
4285,pay,check,567.969696969697
4286,pay,turtle,571.7096774193549
4287,payment,job,606.7741935483871
4288,payment,mustache,721.4516129032259
4289,peak,best,602.46875
4290,peak,odd,615.3870967741935
4291,peanut,bravery,737.0967741935484
4292,peanut,butter,697.1666666666666
4293,pear,peach,649.09375
4294,pear,succeed,653.2903225806451
4295,pearl,letter,601.34375
4296,pearl,oyster,755.9285714285714
4297,pebble,bucket,609.0333333333333
4298,pebble,rock,706.6551724137931
4299,pedal,bike,548.0666666666667
4300,pedal,found,688.78125
4301,pen,pencil,606.0
4302,pen,weak,592.75
4303,pendulum,hypnotize,724.3225806451613
4304,pendulum,what,600.1935483870968
4305,penny,dime,695.1
4306,penny,stop,660.8666666666667
4307,people,place,653.0625
4308,people,then,677.5
4309,pepperoni,alcohol,733.25
4310,pepperoni,pizza,675.90625
4311,perceive,bother,699.9354838709677
4312,perceive,look,649.40625
4313,percent,hundred,709.65625
4314,percent,odd,623.125
4315,percentage,hundred,735.9375
4316,percentage,round,664.6774193548387
4317,perception,sight,603.1935483870968
4318,perception,values,621.2727272727273
4319,perch,branch,750.9354838709677
4320,perch,for,733.7096774193549
4321,perform,act,619.4666666666667
4322,perform,lost,585.3125
4323,period,decision,737.7
4324,period,sentence,690.5806451612904
4325,periscope,pancakes,712.5806451612904
4326,periscope,submarine,771.8620689655172
4327,perish,disappear,731.625
4328,perish,drink,588.46875
4329,permit,let,589.71875
4330,permit,plain,703.625
4331,peroxide,blonde,697.3548387096774
4332,peroxide,santa,678.6551724137931
4333,personal,chest,701.4827586206897
4334,personal,diary,741.4333333333333
4335,personality,trait,713.9
4336,personality,west,735.0689655172414
4337,personnel,garbage,758.516129032258
4338,personnel,staff,547.5862068965517
4339,persuade,con,853.3636363636364
4340,persuade,war,643.28125
4341,pest,coke,633.7931034482758
4342,pest,control,626.34375
4343,petroleum,car,604.8666666666667
4344,petroleum,year,627.258064516129
4345,phantom,monster,716.78125
4346,phantom,wheelchair,766.2666666666667
4347,phase,letters,596.0645161290323
4348,phase,stage,728.6666666666666
4349,philosophy,need,652.2258064516129
4350,philosophy,thought,680.7741935483871
4351,phone,call,574.03125
4352,phone,when,750.9
4353,phony,false,655.1612903225806
4354,phony,bubble,702.3225806451613
4355,phrase,characteris,915.1875
4356,phrase,sentence,730.53125
4357,physical,doctor,547.0322580645161
4358,physical,slip,651.6428571428571
4359,physician,needle,659.516129032258
4360,physician,sweet,634.7666666666667
4361,physics,motion,640.2333333333333
4362,physics,picket,996.6666666666666
4363,physiology,body,722.28125
4364,physiology,specific,809.1612903225806
4365,piano,key,577.875
4366,piano,question,667.0
4367,pick,carrot,671.0322580645161
4368,pick,choose,570.09375
4369,picket,cause,643.0666666666667
4370,picket,seek,703.0967741935484
4371,pickle,dill,658.3103448275862
4372,pickle,swear,581.6551724137931
4373,pickles,dill,744.25
4374,pickles,sexy,642.0645161290323
4375,picnic,lunch,669.3
4376,picture,driving,693.1
4377,picture,frame,609.25
4378,pie,apple,653.5625
4379,pie,relative,661.1
4380,piece,business,738.2903225806451
4381,piece,pie,659.1935483870968
4382,pieces,earth,602.0625
4383,pieces,puzzle,671.9666666666667
4384,pig,hog,686.4
4385,pig,radio,648.9375
4386,pike,nail,611.5806451612904
4387,pike,peak,719.0666666666667
4388,pile,stack,626.3870967741935
4389,pile,tiger,668.741935483871
4390,pillow,blanket,595.5
4391,pillow,salad,633.9333333333333
4392,pimple,furniture,734.8666666666667
4393,pimple,zit,800.2333333333333
4394,pin,fire,663.5625
4395,pin,sharp,582.9655172413793
4396,pint,card,631.6
4397,pint,quart,686.9677419354839
4398,pious,holy,729.7
4399,pious,secret,783.6551724137931
4400,pipe,cleaner,629.125
4401,pipe,rotten,777.6451612903226
4402,pissed,mad,636.1
4403,pissed,upstairs,723.9
4404,pit,hell,603.1666666666666
4405,pit,rocket,655.2
4406,pitcher,girls,691.9354838709677
4407,pitcher,tea,694.6
4408,pitchfork,chalk,752.9666666666667
4409,pitchfork,hay,728.5
4410,pity,shame,763.2666666666667
4411,pity,valuable,725.0
4412,plaid,socket,704.2142857142857
4413,plaid,stripe,722.4444444444445
4414,plain,simple,606.71875
4415,plain,unclear,781.2
4416,plane,crash,611.25
4417,plane,future,617.1818181818181
4418,planning,happy,621.5454545454545
4419,planning,organize,742.34375
4420,plant,bush,745.4
4421,plant,helper,739.6071428571429
4422,plants,flowers,674.9333333333333
4423,plants,partner,822.5806451612904
4424,plaque,steal,641.6774193548387
4425,plaque,trophy,788.1379310344828
4426,plaster,strange,804.2903225806451
4427,plaster,wall,649.0625
4428,plastic,open,569.0322580645161
4429,plastic,tupperware,868.1304347826087
4430,plate,saucer,754.7666666666667
4431,plate,stay,694.0333333333333
4432,plates,dishes,655.46875
4433,plates,tart,899.6818181818181
4434,platform,liberty,637.969696969697
4435,platform,stage,662.03125
4436,player,stick,699.516129032258
4437,player,tennis,571.2903225806451
4438,playground,gum,815.1034482758621
4439,playground,slide,689.3030303030303
4440,playing,carrot,635.625
4441,playing,kids,603.25
4442,plaything,aware,609.21875
4443,plaything,toy,638.2258064516129
4444,plaza,mall,574.741935483871
4445,plaza,twelve,632.6875
4446,plead,beg,738.6666666666666
4447,plead,item,683.3548387096774
4448,please,thanks,674.75
4449,please,whole,609.9333333333333
4450,pledge,honor,616.8666666666667
4451,pledge,marker,659.7741935483871
4452,plenty,enough,630.3225806451613
4453,plenty,thousand,693.483870967742
4454,pliers,company,708.65625
4455,pliers,tool,570.7096774193549
4456,plot,pig,631.21875
4457,plot,summary,750.3548387096774
4458,plug,socket,725.5416666666666
4459,plug,spinach,795.8518518518518
4460,plum,pudding,685.8
4461,plum,weekend,638.875
4462,plumber,drain,702.7
4463,plumber,sound,667.8064516129032
4464,plus,jump,705.0
4465,plus,minus,649.1612903225806
4466,plush,carpet,615.8125
4467,plush,tiger,716.03125
4468,pluto,defense,683.3793103448276
4469,pluto,dog,535.0645161290323
4470,pocket,jeans,587.25
4471,pocket,there,772.875
4472,pocketbook,newspaper,740.0
4473,pocketbook,purse,609.4516129032259
4474,poem,rhyme,874.6785714285714
4475,poem,staple,695.6206896551724
4476,poet,fat,621.5483870967741
4477,poet,writer,628.969696969697
4478,poetry,beam,799.0
4479,poetry,poem,610.8064516129032
4480,point,direct,580.6363636363636
4481,point,spoon,647.84375
4482,poison,evil,605.4516129032259
4483,poison,snake,591.4516129032259
4484,poker,first,657.2424242424242
4485,poker,gamble,703.4193548387096
4486,pole,game,597.90625
4487,pole,vault,698.7
4488,policeman,cop,559.21875
4489,policeman,wine,624.9333333333333
4490,policy,decay,754.7142857142857
4491,policy,rule,605.0625
4492,polish,luck,644.1333333333333
4493,polish,shine,780.0689655172414
4494,politician,encourage,823.28125
4495,politician,liar,669.3461538461538
4496,politics,groceries,738.7741935483871
4497,politics,republican,824.6206896551724
4498,pollution,environment,713.6451612903226
4499,pollution,washington,745.516129032258
4500,polyester,cotton,640.1290322580645
4501,polyester,fright,772.2
4502,pond,dark,701.6129032258065
4503,pond,lake,584.59375
4504,pool,hall,648.1515151515151
4505,pool,steel,789.4193548387096
4506,poor,dinosaur,794.5925925925926
4507,poor,lonely,618.3125
4508,pop,promise,751.4666666666667
4509,pop,soda,625.6451612903226
4510,popcorn,butter,717.5806451612904
4511,popcorn,slave,632.6363636363636
4512,pope,god,728.6060606060606
4513,pope,like,705.1
4514,popeye,shoot,640.09375
4515,popeye,spinach,775.5806451612904
4516,population,explosion,855.0322580645161
4517,population,sword,704.3030303030303
4518,porcelain,doll,646.0909090909091
4519,porcelain,start,620.0
4520,porch,monkey,554.5
4521,pork,bacon,626.84375
4522,pork,belief,701.75
4523,port,grandma,931.1071428571428
4524,port,ship,578.6129032258065
4525,portion,monkey,645.5625
4526,portion,sample,633.2258064516129
4527,portray,neutron,856.1481481481482
4528,portray,paint,587.0
4529,position,cash,642.4
4530,position,place,728.0625
4531,positive,always,578.6060606060606
4532,positive,negative,690.8387096774194
4533,possess,couch,704.5333333333333
4534,possess,take,618.0967741935484
4535,possible,castle,731.0
4536,possible,dream,605.9090909090909
4537,post,crayon,771.0625
4538,post,office,603.1212121212121
4539,postage,above,683.0
4540,postage,stamp,570.060606060606
4541,potato,salad,587.516129032258
4542,potato,trade,596.7666666666667
4543,pottery,clay,652.8387096774194
4544,pottery,knee,626.9375
4545,pounce,cause,650.40625
4546,pounce,hit,591.375
4547,pound,dollar,755.6666666666666
4548,pound,left,710.9666666666667
4549,pour,pot,670.741935483871
4550,pour,spill,688.483870967742
4551,powder,face,554.9375
4552,powder,milk,568.21875
4553,powerful,strong,633.3548387096774
4554,powerful,suffocate,696.9285714285714
4555,practice,data,721.4193548387096
4556,practice,perfect,722.5
4557,praise,comfortable,680.1818181818181
4558,praise,glory,627.5806451612904
4559,prank,cry,702.15625
4560,prank,joke,630.59375
4561,pray,ask,592.6666666666666
4562,pray,can't,738.5666666666667
4563,prayer,hands,585.3333333333334
4564,prayer,octopus,737.3666666666667
4565,precious,crooked,808.0526315789474
4566,precious,valuable,734.5454545454545
4567,precipice,cool,635.71875
4568,precipice,recipe,748.3928571428571
4569,precise,exact,720.2333333333333
4570,precise,leader,661.53125
4571,predator,continent,759.8076923076923
4572,predator,hunter,642.4193548387096
4573,prefer,choose,629.060606060606
4574,prefer,two,617.8125
4575,premises,moon,779.2068965517242
4576,premises,property,639.483870967742
4577,prepare,cheap,675.3666666666667
4578,prepare,ready,607.9375
4579,presence,fear,628.6
4580,presence,there,608.84375
4581,present,gift,662.7666666666667
4582,present,picture,585.9666666666667
4583,presentation,paint,687.7241379310345
4584,presentation,speech,636.1333333333333
4585,president,force,626.1935483870968
4586,president,usa,886.75
4587,press,conference,805.1724137931035
4588,press,grab,682.4827586206897
4589,prestige,check,562.2903225806451
4590,prestige,honor,578.5
4591,presume,assume,662.5
4592,presume,referee,733.9666666666667
4593,pretend,act,645.0
4594,pretend,higher,587.6129032258065
4595,price,amount,720.7575757575758
4596,price,writing,693.8
4597,priceless,slippery,743.6666666666666
4598,priceless,valuable,662.5
4599,prickly,cactus,705.7096774193549
4600,prickly,together,581.5862068965517
4601,pride,patient,685.0322580645161
4602,pride,prejudice,634.2
4603,primate,bear,574.3225806451613
4604,primate,monkey,590.6875
4605,prime,dirt,597.1612903225806
4606,prime,ribs,627.1515151515151
4607,prince,navy,775.1428571428571
4608,prince,princess,669.5
4609,princess,pledge,797.4666666666667
4610,princess,prince,720.5333333333333
4611,printer,copy,656.741935483871
4612,printer,fishing,657.0344827586207
4613,prisoner,jail,619.3333333333334
4614,prisoner,marriage,700.53125
4615,private,public,736.3870967741935
4616,private,watch,557.9666666666667
4617,pro,agreement,700.1612903225806
4618,pro,con,874.1481481481482
4619,procedure,asleep,851.3
4620,procedure,experiment,673.0967741935484
4621,process,beg,734.7241379310345
4622,process,system,652.9677419354839
4623,producer,maker,688.0909090909091
4624,producer,multiply,725.2258064516129
4625,product,country,690.1379310344828
4626,product,item,613.9677419354839
4627,production,movie,593.2727272727273
4628,production,prince,760.9655172413793
4629,professional,begin,573.741935483871
4630,professional,lawyer,645.15625
4631,professor,age,644.2424242424242
4632,professor,teach,665.9677419354839
4633,prom,fun,597.8333333333334
4634,prom,sports,658.3666666666667
4635,promise,broken,637.2413793103449
4636,promise,magic,614.7931034482758
4637,pronoun,adjective,686.1935483870968
4638,pronoun,butter,717.1212121212121
4639,proof,evidence,701.1290322580645
4640,proof,ledge,759.7931034482758
4641,property,flop,790.96
4642,property,tax,618.4516129032259
4643,proprietor,owner,655.4827586206897
4644,proprietor,thaw,930.05
4645,prose,plug,695.6774193548387
4646,prose,poetry,712.9333333333333
4647,protect,fantasy,643.3125
4648,protect,secure,765.0322580645161
4649,protection,condom,713.8275862068965
4650,protection,jewish,693.3
4651,protein,accuse,829.75
4652,protein,egg,640.516129032258
4653,protestant,catholic,818.9333333333333
4654,protestant,hypnotize,829.3333333333334
4655,proud,arrogant,894.8620689655172
4656,proud,treat,632.8666666666667
4657,prove,dusk,722.2068965517242
4658,prove,theory,636.8387096774194
4659,proverb,bible,691.6774193548387
4660,proverb,silly,622.3125
4661,provision,abandon,894.3793103448276
4662,provision,food,628.75
4663,prune,child,675.5483870967741
4664,prune,juice,717.34375
4665,psychology,hurricane,735.96875
4666,psychology,mind,612.0
4667,pub,restaurant,747.0
4668,pub,staff,657.6774193548387
4669,puberty,adolescent,693.1612903225806
4670,puberty,daring,774.9333333333333
4671,public,private,694.25
4672,public,win,638.7
4673,publication,public,661.5483870967741
4674,publication,span,941.4736842105264
4675,publisher,company,641.96875
4676,publisher,lid,858.75
4677,pudding,chocolate,636.6451612903226
4678,pudding,stiff,733.9642857142857
4679,puke,terrible,693.75
4680,puke,vomit,634.9375
4681,pull,cheese,580.6129032258065
4682,pull,shove,734.8064516129032
4683,pump,bra,645.6296296296297
4684,pump,tire,658.2333333333333
4685,pumpkin,halloween,604.625
4686,pumpkin,shopping,654.5483870967741
4687,punctuation,kitchen,632.741935483871
4688,punctuation,period,659.3870967741935
4689,purchase,capability,823.3548387096774
4690,purchase,mall,651.875
4691,purpose,boss,731.3666666666667
4692,purpose,reason,688.2258064516129
4693,push,congress,804.5625
4694,push,shove,664.1034482758621
4695,pushy,annoying,720.75
4696,pushy,chaos,870.2592592592592
4697,put,away,585.9354838709677
4698,put,beast,776.5
4699,pyramid,egypt,687.1724137931035
4700,pyramid,object,640.875
4701,quack,duck,686.8333333333334
4702,quack,tear,699.1290322580645
4703,quality,characteris,998.3793103448276
4704,quality,ridiculous,841.5806451612904
4705,quantity,amount,623.96875
4706,quantity,messy,850.0344827586207
4707,quart,oil,622.1
4708,quart,rice,618.09375
4709,quarter,asia,708.3103448275862
4710,quarter,dime,700.483870967742
4711,quench,know,606.3793103448276
4712,quench,thirst,626.75
4713,quest,couch,740.5357142857143
4714,quest,journey,562.7741935483871
4715,question,dollar,611.90625
4716,question,test,669.0
4717,quick,hurry,627.2
4718,quick,thaw,817.3809523809524
4719,quill,pen,605.258064516129
4720,quill,public,634.258064516129
4721,quilt,blanket,592.9677419354839
4722,quilt,head,571.09375
4723,quiz,dagger,938.2727272727273
4724,quiz,test,560.9375
4725,quotient,ant,672.8571428571429
4726,quotient,divide,720.483870967742
4727,rabbi,jewish,756.2
4728,rabbi,toothbrush,793.0967741935484
4729,raccoon,copy,645.030303030303
4730,raccoon,squirrel,699.3636363636364
4731,race,failure,743.741935483871
4732,race,human,681.5666666666667
4733,rack,bike,635.6875
4734,rack,tart,831.6666666666666
4735,racket,polite,694.9375
4736,racket,tennis,556.4666666666667
4737,radiator,sister,611.2258064516129
4738,radiator,warm,558.5625
4739,radish,call,672.3548387096774
4740,radish,vegetable,713.0689655172414
4741,raft,float,686.516129032258
4742,raft,tighten,685.2413793103449
4743,rag,cloth,654.6206896551724
4744,rag,dangerous,728.40625
4745,rain,shoelace,900.5454545454545
4746,rain,thunder,717.7096774193549
4747,rainy,pledge,627.0322580645161
4748,rainy,weather,638.6666666666666
4749,raisin,clue,541.7666666666667
4750,raisin,grape,638.9354838709677
4751,rake,leaves,598.741935483871
4752,rake,prisoner,644.6333333333333
4753,ram,make,632.3870967741935
4754,ram,sheep,628.5
4755,range,shoot,543.9310344827586
4756,range,tan,629.3333333333334
4757,rap,quart,833.5652173913044
4758,rap,rhyme,903.7407407407408
4759,rape,crime,612.53125
4760,rape,orgasm,783.9655172413793
4761,rare,thirst,656.3793103448276
4762,rare,uncommon,744.6875
4763,rash,ditch,853.9545454545455
4764,rash,itch,701.0645161290323
4765,raspberry,bike,657.9666666666667
4766,raspberry,tart,836.12
4767,rat,cat,541.9032258064516
4768,rat,stiff,756.2142857142857
4769,rationalize,lock,730.6774193548387
4770,rationalize,think,623.258064516129
4771,raw,kill,637.75
4772,raw,meat,698.25
4773,rays,fortune,613.28125
4774,rays,sun,644.3333333333334
4775,razor,sharp,597.6969696969697
4776,razor,weather,661.9354838709677
4777,reach,grasp,789.78125
4778,reach,vegetable,723.96875
4779,reaction,action,670.5806451612904
4780,reaction,peach,664.0
4781,ready,not,641.0344827586207
4782,ready,thirsty,677.0909090909091
4783,real,people,569.8709677419355
4784,real,spine,737.5862068965517
4785,reality,fantasy,666.0333333333333
4786,reality,tasty,665.21875
4787,realize,proof,624.25
4788,realize,understand,599.4193548387096
4789,reap,harvest,712.0
4790,reap,log,623.3333333333334
4791,reappear,alert,682.2258064516129
4792,reappear,disappear,693.8387096774194
4793,rear,front,693.8387096774194
4794,rear,out,531.0645161290323
4795,rearrange,cereal,753.9
4796,rearrange,organize,787.3548387096774
4797,rebel,persuade,747.28125
4798,rebel,wild,644.03125
4799,reckless,driving,614.9354838709677
4800,reckless,keeper,666.7142857142857
4801,recliner,chair,575.3125
4802,recliner,usa,900.4705882352941
4803,recognition,office,624.09375
4804,recognition,pride,672.3870967741935
4805,recommend,encourage,689.1379310344828
4806,recommend,police,662.0625
4807,record,listen,623.21875
4808,record,turn,709.5
4809,recycle,cans,602.4193548387096
4810,recycle,rude,708.2068965517242
4811,reef,apart,689.1612903225806
4812,reef,coral,671.59375
4813,reel,film,610.875
4814,reel,rattle,710.2962962962963
4815,referee,bath,698.2
4816,referee,sports,682.9
4817,reflect,light,596.8333333333334
4818,reflect,opening,678.90625
4819,reflection,ache,713.68
4820,reflection,mirror,709.258064516129
4821,refrain,follower,808.1333333333333
4822,refrain,talking,632.5757575757576
4823,refreshing,argument,701.6666666666666
4824,refreshing,cool,568.2258064516129
4825,refrigerator,meeting,676.5806451612904
4826,refrigerator,oven,698.3214285714286
4827,refuse,evil,616.03125
4828,refuse,no,569.2258064516129
4829,region,area,721.8709677419355
4830,region,loving,615.8666666666667
4831,regret,sorry,598.7096774193549
4832,regret,speed,539.1
4833,regular,copy,668.6206896551724
4834,regular,irregular,761.7741935483871
4835,reindeer,christmas,815.59375
4836,reindeer,direct,752.2903225806451
4837,reject,accept,656.0
4838,reject,bored,563.1935483870968
4839,relative,aunt,734.9333333333333
4840,relative,ballet,747.448275862069
4841,relativity,breakfast,677.8387096774194
4842,relativity,theory,591.8064516129032
4843,relax,smooth,680.0322580645161
4844,relax,tense,702.9333333333333
4845,release,grab,750.59375
4846,release,noodles,645.4516129032259
4847,reliable,dependable,685.7586206896551
4848,reliable,water,619.3225806451613
4849,religious,bible,728.25
4850,religious,lost,621.90625
4851,relish,ketchup,629.4827586206897
4852,relish,speed,588.3666666666667
4853,remain,basic,608.8666666666667
4854,remain,stay,597.5
4855,remark,true,591.9354838709677
4856,remark,comment,765.3928571428571
4857,remedy,conceited,799.4545454545455
4858,remedy,ill,659.0322580645161
4859,remember,dull,705.8275862068965
4860,remember,think,670.8333333333334
4861,remind,confusion,622.6129032258065
4862,remind,remember,604.4375
4863,reminiscence,coat,695.3
4864,reminiscence,remember,666.3125
4865,remorse,sorrow,753.3870967741935
4866,remorse,sour,718.3333333333334
4867,remove,court,684.03125
4868,remove,take,595.875
4869,remover,disease,665.3125
4870,remover,nail,620.0333333333333
4871,rent,apartment,677.6129032258065
4872,rent,thread,721.6774193548387
4873,repair,fix,576.75
4874,repair,move,601.9333333333333
4875,repeat,again,686.258064516129
4876,repeat,inhale,674.5555555555555
4877,repentance,forgive,658.6774193548387
4878,repentance,point,619.0
4879,replace,judge,638.4333333333333
4880,replace,loose,582.4193548387096
4881,reply,log,687.0333333333333
4882,reply,speak,627.6
4883,reprimand,girls,608.4193548387096
4884,reprimand,punishment,785.34375
4885,reproduce,face,626.5483870967741
4886,reproduce,sex,591.5151515151515
4887,republic,country,630.5806451612904
4888,republic,disease,754.9354838709677
4889,republican,conservative,688.2666666666667
4890,republican,sick,708.516129032258
4891,rescue,ambulance,798.28125
4892,rescue,ledge,678.7407407407408
4893,research,expensive,696.6666666666666
4894,research,paper,741.1612903225806
4895,reservation,save,716.3548387096774
4896,reservation,skill,735.6875
4897,resort,gin,868.1428571428571
4898,resort,vacation,725.8125
4899,respect,communism,805.8965517241379
4900,respect,parent,610.4375
4901,respond,ignore,626.96875
4902,respond,syrup,801.1379310344828
4903,response,girl,563.6129032258065
4904,response,question,674.9677419354839
4905,responsibilit,divide,779.2666666666667
4906,responsibilit,duty,827.0357142857143
4907,responsible,dependable,1009.8928571428572
4908,responsible,throw,626.1666666666666
4909,restaurant,bar,623.0645161290323
4910,restaurant,man,553.375
4911,restriction,lot,644.5483870967741
4912,restriction,rules,668.6666666666666
4913,retain,drugs,635.5483870967741
4914,retain,have,594.6896551724138
4915,retreat,back,714.6071428571429
4916,retreat,multiply,727.53125
4917,return,give,637.2727272727273
4918,return,robbery,729.4516129032259
4919,revenge,crime,817.8666666666667
4920,revenge,kill,609.78125
4921,revival,subject,626.7241379310345
4922,revival,tent,706.53125
4923,revolution,american,771.3225806451613
4924,revolution,fair,738.3225806451613
4925,rhythm,beat,654.0
4926,rhythm,outdoors,670.741935483871
4927,ribs,broken,560.3333333333334
4928,ribs,marriage,670.71875
4929,rich,choice,604.2903225806451
4930,rich,luck,669.6451612903226
4931,ride,bicycle,602.0
4932,ride,modern,676.1111111111111
4933,rider,cowboy,640.8125
4934,rider,ladder,642.0
4935,ridicule,blame,720.4193548387096
4936,ridicule,employer,802.0
4937,ridiculous,more,627.5483870967741
4938,ridiculous,silly,722.7741935483871
4939,righteous,brothers,707.5
4940,righteous,soap,679.125
4941,righteousness,conservative,978.9
4942,righteousness,good,562.6666666666666
4943,rights,law,575.8125
4944,rights,station,662.0
4945,rigid,belief,620.15625
4946,rigid,stiff,679.0357142857143
4947,ring,bell,550.060606060606
4948,ring,soprano,996.608695652174
4949,rinse,dish,688.2413793103449
4950,rinse,winter,534.3548387096774
4951,riot,crowd,623.6129032258065
4952,riot,small,593.7
4953,rip,age,643.78125
4954,rip,tear,584.483870967742
4955,ritual,ceremony,650.3
4956,ritual,cuddle,672.3793103448276
4957,roach,dog,621.65625
4958,roach,motel,639.4285714285714
4959,roam,healthy,673.6666666666666
4960,roam,wander,748.4193548387096
4961,roar,dependent,723.6875
4962,roar,lion,652.516129032258
4963,roast,beef,666.7333333333333
4964,roast,cats,683.8387096774194
4965,rob,sew,740.25
4966,rob,thief,624.28125
4967,robe,bath,605.21875
4968,robe,most,656.9354838709677
4969,rock,bike,623.448275862069
4970,rock,stone,688.8275862068965
4971,rocket,healthy,610.375
4972,rocket,sky,611.6363636363636
4973,rocks,mountain,649.4193548387096
4974,rocks,oxygen,715.2666666666667
4975,rod,novice,811.0
4976,rod,reel,735.1785714285714
4977,rodent,bug,655.0344827586207
4978,rodent,flirt,671.09375
4979,roman,empire,707.9375
4980,roman,tire,624.6451612903226
4981,romance,center,615.53125
4982,romance,kiss,596.25
4983,roof,diary,705.8214285714286
4984,roof,tile,611.551724137931
4985,room,bedroom,635.875
4986,room,trophy,722.2413793103449
4987,roommate,bitch,684.65625
4988,roommate,blue,557.969696969697
4989,roost,chicken,582.40625
4990,roost,toy,605.03125
4991,rooster,dollars,727.40625
4992,rooster,farm,646.1290322580645
4993,rope,ladder,744.625
4994,rope,virtue,840.2307692307693
4995,rotten,listen,733.53125
4996,rotten,spoiled,836.0322580645161
4997,rough,fork,788.3
4998,rough,smooth,588.1612903225806
4999,routine,daily,648.875
5000,routine,frog,730.9032258064516
5001,row,eggs,589.9666666666667
5002,row,lonely,700.1666666666666
5003,royal,england,655.78125
5004,royal,evidence,726.6774193548387
5005,rub,gamble,768.36
5006,rub,massage,805.741935483871
5007,rubber,band,691.258064516129
5008,rubber,pain,640.03125
5009,rude,key,621.46875
5010,rude,polite,649.5
5011,rug,carpet,730.1875
5012,rug,spoiled,715.1875
5013,ruler,child,713.6774193548387
5014,ruler,straight,680.0645161290323
5015,rules,game,546.6451612903226
5016,rules,yours,725.53125
5017,rum,coke,605.0645161290323
5018,rum,meeting,602.90625
5019,rumor,neuron,907.6363636363636
5020,rumor,talk,626.34375
5021,rung,false,669.1935483870968
5022,rung,ladder,744.7
5023,runner,bicycle,659.3939393939394
5024,runner,jogger,630.6451612903226
5025,running,calculate,704.78125
5026,running,sweat,668.2
5027,rural,sympathetic,728.741935483871
5028,rural,town,601.375
5029,rush,hurry,603.7333333333333
5030,rush,partner,747.875
5031,russia,communist,781.8387096774194
5032,russia,conceited,828.4285714285714
5033,rye,nervous,708.6129032258065
5034,rye,wheat,633.09375
5035,saber,rock,668.4
5036,saber,sword,691.9375
5037,sack,bag,607.1612903225806
5038,sack,clam,870.8666666666667
5039,sacred,clown,691.3125
5040,sacred,frightened,697.6774193548387
5041,saddle,boys,537.2727272727273
5042,saddle,ride,549.3225806451613
5043,safari,behind,634.9090909090909
5044,safari,jungle,638.7666666666667
5045,safe,driver,655.6
5046,safe,protect,676.40625
5047,sailing,dangerous,741.5625
5048,sailing,fishing,605.6451612903226
5049,sailor,chocolate,671.2258064516129
5050,sailor,sea,618.1935483870968
5051,saint,angel,560.3125
5052,saint,state,687.3333333333334
5053,salad,fragile,695.0322580645161
5054,salad,lettuce,632.46875
5055,sale,bargain,752.6875
5056,sale,guilty,719.9666666666667
5057,sales,store,727.3939393939394
5058,sales,when,662.0322580645161
5059,salesman,annoy,780.8275862068965
5060,salesman,tent,612.8787878787879
5061,saliva,hoop,646.6666666666666
5062,saliva,spit,769.75
5063,saloon,bar,612.78125
5064,saloon,general,622.1875
5065,salt,pepper,606.7741935483871
5066,salt,teacher,616.7741935483871
5067,saltine,cracker,600.9354838709677
5068,saltine,mustache,692.1785714285714
5069,salute,ocean,617.65625
5070,salute,pledge,752.1935483870968
5071,sample,example,690.0645161290323
5072,sample,murderer,814.8461538461538
5073,sand,boat,609.2903225806451
5074,sand,castle,660.9375
5075,sandpaper,luggage,758.25
5076,sandpaper,rough,640.375
5077,sandwich,hungry,608.3548387096774
5078,sandwich,wedding,609.03125
5079,sap,syrup,672.2666666666667
5080,sap,together,647.0
5081,sapphire,aunt,864.9354838709677
5082,sapphire,blue,561.8965517241379
5083,sash,belt,660.5333333333333
5084,sash,subtract,799.551724137931
5085,satan,kill,631.9375
5086,satan,silk,674.0645161290323
5087,satin,enemy,740.9032258064516
5088,satin,silk,643.1
5089,sauce,apple,587.0322580645161
5090,sauce,body,634.46875
5091,saucer,cup,573.258064516129
5092,saucer,decide,654.9354838709677
5093,sausage,front,711.6551724137931
5094,sausage,italian,761.90625
5095,save,confess,709.1818181818181
5096,save,keep,600.5
5097,savior,hammer,751.3
5098,savior,taste,559.5806451612904
5099,say,fright,847.875
5100,say,something,622.6875
5101,saying,extrovert,999.3636363636364
5102,saying,talking,751.5483870967741
5103,scale,tumble,701.0967741935484
5104,scale,weight,650.6451612903226
5105,scales,china,678.3225806451613
5106,scales,reptile,757.2857142857143
5107,scalpel,account,666.2424242424242
5108,scalpel,operation,748.96875
5109,scapegoat,blame,652.516129032258
5110,scapegoat,building,661.8484848484849
5111,scar,empire,744.8387096774194
5112,scar,fight,732.0645161290323
5113,scarcity,neighborhood,682.6451612903226
5114,scarcity,rare,661.2903225806451
5115,scare,fright,773.8214285714286
5116,scare,jail,619.4375
5117,scared,dancer,612.65625
5118,scared,frightened,860.1875
5119,scarf,neck,632.7741935483871
5120,scarf,turn,635.5625
5121,scenery,boyfriend,692.8387096774194
5122,scenery,view,637.78125
5123,scent,comment,717.5483870967741
5124,scent,perfume,586.2258064516129
5125,scheme,attic,688.7391304347826
5126,scheme,idea,638.90625
5127,scholarship,school,664.483870967742
5128,scholarship,secure,755.5806451612904
5129,school,brick,705.53125
5130,school,work,561.4516129032259
5131,science,biology,736.1612903225806
5132,science,branch,718.5666666666667
5133,scientist,direction,705.4666666666667
5134,scientist,science,676.25
5135,scold,slide,631.9310344827586
5136,scold,yell,652.53125
5137,scoop,graph,708.5333333333333
5138,scoop,shovel,780.3870967741935
5139,scotch,tape,597.5625
5140,scotch,whale,665.8064516129032
5141,scrambled,letters,613.71875
5142,scrambled,pain,588.0666666666667
5143,scrap,bit,614.8709677419355
5144,scrap,mile,740.5625
5145,scratch,bite,653.4333333333333
5146,scratch,spill,733.448275862069
5147,scream,base,661.15625
5148,scream,fear,590.2666666666667
5149,screen,mountain,641.9375
5150,screen,window,659.1935483870968
5151,screw,driver,636.3333333333334
5152,screw,protect,704.3103448275862
5153,scrub,dishes,641.516129032258
5154,scrub,road,627.7096774193549
5155,scuba,dive,571.40625
5156,scuba,fail,673.8333333333334
5157,sculpture,art,666.0967741935484
5158,sculpture,float,695.0645161290323
5159,sea,ocean,662.1612903225806
5160,sea,tears,638.6333333333333
5161,seafood,crab,589.030303030303
5162,seafood,peace,608.15625
5163,seam,disagreement,798.0666666666667
5164,seam,thread,691.0
5165,search,seek,651.3666666666667
5166,search,web,635.6333333333333
5167,seashore,cracker,623.9354838709677
5168,seashore,shell,599.4
5169,seasoning,definition,788.2258064516129
5170,seasoning,salt,653.4074074074074
5171,seat,life,648.1
5172,seat,table,584.551724137931
5173,seatbelt,protection,655.4193548387096
5174,seatbelt,straw,653.7333333333333
5175,secluded,beach,675.1290322580645
5176,secluded,now,586.5862068965517
5177,second,minute,623.3333333333334
5178,second,stove,675.25
5179,secret,deodorant,838.3333333333334
5180,secret,organize,652.8387096774194
5181,secretary,boss,602.4516129032259
5182,secretary,wall,572.59375
5183,secretive,fence,795.3
5184,secretive,quiet,672.9032258064516
5185,section,eight,669.030303030303
5186,section,newspaper,763.03125
5187,secure,maid,619.4516129032259
5188,secure,safe,586.46875
5189,security,there,666.9
5190,security,tight,586.9090909090909
5191,sedative,freedom,690.3225806451613
5192,sedative,pill,732.4333333333333
5193,see,dark,659.8387096774194
5194,see,hear,593.0322580645161
5195,seed,plant,665.9666666666667
5196,seed,squirrel,702.0689655172414
5197,seek,hay,743.48
5198,seek,search,706.1333333333333
5199,seem,appear,631.9333333333333
5200,seem,gander,1088.4666666666667
5201,selection,black,632.6451612903226
5202,selection,choice,566.7741935483871
5203,self,class,676.9032258064516
5204,self,me,599.71875
5205,selfish,dive,740.6129032258065
5206,selfish,greed,654.4
5207,sell,borrow,696.8709677419355
5208,sell,rough,715.21875
5209,semester,hours,701.6666666666666
5210,semester,mold,717.0333333333333
5211,senate,congress,634.4516129032259
5212,senate,open,672.3
5213,senator,politics,690.78125
5214,senator,rocks,653.6451612903226
5215,sensitive,shy,631.3125
5216,sensitive,thought,618.1612903225806
5217,sentence,aluminum,886.7037037037037
5218,sentence,period,591.375
5219,sentry,guard,690.7857142857143
5220,sentry,higher,621.5806451612904
5221,separate,divide,687.03125
5222,separate,left,658.28125
5223,serious,pretty,696.3125
5224,serious,student,633.7096774193549
5225,server,continent,870.8125
5226,server,waiter,672.1935483870968
5227,service,stack,695.3125
5228,service,station,670.3225806451613
5229,set,hot,663.40625
5230,set,television,663.3103448275862
5231,seven,eleven,646.1875
5232,seven,plead,820.3461538461538
5233,several,submarine,783.030303030303
5234,several,thousand,603.71875
5235,sew,florida,714.0
5236,sew,knit,768.4666666666667
5237,sex,female,627.4516129032259
5238,sex,folder,697.4444444444445
5239,shade,glasses,768.4642857142857
5240,shade,orange,620.741935483871
5241,shake,boring,679.375
5242,shake,rattle,712.3333333333334
5243,shallow,deep,602.2903225806451
5244,shallow,sauce,769.7
5245,shame,guilt,656.5806451612904
5246,shame,heavy,648.2903225806451
5247,shape,mold,658.5
5248,shape,smile,590.2333333333333
5249,sharp,point,613.0
5250,sharp,sing,702.7333333333333
5251,shatter,bomb,601.6969696969697
5252,shatter,break,651.8125
5253,shave,beard,624.15625
5254,shave,supper,721.6428571428571
5255,she,her,645.4666666666667
5256,she,name,723.483870967742
5257,shears,band,654.0645161290323
5258,shears,scissors,631.5483870967741
5259,sheep,england,715.2903225806451
5260,sheep,wool,576.7931034482758
5261,sheet,dolphin,835.2333333333333
5262,sheet,white,581.21875
5263,sheets,rhyme,805.4814814814815
5264,sheets,satin,820.7407407407408
5265,shelf,desk,705.1333333333333
5266,shelf,even,613.8064516129032
5267,shell,clam,779.2307692307693
5268,shell,garden,685.53125
5269,shield,crafts,724.1724137931035
5270,shield,protection,712.0625
5271,shift,here,750.46875
5272,shift,move,711.516129032258
5273,shingle,roof,619.9032258064516
5274,shingle,wood,586.8965517241379
5275,ship,cloth,663.03125
5276,ship,sink,720.8275862068965
5277,shiver,immature,927.8
5278,shiver,shake,693.9032258064516
5279,shock,capability,769.2
5280,shock,electric,711.71875
5281,shoe,lace,743.483870967742
5282,shoe,save,768.5769230769231
5283,shoot,horn,651.7586206896551
5284,shoot,shot,635.5454545454545
5285,shop,keeper,707.4545454545455
5286,shop,lose,657.3870967741935
5287,shore,line,640.375
5288,shore,motel,720.96
5289,shortcake,strawberry,611.8064516129032
5290,shortcake,wagon,736.2142857142857
5291,shorts,legs,621.6
5292,shorts,square,714.4375
5293,shoulder,ankle,679.1612903225806
5294,shoulder,arm,622.09375
5295,shove,egypt,702.5666666666667
5296,shove,push,529.4375
5297,shovel,magazine,634.9354838709677
5298,shovel,sand,590.5172413793103
5299,show,clipper,887.7407407407408
5300,show,tell,554.4242424242424
5301,shower,clean,600.625
5302,shower,number,716.0625
5303,shrimp,cow,688.3548387096774
5304,shrimp,lobster,623.6774193548387
5305,shrine,circus,665.1333333333333
5306,shrine,temple,644.34375
5307,shrink,grow,620.516129032258
5308,shrink,wine,562.71875
5309,shrub,bush,630.4333333333333
5310,shrub,judge,619.6774193548387
5311,sibling,brother,571.8
5312,sibling,shake,605.258064516129
5313,sick,ill,622.6774193548387
5314,sick,student,601.1
5315,sickle,bra,712.1212121212121
5316,sickle,cell,663.125
5317,side,bite,705.8571428571429
5318,side,front,646.59375
5319,sidewalk,teach,623.7096774193549
5320,sidewalk,walkway,617.84375
5321,sight,indoors,658.6333333333333
5322,sight,vision,662.9354838709677
5323,sign,language,609.25
5324,sign,truth,647.4375
5325,silent,slut,664.5862068965517
5326,silent,still,621.0
5327,silk,circle,709.0645161290323
5328,silk,satin,782.2857142857143
5329,silly,crazy,619.59375
5330,silly,soap,731.9375
5331,simple,easy,587.2258064516129
5332,simple,guess,685.9677419354839
5333,since,bubble,723.7333333333333
5334,since,then,610.8387096774194
5335,singer,dancer,601.9
5336,singer,habit,664.4827586206897
5337,single,marry,595.7878787878788
5338,single,sight,676.516129032258
5339,sinker,fishing,647.5333333333333
5340,sinker,trick,713.7741935483871
5341,sip,king,627.0
5342,sip,straw,712.1515151515151
5343,siren,emergency,707.34375
5344,siren,frankenstein,893.6785714285714
5345,sister,brother,584.6666666666666
5346,sister,hula,1065.0
5347,six,meet,690.0357142857143
5348,six,seven,619.40625
5349,sketch,draw,607.7575757575758
5350,sketch,right,614.375
5351,ski,bell,673.4545454545455
5352,ski,jump,642.0
5353,skill,number,689.3666666666667
5354,skill,saw,684.9333333333333
5355,skiller,donkey,612.0714285714286
5356,skillet,pan,676.8
5357,skinny,fat,621.9090909090909
5358,skinny,pizza,623.7586206896551
5359,skip,jump,623.4827586206897
5360,skip,mix,611.5806451612904
5361,sky,cold,606.9333333333333
5362,sky,heaven,660.0322580645161
5363,slab,brothers,617.96875
5364,slab,concrete,779.258064516129
5365,slacks,pants,664.15625
5366,slacks,sympathetic,839.9677419354839
5367,slander,lie,631.0322580645161
5368,slander,rough,596.6129032258065
5369,slave,owner,736.9677419354839
5370,slave,sorority,892.1481481481482
5371,slay,kill,615.6969696969697
5372,slay,schedule,623.2258064516129
5373,sleep,dream,593.5483870967741
5374,sleep,thirsty,630.6129032258065
5375,sleeve,short,585.6451612903226
5376,sleeve,values,755.28125
5377,sleigh,choice,586.3548387096774
5378,sleigh,snow,570.0
5379,slender,four,592.0625
5380,slender,skinny,616.59375
5381,slice,smart,632.6129032258065
5382,slice,soda,601.2758620689655
5383,slick,dog,602.28125
5384,slick,slippery,727.9032258064516
5385,slide,drain,637.1071428571429
5386,slide,slip,689.5333333333333
5387,slime,goo,916.5238095238096
5388,slime,house,617.28125
5389,slimy,goo,766.2666666666667
5390,slimy,pimple,832.5769230769231
5391,sling,cute,634.9333333333333
5392,sling,shot,567.0645161290323
5393,sliver,criminal,795.7096774193549
5394,sliver,piece,623.6551724137931
5395,slob,film,727.5
5396,slob,messy,698.0
5397,slope,nun,797.1481481481482
5398,slope,ski,641.4137931034483
5399,slug,defeat,766.258064516129
5400,slug,gross,709.6875
5401,slum,city,563.1
5402,slum,fun,645.7666666666667
5403,slurp,center,648.2
5404,slurp,drink,585.40625
5405,sly,fox,605.65625
5406,sly,note,638.5666666666667
5407,small,little,619.1666666666666
5408,small,tasty,612.7931034482758
5409,smart,dumb,646.7931034482758
5410,smart,past,604.4
5411,smash,choose,612.030303030303
5412,smash,glass,573.6774193548387
5413,smear,smudge,837.3
5414,smear,vacation,649.9677419354839
5415,smell,positive,667.4516129032259
5416,smell,taste,570.3939393939394
5417,smoky,mountains,700.6
5418,smoky,reef,815.125
5419,smooth,path,559.1
5420,smooth,skin,587.0
5421,smother,pilot,656.9375
5422,smother,suffocate,852.0967741935484
5423,snack,attack,660.1666666666666
5424,snack,orgasm,842.0344827586207
5425,snail,cell,771.7741935483871
5426,snail,shell,739.2758620689655
5427,snake,band,715.5666666666667
5428,snake,rattle,737.3793103448276
5429,snap,crackle,697.4242424242424
5430,snap,environment,863.9310344827586
5431,sneak,preview,559.9677419354839
5432,sneak,sick,757.4666666666667
5433,sneakers,smell,659.3870967741935
5434,sneakers,tire,709.8125
5435,sneaky,beautiful,684.3030303030303
5436,sneaky,sly,664.3666666666667
5437,sneeze,cough,646.5483870967741
5438,sneeze,naked,636.0
5439,snob,bitch,596.46875
5440,snob,coral,863.3076923076923
5441,snooze,clock,623.7878787878788
5442,snooze,thousand,661.0
5443,snot,grab,634.7878787878788
5444,snot,nose,698.3030303030303
5445,snotty,roses,761.0
5446,snotty,snob,739.4285714285714
5447,snow,fruit,657.3548387096774
5448,snow,ski,633.0
5449,snuggle,blue,554.3125
5450,snuggle,cuddle,604.6451612903226
5451,soak,doctor,568.40625
5452,soak,wash,573.2727272727273
5453,soap,bubble,671.4375
5454,soap,ground,635.8064516129032
5455,sober,bored,669.0
5456,sober,normal,615.0
5457,society,eight,661.3870967741935
5458,society,people,629.5625
5459,sock,beast,705.0333333333333
5460,sock,shoe,694.3
5461,socket,abnormal,813.741935483871
5462,socket,plug,699.9375
5463,socks,sad,565.9032258064516
5464,socks,shoes,698.40625
5465,soda,apart,692.2
5466,soda,pepsi,771.5
5467,sofa,bed,625.5806451612904
5468,sofa,chicken,599.0
5469,soft,cotton,637.8666666666667
5470,soft,package,619.6
5471,softball,girls,623.258064516129
5472,softball,world,571.3125
5473,soil,dirt,563.5
5474,soil,marry,665.7586206896551
5475,soldier,brave,656.8620689655172
5476,soldier,goose,702.0333333333333
5477,solid,questions,716.9310344827586
5478,solid,stripe,703.9
5479,solo,course,695.59375
5480,solo,self,625.2068965517242
5481,solution,encourage,720.0909090909091
5482,solution,problem,623.0
5483,some,paint,614.25
5484,some,thing,591.625
5485,something,good,585.7878787878788
5486,something,tuesday,760.3333333333334
5487,sometimes,often,588.8
5488,sometimes,trick,647.53125
5489,son,butterfly,835.8709677419355
5490,son,dad,630.7
5491,song,sing,618.90625
5492,song,tie,557.8148148148148
5493,sonic,camp,705.4827586206897
5494,sonic,sound,642.0645161290323
5495,sonnet,candle,666.3870967741935
5496,sonnet,poem,723.7777777777778
5497,soon,general,704.84375
5498,soon,late,640.78125
5499,soot,black,670.8181818181819
5500,soot,mad,684.8333333333334
5501,soothe,calm,632.5333333333333
5502,soothe,flag,661.4193548387096
5503,sorority,clear,712.1935483870968
5504,sorority,women,649.5483870967741
5505,sorry,apology,691.4242424242424
5506,sorry,town,586.1612903225806
5507,sound,human,600.258064516129
5508,sound,noise,639.78125
5509,soup,monster,763.8387096774194
5510,soup,vegetables,677.8387096774194
5511,sour,lady,598.4375
5512,sour,lemon,641.5333333333333
5513,south,bake,668.448275862069
5514,south,west,669.8125
5515,southern,place,637.5806451612904
5516,southern,states,645.3939393939394
5517,sow,blame,605.0
5518,sow,pig,658.0322580645161
5519,spaghetti,hint,701.1428571428571
5520,spaghetti,sauce,623.4516129032259
5521,span,forest,712.0714285714286
5522,span,wide,634.3870967741935
5523,spanish,language,622.8032786885246
5524,spank,cry,643.09375
5525,spank,spread,670.1290322580645
5526,spare,parts,653.5151515151515
5527,spare,wool,644.7931034482758
5528,spatula,fork,606.0625
5529,spatula,student,681.4193548387096
5530,special,important,794.34375
5531,special,weird,628.0666666666667
5532,specific,general,667.1379310344828
5533,specific,gin,882.6111111111111
5534,speed,fast,528.78125
5535,speed,stop,644.3548387096774
5536,spell,feet,569.34375
5537,spell,magic,626.6
5538,spend,purpose,668.40625
5539,spend,shopping,621.6551724137931
5540,sphinx,folder,641.9333333333333
5541,sphinx,pyramid,738.483870967742
5542,spicy,pepper,614.90625
5543,spicy,spring,764.09375
5544,spider,soda,647.9
5545,spider,web,660.2258064516129
5546,spill,drop,670.53125
5547,spill,her,652.5625
5548,spin,circle,650.1515151515151
5549,spin,daring,732.3870967741935
5550,spinach,cabbage,681.4848484848485
5551,spinach,cats,686.9354838709677
5552,spine,lace,735.3928571428571
5553,spine,less,636.40625
5554,spit,fat,590.5625
5555,spit,mouth,666.96875
5556,splinter,foot,624.0
5557,splinter,okay,599.0666666666667
5558,split,operation,786.0967741935484
5559,split,second,615.0625
5560,spoiled,cloudy,685.59375
5561,spoiled,rotten,794.6774193548387
5562,sponge,monthly,805.7586206896551
5563,sponge,ocean,690.1333333333333
5564,spontaneous,doe,955.1666666666666
5565,spontaneous,quick,606.4516129032259
5566,spool,sew,620.6296296296297
5567,spool,shell,669.71875
5568,spot,stain,724.4642857142857
5569,spot,stick,708.4193548387096
5570,spotless,pot,743.78125
5571,spotless,spot,705.6875
5572,spots,dime,757.925925925926
5573,spots,dots,696.72
5574,spouse,husband,629.2903225806451
5575,spouse,toes,738.9354838709677
5576,sprain,ankle,610.5333333333333
5577,sprain,like,617.1612903225806
5578,spray,children,635.9354838709677
5579,spray,hair,583.8666666666667
5580,spread,apart,663.9375
5581,spread,grasp,862.7083333333334
5582,spree,pants,687.1290322580645
5583,spree,shopping,678.2727272727273
5584,spring,newton,887.1818181818181
5585,spring,summer,651.3548387096774
5586,sprinkle,chocolate,636.9032258064516
5587,sprinkle,lie,675.0645161290323
5588,squad,police,583.1333333333333
5589,squad,straight,685.0625
5590,square,bomb,773.21875
5591,square,box,610.5806451612904
5592,squash,reef,882.1153846153846
5593,squash,tomato,698.7333333333333
5594,squeak,hear,617.7586206896551
5595,squeak,mouse,596.2903225806451
5596,squeal,pig,620.9354838709677
5597,squeal,teeth,665.7096774193549
5598,squid,octopus,737.4516129032259
5599,squid,stream,680.28125
5600,squint,eye,591.9375
5601,squint,mother,617.9090909090909
5602,stable,concert,627.1612903225806
5603,stable,okay,670.1290322580645
5604,stack,pancakes,704.0
5605,stack,wait,625.3548387096774
5606,stadium,card,588.8965517241379
5607,stadium,concert,699.0645161290323
5608,stag,doe,762.1428571428571
5609,stag,id,953.0833333333334
5610,stain,artist,672.28125
5611,stain,spot,684.3870967741935
5612,stair,grand,690.8709677419355
5613,stair,way,685.65625
5614,stairs,climb,708.0322580645161
5615,stairs,wind,619.9354838709677
5616,stairway,embarrass,756.3333333333334
5617,stairway,stairs,632.03125
5618,stale,bread,714.5333333333333
5619,stale,first,626.125
5620,stalk,bean,674.09375
5621,stalk,fight,732.5
5622,stall,hold,680.9666666666667
5623,stall,satin,867.6086956521739
5624,stamp,below,691.1379310344828
5625,stamp,card,651.7
5626,stand,danger,597.4375
5627,stand,fall,559.483870967742
5628,standard,anger,612.483870967742
5629,standard,normal,674.1935483870968
5630,stapler,self,642.40625
5631,stapler,staple,670.84375
5632,starch,australia,815.0
5633,starch,bleach,683.0
5634,start,begin,686.1612903225806
5635,start,princess,706.1612903225806
5636,starving,hungry,569.6774193548387
5637,starving,lend,770.44
5638,state,florida,672.3333333333334
5639,state,quiet,623.6875
5640,station,bake,663.9642857142857
5641,station,train,677.6129032258065
5642,statistics,business,909.548387096774
5643,statistics,days,597.6875
5644,statue,liberty,601.7931034482758
5645,statue,sentence,727.2666666666667
5646,steak,fiction,742.0666666666667
5647,steak,fries,655.1666666666666
5648,steal,beg,737.2333333333333
5649,steal,island,581.7741935483871
5650,steam,gas,574.9375
5651,steam,lettuce,929.0714285714286
5652,steel,metal,695.9333333333333
5653,steel,obstacle,886.9666666666667
5654,steep,hill,694.6333333333333
5655,steep,jelly,584.5806451612904
5656,steeple,point,630.0645161290323
5657,steeple,tie,717.7666666666667
5658,steer,drive,718.6451612903226
5659,steer,red,568.4333333333333
5660,stench,slut,719.074074074074
5661,stench,smell,614.0967741935484
5662,step,motion,704.6451612903226
5663,step,stair,617.9
5664,steps,guilt,698.3333333333334
5665,steps,stairs,602.1212121212121
5666,stereotype,prejudice,678.59375
5667,stereotype,virgin,692.6774193548387
5668,stew,salt,706.4666666666667
5669,stew,soup,641.25
5670,stewardess,east,698.7931034482758
5671,stewardess,hostess,785.7741935483871
5672,stick,stone,768.8888888888889
5673,stick,sunday,592.59375
5674,sticker,clean,660.34375
5675,sticker,glue,735.3125
5676,still,quiet,591.28125
5677,still,similar,827.258064516129
5678,stimulus,monk,810.7241379310345
5679,stimulus,reaction,617.7096774193549
5680,sting,exit,709.5
5681,sting,police,663.1290322580645
5682,stir,ignore,669.9310344827586
5683,stir,spoon,626.9333333333333
5684,stitch,lesson,641.5806451612904
5685,stitch,wound,662.09375
5686,stock,lawsuit,679.2258064516129
5687,stock,market,650.6875
5688,stocking,hose,720.0
5689,stocking,writer,691.3
5690,stolen,film,698.483870967742
5691,stolen,property,704.3333333333334
5692,stomach,ache,657.6551724137931
5693,stomach,protection,774.448275862069
5694,stoned,drunk,634.516129032258
5695,stoned,sauce,759.6451612903226
5696,stool,republican,775.5806451612904
5697,stool,sit,671.0666666666667
5698,stopper,hate,659.09375
5699,stopper,lid,708.5555555555555
5700,storage,emotion,611.5483870967741
5701,storage,keep,698.40625
5702,store,groceries,799.7142857142857
5703,store,pool,585.3125
5704,storm,ashtray,943.809523809524
5705,storm,lightning,628.6774193548387
5706,stove,kitchen,593.53125
5707,stove,shape,679.5483870967741
5708,straight,africa,696.6666666666666
5709,straight,narrow,643.3448275862069
5710,strain,back,613.84375
5711,strain,cup,669.9032258064516
5712,strand,string,656.3870967741935
5713,strand,unfair,723.3793103448276
5714,strategy,plan,631.75
5715,strategy,separate,730.5
5716,stream,keep,635.9655172413793
5717,stream,river,632.9666666666667
5718,street,health,716.875
5719,street,road,700.2121212121212
5720,stress,anxiety,775.1290322580645
5721,stress,vegetables,737.0666666666667
5722,stretch,exercise,705.2903225806451
5723,strike,nothing,672.75
5724,strike,picket,911.4444444444443
5725,string,sing,690.4333333333333
5726,string,tie,629.8064516129032
5727,strip,course,730.9666666666667
5728,strip,naked,667.1612903225806
5729,stripes,chemistry,802.3225806451613
5730,stripes,shirt,652.2258064516129
5731,strive,achieve,686.0666666666667
5732,strive,reel,1031.5625
5733,stroke,feel,669.0333333333333
5734,stroke,forgive,576.6333333333333
5735,strong,arm,657.3793103448276
5736,strong,narrow,771.3333333333334
5737,stub,same,728.4642857142857
5738,stub,toe,657.25
5739,stuck,mud,711.3448275862069
5740,stuck,swallow,708.9666666666667
5741,student,jeans,658.6129032258065
5742,student,teacher,558.125
5743,study,catholic,779.46875
5744,study,work,576.8387096774194
5745,stuff,relax,658.5
5746,stuff,trash,629.8125
5747,stumble,let,666.75
5748,stumble,trip,646.2121212121212
5749,stump,billy,844.0
5750,stump,puzzle,571.90625
5751,sty,knight,762.3
5752,sty,sly,736.4666666666667
5753,style,family,646.0322580645161
5754,style,personality,630.8709677419355
5755,sub,needle,661.0967741935484
5756,sub,sandwich,555.3225806451613
5757,subject,class,655.4
5758,subject,vomit,776.5
5759,substance,chemistry,598.4193548387096
5760,substance,legs,681.4666666666667
5761,subtle,hint,643.2758620689655
5762,subtle,mud,657.0
5763,subtract,men,631.1818181818181
5764,subtract,multiply,803.3548387096774
5765,subtraction,addition,729.4516129032259
5766,subtraction,metal,658.6333333333333
5767,suburb,near,615.1612903225806
5768,suburb,neighborhood,837.75
5769,success,failure,712.1666666666666
5770,success,find,655.8125
5771,suck,spit,809.5666666666667
5772,suck,three,600.8787878787879
5773,suds,bath,621.3548387096774
5774,suds,dirty,735.6333333333333
5775,suede,leather,620.2666666666667
5776,suede,unemploymen,910.896551724138
5777,suffocate,die,681.483870967742
5778,suffocate,women,606.2666666666667
5779,sugar,coffee,597.09375
5780,sugar,law,608.2666666666667
5781,suggest,advice,600.9375
5782,suggest,misunderstand,1007.09375
5783,suggestion,idea,591.7096774193549
5784,suggestion,storm,686.1875
5785,suitcase,hypnotize,895.5333333333333
5786,suitcase,luggage,635.5454545454545
5787,suite,desk,651.9310344827586
5788,suite,hotel,656.8387096774194
5789,sum,accuse,745.7857142857143
5790,sum,add,635.3
5791,summary,end,636.0666666666667
5792,summary,new,687.2258064516129
5793,summer,middle,682.5
5794,summer,winter,671.7575757575758
5795,summit,destroy,637.40625
5796,summit,peak,642.96875
5797,sun,tan,641.448275862069
5798,sun,zit,793.25
5799,sunday,home,729.9
5800,sunday,weekend,576.483870967742
5801,sunny,cloudy,679.03125
5802,sunny,computer,665.8181818181819
5803,sunrise,sunset,692.483870967742
5804,sunrise,trait,852.0
5805,sunset,moon,698.375
5806,sunset,title,711.9032258064516
5807,super,alone,793.9666666666667
5808,super,me,601.5806451612904
5809,superior,inferior,639.1290322580645
5810,superior,tall,608.5862068965517
5811,superstition,belief,734.59375
5812,superstition,rule,575.258064516129
5813,supervisor,snow,664.4827586206897
5814,supervisor,teacher,651.9090909090909
5815,support,beam,736.59375
5816,support,chip,687.6774193548387
5817,suppose,assume,623.78125
5818,suppose,tumble,770.952380952381
5819,sure,positive,661.6774193548387
5820,sure,steal,736.2413793103449
5821,surface,people,641.1290322580645
5822,surface,top,638.5666666666667
5823,surgeon,surgery,784.40625
5824,surgeon,trailer,731.2333333333333
5825,surgery,hall,744.4333333333333
5826,surgery,operation,665.28125
5827,surprise,field,641.551724137931
5828,surprise,shock,715.9666666666667
5829,surrounding,arm,639.7666666666667
5830,surrounding,around,624.59375
5831,surroundings,ball,580.65625
5832,surroundings,environment,748.875
5833,survey,immature,777.7
5834,survey,questions,653.6875
5835,survive,live,592.21875
5836,survive,tomato,697.2666666666667
5837,suspect,jail,633.741935483871
5838,suspect,sell,587.0333333333333
5839,swamp,alligator,701.1724137931035
5840,swamp,medicine,609.4516129032259
5841,swan,dive,661.1481481481482
5842,swan,machine,708.9032258064516
5843,swap,boys,628.5625
5844,swap,trade,606.1851851851852
5845,swatter,bat,744.5625
5846,swatter,drip,785.03125
5847,swear,pencil,628.0625
5848,swear,promise,644.8666666666667
5849,sweater,assume,665.2903225806451
5850,sweater,jacket,710.78125
5851,sweet,chief,629.8275862068965
5852,sweet,sour,632.875
5853,sweetheart,energy,709.125
5854,sweetheart,girlfriend,749.25
5855,swift,bar,599.1935483870968
5856,swift,move,625.4545454545455
5857,swimmer,jogger,737.2857142857143
5858,swimmer,ribs,681.0
5859,swing,hundred,665.3793103448276
5860,swing,park,584.8965517241379
5861,swiss,bar,696.6774193548387
5862,swiss,cheese,571.34375
5863,swoon,billy,911.2068965517242
5864,swoon,faint,736.75
5865,sword,bathroom,596.3
5866,sword,knight,610.1935483870968
5867,sympathy,sorrow,647.15625
5868,sympathy,sour,678.8333333333334
5869,symphony,boring,656.40625
5870,symphony,code,655.3870967741935
5871,synagogue,night,544.2413793103449
5872,synagogue,temple,677.2333333333333
5873,synopsis,dad,660.741935483871
5874,synopsis,summary,712.15625
5875,syrup,brain,694.6333333333333
5876,syrup,pancakes,682.0
5877,system,beer,643.0666666666667
5878,system,computer,613.375
5879,tablet,pill,677.8709677419355
5880,tablet,warm,639.3636363636364
5881,tablet,yes,586.9666666666667
5882,tack,great,622.2666666666667
5883,tack,nail,648.5862068965517
5884,tackle,defense,727.8387096774194
5885,tackle,on,759.3666666666667
5886,tactful,careful,647.7931034482758
5887,tactful,something,623.125
5888,tag,grab,663.6923076923077
5889,tag,wednesday,650.09375
5890,talent,record,652.1333333333333
5891,talent,skill,652.6129032258065
5892,talk,rabbit,646.71875
5893,talk,speak,671.7
5894,tall,flute,700.2666666666667
5895,tall,short,696.4
5896,tame,plate,807.741935483871
5897,tame,wild,716.09375
5898,tan,code,633.7741935483871
5899,tan,dark,611.15625
5900,tangerine,money,539.7741935483871
5901,tangerine,orange,607.34375
5902,tangy,strict,715.5
5903,tangy,tart,675.4782608695652
5904,tank,bump,739.5806451612904
5905,tank,war,754.8709677419355
5906,tape,health,618.2258064516129
5907,tape,record,645.8387096774194
5908,tar,explain,679.3225806451613
5909,tar,roof,596.1612903225806
5910,tardy,ear,666.53125
5911,tardy,late,626.0
5912,tarnish,dull,707.4074074074074
5913,tarnish,heavy,584.9032258064516
5914,tart,candy,604.34375
5915,tart,welcome,644.6875
5916,tarzan,basket,677.59375
5917,tarzan,jane,650.1
5918,task,halloween,665.6969696969697
5919,task,job,577.3225806451613
5920,taste,achieve,677.1612903225806
5921,taste,sour,735.2758620689655
5922,tasty,scared,716.0333333333333
5923,tasty,treat,613.9677419354839
5924,tax,government,772.0645161290323
5925,tax,sample,682.8214285714286
5926,taxi,cab,645.7
5927,taxi,shoes,625.96875
5928,teach,learn,738.5
5929,teach,loud,553.15625
5930,teacher,chief,587.78125
5931,teacher,smart,669.6
5932,team,baseball,701.060606060606
5933,team,naked,677.0625
5934,tear,fungus,850.9230769230769
5935,tear,rip,734.25
5936,tears,rip,756.8888888888889
5937,tears,woman,575.0645161290323
5938,tease,assistant,689.3870967741935
5939,tease,flirt,606.6129032258065
5940,technique,style,682.7666666666667
5941,technique,touch,695.125
5942,technology,dream,661.9677419354839
5943,technology,future,711.8
5944,teenager,adolescent,682.1
5945,teenager,back,716.741935483871
5946,television,radio,596.59375
5947,television,trees,695.2258064516129
5948,tell,purple,618.2727272727273
5949,tell,say,566.4516129032259
5950,teller,bank,607.9655172413793
5951,teller,sweat,757.3333333333334
5952,temper,tantrum,894.2857142857143
5953,temper,wander,790.7857142857143
5954,temperature,climate,647.6060606060606
5955,temperature,homeless,751.03125
5956,temple,church,547.6129032258065
5957,temple,rotten,791.8275862068965
5958,ten,eleven,764.5483870967741
5959,ten,sheep,764.8387096774194
5960,tend,society,594.46875
5961,tend,watch,586.34375
5962,tendency,grill,665.7096774193549
5963,tendency,habit,670.741935483871
5964,tenor,cancer,672.7
5965,tenor,soprano,885.4814814814815
5966,tense,book,638.0
5967,tense,situation,684.3333333333334
5968,tension,dry,589.84375
5969,tension,stress,606.741935483871
5970,tent,area,636.8965517241379
5971,tent,camp,597.0333333333333
5972,term,ankle,637.939393939394
5973,term,definition,733.7666666666667
5974,terrible,specific,777.0
5975,terrible,two,630.1612903225806
5976,terror,fear,545.96875
5977,terror,tight,674.6
5978,testify,clam,777.76
5979,testify,confess,742.8666666666667
5980,text,advice,705.4516129032259
5981,text,expensive,732.46875
5982,thanks,succeed,657.3125
5983,thanks,welcome,638.6774193548387
5984,theorem,fortune,776.1034482758621
5985,theorem,guess,676.4516129032259
5986,therapy,massage,767.96875
5987,therapy,offense,697.6206896551724
5988,there,chocolate,698.84375
5989,there,here,678.5806451612904
5990,thermometer,eat,627.875
5991,thermometer,hot,664.15625
5992,thesaurus,animal,608.5714285714286
5993,thesaurus,words,612.3666666666667
5994,thick,insurance,879.8
5995,thick,thin,623.1333333333333
5996,thief,box,565.1935483870968
5997,thief,steal,643.46875
5998,thigh,hip,698.2758620689655
5999,thigh,pepper,635.8064516129032
6000,thimble,shame,688.1
6001,thimble,thumb,605.4516129032259
6002,thin,run,616.8125
6003,thin,small,664.25
6004,thing,object,676.0333333333333
6005,thing,ribs,679.7096774193549
6006,think,bucket,644.2258064516129
6007,think,know,583.15625
6008,thinking,brain,652.28125
6009,thinking,nephew,781.8571428571429
6010,third,cars,594.3870967741935
6011,third,three,605.40625
6012,thirsty,constructio,765.0645161290323
6013,thirsty,dry,579.6875
6014,thought,stomach,653.9655172413793
6015,thought,time,645.5625
6016,threat,africa,791.0322580645161
6017,threat,scare,805.1290322580645
6018,three,four,776.516129032258
6019,three,what,663.7741935483871
6020,threshold,mail,621.4
6021,threshold,marriage,608.5
6022,thrift,heaven,640.71875
6023,thrift,save,653.5483870967741
6024,throat,cash,666.625
6025,throat,cough,617.71875
6026,throne,king,549.6071428571429
6027,throne,mad,621.9333333333333
6028,through,finished,707.2068965517242
6029,through,long,771.09375
6030,thumb,hitchhike,910.5
6031,thumb,onion,662.3666666666667
6032,thunder,done,621.46875
6033,thunder,lightning,683.5
6034,ticket,below,681.9310344827586
6035,ticket,concert,667.0645161290323
6036,tiger,beach,665.71875
6037,tiger,orange,726.6875
6038,tight,create,675.4137931034483
6039,tight,loose,620.8787878787879
6040,till,layer,662.9642857142857
6041,till,then,629.5
6042,time,angry,658.7741935483871
6043,time,clock,676.7
6044,times,days,714.6875
6045,times,sand,605.1290322580645
6046,tired,asleep,685.4375
6047,tired,deep,612.6875
6048,title,insurance,703.7931034482758
6049,title,strawberry,760.0
6050,toad,frog,618.28125
6051,toad,tape,650.9310344827586
6052,today,messy,765.7931034482758
6053,today,tuesday,645.5483870967741
6054,toe,foot,597.5806451612904
6055,toe,ride,744.9677419354839
6056,toenail,clipper,673.8965517241379
6057,toenail,six,625.9032258064516
6058,toes,squirrel,775.2666666666667
6059,toes,ten,646.6774193548387
6060,together,apart,721.71875
6061,together,scratch,780.0
6062,toilet,bathroom,588.7878787878788
6063,toilet,greed,682.2666666666667
6064,tomato,out,653.78125
6065,tomato,vegetables,677.5625
6066,tomb,cave,689.3793103448276
6067,tomb,grave,681.0
6068,tomorrow,cracker,694.4642857142857
6069,tomorrow,wednesday,646.78125
6070,ton,act,630.1935483870968
6071,ton,lots,762.8275862068965
6072,tone,hard,609.3333333333334
6073,tone,sound,615.625
6074,tonic,gin,703.75
6075,tonic,skinny,619.1935483870968
6076,tools,garden,578.1666666666666
6077,tools,hammer,655.258064516129
6078,toothpaste,fighter,707.5862068965517
6079,toothpaste,toothbrush,701.2333333333333
6080,top,board,678.71875
6081,top,cover,618.3
6082,topic,dream,608.46875
6083,topic,subject,639.0
6084,topping,bend,576.3870967741935
6085,topping,fudge,695.8064516129032
6086,torch,fire,592.3125
6087,torch,loser,744.5
6088,torn,apple,588.8064516129032
6089,torn,hole,646.5454545454545
6090,tortoise,syrup,741.4137931034483
6091,tortoise,turtle,639.03125
6092,torture,abuse,665.3666666666667
6093,torture,angry,590.2121212121212
6094,toss,builder,761.3548387096774
6095,toss,throw,547.9666666666667
6096,total,all,686.84375
6097,total,zone,734.5806451612904
6098,touch,feel,585.25
6099,touch,finish,655.5483870967741
6100,touchdown,scissors,727.6875
6101,touchdown,seven,678.8709677419355
6102,tour,france,701.2
6103,tour,love,592.5483870967741
6104,tourist,camera,748.8333333333334
6105,tourist,lemon,722.1935483870968
6106,tow,carry,616.8333333333334
6107,tow,government,842.78125
6108,towel,cloth,621.34375
6109,towel,trait,735.3333333333334
6110,toy,chain,711.03125
6111,toy,doll,561.8214285714286
6112,toys,children,611.9375
6113,toys,five,643.030303030303
6114,trace,conservative,714.741935483871
6115,trace,evidence,676.59375
6116,tractor,arms,668.40625
6117,tractor,trailer,592.8387096774194
6118,trade,action,657.375
6119,trade,wind,616.5151515151515
6120,tradition,always,619.9333333333333
6121,tradition,deer,720.3793103448276
6122,traffic,liar,653.7586206896551
6123,traffic,sign,688.9655172413793
6124,trail,minor,767.9032258064516
6125,trail,path,767.34375
6126,train,shallow,830.71875
6127,train,station,678.40625
6128,trait,build,648.5
6129,trait,characteris,884.741935483871
6130,traitor,explain,692.8387096774194
6131,traitor,liar,683.96875
6132,tramp,homework,773.15625
6133,tramp,slut,632.78125
6134,trance,explosion,748.5333333333333
6135,trance,hypnotize,764.9655172413793
6136,tranquil,easy,638.65625
6137,tranquil,here,615.5151515151515
6138,transparent,goo,917.1538461538462
6139,transparent,tape,578.75
6140,transplant,heart,610.0322580645161
6141,transplant,last,685.46875
6142,transportation,train,660.8095238095239
6143,trauma,home,704.516129032258
6144,trauma,shock,648.1034482758621
6145,travel,cheap,677.6206896551724
6146,travel,fly,586.4193548387096
6147,tread,float,784.7741935483871
6148,tread,speak,659.78125
6149,treasure,argue,772.0689655172414
6150,treasure,chest,702.5625
6151,treatment,disease,713.2
6152,treatment,eight,713.7096774193549
6153,treble,bass,651.4375
6154,treble,oil,665.0967741935484
6155,tree,atom,740.1071428571429
6156,tree,leaf,648.78125
6157,trees,big,654.483870967742
6158,trees,booze,703.1923076923077
6159,trench,coat,592.9677419354839
6160,trench,order,585.96875
6161,trend,fad,737.3076923076923
6162,trend,wire,624.483870967742
6163,tribe,indian,865.3125
6164,tribe,refrigerator,845.0967741935484
6165,trick,eggs,604.741935483871
6166,trick,treat,618.6060606060606
6167,tricycle,bicycle,596.8709677419355
6168,tricycle,under,632.8064516129032
6169,trip,exact,702.4827586206897
6170,trip,vacation,716.1666666666666
6171,triumph,strawberry,697.2903225806451
6172,triumph,win,647.0333333333333
6173,trombone,band,614.09375
6174,trombone,head,693.59375
6175,tropical,neighborhood,708.741935483871
6176,tropical,storm,623.9
6177,trot,horse,700.1333333333333
6178,trot,leave,627.8125
6179,truce,even,710.0967741935484
6180,truce,simple,605.875
6181,truck,driver,635.4242424242424
6182,truck,system,607.551724137931
6183,trunk,scientist,745.4
6184,trunk,storage,596.0967741935484
6185,trust,cloudy,702.9310344827586
6186,trust,faith,689.1290322580645
6187,trustworthy,friend,596.96875
6188,trustworthy,stare,695.9677419354839
6189,truthful,honest,560.1875
6190,truthful,leaf,628.6774193548387
6191,try,attempt,556.3666666666667
6192,try,truth,731.1
6193,tub,bucket,616.8965517241379
6194,tub,guess,578.1290322580645
6195,tuba,directions,778.2
6196,tuba,instrument,659.4074074074074
6197,tube,america,737.8666666666667
6198,tube,toothpaste,734.0645161290323
6199,tuesday,basketball,701.2727272727273
6200,tuesday,wednesday,657.78125
6201,tulip,flower,567.3666666666667
6202,tulip,poetry,637.7
6203,tumble,down,629.09375
6204,tumble,fist,701.4827586206897
6205,tumor,bad,649.71875
6206,tumor,cancer,631.84375
6207,tuna,sandwich,701.2333333333333
6208,tuna,shot,602.78125
6209,tune,before,680.741935483871
6210,tune,music,573.0967741935484
6211,tunnel,elephant,629.3333333333334
6212,tunnel,under,665.1290322580645
6213,tupperware,criminal,802.625
6214,tupperware,plastic,657.65625
6215,turn,off,639.3939393939394
6216,turn,say,602.8064516129032
6217,turnip,bitch,664.969696969697
6218,turnip,carrot,631.78125
6219,tusk,elephant,677.1935483870968
6220,tusk,mold,741.6666666666666
6221,tutu,april,649.5666666666667
6222,tutu,ballet,772.15625
6223,tuxedo,growth,863.6333333333333
6224,tuxedo,prom,736.1428571428571
6225,twice,horse,667.258064516129
6226,twice,once,588.3548387096774
6227,twig,branch,724.3225806451613
6228,twig,crack,701.125
6229,twilight,being,594.46875
6230,twilight,zone,660.3666666666667
6231,twin,short,641.6
6232,twin,sister,568.34375
6233,twinkle,excited,770.09375
6234,twinkle,star,653.1935483870968
6235,twist,treat,700.1333333333333
6236,twist,turn,625.59375
6237,twister,concrete,742.0
6238,twister,movie,601.0322580645161
6239,two,precise,648.3793103448276
6240,two,three,613.9354838709677
6241,type,kind,724.34375
6242,type,swamp,836.1333333333333
6243,typhoon,hurricane,652.375
6244,typhoon,ship,646.8333333333334
6245,typist,france,705.8333333333334
6246,typist,secretary,840.0
6247,umbrella,rain,573.0625
6248,umbrella,sorority,841.5862068965517
6249,umpire,puke,724.8928571428571
6250,umpire,referee,776.9354838709677
6251,unaware,aware,673.9032258064516
6252,unaware,gold,581.5483870967741
6253,unclear,fog,669.2903225806451
6254,unclear,mind,650.15625
6255,uncommon,cologne,783.0
6256,uncommon,weird,589.6666666666666
6257,unconscious,asleep,711.6
6258,unconscious,live,589.9090909090909
6259,uncooked,gift,646.5172413793103
6260,uncooked,raw,623.8181818181819
6261,undecided,unknown,652.1379310344828
6262,undecided,vacation,653.7272727272727
6263,under,australia,956.7741935483872
6264,under,cabin,806.5806451612904
6265,underground,guard,681.625
6266,underground,music,560.3125
6267,understand,knit,931.6
6268,understand,misunderstand,876.8709677419355
6269,understanding,journey,633.9677419354839
6270,understanding,sympathetic,825.1666666666666
6271,underwear,bra,664.8484848484849
6272,underwear,girl,573.46875
6273,unequal,cabinet,674.65625
6274,unequal,unfair,579.46875
6275,uneven,crooked,722.6296296296297
6276,uneven,legs,544.0967741935484
6277,unhappy,knee,767.0333333333333
6278,unhappy,worry,643.96875
6279,uniform,nurse,551.8125
6280,uniform,shop,560.28125
6281,unique,gas,690.741935483871
6282,unique,odd,686.6428571428571
6283,unit,part,748.6129032258065
6284,unit,shirt,670.0666666666667
6285,united,amount,738.9310344827586
6286,united,states,646.5625
6287,university,descend,815.8928571428571
6288,university,learn,631.28125
6289,unjust,poor,618.0645161290323
6290,unjust,unfair,683.741935483871
6291,unload,load,599.25
6292,unload,rich,670.03125
6293,unnatural,fake,630.53125
6294,unnatural,harvest,676.8
6295,unseen,hidden,628.6
6296,unseen,sleep,623.25
6297,unsolved,behind,744.0689655172414
6298,unsolved,questions,645.7096774193549
6299,unsure,increase,700.5
6300,unsure,maybe,605.8064516129032
6301,untrue,false,669.40625
6302,untrue,brave,631.6333333333333
6303,untruthful,private,693.0645161290323
6304,untruthful,truth,588.8709677419355
6305,unusual,irregular,753.8571428571429
6306,unusual,south,640.9090909090909
6307,up,elevator,603.7741935483871
6308,up,rent,688.34375
6309,update,news,569.0
6310,update,understand,715.5333333333333
6311,upstairs,above,615.28125
6312,upstairs,experiment,692.75
6313,upstream,murderer,780.0967741935484
6314,upstream,water,646.375
6315,uptight,patience,746.90625
6316,uptight,tense,616.8666666666667
6317,urge,bible,732.2758620689655
6318,urge,want,579.15625
6319,usa,america,663.4375
6320,usa,room,580.4
6321,use,abuse,694.3666666666667
6322,use,explode,741.2857142857143
6323,usual,steel,724.4
6324,usual,unusual,762.7333333333333
6325,vacancy,believe,616.483870967742
6326,vacancy,empty,576.3333333333334
6327,vacate,leave,617.21875
6328,vacate,mind,607.65625
6329,vacuum,cleaner,610.4545454545455
6330,vacuum,exit,647.65625
6331,vain,conceited,714.7586206896551
6332,vain,deep,606.8787878787879
6333,valentine,addition,713.2424242424242
6334,valentine,love,628.8125
6335,valor,bravery,702.2
6336,valor,penny,626.0645161290323
6337,valuable,expensive,755.40625
6338,valuable,table,582.96875
6339,value,bargain,793.5384615384615
6340,value,hidden,739.09375
6341,valve,car,620.6333333333333
6342,valve,hotel,607.1875
6343,vampire,court,656.9354838709677
6344,vampire,teeth,608.9333333333333
6345,van,bend,646.3666666666667
6346,van,drive,677.21875
6347,vanilla,check,583.483870967742
6348,vanilla,fudge,626.7096774193549
6349,vanish,appear,664.40625
6350,vanish,play,714.0
6351,variety,empire,723.448275862069
6352,variety,many,746.875
6353,vaseline,lion,592.258064516129
6354,vaseline,slippery,730.1
6355,vast,easy,637.65625
6356,vast,large,735.6451612903226
6357,vault,group,594.6129032258065
6358,vault,lock,618.8064516129032
6359,veal,die,691.4333333333333
6360,veal,steak,669.2727272727273
6361,veer,better,671.1935483870968
6362,veer,right,659.8064516129032
6363,vegetable,coat,689.0370370370371
6364,vegetable,food,606.9375
6365,vegetables,broccoli,830.1428571428571
6366,vegetables,country,708.0967741935484
6367,vehicle,exercise,737.4666666666667
6368,vehicle,speed,548.6666666666666
6369,vent,anger,571.7666666666667
6370,vent,loser,622.6875
6371,venus,cure,673.9354838709677
6372,venus,planet,634.6129032258065
6373,verse,song,566.1212121212121
6374,verse,thumb,696.8484848484849
6375,vessel,fudge,714.741935483871
6376,vessel,submarine,725.3793103448276
6377,vest,hands,619.15625
6378,vest,jacket,599.8125
6379,veteran,old,572.0645161290323
6380,veteran,plastic,591.5666666666667
6381,vice,bleach,868.8888888888889
6382,vice,president,613.3125
6383,victim,dependable,739.5806451612904
6384,victim,murderer,572.3
6385,victor,crazy,656.15625
6386,victor,loser,591.78125
6387,victory,blanket,652.5
6388,victory,winner,610.0645161290323
6389,viking,ceremony,671.90625
6390,viking,princess,662.84375
6391,village,roof,672.0
6392,village,town,589.9375
6393,villain,bad,603.5
6394,villain,sympathy,747.6129032258065
6395,vine,parts,614.3333333333334
6396,vine,wine,601.3939393939394
6397,viola,cut,618.9310344827586
6398,viola,violin,814.6451612903226
6399,violence,grasp,794.9615384615385
6400,violence,gun,557.90625
6401,violent,elevator,712.741935483871
6402,violent,purple,812.2258064516129
6403,violet,purple,596.375
6404,violet,toothpaste,710.4516129032259
6405,violin,bow,713.75
6406,violin,hurt,698.3225806451613
6407,virgin,live,625.6333333333333
6408,virgin,slut,791.5806451612904
6409,virtue,active,752.516129032258
6410,virtue,patience,770.875
6411,vision,see,606.4242424242424
6412,vision,walkway,631.7666666666667
6413,visit,fix,635.7741935483871
6414,visit,hello,642.6666666666666
6415,visitor,hospital,682.0
6416,visitor,plan,578.09375
6417,vivid,begin,737.6774193548387
6418,vivid,clear,574.9032258064516
6419,vocabulary,large,701.2258064516129
6420,vocabulary,laugh,596.4848484848485
6421,vodka,forward,570.1935483870968
6422,vodka,tonic,714.2
6423,volcano,base,681.9375
6424,volcano,erupt,644.9629629629629
6425,vomit,city,682.96875
6426,vomit,puke,593.4
6427,vote,elect,648.0
6428,vote,trouble,660.0333333333333
6429,vulnerable,sit,705.1
6430,vulnerable,weak,624.6451612903226
6431,wag,tail,685.3125
6432,wag,welcome,681.25
6433,wage,minimum,831.0
6434,wage,stain,692.6
6435,wagon,five,563.1935483870968
6436,wagon,toy,578.8666666666667
6437,waist,hip,643.5666666666667
6438,waist,hound,720.3571428571429
6439,wait,long,611.625
6440,wait,patience,662.5483870967741
6441,wake,eyes,623.1333333333333
6442,wake,study,581.4516129032259
6443,walkway,hear,702.3225806451613
6444,walkway,path,652.1212121212121
6445,wall,furniture,714.4193548387096
6446,wall,picture,617.5625
6447,wallet,conference,760.9333333333333
6448,wallet,money,573.21875
6449,walnut,crack,715.3125
6450,walnut,who,630.8387096774194
6451,war,peace,559.1290322580645
6452,war,subject,552.483870967742
6453,warehouse,scientist,887.3448275862069
6454,warehouse,storage,628.2666666666667
6455,warmth,heat,632.875
6456,warmth,ketchup,650.2413793103449
6457,warning,cop,586.0689655172414
6458,warning,stop,602.875
6459,warrior,fighter,620.5
6460,warrior,slow,596.4333333333333
6461,wart,mistake,791.5
6462,wart,ugly,654.6774193548387
6463,wary,adventure,760.9333333333333
6464,wary,tired,641.6
6465,washcloth,anxiety,757.5
6466,washcloth,towel,648.3125
6467,wasp,bee,561.28125
6468,wasp,watch,621.0
6469,waste,basket,645.6129032258065
6470,waste,emergency,680.9666666666667
6471,wasted,actor,626.483870967742
6472,wasted,garbage,708.15625
6473,watch,plane,626.6060606060606
6474,watch,stare,685.2413793103449
6475,waterfall,beautiful,654.25
6476,waterfall,builder,742.03125
6477,way,hurry,663.0625
6478,way,wrong,580.483870967742
6479,weak,extinct,933.2
6480,weak,wimp,725.2916666666666
6481,weakness,pound,683.53125
6482,weakness,strength,674.1034482758621
6483,wealth,artist,758.741935483871
6484,wealth,none,594.40625
6485,wear,dress,614.1
6486,wear,exact,728.34375
6487,weather,climate,601.6875
6488,weather,lunch,593.6666666666666
6489,weave,mouth,646.030303030303
6490,weave,sew,741.3214285714286
6491,web,feet,622.9677419354839
6492,web,floor,565.7666666666667
6493,wed,idiot,665.4193548387096
6494,wed,thursday,693.375
6495,wedding,bride,613.03125
6496,wedding,direct,621.741935483871
6497,wednesday,motel,643.5333333333333
6498,wednesday,thursday,641.0909090909091
6499,weed,grass,639.5
6500,weed,song,580.71875
6501,week,armor,743.5357142857143
6502,week,year,591.3125
6503,weekend,front,701.8620689655172
6504,weekend,fun,635.0
6505,weekly,fog,721.875
6506,weekly,monthly,676.1935483870968
6507,weigh,closing,667.6451612903226
6508,weigh,fat,666.741935483871
6509,weights,beard,724.2068965517242
6510,weights,workout,629.7741935483871
6511,weird,spoon,722.0
6512,weird,strange,646.9354838709677
6513,welcome,fly,593.9677419354839
6514,welcome,home,653.09375
6515,well,earthquake,648.3548387096774
6516,well,sick,667.6774193548387
6517,west,east,590.3333333333334
6518,west,person,590.4193548387096
6519,wet,care,605.2258064516129
6520,wet,dry,589.5483870967741
6521,what,building,587.6
6522,what,where,816.3333333333334
6523,wheat,hay,896.1428571428571
6524,wheat,you,613.65625
6525,wheel,insurance,734.53125
6526,wheel,wagon,640.2068965517242
6527,when,shell,696.7666666666667
6528,when,where,632.0
6529,where,baby,637.5
6530,where,when,729.7333333333333
6531,whiskey,booze,684.6
6532,whiskey,study,668.34375
6533,whistle,blow,659.2258064516129
6534,whistle,plus,615.21875
6535,white,black,553.21875
6536,white,store,659.8064516129032
6537,who,rice,641.0
6538,who,what,703.8387096774194
6539,whom,carpet,668.75
6540,whom,who,606.2666666666667
6541,why,thanks,658.9375
6542,why,when,610.2962962962963
6543,wick,candle,635.3548387096774
6544,wick,hill,675.1379310344828
6545,wicker,basket,608.1875
6546,wicker,hand,598.1379310344828
6547,wide,book,605.9354838709677
6548,wide,narrow,660.3333333333334
6549,width,learn,646.258064516129
6550,width,length,610.90625
6551,wife,alive,692.0
6552,wife,marry,592.6875
6553,wilderness,forest,677.7741935483871
6554,wilderness,prejudice,808.4666666666667
6555,will,drain,740.6551724137931
6556,will,power,568.5666666666667
6557,willing,halloween,669.0625
6558,willing,ready,635.28125
6559,win,fast,702.9666666666667
6560,win,lose,592.84375
6561,wind,heaven,621.53125
6562,wind,rain,631.7586206896551
6563,winding,closing,775.6
6564,winding,sport,636.90625
6565,window,glass,578.25
6566,window,owl,640.2
6567,wings,bird,528.25
6568,wings,stress,626.4333333333333
6569,winner,jacket,653.4
6570,winner,loser,551.1612903225806
6571,wipe,ass,707.625
6572,wipe,tupperware,909.1333333333332
6573,wisdom,beef,629.5483870967741
6574,wisdom,owl,659.15625
6575,wit,round,732.9375
6576,wit,smart,634.78125
6577,witch,apology,669.8181818181819
6578,witch,halloween,656.5
6579,with,comment,773.5625
6580,with,together,638.4375
6581,without,crops,831.2307692307693
6582,without,empty,749.3125
6583,women,bank,651.8387096774194
6584,women,men,605.551724137931
6585,wood,dill,643.421052631579
6586,wood,log,618.09375
6587,woods,aunt,715.78125
6588,woods,dark,645.483870967742
6589,wool,itch,698.8928571428571
6590,wool,know,596.0909090909091
6591,word,hours,782.4137931034483
6592,word,letter,658.46875
6593,world,earth,617.6774193548387
6594,world,gross,737.0322580645161
6595,worse,better,580.1290322580645
6596,worse,hog,738.5
6597,worship,church,637.0322580645161
6598,worship,mean,637.53125
6599,worst,minus,691.7096774193549
6600,worst,terrible,594.5806451612904
6601,worth,join,561.96875
6602,worth,nothing,609.8064516129032
6603,worthless,nothing,574.1333333333333
6604,worthless,secretary,858.9310344827586
6605,wrap,around,603.6060606060606
6606,wrap,female,607.6875
6607,wrench,monkey,599.1724137931035
6608,wrench,trophy,786.4
6609,wrestling,own,629.1290322580645
6610,wrestling,sport,606.7096774193549
6611,wrinkle,iron,721.2258064516129
6612,wrinkle,try,588.1875
6613,wrist,ankle,637.8214285714286
6614,wrist,language,689.1290322580645
6615,write,print,701.0322580645161
6616,write,tissue,655.6774193548387
6617,yard,cake,691.8387096774194
6618,yard,mile,601.3333333333334
6619,yarn,refrigerator,774.9032258064516
6620,yarn,weave,624.0714285714286
6621,yearly,annually,704.9677419354839
6622,yearly,break,581.40625
6623,years,age,619.46875
6624,years,nurse,716.0322580645161
6625,yes,positive,649.59375
6626,yes,raw,764.5
6627,yolk,egg,582.1724137931035
6628,yolk,sneeze,779.5666666666667
6629,young,ketchup,702.3333333333334
6630,young,woman,555.0
6631,youth,rights,597.1612903225806
6632,youth,young,754.6875
6633,yummy,rain,653.5
6634,yummy,tasty,644.71875
6635,zebra,donkey,607.1290322580645
6636,zebra,vanish,722.0645161290323
6637,zest,soap,545.84375
6638,zest,sports,662.9354838709677
6639,zit,pimple,713.1111111111111
6640,zit,writer,709.8518518518518
