,prime,target,target.RT,target_freq,bin,bin_index,mean_freq
0,abdomen,body,543.8709677419355,251.18864315095823,"(199.52623149688787, 295.1209226666384]",q16,247.32357708176315
1,abdomen,tear,751.3103448275862,22.38721138568338,"(17.78279410038923, 23.9883291901949]",q6,20.885561645292064
2,abduct,australia,733.2258064516129,114.81536214968817,"(112.2018454301963, 144.5439770745928]",q14,128.37291125239454
3,abduct,kidnap,678.1666666666666,3.019951720402016,"(2.7542287033381663, 5.011872336272725]",q1,3.8830505198054457
4,ability,capability,774.25,11.748975549395302,"(10.0, 13.182567385564074]",q4,11.591283692782037
5,ability,summary,703.0967741935484,23.442288153199225,"(17.78279410038923, 23.9883291901949]",q6,20.885561645292064
6,able,beam,679.4,13.803842646028839,"(13.182567385564074, 17.78279410038923]",q5,15.482680742976651
7,able,willing,833.8214285714286,52.48074602497723,"(46.77351412871981, 56.23413251903491]",q10,51.503823323877356
8,abnormal,insane,818.1935483870968,25.11886431509582,"(23.9883291901949, 29.51209226666384]",q7,26.75021072842937
9,abnormal,tighten,711.6428571428571,3.235936569296281,"(2.7542287033381663, 5.011872336272725]",q1,3.8830505198054457
10,above,below,665.59375,112.2018454301963,"(87.09635899560814, 112.2018454301963]",q13,99.64910221290222
11,above,property,662.5806451612904,128.82495516931348,"(112.2018454301963, 144.5439770745928]",q14,128.37291125239454
12,abstract,thought,594.939393939394,389.04514499428046,"(295.1209226666384, 18620.871366628657]",q17,9457.996144647648
13,abstract,unknown,669.7096774193549,33.884415613920275,"(29.51209226666384, 37.15352290971728]",q8,33.33280758819056
14,absurd,ridiculous,783.2666666666667,28.84031503126606,"(23.9883291901949, 29.51209226666384]",q7,26.75021072842937
15,absurd,satin,947.4642857142856,2.454708915685031,"(0.0, 2.7542287033381663]",q0,1.3771143516690831
16,abundance,cloth,742.0666666666667,10.71519305237607,"(10.0, 13.182567385564074]",q4,11.591283692782037
17,abundance,lots,611.0333333333333,75.85775750291836,"(70.79457843841374, 87.09635899560814]",q12,78.94546871701094
18,accelerate,drugs,580.4516129032259,58.88436553555884,"(56.23413251903491, 70.79457843841374]",q11,63.514355478724326
19,accelerate,speed,614.0322580645161,100.0,"(87.09635899560814, 112.2018454301963]",q13,99.64910221290222
20,accept,towel,605.6896551724138,8.709635899560805,"(7.244359600749899, 10.0]",q3,8.62217980037495
21,accept,understand,616.9333333333333,234.42288153199226,"(199.52623149688787, 295.1209226666384]",q16,247.32357708176315
22,accomplish,finish,617.9677419354839,81.28305161640995,"(70.79457843841374, 87.09635899560814]",q12,78.94546871701094
23,accomplish,gather,646.625,17.378008287493763,"(13.182567385564074, 17.78279410038923]",q5,15.482680742976651
24,accomplished,fantasy,658.8709677419355,33.11311214825908,"(29.51209226666384, 37.15352290971728]",q8,33.33280758819056
25,accomplished,finished,645.1333333333333,87.09635899560814,"(70.79457843841374, 87.09635899560814]",q12,78.94546871701094
26,account,bag,630.0,61.65950018614822,"(56.23413251903491, 70.79457843841374]",q11,63.514355478724326
27,account,for,811.9677419354839,10232.929922807536,"(295.1209226666384, 18620.871366628657]",q17,9457.996144647648
28,accumulate,broken,594.741935483871,75.85775750291836,"(70.79457843841374, 87.09635899560814]",q12,78.94546871701094
29,accumulate,gather,669.21875,17.378008287493763,"(13.182567385564074, 17.78279410038923]",q5,15.482680742976651
30,accurate,fish,648.9354838709677,79.43282347242821,"(70.79457843841374, 87.09635899560814]",q12,78.94546871701094
31,accurate,precise,756.5185185185185,13.489628825916533,"(13.182567385564074, 17.78279410038923]",q5,15.482680742976651
32,accuse,court,767.09375,257.03957827688646,"(199.52623149688787, 295.1209226666384]",q16,247.32357708176315
33,accuse,pants,807.5,30.199517204020193,"(29.51209226666384, 37.15352290971728]",q8,33.33280758819056
34,ace,length,623.4193548387096,58.88436553555884,"(56.23413251903491, 70.79457843841374]",q11,63.514355478724326
35,ace,poker,646.0,9.332543007969914,"(7.244359600749899, 10.0]",q3,8.62217980037495
36,achieve,math,578.03125,28.18382931264455,"(23.9883291901949, 29.51209226666384]",q7,26.75021072842937
37,achieve,succeed,612.1515151515151,19.498445997580454,"(17.78279410038923, 23.9883291901949]",q6,20.885561645292064
38,achievement,oyster,937.6923076923076,3.4673685045253166,"(2.7542287033381663, 5.011872336272725]",q1,3.8830505198054457
39,achievement,success,588.6774193548387,114.81536214968817,"(112.2018454301963, 144.5439770745928]",q14,128.37291125239454
40,acid,blow,663.6333333333333,38.904514499428046,"(37.15352290971728, 46.77351412871981]",q9,41.963518519218546
41,acid,drug,572.6666666666666,74.13102413009177,"(70.79457843841374, 87.09635899560814]",q12,78.94546871701094
42,acquire,get,628.7096774193549,1905.4607179632483,"(295.1209226666384, 18620.871366628657]",q17,9457.996144647648
43,acquire,offense,747.0,18.197008586099827,"(17.78279410038923, 23.9883291901949]",q6,20.885561645292064
44,acre,land,571.9032258064516,165.95869074375597,"(144.5439770745928, 199.52623149688787]",q15,172.03510428574032
45,acre,vanish,779.2666666666667,2.454708915685031,"(0.0, 2.7542287033381663]",q0,1.3771143516690831
46,acrobat,dancer,604.0,9.772372209558112,"(7.244359600749899, 10.0]",q3,8.62217980037495
47,acrobat,jewish,748.1333333333333,40.7380277804113,"(37.15352290971728, 46.77351412871981]",q9,41.963518519218546
48,act,pie,664.4444444444445,15.488166189124827,"(13.182567385564074, 17.78279410038923]",q5,15.482680742976651
49,act,play,551.3548387096774,407.380277804113,"(295.1209226666384, 18620.871366628657]",q17,9457.996144647648
50,action,noise,647.8709677419355,35.481338923357534,"(29.51209226666384, 37.15352290971728]",q8,33.33280758819056
51,action,verb,650.7096774193549,5.248074602497728,"(5.011872336272725, 7.244359600749899]",q2,6.128115968511311
52,actor,actress,667.5806451612904,28.18382931264455,"(23.9883291901949, 29.51209226666384]",q7,26.75021072842937
53,actor,color,591.5625,81.28305161640995,"(70.79457843841374, 87.09635899560814]",q12,78.94546871701094
54,actress,actor,661.3225806451613,44.668359215096345,"(37.15352290971728, 46.77351412871981]",q9,41.963518519218546
55,actress,key,576.21875,131.82567385564073,"(112.2018454301963, 144.5439770745928]",q14,128.37291125239454
56,ad,ask,690.40625,218.77616239495518,"(199.52623149688787, 295.1209226666384]",q16,247.32357708176315
57,ad,sell,687.551724137931,95.49925860214368,"(87.09635899560814, 112.2018454301963]",q13,99.64910221290222
58,add,lion,647.8928571428571,17.78279410038923,"(13.182567385564074, 17.78279410038923]",q5,15.482680742976651
59,add,subtract,707.1875,1.2589254117941675,"(0.0, 2.7542287033381663]",q0,1.3771143516690831
60,addict,dependent,698.1,19.054607179632484,"(17.78279410038923, 23.9883291901949]",q6,20.885561645292064
61,addict,mob,747.5909090909091,10.71519305237607,"(10.0, 13.182567385564074]",q4,11.591283692782037
62,addiction,habit,661.9032258064516,17.378008287493763,"(13.182567385564074, 17.78279410038923]",q5,15.482680742976651
63,addiction,poker,637.0333333333333,9.332543007969914,"(7.244359600749899, 10.0]",q3,8.62217980037495
64,addition,plus,674.6666666666666,89.12509381337459,"(87.09635899560814, 112.2018454301963]",q13,99.64910221290222
65,addition,thunder,754.6774193548387,13.803842646028839,"(13.182567385564074, 17.78279410038923]",q5,15.482680742976651
66,adjective,bank,631.6206896551724,144.5439770745928,"(112.2018454301963, 144.5439770745928]",q14,128.37291125239454
67,adjective,blue,635.1290322580645,134.89628825916532,"(112.2018454301963, 144.5439770745928]",q14,128.37291125239454
68,adjourn,finish,649.5483870967741,81.28305161640995,"(70.79457843841374, 87.09635899560814]",q12,78.94546871701094
69,adjourn,light,556.6206896551724,213.79620895022325,"(199.52623149688787, 295.1209226666384]",q16,247.32357708176315
70,adjustment,bra,746.9354838709677,7.07945784384138,"(5.011872336272725, 7.244359600749899]",q2,6.128115968511311
71,adjustment,stone,657.09375,63.0957344480193,"(56.23413251903491, 70.79457843841374]",q11,63.514355478724326
72,admission,ax,771.5882352941177,2.1877616239495516,"(0.0, 2.7542287033381663]",q0,1.3771143516690831
73,admission,ticket,557.5666666666667,40.7380277804113,"(37.15352290971728, 46.77351412871981]",q9,41.963518519218546
74,admit,confess,750.7741935483871,6.6069344800759575,"(5.011872336272725, 7.244359600749899]",q2,6.128115968511311
75,admit,remember,736.3225806451613,239.88329190194898,"(199.52623149688787, 295.1209226666384]",q16,247.32357708176315
76,adolescent,gain,608.84375,64.56542290346549,"(56.23413251903491, 70.79457843841374]",q11,63.514355478724326
77,adolescent,juvenile,876.8965517241379,7.585775750291836,"(7.244359600749899, 10.0]",q3,8.62217980037495
78,adorable,cute,572.59375,44.668359215096345,"(37.15352290971728, 46.77351412871981]",q9,41.963518519218546
79,adorable,tantrum,884.0,1.3489628825916533,"(0.0, 2.7542287033381663]",q0,1.3771143516690831
80,advance,forward,654.75,131.82567385564073,"(112.2018454301963, 144.5439770745928]",q14,128.37291125239454
81,advance,garbage,782.9655172413793,15.135612484362072,"(13.182567385564074, 17.78279410038923]",q5,15.482680742976651
82,adventure,electric,715.4193548387096,52.48074602497723,"(46.77351412871981, 56.23413251903491]",q10,51.503823323877356
83,adventure,journey,624.9032258064516,44.668359215096345,"(37.15352290971728, 46.77351412871981]",q9,41.963518519218546
84,adventurous,adolescent,807.8620689655172,3.801893963205613,"(2.7542287033381663, 5.011872336272725]",q1,3.8830505198054457
85,adventurous,daring,795.741935483871,5.011872336272725,"(2.7542287033381663, 5.011872336272725]",q1,3.8830505198054457
86,adverb,adjective,714.3125,2.1877616239495516,"(0.0, 2.7542287033381663]",q0,1.3771143516690831
87,adverb,mom,615.8064516129032,131.82567385564073,"(112.2018454301963, 144.5439770745928]",q14,128.37291125239454
88,adversary,enemy,857.551724137931,50.11872336272725,"(46.77351412871981, 56.23413251903491]",q10,51.503823323877356
89,adversary,wide,667.9333333333333,91.20108393559097,"(87.09635899560814, 112.2018454301963]",q13,99.64910221290222
90,advertisement,great,708.15625,758.5775750291835,"(295.1209226666384, 18620.871366628657]",q17,9457.996144647648
91,advertisement,newspaper,730.7878787878788,39.81071705534969,"(37.15352290971728, 46.77351412871981]",q9,41.963518519218546
92,advise,advice,739.4516129032259,75.85775750291836,"(70.79457843841374, 87.09635899560814]",q12,78.94546871701094
93,advise,kitchen,637.21875,44.668359215096345,"(37.15352290971728, 46.77351412871981]",q9,41.963518519218546
94,affair,cheat,639.1333333333333,11.481536214968818,"(10.0, 13.182567385564074]",q4,11.591283692782037
95,affair,window,637.03125,63.0957344480193,"(56.23413251903491, 70.79457843841374]",q11,63.514355478724326
96,africa,continent,763.8620689655172,11.748975549395302,"(10.0, 13.182567385564074]",q4,11.591283692782037
97,africa,get,788.551724137931,1905.4607179632483,"(295.1209226666384, 18620.871366628657]",q17,9457.996144647648
98,after,before,577.6129032258065,851.1380382023759,"(295.1209226666384, 18620.871366628657]",q17,9457.996144647648
99,after,sunset,636.96875,10.964781961431852,"(10.0, 13.182567385564074]",q4,11.591283692782037
100,again,hot,567.2258064516129,144.5439770745928,"(112.2018454301963, 144.5439770745928]",q14,128.37291125239454
101,again,repeat,632.8275862068965,30.90295432513592,"(29.51209226666384, 37.15352290971728]",q8,33.33280758819056
102,against,for,637.6333333333333,10232.929922807536,"(295.1209226666384, 18620.871366628657]",q17,9457.996144647648
103,against,time,529.1612903225806,1949.8445997580454,"(295.1209226666384, 18620.871366628657]",q17,9457.996144647648
104,age,helper,784.7692307692307,2.570395782768865,"(0.0, 2.7542287033381663]",q0,1.3771143516690831
105,age,old,644.0322580645161,562.341325190349,"(295.1209226666384, 18620.871366628657]",q17,9457.996144647648
106,agency,bracelet,734.0689655172414,5.011872336272725,"(2.7542287033381663, 5.011872336272725]",q1,3.8830505198054457
107,agency,company,661.0,398.1071705534969,"(295.1209226666384, 18620.871366628657]",q17,9457.996144647648
108,agenda,arrogant,762.6666666666666,5.4954087385762485,"(5.011872336272725, 7.244359600749899]",q2,6.128115968511311
109,agenda,schedule,642.060606060606,46.77351412871981,"(37.15352290971728, 46.77351412871981]",q9,41.963518519218546
110,agree,disagree,657.2121212121212,12.30268770812381,"(10.0, 13.182567385564074]",q4,11.591283692782037
111,agree,light,602.875,213.79620895022325,"(199.52623149688787, 295.1209226666384]",q16,247.32357708176315
112,agreement,disagreement,665.84375,4.570881896148752,"(2.7542287033381663, 5.011872336272725]",q1,3.8830505198054457
113,agreement,high,638.741935483871,562.341325190349,"(295.1209226666384, 18620.871366628657]",q17,9457.996144647648
114,agriculture,carry,650.3225806451613,77.62471166286912,"(70.79457843841374, 87.09635899560814]",q12,78.94546871701094
115,agriculture,farm,606.71875,56.23413251903491,"(46.77351412871981, 56.23413251903491]",q10,51.503823323877356
116,ahead,armor,903.1333333333332,9.332543007969914,"(7.244359600749899, 10.0]",q3,8.62217980037495
117,ahead,behind,645.34375,194.98445997580455,"(144.5439770745928, 199.52623149688787]",q15,172.03510428574032
118,ahoy,crazy,693.8787878787879,117.48975549395303,"(112.2018454301963, 144.5439770745928]",q14,128.37291125239454
119,ahoy,ship,621.939393939394,85.11380382023759,"(70.79457843841374, 87.09635899560814]",q12,78.94546871701094
120,aim,president,654.1333333333333,281.8382931264455,"(199.52623149688787, 295.1209226666384]",q16,247.32357708176315
121,aim,toothpaste,680.7142857142857,2.344228815319923,"(0.0, 2.7542287033381663]",q0,1.3771143516690831
122,air,breathe,646.5,18.197008586099827,"(17.78279410038923, 23.9883291901949]",q6,20.885561645292064
123,air,murder,706.0,72.44359600749905,"(70.79457843841374, 87.09635899560814]",q12,78.94546871701094
124,aircraft,pilot,686.8095238095239,33.11311214825908,"(29.51209226666384, 37.15352290971728]",q8,33.33280758819056
125,airplane,communist,876.4285714285714,20.892961308540407,"(17.78279410038923, 23.9883291901949]",q6,20.885561645292064
126,airplane,fly,569.9090909090909,56.23413251903491,"(46.77351412871981, 56.23413251903491]",q10,51.503823323877356
127,airport,leaves,729.6875,61.65950018614822,"(56.23413251903491, 70.79457843841374]",q11,63.514355478724326
128,airport,plane,703.6333333333333,52.48074602497723,"(46.77351412871981, 56.23413251903491]",q10,51.503823323877356
129,alarm,am,918.1176470588236,602.5595860743581,"(295.1209226666384, 18620.871366628657]",q17,9457.996144647648
130,alarm,morning,752.6875,213.79620895022325,"(199.52623149688787, 295.1209226666384]",q16,247.32357708176315
131,album,less,674.8125,309.0295432513592,"(295.1209226666384, 18620.871366628657]",q17,9457.996144647648
132,album,record,596.3548387096774,162.18100973589299,"(144.5439770745928, 199.52623149688787]",q15,172.03510428574032
133,alcohol,drink,672.030303030303,79.43282347242821,"(70.79457843841374, 87.09635899560814]",q12,78.94546871701094
134,alcohol,sticky,725.28125,6.30957344480193,"(5.011872336272725, 7.244359600749899]",q2,6.128115968511311
135,algae,pool,555.0,46.77351412871981,"(37.15352290971728, 46.77351412871981]",q9,41.963518519218546
136,algae,theory,676.1875,75.85775750291836,"(70.79457843841374, 87.09635899560814]",q12,78.94546871701094
137,alive,create,589.6875,104.71285480508985,"(87.09635899560814, 112.2018454301963]",q13,99.64910221290222
138,alive,live,582.2666666666667,346.73685045253166,"(295.1209226666384, 18620.871366628657]",q17,9457.996144647648
139,all,none,625.1290322580645,85.11380382023759,"(70.79457843841374, 87.09635899560814]",q12,78.94546871701094
140,all,towel,719.34375,8.709635899560805,"(7.244359600749899, 10.0]",q3,8.62217980037495
141,allegiance,pledge,599.8709677419355,10.0,"(7.244359600749899, 10.0]",q3,8.62217980037495
142,allegiance,spot,695.0666666666667,77.62471166286912,"(70.79457843841374, 87.09635899560814]",q12,78.94546871701094
143,allergy,sneeze,696.6875,1.5488166189124812,"(0.0, 2.7542287033381663]",q0,1.3771143516690831
144,allergy,top,673.8709677419355,371.53522909717276,"(295.1209226666384, 18620.871366628657]",q17,9457.996144647648
145,alligator,river,646.6129032258065,107.1519305237607,"(87.09635899560814, 112.2018454301963]",q13,99.64910221290222
146,alligator,sugar,714.3870967741935,47.863009232263806,"(46.77351412871981, 56.23413251903491]",q10,51.503823323877356
147,allow,let,641.9666666666667,398.1071705534969,"(295.1209226666384, 18620.871366628657]",q17,9457.996144647648
148,allow,seven,625.5,120.22644346174131,"(112.2018454301963, 144.5439770745928]",q14,128.37291125239454
149,almanac,devil,589.9333333333333,19.952623149688787,"(17.78279410038923, 23.9883291901949]",q6,20.885561645292064
150,almanac,map,650.3103448275862,57.543993733715666,"(56.23413251903491, 70.79457843841374]",q11,63.514355478724326
151,alone,lonely,656.6060606060606,17.78279410038923,"(13.182567385564074, 17.78279410038923]",q5,15.482680742976651
152,alone,movement,725.7575757575758,93.32543007969905,"(87.09635899560814, 112.2018454301963]",q13,99.64910221290222
153,alphabet,kids,606.84375,190.54607179632484,"(144.5439770745928, 199.52623149688787]",q15,172.03510428574032
154,alphabet,letters,786.9677419354839,45.708818961487516,"(37.15352290971728, 46.77351412871981]",q9,41.963518519218546
155,alter,change,606.6774193548387,346.73685045253166,"(295.1209226666384, 18620.871366628657]",q17,9457.996144647648
156,alter,deer,641.9032258064516,13.182567385564074,"(10.0, 13.182567385564074]",q4,11.591283692782037
157,alto,ground,662.875,141.25375446227554,"(112.2018454301963, 144.5439770745928]",q14,128.37291125239454
158,alto,soprano,672.9230769230769,2.0417379446695296,"(0.0, 2.7542287033381663]",q0,1.3771143516690831
159,always,forever,612.8484848484849,54.954087385762485,"(46.77351412871981, 56.23413251903491]",q10,51.503823323877356
160,always,lettuce,836.9,3.630780547701014,"(2.7542287033381663, 5.011872336272725]",q1,3.8830505198054457
161,amateur,beginner,697.625,3.311311214825911,"(2.7542287033381663, 5.011872336272725]",q1,3.8830505198054457
162,amateur,company,664.71875,398.1071705534969,"(295.1209226666384, 18620.871366628657]",q17,9457.996144647648
163,amaze,all,665.84375,3311.311214825908,"(295.1209226666384, 18620.871366628657]",q17,9457.996144647648
164,amaze,wonder,732.9032258064516,85.11380382023759,"(70.79457843841374, 87.09635899560814]",q12,78.94546871701094
165,ambition,goal,643.6666666666666,114.81536214968817,"(112.2018454301963, 144.5439770745928]",q14,128.37291125239454
166,ambition,talking,699.258064516129,194.98445997580455,"(144.5439770745928, 199.52623149688787]",q15,172.03510428574032
167,ambulance,emergency,647.6666666666666,52.48074602497723,"(46.77351412871981, 56.23413251903491]",q10,51.503823323877356
168,ambulance,scissors,747.1290322580645,3.801893963205613,"(2.7542287033381663, 5.011872336272725]",q1,3.8830505198054457
169,american,flag,607.5483870967741,38.018939632056124,"(37.15352290971728, 46.77351412871981]",q9,41.963518519218546
170,american,grandma,801.7096774193549,12.88249551693135,"(10.0, 13.182567385564074]",q4,11.591283692782037
171,amount,lot,664.46875,407.380277804113,"(295.1209226666384, 18620.871366628657]",q17,9457.996144647648
172,amount,past,607.2258064516129,229.08676527677747,"(199.52623149688787, 295.1209226666384]",q16,247.32357708176315
173,amp,electricity,709.4516129032259,26.91534803926914,"(23.9883291901949, 29.51209226666384]",q7,26.75021072842937
174,amp,poetry,800.2413793103449,25.11886431509582,"(23.9883291901949, 29.51209226666384]",q7,26.75021072842937
175,amuse,beer,557.0,50.11872336272725,"(46.77351412871981, 56.23413251903491]",q10,51.503823323877356
176,amuse,joke,587.28125,47.863009232263806,"(46.77351412871981, 56.23413251903491]",q10,51.503823323877356
177,analysis,data,709.4333333333333,218.77616239495518,"(199.52623149688787, 295.1209226666384]",q16,247.32357708176315
178,analysis,mom,607.53125,131.82567385564073,"(112.2018454301963, 144.5439770745928]",q14,128.37291125239454
179,anarchy,chaos,794.4333333333333,18.620871366628656,"(17.78279410038923, 23.9883291901949]",q6,20.885561645292064
180,anarchy,worm,776.34375,5.88843655355589,"(5.011872336272725, 7.244359600749899]",q2,6.128115968511311
181,ancestor,minus,728.8275862068965,10.0,"(7.244359600749899, 10.0]",q3,8.62217980037495
182,ancestor,relative,692.40625,30.199517204020193,"(29.51209226666384, 37.15352290971728]",q8,33.33280758819056
183,ancient,modern,642.125,117.48975549395303,"(112.2018454301963, 144.5439770745928]",q14,128.37291125239454
184,ancient,sight,645.6206896551724,34.673685045253166,"(29.51209226666384, 37.15352290971728]",q8,33.33280758819056
185,angel,fashion,732.0625,66.06934480075964,"(56.23413251903491, 70.79457843841374]",q11,63.514355478724326
186,angel,heaven,547.6333333333333,38.018939632056124,"(37.15352290971728, 46.77351412871981]",q9,41.963518519218546
187,angle,geometry,678.6,7.585775750291836,"(7.244359600749899, 10.0]",q3,8.62217980037495
188,angle,once,632.4848484848485,338.84415613920277,"(295.1209226666384, 18620.871366628657]",q17,9457.996144647648
189,angry,gamble,707.0,6.165950018614822,"(5.011872336272725, 7.244359600749899]",q2,6.128115968511311
190,angry,sad,554.6129032258065,69.18309709189363,"(56.23413251903491, 70.79457843841374]",q11,63.514355478724326
191,animal,bear,761.3548387096774,51.28613839913648,"(46.77351412871981, 56.23413251903491]",q10,51.503823323877356
192,animal,subtract,822.46875,1.2589254117941675,"(0.0, 2.7542287033381663]",q0,1.3771143516690831
193,anisette,chair,625.96875,48.97788193684466,"(46.77351412871981, 56.23413251903491]",q10,51.503823323877356
194,anisette,dictionary,767.625,10.471285480508985,"(10.0, 13.182567385564074]",q4,11.591283692782037
195,ankle,bracelet,762.40625,5.011872336272725,"(2.7542287033381663, 5.011872336272725]",q1,3.8830505198054457
196,ankle,way,791.8620689655172,1023.2929922807537,"(295.1209226666384, 18620.871366628657]",q17,9457.996144647648
197,annihilate,destroy,677.0666666666667,33.11311214825908,"(29.51209226666384, 37.15352290971728]",q8,33.33280758819056
198,annihilate,parent,702.96875,37.15352290971728,"(29.51209226666384, 37.15352290971728]",q8,33.33280758819056
199,announce,marriage,776.0645161290323,81.28305161640995,"(70.79457843841374, 87.09635899560814]",q12,78.94546871701094
200,announce,sorrow,669.75,5.370317963702527,"(5.011872336272725, 7.244359600749899]",q2,6.128115968511311
201,annoy,crack,644.0370370370371,25.703957827688647,"(23.9883291901949, 29.51209226666384]",q7,26.75021072842937
202,annoy,sister,643.0,89.12509381337459,"(87.09635899560814, 112.2018454301963]",q13,99.64910221290222
203,annoying,disappear,713.3571428571429,12.30268770812381,"(10.0, 13.182567385564074]",q4,11.591283692782037
204,annoying,irritating,814.1935483870968,4.073802778041126,"(2.7542287033381663, 5.011872336272725]",q1,3.8830505198054457
205,annual,once,678.59375,338.84415613920277,"(295.1209226666384, 18620.871366628657]",q17,9457.996144647648
206,annual,stream,650.5862068965517,41.68693834703355,"(37.15352290971728, 46.77351412871981]",q9,41.963518519218546
207,another,more,594.4285714285714,2290.867652767775,"(295.1209226666384, 18620.871366628657]",q17,9457.996144647648
208,another,silly,589.2903225806451,24.547089156850287,"(23.9883291901949, 29.51209226666384]",q7,26.75021072842937
209,anteater,ant,705.78125,7.244359600749899,"(5.011872336272725, 7.244359600749899]",q2,6.128115968511311
210,anteater,ring,726.9354838709677,64.56542290346549,"(56.23413251903491, 70.79457843841374]",q11,63.514355478724326
211,antelope,awake,661.0909090909091,13.803842646028839,"(13.182567385564074, 17.78279410038923]",q5,15.482680742976651
212,antelope,beast,653.40625,19.498445997580454,"(17.78279410038923, 23.9883291901949]",q6,20.885561645292064
213,antidote,cure,670.5483870967741,20.892961308540407,"(17.78279410038923, 23.9883291901949]",q6,20.885561645292064
214,antidote,dam,949.8125,14.791083881682072,"(13.182567385564074, 17.78279410038923]",q5,15.482680742976651
215,antique,face,609.0645161290323,281.8382931264455,"(199.52623149688787, 295.1209226666384]",q16,247.32357708176315
216,antique,furniture,697.1666666666666,19.498445997580454,"(17.78279410038923, 23.9883291901949]",q6,20.885561645292064
217,antler,excuse,851.7741935483871,36.3078054770101,"(29.51209226666384, 37.15352290971728]",q8,33.33280758819056
218,antler,horn,624.1034482758621,13.803842646028839,"(13.182567385564074, 17.78279410038923]",q5,15.482680742976651
219,antlers,deer,603.1612903225806,13.182567385564074,"(10.0, 13.182567385564074]",q4,11.591283692782037
220,antlers,disgusting,753.5806451612904,16.98243652461746,"(13.182567385564074, 17.78279410038923]",q5,15.482680742976651
221,anxiety,goo,1210.125,2.570395782768865,"(0.0, 2.7542287033381663]",q0,1.3771143516690831
222,anxiety,nervous,707.5151515151515,26.302679918953814,"(23.9883291901949, 29.51209226666384]",q7,26.75021072842937
223,apart,alone,613.5333333333333,144.5439770745928,"(112.2018454301963, 144.5439770745928]",q14,128.37291125239454
224,apart,mix,619.3333333333334,51.28613839913648,"(46.77351412871981, 56.23413251903491]",q10,51.503823323877356
225,apathetic,liar,609.1290322580645,10.471285480508985,"(10.0, 13.182567385564074]",q4,11.591283692782037
226,apathetic,sympathetic,760.0666666666667,6.456542290346556,"(5.011872336272725, 7.244359600749899]",q2,6.128115968511311
227,apathy,science,654.8125,131.82567385564073,"(112.2018454301963, 144.5439770745928]",q14,128.37291125239454
228,apathy,sympathy,727.9677419354839,10.232929922807536,"(10.0, 13.182567385564074]",q4,11.591283692782037
229,ape,all,680.5666666666667,3311.311214825908,"(295.1209226666384, 18620.871366628657]",q17,9457.996144647648
230,ape,jungle,612.75,13.182567385564074,"(10.0, 13.182567385564074]",q4,11.591283692782037
231,apology,mistake,696.71875,46.77351412871981,"(37.15352290971728, 46.77351412871981]",q9,41.963518519218546
232,apology,win,699.28125,245.47089156850285,"(199.52623149688787, 295.1209226666384]",q16,247.32357708176315
233,appeal,crooked,813.9642857142857,4.265795188015925,"(2.7542287033381663, 5.011872336272725]",q1,3.8830505198054457
234,appeal,looks,577.9677419354839,229.08676527677747,"(199.52623149688787, 295.1209226666384]",q16,247.32357708176315
235,appear,show,582.8064516129032,478.630092322638,"(295.1209226666384, 18620.871366628657]",q17,9457.996144647648
236,appear,whale,628.7931034482758,9.549925860214358,"(7.244359600749899, 10.0]",q3,8.62217980037495
237,appearance,line,653.0384615384615,309.0295432513592,"(295.1209226666384, 18620.871366628657]",q17,9457.996144647648
238,appearance,looks,636.1935483870968,229.08676527677747,"(199.52623149688787, 295.1209226666384]",q16,247.32357708176315
239,appendage,finger,688.9354838709677,30.199517204020193,"(29.51209226666384, 37.15352290971728]",q8,33.33280758819056
240,appendage,leg,609.1333333333333,45.708818961487516,"(37.15352290971728, 46.77351412871981]",q9,41.963518519218546
241,apple,exercise,709.1333333333333,47.863009232263806,"(46.77351412871981, 56.23413251903491]",q10,51.503823323877356
242,apple,red,568.8333333333334,208.92961308540407,"(199.52623149688787, 295.1209226666384]",q16,247.32357708176315
243,appliance,bacon,613.0,14.125375446227554,"(13.182567385564074, 17.78279410038923]",q5,15.482680742976651
244,appliance,stove,670.7586206896551,5.1286138399136485,"(5.011872336272725, 7.244359600749899]",q2,6.128115968511311
245,application,college,716.7,186.20871366628657,"(144.5439770745928, 199.52623149688787]",q15,172.03510428574032
246,application,mist,716.2758620689655,4.677351412871981,"(2.7542287033381663, 5.011872336272725]",q1,3.8830505198054457
247,appraise,empty,746.9354838709677,38.904514499428046,"(37.15352290971728, 46.77351412871981]",q9,41.963518519218546
248,appraise,value,681.6666666666666,141.25375446227554,"(112.2018454301963, 144.5439770745928]",q14,128.37291125239454
249,approval,pavement,837.7931034482758,4.073802778041126,"(2.7542287033381663, 5.011872336272725]",q1,3.8830505198054457
250,approval,yes,554.1935483870968,316.22776601683796,"(295.1209226666384, 18620.871366628657]",q17,9457.996144647648
251,apron,maid,677.3793103448276,7.244359600749899,"(5.011872336272725, 7.244359600749899]",q2,6.128115968511311
252,apron,tense,681.0714285714286,8.91250938133746,"(7.244359600749899, 10.0]",q3,8.62217980037495
253,architect,building,663.28125,194.98445997580455,"(144.5439770745928, 199.52623149688787]",q15,172.03510428574032
254,architect,eye,565.6,104.71285480508985,"(87.09635899560814, 112.2018454301963]",q13,99.64910221290222
255,arena,football,621.4333333333333,128.82495516931348,"(112.2018454301963, 144.5439770745928]",q14,128.37291125239454
256,arena,hell,604.25,125.89254117941661,"(112.2018454301963, 144.5439770745928]",q14,128.37291125239454
257,argue,disagree,717.5862068965517,12.30268770812381,"(10.0, 13.182567385564074]",q4,11.591283692782037
258,argue,it,610.483870967742,8912.509381337459,"(295.1209226666384, 18620.871366628657]",q17,9457.996144647648
259,argument,disagreement,752.03125,4.570881896148752,"(2.7542287033381663, 5.011872336272725]",q1,3.8830505198054457
260,argument,spoiled,673.5862068965517,6.456542290346556,"(5.011872336272725, 7.244359600749899]",q2,6.128115968511311
261,aright,fold,721.1935483870968,12.02264434617413,"(10.0, 13.182567385564074]",q4,11.591283692782037
262,aright,okay,576.7741935483871,114.81536214968817,"(112.2018454301963, 144.5439770745928]",q14,128.37291125239454
263,armor,chance,606.258064516129,181.97008586099827,"(144.5439770745928, 199.52623149688787]",q15,172.03510428574032
264,armor,knight,567.3870967741935,19.054607179632484,"(17.78279410038923, 23.9883291901949]",q6,20.885561645292064
265,arms,hug,583.09375,12.30268770812381,"(10.0, 13.182567385564074]",q4,11.591283692782037
266,arms,taste,593.7096774193549,53.70317963702533,"(46.77351412871981, 56.23413251903491]",q10,51.503823323877356
267,army,allow,766.6333333333333,102.32929922807536,"(87.09635899560814, 112.2018454301963]",q13,99.64910221290222
268,army,navy,672.2903225806451,37.15352290971728,"(29.51209226666384, 37.15352290971728]",q8,33.33280758819056
269,aroma,leader,636.2,89.12509381337459,"(87.09635899560814, 112.2018454301963]",q13,99.64910221290222
270,aroma,spaghetti,720.9,4.46683592150963,"(2.7542287033381663, 5.011872336272725]",q1,3.8830505198054457
271,around,buffalo,724.15625,13.803842646028839,"(13.182567385564074, 17.78279410038923]",q5,15.482680742976651
272,around,world,613.46875,776.2471166286912,"(295.1209226666384, 18620.871366628657]",q17,9457.996144647648
273,arrive,come,609.3870967741935,602.5595860743581,"(295.1209226666384, 18620.871366628657]",q17,9457.996144647648
274,arrive,mail,574.3,52.48074602497723,"(46.77351412871981, 56.23413251903491]",q10,51.503823323877356
275,arrow,bow,643.5,19.952623149688787,"(17.78279410038923, 23.9883291901949]",q6,20.885561645292064
276,arrow,maker,689.3,16.98243652461746,"(13.182567385564074, 17.78279410038923]",q5,15.482680742976651
277,art,cheese,693.125,37.15352290971728,"(29.51209226666384, 37.15352290971728]",q8,33.33280758819056
278,art,paint,721.6875,33.11311214825908,"(29.51209226666384, 37.15352290971728]",q8,33.33280758819056
279,artery,finger,634.5,30.199517204020193,"(29.51209226666384, 37.15352290971728]",q8,33.33280758819056
280,artery,vein,708.5357142857143,5.88843655355589,"(5.011872336272725, 7.244359600749899]",q2,6.128115968511311
281,artist,box,622.53125,109.64781961431851,"(87.09635899560814, 112.2018454301963]",q13,99.64910221290222
282,artist,draw,630.5806451612904,64.56542290346549,"(56.23413251903491, 70.79457843841374]",q11,63.514355478724326
283,arts,crafts,635.21875,5.370317963702527,"(5.011872336272725, 7.244359600749899]",q2,6.128115968511311
284,arts,shot,622.34375,165.95869074375597,"(144.5439770745928, 199.52623149688787]",q15,172.03510428574032
285,ascend,descend,813.5666666666667,3.235936569296281,"(2.7542287033381663, 5.011872336272725]",q1,3.8830505198054457
286,ascend,tired,684.3225806451613,51.28613839913648,"(46.77351412871981, 56.23413251903491]",q10,51.503823323877356
287,ascent,brush,663.7096774193549,16.98243652461746,"(13.182567385564074, 17.78279410038923]",q5,15.482680742976651
288,ascent,climb,699.78125,16.595869074375596,"(13.182567385564074, 17.78279410038923]",q5,15.482680742976651
289,ash,ashtray,865.9285714285714,0.5248074602497729,"(0.0, 2.7542287033381663]",q0,1.3771143516690831
290,ash,curtains,706.2903225806451,4.570881896148752,"(2.7542287033381663, 5.011872336272725]",q1,3.8830505198054457
291,ashamed,fragile,708.8125,7.244359600749899,"(5.011872336272725, 7.244359600749899]",q2,6.128115968511311
292,ashamed,guilt,763.1785714285714,13.489628825916533,"(13.182567385564074, 17.78279410038923]",q5,15.482680742976651
293,ashes,ashtray,815.4137931034483,0.5248074602497729,"(0.0, 2.7542287033381663]",q0,1.3771143516690831
294,ashes,superior,654.3666666666667,28.84031503126606,"(23.9883291901949, 29.51209226666384]",q7,26.75021072842937
295,asia,minor,646.6206896551724,41.68693834703355,"(37.15352290971728, 46.77351412871981]",q9,41.963518519218546
296,asia,rich,741.7096774193549,81.28305161640995,"(70.79457843841374, 87.09635899560814]",q12,78.94546871701094
297,asleep,awake,593.9032258064516,13.803842646028839,"(13.182567385564074, 17.78279410038923]",q5,15.482680742976651
298,asleep,worm,716.25,5.88843655355589,"(5.011872336272725, 7.244359600749899]",q2,6.128115968511311
299,asphalt,pavement,759.3333333333334,4.073802778041126,"(2.7542287033381663, 5.011872336272725]",q1,3.8830505198054457
300,asphalt,sister,611.0333333333333,89.12509381337459,"(87.09635899560814, 112.2018454301963]",q13,99.64910221290222
301,aspirin,deodorant,766.1290322580645,1.3182567385564075,"(0.0, 2.7542287033381663]",q0,1.3771143516690831
302,aspirin,headache,653.75,9.332543007969914,"(7.244359600749899, 10.0]",q3,8.62217980037495
303,ass,donkey,686.1290322580645,4.168693834703355,"(2.7542287033381663, 5.011872336272725]",q1,3.8830505198054457
304,ass,thirst,773.1875,4.365158322401661,"(2.7542287033381663, 5.011872336272725]",q1,3.8830505198054457
305,assault,attack,601.6774193548387,123.02687708123811,"(112.2018454301963, 144.5439770745928]",q14,128.37291125239454
306,assault,example,684.6060606060606,186.20871366628657,"(144.5439770745928, 199.52623149688787]",q15,172.03510428574032
307,assignment,homework,607.5806451612904,13.489628825916533,"(13.182567385564074, 17.78279410038923]",q5,15.482680742976651
308,assignment,pride,653.375,30.90295432513592,"(29.51209226666384, 37.15352290971728]",q8,33.33280758819056
309,assistance,helper,677.6774193548387,2.570395782768865,"(0.0, 2.7542287033381663]",q0,1.3771143516690831
310,assistance,piece,696.4285714285714,109.64781961431851,"(87.09635899560814, 112.2018454301963]",q13,99.64910221290222
311,assistant,helper,622.34375,2.570395782768865,"(0.0, 2.7542287033381663]",q0,1.3771143516690831
312,assistant,smooth,657.3225806451613,25.11886431509582,"(23.9883291901949, 29.51209226666384]",q7,26.75021072842937
313,associate,loose,632.6333333333333,28.84031503126606,"(23.9883291901949, 29.51209226666384]",q7,26.75021072842937
314,associate,partner,661.15625,69.18309709189363,"(56.23413251903491, 70.79457843841374]",q11,63.514355478724326
315,asteroid,aware,802.7096774193549,60.25595860743581,"(56.23413251903491, 70.79457843841374]",q11,63.514355478724326
316,asteroid,belt,623.516129032258,26.302679918953814,"(23.9883291901949, 29.51209226666384]",q7,26.75021072842937
317,astrology,gross,703.5333333333333,28.18382931264455,"(23.9883291901949, 29.51209226666384]",q7,26.75021072842937
318,astrology,space,706.96875,169.8243652461746,"(144.5439770745928, 199.52623149688787]",q15,172.03510428574032
319,astronaut,climb,717.15625,16.595869074375596,"(13.182567385564074, 17.78279410038923]",q5,15.482680742976651
320,astronaut,space,561.5483870967741,169.8243652461746,"(144.5439770745928, 199.52623149688787]",q15,172.03510428574032
321,athlete,dress,679.1515151515151,57.543993733715666,"(56.23413251903491, 70.79457843841374]",q11,63.514355478724326
322,athlete,muscle,606.5,27.54228703338169,"(23.9883291901949, 29.51209226666384]",q7,26.75021072842937
323,athletic,movie,681.0,144.5439770745928,"(112.2018454301963, 144.5439770745928]",q14,128.37291125239454
324,athletic,sports,639.6451612903226,87.09635899560814,"(70.79457843841374, 87.09635899560814]",q12,78.94546871701094
325,atlas,map,607.6451612903226,57.543993733715666,"(56.23413251903491, 70.79457843841374]",q11,63.514355478724326
326,atlas,take,612.5806451612904,831.7637711026708,"(295.1209226666384, 18620.871366628657]",q17,9457.996144647648
327,atom,neutron,761.1290322580645,2.7542287033381663,"(0.0, 2.7542287033381663]",q0,1.3771143516690831
328,atom,shy,695.9375,14.45439770745928,"(13.182567385564074, 17.78279410038923]",q5,15.482680742976651
329,atomic,crab,655.96875,5.754399373371567,"(5.011872336272725, 7.244359600749899]",q2,6.128115968511311
330,atomic,explode,811.6206896551724,6.30957344480193,"(5.011872336272725, 7.244359600749899]",q2,6.128115968511311
331,attach,cry,699.2413793103449,38.904514499428046,"(37.15352290971728, 46.77351412871981]",q9,41.963518519218546
332,attach,stick,727.2962962962963,57.543993733715666,"(56.23413251903491, 70.79457843841374]",q11,63.514355478724326
333,attack,ditch,818.3333333333334,7.943282347242813,"(7.244359600749899, 10.0]",q3,8.62217980037495
334,attack,heart,646.21875,204.17379446695276,"(199.52623149688787, 295.1209226666384]",q16,247.32357708176315
335,attempt,float,785.5806451612904,8.709635899560805,"(7.244359600749899, 10.0]",q3,8.62217980037495
336,attempt,murder,682.9677419354839,72.44359600749905,"(70.79457843841374, 87.09635899560814]",q12,78.94546871701094
337,attend,apple,664.7333333333333,57.543993733715666,"(56.23413251903491, 70.79457843841374]",q11,63.514355478724326
338,attend,go,662.5625,1071.519305237607,"(295.1209226666384, 18620.871366628657]",q17,9457.996144647648
339,attendance,farm,682.9629629629629,56.23413251903491,"(46.77351412871981, 56.23413251903491]",q10,51.503823323877356
340,attendance,present,617.5333333333333,151.3561248436207,"(144.5439770745928, 199.52623149688787]",q15,172.03510428574032
341,attention,job,591.875,316.22776601683796,"(295.1209226666384, 18620.871366628657]",q17,9457.996144647648
342,attention,span,761.8,11.748975549395302,"(10.0, 13.182567385564074]",q4,11.591283692782037
343,attic,growth,646.483870967742,107.1519305237607,"(87.09635899560814, 112.2018454301963]",q13,99.64910221290222
344,attic,upstairs,653.6875,7.413102413009177,"(7.244359600749899, 10.0]",q3,8.62217980037495
345,attire,clothes,580.84375,52.48074602497723,"(46.77351412871981, 56.23413251903491]",q10,51.503823323877356
346,attire,hip,679.3448275862069,28.84031503126606,"(23.9883291901949, 29.51209226666384]",q7,26.75021072842937
347,attitude,conceited,770.0370370370371,0.7585775750291835,"(0.0, 2.7542287033381663]",q0,1.3771143516690831
348,attitude,smell,605.5862068965517,30.90295432513592,"(29.51209226666384, 37.15352290971728]",q8,33.33280758819056
349,attorney,lawyer,585.5625,46.77351412871981,"(37.15352290971728, 46.77351412871981]",q9,41.963518519218546
350,attorney,walk,669.9032258064516,120.22644346174131,"(112.2018454301963, 144.5439770745928]",q14,128.37291125239454
351,attract,like,582.3333333333334,2570.3957827688646,"(295.1209226666384, 18620.871366628657]",q17,9457.996144647648
352,attract,pyramid,722.3125,5.623413251903491,"(5.011872336272725, 7.244359600749899]",q2,6.128115968511311
353,attractive,female,609.21875,100.0,"(87.09635899560814, 112.2018454301963]",q13,99.64910221290222
354,attractive,parent,615.1818181818181,37.15352290971728,"(29.51209226666384, 37.15352290971728]",q8,33.33280758819056
355,aunt,something,793.1,645.6542290346549,"(295.1209226666384, 18620.871366628657]",q17,9457.996144647648
356,aunt,uncle,644.5806451612904,28.18382931264455,"(23.9883291901949, 29.51209226666384]",q7,26.75021072842937
357,author,novel,624.258064516129,42.65795188015925,"(37.15352290971728, 46.77351412871981]",q9,41.963518519218546
358,author,planet,675.65625,47.863009232263806,"(46.77351412871981, 56.23413251903491]",q10,51.503823323877356
359,authority,print,619.9032258064516,34.673685045253166,"(29.51209226666384, 37.15352290971728]",q8,33.33280758819056
360,authority,rules,626.516129032258,114.81536214968817,"(112.2018454301963, 144.5439770745928]",q14,128.37291125239454
361,autumn,planets,608.8709677419355,11.220184543019629,"(10.0, 13.182567385564074]",q4,11.591283692782037
362,autumn,spring,617.15625,83.17637711026708,"(70.79457843841374, 87.09635899560814]",q12,78.94546871701094
363,avenue,park,611.3125,144.5439770745928,"(112.2018454301963, 144.5439770745928]",q14,128.37291125239454
364,avenue,think,576.4375,1202.2644346174131,"(295.1209226666384, 18620.871366628657]",q17,9457.996144647648
365,average,maker,713.8333333333334,16.98243652461746,"(13.182567385564074, 17.78279410038923]",q5,15.482680742976651
366,award,draw,587.5454545454545,64.56542290346549,"(56.23413251903491, 70.79457843841374]",q11,63.514355478724326
367,award,trophy,714.3548387096774,14.791083881682072,"(13.182567385564074, 17.78279410038923]",q5,15.482680742976651
368,awareness,alert,609.0645161290323,21.379620895022324,"(17.78279410038923, 23.9883291901949]",q6,20.885561645292064
369,awareness,goal,621.9333333333333,114.81536214968817,"(112.2018454301963, 144.5439770745928]",q14,128.37291125239454
370,away,grape,749.59375,5.011872336272725,"(2.7542287033381663, 5.011872336272725]",q1,3.8830505198054457
371,away,here,630.6451612903226,933.2543007969905,"(295.1209226666384, 18620.871366628657]",q17,9457.996144647648
372,awe,violin,807.5,5.4954087385762485,"(5.011872336272725, 7.244359600749899]",q2,6.128115968511311
373,awe,wonder,618.8,85.11380382023759,"(70.79457843841374, 87.09635899560814]",q12,78.94546871701094
374,awesome,circus,632.7333333333333,9.549925860214358,"(7.244359600749899, 10.0]",q3,8.62217980037495
375,awesome,cool,604.8387096774194,141.25375446227554,"(112.2018454301963, 144.5439770745928]",q14,128.37291125239454
376,awkward,different,637.84375,389.04514499428046,"(295.1209226666384, 18620.871366628657]",q17,9457.996144647648
377,awkward,zit,868.4545454545455,0.25118864315095796,"(0.0, 2.7542287033381663]",q0,1.3771143516690831
378,ax,daily,629.09375,117.48975549395303,"(112.2018454301963, 144.5439770745928]",q14,128.37291125239454
379,ax,wood,606.5333333333333,60.25595860743581,"(56.23413251903491, 70.79457843841374]",q11,63.514355478724326
380,axon,knit,717.8461538461538,4.570881896148752,"(2.7542287033381663, 5.011872336272725]",q1,3.8830505198054457
381,axon,neuron,769.2592592592592,1.4454397707459279,"(0.0, 2.7542287033381663]",q0,1.3771143516690831
382,back,behind,608.09375,194.98445997580455,"(144.5439770745928, 199.52623149688787]",q15,172.03510428574032
383,back,enemy,696.4333333333333,50.11872336272725,"(46.77351412871981, 56.23413251903491]",q10,51.503823323877356
384,backbone,spine,668.71875,8.511380382023768,"(7.244359600749899, 10.0]",q3,8.62217980037495
385,backbone,thin,682.15625,29.51209226666384,"(23.9883291901949, 29.51209226666384]",q7,26.75021072842937
386,background,past,634.6774193548387,229.08676527677747,"(199.52623149688787, 295.1209226666384]",q16,247.32357708176315
387,background,russia,726.3225806451613,85.11380382023759,"(70.79457843841374, 87.09635899560814]",q12,78.94546871701094
388,backward,movement,717.1935483870968,93.32543007969905,"(87.09635899560814, 112.2018454301963]",q13,99.64910221290222
389,backward,silk,787.3793103448276,12.88249551693135,"(10.0, 13.182567385564074]",q4,11.591283692782037
390,bacteria,foresight,860.0344827586207,1.4454397707459279,"(0.0, 2.7542287033381663]",q0,1.3771143516690831
391,bacteria,fungus,763.6428571428571,3.388441561392024,"(2.7542287033381663, 5.011872336272725]",q1,3.8830505198054457
392,badge,boyfriend,735.53125,38.904514499428046,"(37.15352290971728, 46.77351412871981]",q9,41.963518519218546
393,badge,cop,623.6129032258065,23.442288153199225,"(17.78279410038923, 23.9883291901949]",q6,20.885561645292064
394,bagel,sale,534.1724137931035,97.72372209558111,"(87.09635899560814, 112.2018454301963]",q13,99.64910221290222
395,bagel,shop,598.25,75.85775750291836,"(70.79457843841374, 87.09635899560814]",q12,78.94546871701094
396,baggage,frightened,845.6206896551724,5.4954087385762485,"(5.011872336272725, 7.244359600749899]",q2,6.128115968511311
397,baggage,luggage,688.9666666666667,6.30957344480193,"(5.011872336272725, 7.244359600749899]",q2,6.128115968511311
398,bait,care,614.5862068965517,363.078054770101,"(295.1209226666384, 18620.871366628657]",q17,9457.996144647648
399,bait,worm,735.9677419354839,5.88843655355589,"(5.011872336272725, 7.244359600749899]",q2,6.128115968511311
400,baker,cake,692.9333333333333,33.884415613920275,"(29.51209226666384, 37.15352290971728]",q8,33.33280758819056
401,baker,ending,672.5,47.863009232263806,"(46.77351412871981, 56.23413251903491]",q10,51.503823323877356
402,balcony,ledge,634.7586206896551,2.570395782768865,"(0.0, 2.7542287033381663]",q0,1.3771143516690831
403,balcony,storage,633.1612903225806,37.15352290971728,"(29.51209226666384, 37.15352290971728]",q8,33.33280758819056
404,ball,bat,665.09375,19.952623149688787,"(17.78279410038923, 23.9883291901949]",q6,20.885561645292064
405,ball,glory,669.6451612903226,22.90867652767775,"(17.78279410038923, 23.9883291901949]",q6,20.885561645292064
406,ballet,dance,570.1666666666666,85.11380382023759,"(70.79457843841374, 87.09635899560814]",q12,78.94546871701094
407,ballet,defeat,851.8709677419355,32.35936569296281,"(29.51209226666384, 37.15352290971728]",q8,33.33280758819056
408,balloon,clown,634.8484848484849,8.511380382023768,"(7.244359600749899, 10.0]",q3,8.62217980037495
409,balloon,legend,612.516129032258,27.54228703338169,"(23.9883291901949, 29.51209226666384]",q7,26.75021072842937
410,ballot,biology,703.3548387096774,16.595869074375596,"(13.182567385564074, 17.78279410038923]",q5,15.482680742976651
411,ballot,elect,566.9655172413793,10.71519305237607,"(10.0, 13.182567385564074]",q4,11.591283692782037
412,ban,deodorant,877.9285714285714,1.3182567385564075,"(0.0, 2.7542287033381663]",q0,1.3771143516690831
413,ban,italian,730.3,45.708818961487516,"(37.15352290971728, 46.77351412871981]",q9,41.963518519218546
414,banana,fruit,701.8387096774194,37.15352290971728,"(29.51209226666384, 37.15352290971728]",q8,33.33280758819056
415,banana,she,656.4193548387096,1819.7008586099826,"(295.1209226666384, 18620.871366628657]",q17,9457.996144647648
416,band,argument,700.9375,43.65158322401656,"(37.15352290971728, 46.77351412871981]",q9,41.963518519218546
417,band,play,675.4375,407.380277804113,"(295.1209226666384, 18620.871366628657]",q17,9457.996144647648
418,bandaid,cut,688.96875,173.78008287493762,"(144.5439770745928, 199.52623149688787]",q15,172.03510428574032
419,bandaid,honest,641.030303030303,53.70317963702533,"(46.77351412871981, 56.23413251903491]",q10,51.503823323877356
420,bandanna,feel,592.4333333333333,467.73514128719813,"(295.1209226666384, 18620.871366628657]",q17,9457.996144647648
421,bandanna,hat,627.4516129032259,33.884415613920275,"(29.51209226666384, 37.15352290971728]",q8,33.33280758819056
422,banjo,guitar,701.55,30.199517204020193,"(29.51209226666384, 37.15352290971728]",q8,33.33280758819056
423,bank,lock,736.0645161290323,32.35936569296281,"(29.51209226666384, 37.15352290971728]",q8,33.33280758819056
424,bank,vault,913.0357142857144,7.943282347242813,"(7.244359600749899, 10.0]",q3,8.62217980037495
425,banker,bank,611.875,144.5439770745928,"(112.2018454301963, 144.5439770745928]",q14,128.37291125239454
426,banker,england,650.8709677419355,131.82567385564073,"(112.2018454301963, 144.5439770745928]",q14,128.37291125239454
427,banquet,eat,692.9032258064516,134.89628825916532,"(112.2018454301963, 144.5439770745928]",q14,128.37291125239454
428,banquet,less,627.8387096774194,309.0295432513592,"(295.1209226666384, 18620.871366628657]",q17,9457.996144647648
429,bar,grill,653.0,6.918309709189363,"(5.011872336272725, 7.244359600749899]",q2,6.128115968511311
430,bar,hunter,627.8125,23.442288153199225,"(17.78279410038923, 23.9883291901949]",q6,20.885561645292064
431,barbecue,personality,738.1935483870968,35.481338923357534,"(29.51209226666384, 37.15352290971728]",q8,33.33280758819056
432,barbecue,ribs,660.0,6.30957344480193,"(5.011872336272725, 7.244359600749899]",q2,6.128115968511311
433,bargain,sale,579.258064516129,97.72372209558111,"(87.09635899560814, 112.2018454301963]",q13,99.64910221290222
434,bargain,yell,770.65625,7.07945784384138,"(5.011872336272725, 7.244359600749899]",q2,6.128115968511311
435,barrel,meat,627.5483870967741,42.65795188015925,"(37.15352290971728, 46.77351412871981]",q9,41.963518519218546
436,barrel,pickles,705.741935483871,3.019951720402016,"(2.7542287033381663, 5.011872336272725]",q1,3.8830505198054457
437,barrier,ice,597.28125,100.0,"(87.09635899560814, 112.2018454301963]",q13,99.64910221290222
438,barrier,reef,746.6129032258065,6.760829753919819,"(5.011872336272725, 7.244359600749899]",q2,6.128115968511311
439,bartender,alcohol,690.741935483871,40.7380277804113,"(37.15352290971728, 46.77351412871981]",q9,41.963518519218546
440,bartender,tongue,709.7741935483871,23.442288153199225,"(17.78279410038923, 23.9883291901949]",q6,20.885561645292064
441,base,guitar,666.40625,30.199517204020193,"(29.51209226666384, 37.15352290971728]",q8,33.33280758819056
442,base,hole,689.8387096774194,45.708818961487516,"(37.15352290971728, 46.77351412871981]",q9,41.963518519218546
443,baseball,basketball,768.2666666666667,36.3078054770101,"(29.51209226666384, 37.15352290971728]",q8,33.33280758819056
444,baseball,hint,811.8709677419355,11.748975549395302,"(10.0, 13.182567385564074]",q4,11.591283692782037
445,basement,attic,641.34375,4.265795188015925,"(2.7542287033381663, 5.011872336272725]",q1,3.8830505198054457
446,basement,tile,779.40625,5.248074602497728,"(5.011872336272725, 7.244359600749899]",q2,6.128115968511311
447,bashful,marker,751.2,7.413102413009177,"(7.244359600749899, 10.0]",q3,8.62217980037495
448,bashful,shy,587.6774193548387,14.45439770745928,"(13.182567385564074, 17.78279410038923]",q5,15.482680742976651
449,basket,driver,656.5,56.23413251903491,"(46.77351412871981, 56.23413251903491]",q10,51.503823323877356
450,basket,weave,614.6774193548387,3.388441561392024,"(2.7542287033381663, 5.011872336272725]",q1,3.8830505198054457
451,bat,gander,1004.0,0.776247116628692,"(0.0, 2.7542287033381663]",q0,1.3771143516690831
452,bat,night,665.0625,407.380277804113,"(295.1209226666384, 18620.871366628657]",q17,9457.996144647648
453,bath,flag,691.8387096774194,38.018939632056124,"(37.15352290971728, 46.77351412871981]",q9,41.963518519218546
454,bath,towel,596.0,8.709635899560805,"(7.244359600749899, 10.0]",q3,8.62217980037495
455,bathroom,bedroom,709.5625,28.84031503126606,"(23.9883291901949, 29.51209226666384]",q7,26.75021072842937
456,bathroom,thread,661.6774193548387,27.54228703338169,"(23.9883291901949, 29.51209226666384]",q7,26.75021072842937
457,bathtub,monthly,692.2413793103449,31.622776601683793,"(29.51209226666384, 37.15352290971728]",q8,33.33280758819056
458,bathtub,shower,692.8,31.622776601683793,"(29.51209226666384, 37.15352290971728]",q8,33.33280758819056
459,bay,graduation,752.78125,11.748975549395302,"(10.0, 13.182567385564074]",q4,11.591283692782037
460,bay,water,693.9677419354839,331.13112148259074,"(295.1209226666384, 18620.871366628657]",q17,9457.996144647648
461,be,am,745.1379310344828,602.5595860743581,"(295.1209226666384, 18620.871366628657]",q17,9457.996144647648
462,be,ten,697.2,112.2018454301963,"(87.09635899560814, 112.2018454301963]",q13,99.64910221290222
463,bead,necklace,640.5,7.07945784384138,"(5.011872336272725, 7.244359600749899]",q2,6.128115968511311
464,beam,say,644.4516129032259,776.2471166286912,"(295.1209226666384, 18620.871366628657]",q17,9457.996144647648
465,beam,smile,556.71875,43.65158322401656,"(37.15352290971728, 46.77351412871981]",q9,41.963518519218546
466,bean,green,587.9375,134.89628825916532,"(112.2018454301963, 144.5439770745928]",q14,128.37291125239454
467,bean,layer,728.9583333333334,25.11886431509582,"(23.9883291901949, 29.51209226666384]",q7,26.75021072842937
468,beans,eleven,701.8709677419355,13.182567385564074,"(10.0, 13.182567385564074]",q4,11.591283692782037
469,beans,rice,595.46875,35.481338923357534,"(29.51209226666384, 37.15352290971728]",q8,33.33280758819056
470,beard,arrow,636.9354838709677,13.489628825916533,"(13.182567385564074, 17.78279410038923]",q5,15.482680742976651
471,beard,mustache,669.0,2.570395782768865,"(0.0, 2.7542287033381663]",q0,1.3771143516690831
472,beast,animal,699.53125,64.56542290346549,"(56.23413251903491, 70.79457843841374]",q11,63.514355478724326
473,beast,cactus,777.9629629629629,2.5118864315095797,"(0.0, 2.7542287033381663]",q0,1.3771143516690831
474,beat,jacket,653.8125,20.892961308540407,"(17.78279410038923, 23.9883291901949]",q6,20.885561645292064
475,beat,pound,690.7096774193549,20.892961308540407,"(17.78279410038923, 23.9883291901949]",q6,20.885561645292064
476,beautiful,pretty,591.7272727272727,239.88329190194898,"(199.52623149688787, 295.1209226666384]",q16,247.32357708176315
477,beautiful,still,618.0909090909091,831.7637711026708,"(295.1209226666384, 18620.871366628657]",q17,9457.996144647648
478,beauty,beast,656.4137931034483,19.498445997580454,"(17.78279410038923, 23.9883291901949]",q6,20.885561645292064
479,beauty,me,622.8709677419355,3019.951720402019,"(295.1209226666384, 18620.871366628657]",q17,9457.996144647648
480,beaver,dam,889.2307692307693,14.791083881682072,"(13.182567385564074, 17.78279410038923]",q5,15.482680742976651
481,beaver,rain,573.71875,51.28613839913648,"(46.77351412871981, 56.23413251903491]",q10,51.503823323877356
482,because,sugar,620.4516129032259,47.863009232263806,"(46.77351412871981, 56.23413251903491]",q10,51.503823323877356
483,because,why,627.46875,851.1380382023759,"(295.1209226666384, 18620.871366628657]",q17,9457.996144647648
484,become,am,722.375,602.5595860743581,"(295.1209226666384, 18620.871366628657]",q17,9457.996144647648
485,become,search,679.0,91.20108393559097,"(87.09635899560814, 112.2018454301963]",q13,99.64910221290222
486,bedroom,airplane,663.8125,8.317637711026709,"(7.244359600749899, 10.0]",q3,8.62217980037495
487,bedroom,bathroom,619.625,34.673685045253166,"(29.51209226666384, 37.15352290971728]",q8,33.33280758819056
488,bee,castle,741.6774193548387,28.18382931264455,"(23.9883291901949, 29.51209226666384]",q7,26.75021072842937
489,bee,sting,701.8064516129032,6.30957344480193,"(5.011872336272725, 7.244359600749899]",q2,6.128115968511311
490,beef,bug,692.9677419354839,15.848931924611142,"(13.182567385564074, 17.78279410038923]",q5,15.482680742976651
491,beef,cow,683.5806451612904,13.803842646028839,"(13.182567385564074, 17.78279410038923]",q5,15.482680742976651
492,beetle,juice,563.1935483870968,22.90867652767775,"(17.78279410038923, 23.9883291901949]",q6,20.885561645292064
493,beetle,pie,624.1379310344828,15.488166189124827,"(13.182567385564074, 17.78279410038923]",q5,15.482680742976651
494,before,after,619.5757575757576,1288.249551693135,"(295.1209226666384, 18620.871366628657]",q17,9457.996144647648
495,before,new,593.0645161290323,1778.2794100389228,"(295.1209226666384, 18620.871366628657]",q17,9457.996144647648
496,beg,low,619.6451612903226,213.79620895022325,"(199.52623149688787, 295.1209226666384]",q16,247.32357708176315
497,beg,plead,691.5384615384615,4.265795188015925,"(2.7542287033381663, 5.011872336272725]",q1,3.8830505198054457
498,beggar,plead,787.3214285714286,4.265795188015925,"(2.7542287033381663, 5.011872336272725]",q1,3.8830505198054457
499,beggar,polish,708.2727272727273,19.498445997580454,"(17.78279410038923, 23.9883291901949]",q6,20.885561645292064
500,beginner,dull,795.483870967742,8.709635899560805,"(7.244359600749899, 10.0]",q3,8.62217980037495
501,beginner,novice,702.0357142857143,2.570395782768865,"(0.0, 2.7542287033381663]",q0,1.3771143516690831
502,behavior,bravery,765.9333333333333,3.890451449942805,"(2.7542287033381663, 5.011872336272725]",q1,3.8830505198054457
503,behavior,strange,670.9354838709677,43.65158322401656,"(37.15352290971728, 46.77351412871981]",q9,41.963518519218546
504,being,human,597.1875,223.87211385683378,"(199.52623149688787, 295.1209226666384]",q16,247.32357708176315
505,being,seatbelt,759.4333333333333,1.174897554939529,"(0.0, 2.7542287033381663]",q0,1.3771143516690831
506,belief,lie,588.8709677419355,69.18309709189363,"(56.23413251903491, 70.79457843841374]",q11,63.514355478724326
507,belief,low,619.1785714285714,213.79620895022325,"(199.52623149688787, 295.1209226666384]",q16,247.32357708176315
508,believe,faith,608.0666666666667,66.06934480075964,"(56.23413251903491, 70.79457843841374]",q11,63.514355478724326
509,believe,mile,722.0,38.904514499428046,"(37.15352290971728, 46.77351412871981]",q9,41.963518519218546
510,bell,army,647.8387096774194,114.81536214968817,"(112.2018454301963, 144.5439770745928]",q14,128.37291125239454
511,bell,liberty,632.258064516129,21.87761623949552,"(17.78279410038923, 23.9883291901949]",q6,20.885561645292064
512,belly,drop,600.1612903225806,97.72372209558111,"(87.09635899560814, 112.2018454301963]",q13,99.64910221290222
513,belly,scratch,699.0,14.45439770745928,"(13.182567385564074, 17.78279410038923]",q5,15.482680742976651
514,belong,bride,697.9677419354839,12.02264434617413,"(10.0, 13.182567385564074]",q4,11.591283692782037
515,belong,mine,613.46875,109.64781961431851,"(87.09635899560814, 112.2018454301963]",q13,99.64910221290222
516,below,above,703.5666666666667,158.48931924611142,"(144.5439770745928, 199.52623149688787]",q15,172.03510428574032
517,below,road,685.6774193548387,173.78008287493762,"(144.5439770745928, 199.52623149688787]",q15,172.03510428574032
518,belt,deodorant,837.3548387096774,1.3182567385564075,"(0.0, 2.7542287033381663]",q0,1.3771143516690831
519,belt,strap,673.0357142857143,6.165950018614822,"(5.011872336272725, 7.244359600749899]",q2,6.128115968511311
520,bend,backward,667.5483870967741,5.1286138399136485,"(5.011872336272725, 7.244359600749899]",q2,6.128115968511311
521,bend,telephone,670.9032258064516,25.703957827688647,"(23.9883291901949, 29.51209226666384]",q7,26.75021072842937
522,beneath,grave,658.2,20.417379446695275,"(17.78279410038923, 23.9883291901949]",q6,20.885561645292064
523,beneath,under,694.8387096774194,537.0317963702532,"(295.1209226666384, 18620.871366628657]",q17,9457.996144647648
524,benefit,help,622.6451612903226,562.341325190349,"(295.1209226666384, 18620.871366628657]",q17,9457.996144647648
525,benefit,idea,612.9090909090909,229.08676527677747,"(199.52623149688787, 295.1209226666384]",q16,247.32357708176315
526,bent,belt,598.0333333333333,26.302679918953814,"(23.9883291901949, 29.51209226666384]",q7,26.75021072842937
527,bent,crooked,678.9310344827586,4.265795188015925,"(2.7542287033381663, 5.011872336272725]",q1,3.8830505198054457
528,best,cake,655.5625,33.884415613920275,"(29.51209226666384, 37.15352290971728]",q8,33.33280758819056
529,best,worst,658.1935483870968,85.11380382023759,"(70.79457843841374, 87.09635899560814]",q12,78.94546871701094
530,bet,door,641.84375,120.22644346174131,"(112.2018454301963, 144.5439770745928]",q14,128.37291125239454
531,bet,gamble,677.8,6.165950018614822,"(5.011872336272725, 7.244359600749899]",q2,6.128115968511311
532,betray,cheat,618.6451612903226,11.481536214968818,"(10.0, 13.182567385564074]",q4,11.591283692782037
533,betray,owner,662.5483870967741,67.60829753919819,"(56.23413251903491, 70.79457843841374]",q11,63.514355478724326
534,beware,fright,763.2,1.9952623149688788,"(0.0, 2.7542287033381663]",q0,1.3771143516690831
535,beware,sit,769.2758620689655,79.43282347242821,"(70.79457843841374, 87.09635899560814]",q12,78.94546871701094
536,beyond,after,630.516129032258,1288.249551693135,"(295.1209226666384, 18620.871366628657]",q17,9457.996144647648
537,beyond,pride,633.03125,30.90295432513592,"(29.51209226666384, 37.15352290971728]",q8,33.33280758819056
538,bias,never,796.8333333333334,812.8305161640995,"(295.1209226666384, 18620.871366628657]",q17,9457.996144647648
539,bias,race,692.6129032258065,120.22644346174131,"(112.2018454301963, 144.5439770745928]",q14,128.37291125239454
540,bible,holy,587.6774193548387,75.85775750291836,"(70.79457843841374, 87.09635899560814]",q12,78.94546871701094
541,bible,yell,711.1666666666666,7.07945784384138,"(5.011872336272725, 7.244359600749899]",q2,6.128115968511311
542,big,grand,687.875,81.28305161640995,"(70.79457843841374, 87.09635899560814]",q12,78.94546871701094
543,big,ready,571.0,190.54607179632484,"(144.5439770745928, 199.52623149688787]",q15,172.03510428574032
544,bike,ride,621.9354838709677,70.79457843841374,"(56.23413251903491, 70.79457843841374]",q11,63.514355478724326
545,bike,senate,806.4444444444445,63.0957344480193,"(56.23413251903491, 70.79457843841374]",q11,63.514355478724326
546,billboard,pudding,808.7,4.073802778041126,"(2.7542287033381663, 5.011872336272725]",q1,3.8830505198054457
547,billboard,sign,598.2258064516129,120.22644346174131,"(112.2018454301963, 144.5439770745928]",q14,128.37291125239454
548,binder,do,678.8,2238.7211385683377,"(295.1209226666384, 18620.871366628657]",q17,9457.996144647648
549,binder,folder,680.3333333333334,5.4954087385762485,"(5.011872336272725, 7.244359600749899]",q2,6.128115968511311
550,biology,frog,666.9354838709677,7.76247116628692,"(7.244359600749899, 10.0]",q3,8.62217980037495
551,biology,she,616.9310344827586,1819.7008586099826,"(295.1209226666384, 18620.871366628657]",q17,9457.996144647648
552,birds,cats,608.030303030303,28.84031503126606,"(23.9883291901949, 29.51209226666384]",q7,26.75021072842937
553,birds,nurse,655.125,25.11886431509582,"(23.9883291901949, 29.51209226666384]",q7,26.75021072842937
554,birth,beginning,757.0,100.0,"(87.09635899560814, 112.2018454301963]",q13,99.64910221290222
555,birth,ten,581.21875,112.2018454301963,"(87.09635899560814, 112.2018454301963]",q13,99.64910221290222
556,birthday,candle,629.3125,7.585775750291836,"(7.244359600749899, 10.0]",q3,8.62217980037495
557,birthday,hill,670.4,66.06934480075964,"(56.23413251903491, 70.79457843841374]",q11,63.514355478724326
558,bison,buffalo,673.5,13.803842646028839,"(13.182567385564074, 17.78279410038923]",q5,15.482680742976651
559,bison,year,629.03125,912.0108393559096,"(295.1209226666384, 18620.871366628657]",q17,9457.996144647648
560,bit,bite,780.3333333333334,20.417379446695275,"(17.78279410038923, 23.9883291901949]",q6,20.885561645292064
561,bit,octopus,757.1333333333333,2.8840315031266055,"(2.7542287033381663, 5.011872336272725]",q1,3.8830505198054457
562,blackboard,chalk,675.3103448275862,4.897788193684462,"(2.7542287033381663, 5.011872336272725]",q1,3.8830505198054457
563,blackboard,stair,752.0645161290323,1.8197008586099825,"(0.0, 2.7542287033381663]",q0,1.3771143516690831
564,blade,iron,690.5,54.954087385762485,"(46.77351412871981, 56.23413251903491]",q10,51.503823323877356
565,blade,knife,594.8787878787879,25.703957827688647,"(23.9883291901949, 29.51209226666384]",q7,26.75021072842937
566,blame,accuse,710.9642857142857,5.1286138399136485,"(5.011872336272725, 7.244359600749899]",q2,6.128115968511311
567,blame,private,712.3214285714286,154.88166189124829,"(144.5439770745928, 199.52623149688787]",q15,172.03510428574032
568,blanket,warm,561.4545454545455,51.28613839913648,"(46.77351412871981, 56.23413251903491]",q10,51.503823323877356
569,blanket,why,646.5862068965517,851.1380382023759,"(295.1209226666384, 18620.871366628657]",q17,9457.996144647648
570,bleach,white,526.1290322580645,323.5936569296281,"(295.1209226666384, 18620.871366628657]",q17,9457.996144647648
571,blend,ashtray,965.0384615384615,0.5248074602497729,"(0.0, 2.7542287033381663]",q0,1.3771143516690831
572,blend,mix,598.6896551724138,51.28613839913648,"(46.77351412871981, 56.23413251903491]",q10,51.503823323877356
573,blender,ice,586.8709677419355,100.0,"(87.09635899560814, 112.2018454301963]",q13,99.64910221290222
574,blender,patience,688.7931034482758,15.848931924611142,"(13.182567385564074, 17.78279410038923]",q5,15.482680742976651
575,bless,want,571.75,1096.4781961431852,"(295.1209226666384, 18620.871366628657]",q17,9457.996144647648
576,bless,you,656.21875,9549.92586021437,"(295.1209226666384, 18620.871366628657]",q17,9457.996144647648
577,blinds,curtains,669.8387096774194,4.570881896148752,"(2.7542287033381663, 5.011872336272725]",q1,3.8830505198054457
578,blinds,kind,707.6451612903226,281.8382931264455,"(199.52623149688787, 295.1209226666384]",q16,247.32357708176315
579,block,against,735.1612903225806,478.630092322638,"(295.1209226666384, 18620.871366628657]",q17,9457.996144647648
580,block,brick,841.2903225806451,17.78279410038923,"(13.182567385564074, 17.78279410038923]",q5,15.482680742976651
581,blocks,cave,625.75,15.848931924611142,"(13.182567385564074, 17.78279410038923]",q5,15.482680742976651
582,blocks,children,621.4827586206897,295.1209226666384,"(199.52623149688787, 295.1209226666384]",q16,247.32357708176315
583,blood,rules,622.0909090909091,114.81536214968817,"(112.2018454301963, 144.5439770745928]",q14,128.37291125239454
584,blood,vein,708.6785714285714,5.88843655355589,"(5.011872336272725, 7.244359600749899]",q2,6.128115968511311
585,bloom,fungus,730.0416666666666,3.388441561392024,"(2.7542287033381663, 5.011872336272725]",q1,3.8830505198054457
586,bloom,rose,605.1818181818181,66.06934480075964,"(56.23413251903491, 70.79457843841374]",q11,63.514355478724326
587,blot,earth,603.4545454545455,114.81536214968817,"(112.2018454301963, 144.5439770745928]",q14,128.37291125239454
588,blot,smudge,734.7037037037037,0.6456542290346556,"(0.0, 2.7542287033381663]",q0,1.3771143516690831
589,blouse,hair,623.516129032258,120.22644346174131,"(112.2018454301963, 144.5439770745928]",q14,128.37291125239454
590,blouse,shirt,652.59375,42.65795188015925,"(37.15352290971728, 46.77351412871981]",q9,41.963518519218546
591,blubber,empty,746.1290322580645,38.904514499428046,"(37.15352290971728, 46.77351412871981]",q9,41.963518519218546
592,blubber,whale,654.258064516129,9.549925860214358,"(7.244359600749899, 10.0]",q3,8.62217980037495
593,blueberry,pie,642.125,15.488166189124827,"(13.182567385564074, 17.78279410038923]",q5,15.482680742976651
594,blueberry,thief,641.5666666666667,7.585775750291836,"(7.244359600749899, 10.0]",q3,8.62217980037495
595,blues,brothers,654.1290322580645,48.97788193684466,"(46.77351412871981, 56.23413251903491]",q10,51.503823323877356
596,blues,proof,716.258064516129,50.11872336272725,"(46.77351412871981, 56.23413251903491]",q10,51.503823323877356
597,bluff,cliff,650.0967741935484,12.589254117941662,"(10.0, 13.182567385564074]",q4,11.591283692782037
598,bluff,keeper,717.6551724137931,10.471285480508985,"(10.0, 13.182567385564074]",q4,11.591283692782037
599,blunt,rude,683.125,17.78279410038923,"(13.182567385564074, 17.78279410038923]",q5,15.482680742976651
600,blunt,suffocate,800.8275862068965,0.7244359600749899,"(0.0, 2.7542287033381663]",q0,1.3771143516690831
601,blur,dime,643.0714285714286,4.570881896148752,"(2.7542287033381663, 5.011872336272725]",q1,3.8830505198054457
602,blur,vision,622.03125,42.65795188015925,"(37.15352290971728, 46.77351412871981]",q9,41.963518519218546
603,board,chalk,719.3793103448276,4.897788193684462,"(2.7542287033381663, 5.011872336272725]",q1,3.8830505198054457
604,board,person,608.0625,354.8133892335753,"(295.1209226666384, 18620.871366628657]",q17,9457.996144647648
605,bog,hog,744.8148148148148,3.715352290971724,"(2.7542287033381663, 5.011872336272725]",q1,3.8830505198054457
606,bog,wife,615.1,169.8243652461746,"(144.5439770745928, 199.52623149688787]",q15,172.03510428574032
607,boil,happy,544.9375,223.87211385683378,"(199.52623149688787, 295.1209226666384]",q16,247.32357708176315
608,boil,pot,592.71875,25.11886431509582,"(23.9883291901949, 29.51209226666384]",q7,26.75021072842937
609,boiled,eggs,553.40625,31.622776601683793,"(29.51209226666384, 37.15352290971728]",q8,33.33280758819056
610,boiled,pick,554.5172413793103,120.22644346174131,"(112.2018454301963, 144.5439770745928]",q14,128.37291125239454
611,bold,daring,709.9375,5.011872336272725,"(2.7542287033381663, 5.011872336272725]",q1,3.8830505198054457
612,bold,note,680.8571428571429,109.64781961431851,"(87.09635899560814, 112.2018454301963]",q13,99.64910221290222
613,bologna,meat,690.6451612903226,42.65795188015925,"(37.15352290971728, 46.77351412871981]",q9,41.963518519218546
614,bologna,tea,779.0322580645161,53.70317963702533,"(46.77351412871981, 56.23413251903491]",q10,51.503823323877356
615,bolt,close,609.3333333333334,229.08676527677747,"(199.52623149688787, 295.1209226666384]",q16,247.32357708176315
616,bolt,material,661.78125,89.12509381337459,"(87.09635899560814, 112.2018454301963]",q13,99.64910221290222
617,bondage,slave,633.90625,20.417379446695275,"(17.78279410038923, 23.9883291901949]",q6,20.885561645292064
618,bondage,usa,733.1481481481482,61.65950018614822,"(56.23413251903491, 70.79457843841374]",q11,63.514355478724326
619,bone,chicken,606.90625,42.65795188015925,"(37.15352290971728, 46.77351412871981]",q9,41.963518519218546
620,bone,shampoo,646.2666666666667,3.801893963205613,"(2.7542287033381663, 5.011872336272725]",q1,3.8830505198054457
621,book,oyster,752.32,3.4673685045253166,"(2.7542287033381663, 5.011872336272725]",q1,3.8830505198054457
622,book,read,672.9677419354839,346.73685045253166,"(295.1209226666384, 18620.871366628657]",q17,9457.996144647648
623,bookbag,people,632.3225806451613,1778.2794100389228,"(295.1209226666384, 18620.871366628657]",q17,9457.996144647648
624,bookbag,purse,643.8709677419355,8.91250938133746,"(7.244359600749899, 10.0]",q3,8.62217980037495
625,boot,camp,570.5483870967741,61.65950018614822,"(56.23413251903491, 70.79457843841374]",q11,63.514355478724326
626,boot,habit,676.6333333333333,17.378008287493763,"(13.182567385564074, 17.78279410038923]",q5,15.482680742976651
627,booth,smash,679.03125,12.30268770812381,"(10.0, 13.182567385564074]",q4,11.591283692782037
628,booth,telephone,649.75,25.703957827688647,"(23.9883291901949, 29.51209226666384]",q7,26.75021072842937
629,boots,itch,727.8709677419355,2.2908676527677723,"(0.0, 2.7542287033381663]",q0,1.3771143516690831
630,boots,leather,580.6785714285714,22.38721138568338,"(17.78279410038923, 23.9883291901949]",q6,20.885561645292064
631,border,dollars,651.5,60.25595860743581,"(56.23413251903491, 70.79457843841374]",q11,63.514355478724326
632,border,line,683.125,309.0295432513592,"(295.1209226666384, 18620.871366628657]",q17,9457.996144647648
633,boring,cause,692.09375,223.87211385683378,"(199.52623149688787, 295.1209226666384]",q16,247.32357708176315
634,boring,dull,646.5862068965517,8.709635899560805,"(7.244359600749899, 10.0]",q3,8.62217980037495
635,borrow,ending,658.3225806451613,47.863009232263806,"(46.77351412871981, 56.23413251903491]",q10,51.503823323877356
636,borrow,lend,630.5483870967741,8.317637711026709,"(7.244359600749899, 10.0]",q3,8.62217980037495
637,boss,employer,796.741935483871,16.595869074375596,"(13.182567385564074, 17.78279410038923]",q5,15.482680742976651
638,boss,environment,811.1612903225806,74.13102413009177,"(70.79457843841374, 87.09635899560814]",q12,78.94546871701094
639,bottle,booze,667.0714285714286,4.46683592150963,"(2.7542287033381663, 5.011872336272725]",q1,3.8830505198054457
640,bottle,zoo,663.9333333333333,13.803842646028839,"(13.182567385564074, 17.78279410038923]",q5,15.482680742976651
641,bottom,floor,754.125,87.09635899560814,"(70.79457843841374, 87.09635899560814]",q12,78.94546871701094
642,bottom,park,620.2333333333333,144.5439770745928,"(112.2018454301963, 144.5439770745928]",q14,128.37291125239454
643,bouillon,shark,642.15625,12.589254117941662,"(10.0, 13.182567385564074]",q4,11.591283692782037
644,bouillon,square,826.1333333333333,69.18309709189363,"(56.23413251903491, 70.79457843841374]",q11,63.514355478724326
645,boulevard,heat,650.78125,72.44359600749905,"(70.79457843841374, 87.09635899560814]",q12,78.94546871701094
646,boulevard,street,739.9655172413793,190.54607179632484,"(144.5439770745928, 199.52623149688787]",q15,172.03510428574032
647,bound,reel,848.5217391304348,4.786300923226385,"(2.7542287033381663, 5.011872336272725]",q1,3.8830505198054457
648,bound,tie,615.4137931034483,32.35936569296281,"(29.51209226666384, 37.15352290971728]",q8,33.33280758819056
649,boundary,fence,702.9655172413793,16.218100973589298,"(13.182567385564074, 17.78279410038923]",q5,15.482680742976651
650,boundary,flute,755.5555555555555,3.311311214825911,"(2.7542287033381663, 5.011872336272725]",q1,3.8830505198054457
651,bounty,future,770.84375,213.79620895022325,"(199.52623149688787, 295.1209226666384]",q16,247.32357708176315
652,bounty,hunter,678.4666666666667,23.442288153199225,"(17.78279410038923, 23.9883291901949]",q6,20.885561645292064
653,bouquet,flowers,582.1290322580645,43.65158322401656,"(37.15352290971728, 46.77351412871981]",q9,41.963518519218546
654,bouquet,fraternity,848.258064516129,3.630780547701014,"(2.7542287033381663, 5.011872336272725]",q1,3.8830505198054457
655,bow,arrow,618.375,13.489628825916533,"(13.182567385564074, 17.78279410038923]",q5,15.482680742976651
656,bow,church,633.03125,144.5439770745928,"(112.2018454301963, 144.5439770745928]",q14,128.37291125239454
657,bowl,plate,663.6363636363636,35.481338923357534,"(29.51209226666384, 37.15352290971728]",q8,33.33280758819056
658,bowl,protect,774.6666666666666,83.17637711026708,"(70.79457843841374, 87.09635899560814]",q12,78.94546871701094
659,bowling,ball,629.71875,109.64781961431851,"(87.09635899560814, 112.2018454301963]",q13,99.64910221290222
660,bowling,flowers,690.8709677419355,43.65158322401656,"(37.15352290971728, 46.77351412871981]",q9,41.963518519218546
661,box,honesty,582.8125,9.772372209558112,"(7.244359600749899, 10.0]",q3,8.62217980037495
662,box,shoe,563.3793103448276,17.378008287493763,"(13.182567385564074, 17.78279410038923]",q5,15.482680742976651
663,boxer,annoying,720.03125,25.11886431509582,"(23.9883291901949, 29.51209226666384]",q7,26.75021072842937
664,boxer,gloves,658.09375,10.964781961431852,"(10.0, 13.182567385564074]",q4,11.591283692782037
665,boxing,gloves,655.90625,10.964781961431852,"(10.0, 13.182567385564074]",q4,11.591283692782037
666,boxing,kind,736.8064516129032,281.8382931264455,"(199.52623149688787, 295.1209226666384]",q16,247.32357708176315
667,boy,george,848.7916666666666,109.64781961431851,"(87.09635899560814, 112.2018454301963]",q13,99.64910221290222
668,boy,sympathy,866.4333333333333,10.232929922807536,"(10.0, 13.182567385564074]",q4,11.591283692782037
669,boyfriend,girlfriend,681.7741935483871,47.863009232263806,"(46.77351412871981, 56.23413251903491]",q10,51.503823323877356
670,boyfriend,innocent,749.0322580645161,28.18382931264455,"(23.9883291901949, 29.51209226666384]",q7,26.75021072842937
671,bracelet,girl,625.9,239.88329190194898,"(199.52623149688787, 295.1209226666384]",q16,247.32357708176315
672,bracelet,polite,688.84375,8.317637711026709,"(7.244359600749899, 10.0]",q3,8.62217980037495
673,braces,stage,716.53125,125.89254117941661,"(112.2018454301963, 144.5439770745928]",q14,128.37291125239454
674,braces,young,603.6875,269.1534803926914,"(199.52623149688787, 295.1209226666384]",q16,247.32357708176315
675,brain,caring,763.9310344827586,15.848931924611142,"(13.182567385564074, 17.78279410038923]",q5,15.482680742976651
676,brain,cell,635.5666666666667,74.13102413009177,"(70.79457843841374, 87.09635899560814]",q12,78.94546871701094
677,brake,bird,681.90625,42.65795188015925,"(37.15352290971728, 46.77351412871981]",q9,41.963518519218546
678,brake,go,618.96875,1071.519305237607,"(295.1209226666384, 18620.871366628657]",q17,9457.996144647648
679,branch,leaf,578.8125,16.595869074375596,"(13.182567385564074, 17.78279410038923]",q5,15.482680742976651
680,branch,pickles,695.3103448275862,3.019951720402016,"(2.7542287033381663, 5.011872336272725]",q1,3.8830505198054457
681,brand,call,578.9655172413793,323.5936569296281,"(295.1209226666384, 18620.871366628657]",q17,9457.996144647648
682,brand,kind,619.1515151515151,281.8382931264455,"(199.52623149688787, 295.1209226666384]",q16,247.32357708176315
683,brandy,explosion,730.4848484848485,16.595869074375596,"(13.182567385564074, 17.78279410038923]",q5,15.482680742976651
684,brandy,gin,692.9565217391304,4.786300923226385,"(2.7542287033381663, 5.011872336272725]",q1,3.8830505198054457
685,brat,speak,612.96875,107.1519305237607,"(87.09635899560814, 112.2018454301963]",q13,99.64910221290222
686,brat,spoiled,698.1612903225806,6.456542290346556,"(5.011872336272725, 7.244359600749899]",q2,6.128115968511311
687,bravado,great,643.5757575757576,758.5775750291835,"(295.1209226666384, 18620.871366628657]",q17,9457.996144647648
688,bravado,peak,635.3870967741935,33.884415613920275,"(29.51209226666384, 37.15352290971728]",q8,33.33280758819056
689,brave,indian,734.28125,81.28305161640995,"(70.79457843841374, 87.09635899560814]",q12,78.94546871701094
690,brave,top,622.3125,371.53522909717276,"(295.1209226666384, 18620.871366628657]",q17,9457.996144647648
691,bravery,bum,784.5,5.623413251903491,"(5.011872336272725, 7.244359600749899]",q2,6.128115968511311
692,bravery,scare,737.1724137931035,11.748975549395302,"(10.0, 13.182567385564074]",q4,11.591283692782037
693,break,nature,765.3870967741935,95.49925860214368,"(87.09635899560814, 112.2018454301963]",q13,99.64910221290222
694,break,smash,629.3125,12.30268770812381,"(10.0, 13.182567385564074]",q4,11.591283692782037
695,breakable,indian,790.25,81.28305161640995,"(70.79457843841374, 87.09635899560814]",q12,78.94546871701094
696,breakable,item,621.0,37.15352290971728,"(29.51209226666384, 37.15352290971728]",q8,33.33280758819056
697,breakfast,cereal,671.3125,5.4954087385762485,"(5.011872336272725, 7.244359600749899]",q2,6.128115968511311
698,breakfast,queen,685.0645161290323,72.44359600749905,"(70.79457843841374, 87.09635899560814]",q12,78.94546871701094
699,breast,chest,698.34375,33.11311214825908,"(29.51209226666384, 37.15352290971728]",q8,33.33280758819056
700,breast,elect,813.64,10.71519305237607,"(10.0, 13.182567385564074]",q4,11.591283692782037
701,breath,deep,609.0,112.2018454301963,"(87.09635899560814, 112.2018454301963]",q13,99.64910221290222
702,breath,job,563.3225806451613,316.22776601683796,"(295.1209226666384, 18620.871366628657]",q17,9457.996144647648
703,breathe,exhale,760.5625,1.2882495516931336,"(0.0, 2.7542287033381663]",q0,1.3771143516690831
704,breathe,knowledge,778.741935483871,91.20108393559097,"(87.09635899560814, 112.2018454301963]",q13,99.64910221290222
705,breed,diary,675.625,12.30268770812381,"(10.0, 13.182567385564074]",q4,11.591283692782037
706,breed,dog,549.7931034482758,125.89254117941661,"(112.2018454301963, 144.5439770745928]",q14,128.37291125239454
707,breeze,tent,689.3333333333334,11.220184543019629,"(10.0, 13.182567385564074]",q4,11.591283692782037
708,breeze,wind,579.9,69.18309709189363,"(56.23413251903491, 70.79457843841374]",q11,63.514355478724326
709,breezeway,grow,720.9666666666667,79.43282347242821,"(70.79457843841374, 87.09635899560814]",q12,78.94546871701094
710,breezeway,walkway,670.1875,1.4454397707459279,"(0.0, 2.7542287033381663]",q0,1.3771143516690831
711,brick,lawsuit,743.4516129032259,12.30268770812381,"(10.0, 13.182567385564074]",q4,11.591283692782037
712,brick,layer,692.6153846153846,25.11886431509582,"(23.9883291901949, 29.51209226666384]",q7,26.75021072842937
713,bridge,nice,672.71875,234.42288153199226,"(199.52623149688787, 295.1209226666384]",q16,247.32357708176315
714,bridge,span,782.8695652173913,11.748975549395302,"(10.0, 13.182567385564074]",q4,11.591283692782037
715,bring,answer,651.4193548387096,147.91083881682073,"(144.5439770745928, 199.52623149688787]",q15,172.03510428574032
716,bring,get,630.7333333333333,1905.4607179632483,"(295.1209226666384, 18620.871366628657]",q17,9457.996144647648
717,bristle,brush,741.7096774193549,16.98243652461746,"(13.182567385564074, 17.78279410038923]",q5,15.482680742976651
718,bristle,sound,652.6774193548387,141.25375446227554,"(112.2018454301963, 144.5439770745928]",q14,128.37291125239454
719,britannica,britain,985.4814814814816,52.48074602497723,"(46.77351412871981, 56.23413251903491]",q10,51.503823323877356
720,britannica,france,760.7096774193549,87.09635899560814,"(70.79457843841374, 87.09635899560814]",q12,78.94546871701094
721,brittle,board,658.3333333333334,173.78008287493762,"(144.5439770745928, 199.52623149688787]",q15,172.03510428574032
722,brittle,peanut,672.1612903225806,7.943282347242813,"(7.244359600749899, 10.0]",q3,8.62217980037495
723,broad,surgery,650.71875,42.65795188015925,"(37.15352290971728, 46.77351412871981]",q9,41.963518519218546
724,broad,wide,580.09375,91.20108393559097,"(87.09635899560814, 112.2018454301963]",q13,99.64910221290222
725,broccoli,gift,629.1612903225806,60.25595860743581,"(56.23413251903491, 70.79457843841374]",q11,63.514355478724326
726,broccoli,spinach,857.2258064516129,3.019951720402016,"(2.7542287033381663, 5.011872336272725]",q1,3.8830505198054457
727,broil,bake,613.1875,8.128305161640995,"(7.244359600749899, 10.0]",q3,8.62217980037495
728,broil,instrument,647.6,18.197008586099827,"(17.78279410038923, 23.9883291901949]",q6,20.885561645292064
729,broken,fix,661.6896551724138,56.23413251903491,"(46.77351412871981, 56.23413251903491]",q10,51.503823323877356
730,broken,luggage,689.8965517241379,6.30957344480193,"(5.011872336272725, 7.244359600749899]",q2,6.128115968511311
731,brook,queen,636.5454545454545,72.44359600749905,"(70.79457843841374, 87.09635899560814]",q12,78.94546871701094
732,brook,stream,663.6666666666666,41.68693834703355,"(37.15352290971728, 46.77351412871981]",q9,41.963518519218546
733,broom,brush,618.46875,16.98243652461746,"(13.182567385564074, 17.78279410038923]",q5,15.482680742976651
734,broom,muscle,653.1034482758621,27.54228703338169,"(23.9883291901949, 29.51209226666384]",q7,26.75021072842937
735,brother,appear,671.2068965517242,70.79457843841374,"(56.23413251903491, 70.79457843841374]",q11,63.514355478724326
736,brother,mother,628.6451612903226,173.78008287493762,"(144.5439770745928, 199.52623149688787]",q15,172.03510428574032
737,brown,color,689.0,81.28305161640995,"(70.79457843841374, 87.09635899560814]",q12,78.94546871701094
738,brown,song,670.9677419354839,181.97008586099827,"(144.5439770745928, 199.52623149688787]",q15,172.03510428574032
739,bruise,knee,643.6206896551724,21.379620895022324,"(17.78279410038923, 23.9883291901949]",q6,20.885561645292064
740,bruise,worker,630.1290322580645,26.91534803926914,"(23.9883291901949, 29.51209226666384]",q7,26.75021072842937
741,brunette,blonde,652.9354838709677,10.964781961431852,"(10.0, 13.182567385564074]",q4,11.591283692782037
742,brunette,english,692.7586206896551,154.88166189124829,"(144.5439770745928, 199.52623149688787]",q15,172.03510428574032
743,brush,male,601.0,77.62471166286912,"(70.79457843841374, 87.09635899560814]",q12,78.94546871701094
744,brush,touch,640.0625,81.28305161640995,"(70.79457843841374, 87.09635899560814]",q12,78.94546871701094
745,bubble,chaos,729.7407407407408,18.620871366628656,"(17.78279410038923, 23.9883291901949]",q6,20.885561645292064
746,bubble,gum,691.28125,8.709635899560805,"(7.244359600749899, 10.0]",q3,8.62217980037495
747,buck,dollar,680.7272727272727,38.904514499428046,"(37.15352290971728, 46.77351412871981]",q9,41.963518519218546
748,buck,gain,648.6896551724138,64.56542290346549,"(56.23413251903491, 70.79457843841374]",q11,63.514355478724326
749,buckle,seatbelt,668.6,1.174897554939529,"(0.0, 2.7542287033381663]",q0,1.3771143516690831
750,buckle,temperature,669.5,43.65158322401656,"(37.15352290971728, 46.77351412871981]",q9,41.963518519218546
751,bud,candy,687.8387096774194,19.498445997580454,"(17.78279410038923, 23.9883291901949]",q6,20.885561645292064
752,bud,roses,734.2258064516129,10.232929922807536,"(10.0, 13.182567385564074]",q4,11.591283692782037
753,budget,plan,549.125,194.98445997580455,"(144.5439770745928, 199.52623149688787]",q15,172.03510428574032
754,budget,potato,707.46875,12.88249551693135,"(10.0, 13.182567385564074]",q4,11.591283692782037
755,buffalo,guitar,771.0,30.199517204020193,"(29.51209226666384, 37.15352290971728]",q8,33.33280758819056
756,buffalo,plain,698.7333333333333,26.91534803926914,"(23.9883291901949, 29.51209226666384]",q7,26.75021072842937
757,bug,guilty,775.6666666666666,40.7380277804113,"(37.15352290971728, 46.77351412871981]",q9,41.963518519218546
758,bug,spider,773.28125,17.78279410038923,"(13.182567385564074, 17.78279410038923]",q5,15.482680742976651
759,bugle,horn,743.4333333333333,13.803842646028839,"(13.182567385564074, 17.78279410038923]",q5,15.482680742976651
760,bugle,tornado,774.258064516129,6.6069344800759575,"(5.011872336272725, 7.244359600749899]",q2,6.128115968511311
761,builder,constructio,754.15625,0.01513561248436208,"(0.0, 2.7542287033381663]",q0,1.3771143516690831
762,builder,okay,580.258064516129,114.81536214968817,"(112.2018454301963, 144.5439770745928]",q14,128.37291125239454
763,building,normal,619.6666666666666,102.32929922807536,"(87.09635899560814, 112.2018454301963]",q13,99.64910221290222
764,building,tall,600.8,33.11311214825908,"(29.51209226666384, 37.15352290971728]",q8,33.33280758819056
765,bullet,newton,879.1,8.709635899560805,"(7.244359600749899, 10.0]",q3,8.62217980037495
766,bullet,proof,714.6,50.11872336272725,"(46.77351412871981, 56.23413251903491]",q10,51.503823323877356
767,bulletin,board,560.40625,173.78008287493762,"(144.5439770745928, 199.52623149688787]",q15,172.03510428574032
768,bulletin,stage,679.3548387096774,125.89254117941661,"(112.2018454301963, 144.5439770745928]",q14,128.37291125239454
769,bullock,actress,747.5333333333333,28.18382931264455,"(23.9883291901949, 29.51209226666384]",q7,26.75021072842937
770,bullock,rare,680.1612903225806,58.88436553555884,"(56.23413251903491, 70.79457843841374]",q11,63.514355478724326
771,bully,rough,668.9032258064516,30.90295432513592,"(29.51209226666384, 37.15352290971728]",q8,33.33280758819056
772,bully,russia,785.8214285714286,85.11380382023759,"(70.79457843841374, 87.09635899560814]",q12,78.94546871701094
773,bumps,give,640.7741935483871,512.8613839913648,"(295.1209226666384, 18620.871366628657]",q17,9457.996144647648
774,bumps,goose,623.2903225806451,6.918309709189363,"(5.011872336272725, 7.244359600749899]",q2,6.128115968511311
775,burden,load,636.6451612903226,38.018939632056124,"(37.15352290971728, 46.77351412871981]",q9,41.963518519218546
776,burden,prom,769.75,6.025595860743575,"(5.011872336272725, 7.244359600749899]",q2,6.128115968511311
777,burglar,robbery,655.5151515151515,9.332543007969914,"(7.244359600749899, 10.0]",q3,8.62217980037495
778,burglar,second,669.6451612903226,426.57951880159254,"(295.1209226666384, 18620.871366628657]",q17,9457.996144647648
779,burglary,baseball,736.9333333333333,34.673685045253166,"(29.51209226666384, 37.15352290971728]",q8,33.33280758819056
780,burglary,robbery,645.0322580645161,9.332543007969914,"(7.244359600749899, 10.0]",q3,8.62217980037495
781,burial,death,629.09375,251.18864315095823,"(199.52623149688787, 295.1209226666384]",q16,247.32357708176315
782,burial,refuse,664.2333333333333,24.547089156850287,"(23.9883291901949, 29.51209226666384]",q7,26.75021072842937
783,burst,bubble,584.0344827586207,14.45439770745928,"(13.182567385564074, 17.78279410038923]",q5,15.482680742976651
784,burst,gum,738.7931034482758,8.709635899560805,"(7.244359600749899, 10.0]",q3,8.62217980037495
785,bury,bone,695.8275862068965,29.51209226666384,"(23.9883291901949, 29.51209226666384]",q7,26.75021072842937
786,bury,electricity,845.75,26.91534803926914,"(23.9883291901949, 29.51209226666384]",q7,26.75021072842937
787,bus,geometry,739.09375,7.585775750291836,"(7.244359600749899, 10.0]",q3,8.62217980037495
788,bus,taxi,631.258064516129,15.488166189124827,"(13.182567385564074, 17.78279410038923]",q5,15.482680742976651
789,bush,clue,711.3548387096774,15.135612484362072,"(13.182567385564074, 17.78279410038923]",q5,15.482680742976651
790,bush,leaves,659.0,61.65950018614822,"(56.23413251903491, 70.79457843841374]",q11,63.514355478724326
791,busy,bored,631.9655172413793,15.848931924611142,"(13.182567385564074, 17.78279410038923]",q5,15.482680742976651
792,busy,taxi,645.3225806451613,15.488166189124827,"(13.182567385564074, 17.78279410038923]",q5,15.482680742976651
793,button,doll,607.9285714285714,11.481536214968818,"(10.0, 13.182567385564074]",q4,11.591283692782037
794,button,push,610.448275862069,66.06934480075964,"(56.23413251903491, 70.79457843841374]",q11,63.514355478724326
795,buy,dusk,784.56,2.7542287033381663,"(0.0, 2.7542287033381663]",q0,1.3771143516690831
796,buy,sell,605.4666666666667,95.49925860214368,"(87.09635899560814, 112.2018454301963]",q13,99.64910221290222
797,buyer,organize,676.4375,9.549925860214358,"(7.244359600749899, 10.0]",q3,8.62217980037495
798,buyer,seller,747.1290322580645,10.232929922807536,"(10.0, 13.182567385564074]",q4,11.591283692782037
799,buzz,ring,670.4,64.56542290346549,"(56.23413251903491, 70.79457843841374]",q11,63.514355478724326
800,buzz,service,697.1290322580645,309.0295432513592,"(295.1209226666384, 18620.871366628657]",q17,9457.996144647648
801,cab,geometry,773.6969696969697,7.585775750291836,"(7.244359600749899, 10.0]",q3,8.62217980037495
802,cab,taxi,603.6333333333333,15.488166189124827,"(13.182567385564074, 17.78279410038923]",q5,15.482680742976651
803,cabbage,peanut,643.5666666666667,7.943282347242813,"(7.244359600749899, 10.0]",q3,8.62217980037495
804,cabbage,vegetable,664.0645161290323,8.709635899560805,"(7.244359600749899, 10.0]",q3,8.62217980037495
805,cabin,family,565.5333333333333,457.0881896148752,"(295.1209226666384, 18620.871366628657]",q17,9457.996144647648
806,cabin,log,571.1212121212121,23.442288153199225,"(17.78279410038923, 23.9883291901949]",q6,20.885561645292064
807,cabinet,kitchen,588.375,44.668359215096345,"(37.15352290971728, 46.77351412871981]",q9,41.963518519218546
808,cabinet,push,630.4848484848485,66.06934480075964,"(56.23413251903491, 70.79457843841374]",q11,63.514355478724326
809,caboose,minute,652.34375,95.49925860214368,"(87.09635899560814, 112.2018454301963]",q13,99.64910221290222
810,caboose,tail,621.2333333333333,21.87761623949552,"(17.78279410038923, 23.9883291901949]",q6,20.885561645292064
811,cactus,scare,756.3125,11.748975549395302,"(10.0, 13.182567385564074]",q4,11.591283692782037
812,cactus,spine,680.2,8.511380382023768,"(7.244359600749899, 10.0]",q3,8.62217980037495
813,cafe,careful,779.4193548387096,38.904514499428046,"(37.15352290971728, 46.77351412871981]",q9,41.963518519218546
814,cafe,dinner,604.8333333333334,60.25595860743581,"(56.23413251903491, 70.79457843841374]",q11,63.514355478724326
815,caffeine,coffee,591.6451612903226,72.44359600749905,"(70.79457843841374, 87.09635899560814]",q12,78.94546871701094
816,caffeine,pickles,726.2,3.019951720402016,"(2.7542287033381663, 5.011872336272725]",q1,3.8830505198054457
817,cage,wide,636.516129032258,91.20108393559097,"(87.09635899560814, 112.2018454301963]",q13,99.64910221290222
818,cage,wire,589.28125,26.91534803926914,"(23.9883291901949, 29.51209226666384]",q7,26.75021072842937
819,cake,bake,684.8125,8.128305161640995,"(7.244359600749899, 10.0]",q3,8.62217980037495
820,cake,cans,759.4285714285714,6.30957344480193,"(5.011872336272725, 7.244359600749899]",q2,6.128115968511311
821,calculator,math,580.875,28.18382931264455,"(23.9883291901949, 29.51209226666384]",q7,26.75021072842937
822,calculator,rip,844.1111111111111,18.197008586099827,"(17.78279410038923, 23.9883291901949]",q6,20.885561645292064
823,calendar,cat,576.9354838709677,60.25595860743581,"(56.23413251903491, 70.79457843841374]",q11,63.514355478724326
824,calendar,date,599.625,165.95869074375597,"(144.5439770745928, 199.52623149688787]",q15,172.03510428574032
825,call,adolescent,748.3548387096774,3.801893963205613,"(2.7542287033381663, 5.011872336272725]",q1,3.8830505198054457
826,call,yell,625.3125,7.07945784384138,"(5.011872336272725, 7.244359600749899]",q2,6.128115968511311
827,calories,few,595.4666666666667,398.1071705534969,"(295.1209226666384, 18620.871366628657]",q17,9457.996144647648
828,calories,sharp,726.5625,30.199517204020193,"(29.51209226666384, 37.15352290971728]",q8,33.33280758819056
829,camel,coffee,652.6896551724138,72.44359600749905,"(70.79457843841374, 87.09635899560814]",q12,78.94546871701094
830,camel,egypt,663.2413793103449,28.18382931264455,"(23.9883291901949, 29.51209226666384]",q7,26.75021072842937
831,camera,clay,667.0666666666667,19.498445997580454,"(17.78279410038923, 23.9883291901949]",q6,20.885561645292064
832,camera,picture,566.25,134.89628825916532,"(112.2018454301963, 144.5439770745928]",q14,128.37291125239454
833,camp,ground,582.4516129032259,141.25375446227554,"(112.2018454301963, 144.5439770745928]",q14,128.37291125239454
834,camp,hound,735.7857142857143,2.691534803926917,"(0.0, 2.7542287033381663]",q0,1.3771143516690831
835,camping,four,621.0370370370371,338.84415613920277,"(295.1209226666384, 18620.871366628657]",q17,9457.996144647648
836,camping,tent,682.741935483871,11.220184543019629,"(10.0, 13.182567385564074]",q4,11.591283692782037
837,can,coke,635.78125,12.02264434617413,"(10.0, 13.182567385564074]",q4,11.591283692782037
838,can,morning,679.7272727272727,213.79620895022325,"(199.52623149688787, 295.1209226666384]",q16,247.32357708176315
839,canal,hurricane,707.1666666666666,12.589254117941662,"(10.0, 13.182567385564074]",q4,11.591283692782037
840,canal,stream,771.5,41.68693834703355,"(37.15352290971728, 46.77351412871981]",q9,41.963518519218546
841,candidate,bed,575.9666666666667,117.48975549395303,"(112.2018454301963, 144.5439770745928]",q14,128.37291125239454
842,candidate,president,664.2258064516129,281.8382931264455,"(199.52623149688787, 295.1209226666384]",q16,247.32357708176315
843,candy,allow,627.3,102.32929922807536,"(87.09635899560814, 112.2018454301963]",q13,99.64910221290222
844,candy,gum,622.4375,8.709635899560805,"(7.244359600749899, 10.0]",q3,8.62217980037495
845,cane,dill,944.190476190476,1.2882495516931336,"(0.0, 2.7542287033381663]",q0,1.3771143516690831
846,cane,sugar,689.9333333333333,47.863009232263806,"(46.77351412871981, 56.23413251903491]",q10,51.503823323877356
847,canvas,award,634.9354838709677,75.85775750291836,"(70.79457843841374, 87.09635899560814]",q12,78.94546871701094
848,canvas,shoes,622.5454545454545,46.77351412871981,"(37.15352290971728, 46.77351412871981]",q9,41.963518519218546
849,canvass,failure,661.0,52.48074602497723,"(46.77351412871981, 56.23413251903491]",q10,51.503823323877356
850,canvass,painting,764.1612903225806,39.81071705534969,"(37.15352290971728, 46.77351412871981]",q9,41.963518519218546
851,canyon,electric,814.516129032258,52.48074602497723,"(46.77351412871981, 56.23413251903491]",q10,51.503823323877356
852,canyon,grand,693.8064516129032,81.28305161640995,"(70.79457843841374, 87.09635899560814]",q12,78.94546871701094
853,cap,dish,695.0,16.218100973589298,"(13.182567385564074, 17.78279410038923]",q5,15.482680742976651
854,cap,hat,681.8387096774194,33.884415613920275,"(29.51209226666384, 37.15352290971728]",q8,33.33280758819056
855,capability,ability,711.21875,91.20108393559097,"(87.09635899560814, 112.2018454301963]",q13,99.64910221290222
856,capability,winter,620.125,77.62471166286912,"(70.79457843841374, 87.09635899560814]",q12,78.94546871701094
857,capacity,erupt,884.2758620689655,0.9332543007969915,"(0.0, 2.7542287033381663]",q0,1.3771143516690831
858,capacity,full,645.1935483870968,346.73685045253166,"(295.1209226666384, 18620.871366628657]",q17,9457.996144647648
859,cape,ambulance,827.2258064516129,11.481536214968818,"(10.0, 13.182567385564074]",q4,11.591283692782037
860,cape,coral,756.125,7.244359600749899,"(5.011872336272725, 7.244359600749899]",q2,6.128115968511311
861,captain,boss,659.9629629629629,57.543993733715666,"(56.23413251903491, 70.79457843841374]",q11,63.514355478724326
862,captain,nephew,706.1666666666666,10.232929922807536,"(10.0, 13.182567385564074]",q4,11.591283692782037
863,caption,best,602.3333333333334,691.8309709189363,"(295.1209226666384, 18620.871366628657]",q17,9457.996144647648
864,caption,closed,630.6969696969697,79.43282347242821,"(70.79457843841374, 87.09635899560814]",q12,78.94546871701094
865,captive,candy,679.15625,19.498445997580454,"(17.78279410038923, 23.9883291901949]",q6,20.885561645292064
866,captive,prisoner,726.8333333333334,15.848931924611142,"(13.182567385564074, 17.78279410038923]",q5,15.482680742976651
867,capture,busy,710.0666666666667,56.23413251903491,"(46.77351412871981, 56.23413251903491]",q10,51.503823323877356
868,capture,kidnap,704.5,3.019951720402016,"(2.7542287033381663, 5.011872336272725]",q1,3.8830505198054457
869,car,auto,667.53125,30.199517204020193,"(29.51209226666384, 37.15352290971728]",q8,33.33280758819056
870,car,salad,777.2,14.125375446227554,"(13.182567385564074, 17.78279410038923]",q5,15.482680742976651
871,caravan,desert,698.3939393939394,25.11886431509582,"(23.9883291901949, 29.51209226666384]",q7,26.75021072842937
872,caravan,obstacle,695.8620689655172,5.248074602497728,"(5.011872336272725, 7.244359600749899]",q2,6.128115968511311
873,carbon,atom,673.516129032258,5.248074602497728,"(5.011872336272725, 7.244359600749899]",q2,6.128115968511311
874,carbon,murder,599.0,72.44359600749905,"(70.79457843841374, 87.09635899560814]",q12,78.94546871701094
875,cardboard,space,610.2258064516129,169.8243652461746,"(144.5439770745928, 199.52623149688787]",q15,172.03510428574032
876,cardboard,stiff,723.8214285714286,7.943282347242813,"(7.244359600749899, 10.0]",q3,8.62217980037495
877,cardinal,rule,579.2121212121212,87.09635899560814,"(70.79457843841374, 87.09635899560814]",q12,78.94546871701094
878,cardinal,tail,679.6969696969697,21.87761623949552,"(17.78279410038923, 23.9883291901949]",q6,20.885561645292064
879,cards,bass,660.6551724137931,19.054607179632484,"(17.78279410038923, 23.9883291901949]",q6,20.885561645292064
880,cards,poker,621.258064516129,9.332543007969914,"(7.244359600749899, 10.0]",q3,8.62217980037495
881,career,goal,592.7,114.81536214968817,"(112.2018454301963, 144.5439770745928]",q14,128.37291125239454
882,career,pepsi,952.8888888888888,2.7542287033381663,"(0.0, 2.7542287033381663]",q0,1.3771143516690831
883,careful,cautious,815.8620689655172,6.165950018614822,"(5.011872336272725, 7.244359600749899]",q2,6.128115968511311
884,careful,ceremony,706.4193548387096,26.302679918953814,"(23.9883291901949, 29.51209226666384]",q7,26.75021072842937
885,careless,disc,759.32,13.489628825916533,"(13.182567385564074, 17.78279410038923]",q5,15.482680742976651
886,careless,messy,743.0357142857143,7.413102413009177,"(7.244359600749899, 10.0]",q3,8.62217980037495
887,caress,purple,671.53125,20.892961308540407,"(17.78279410038923, 23.9883291901949]",q6,20.885561645292064
888,caress,soft,763.3548387096774,47.863009232263806,"(46.77351412871981, 56.23413251903491]",q10,51.503823323877356
889,caring,loving,572.9666666666667,29.51209226666384,"(23.9883291901949, 29.51209226666384]",q7,26.75021072842937
890,caring,neat,635.84,9.772372209558112,"(7.244359600749899, 10.0]",q3,8.62217980037495
891,carnival,party,644.5333333333333,309.0295432513592,"(295.1209226666384, 18620.871366628657]",q17,9457.996144647648
892,carnival,toothbrush,733.375,2.39883291901949,"(0.0, 2.7542287033381663]",q0,1.3771143516690831
893,carpenter,hammer,725.5806451612904,14.45439770745928,"(13.182567385564074, 17.78279410038923]",q5,15.482680742976651
894,carpenter,push,603.7586206896551,66.06934480075964,"(56.23413251903491, 70.79457843841374]",q11,63.514355478724326
895,carpet,mountains,713.3793103448276,31.622776601683793,"(29.51209226666384, 37.15352290971728]",q8,33.33280758819056
896,carpet,rug,619.59375,5.248074602497728,"(5.011872336272725, 7.244359600749899]",q2,6.128115968511311
897,carrot,elephant,721.8787878787879,12.02264434617413,"(10.0, 13.182567385564074]",q4,11.591283692782037
898,carrot,rabbit,642.4545454545455,11.220184543019629,"(10.0, 13.182567385564074]",q4,11.591283692782037
899,carton,box,672.0625,109.64781961431851,"(87.09635899560814, 112.2018454301963]",q13,99.64910221290222
900,carton,spinach,795.2,3.019951720402016,"(2.7542287033381663, 5.011872336272725]",q1,3.8830505198054457
901,case,court,611.0666666666667,257.03957827688646,"(199.52623149688787, 295.1209226666384]",q16,247.32357708176315
902,case,lid,711.7241379310345,6.456542290346556,"(5.011872336272725, 7.244359600749899]",q2,6.128115968511311
903,cashew,nut,636.516129032258,10.964781961431852,"(10.0, 13.182567385564074]",q4,11.591283692782037
904,cashew,sword,626.3225806451613,23.442288153199225,"(17.78279410038923, 23.9883291901949]",q6,20.885561645292064
905,castle,sand,622.4848484848485,27.54228703338169,"(23.9883291901949, 29.51209226666384]",q7,26.75021072842937
906,castle,temperature,722.5151515151515,43.65158322401656,"(37.15352290971728, 46.77351412871981]",q9,41.963518519218546
907,casual,comfortable,708.0,45.708818961487516,"(37.15352290971728, 46.77351412871981]",q9,41.963518519218546
908,casual,con,920.5,19.054607179632484,"(17.78279410038923, 23.9883291901949]",q6,20.885561645292064
909,catastrophe,goal,669.4375,114.81536214968817,"(112.2018454301963, 144.5439770745928]",q14,128.37291125239454
910,catastrophe,tornado,632.5806451612904,6.6069344800759575,"(5.011872336272725, 7.244359600749899]",q2,6.128115968511311
911,catch,ball,660.15625,109.64781961431851,"(87.09635899560814, 112.2018454301963]",q13,99.64910221290222
912,catch,human,651.0,223.87211385683378,"(199.52623149688787, 295.1209226666384]",q16,247.32357708176315
913,catcher,baseball,674.5333333333333,34.673685045253166,"(29.51209226666384, 37.15352290971728]",q8,33.33280758819056
914,catcher,clear,634.1333333333333,177.82794100389228,"(144.5439770745928, 199.52623149688787]",q15,172.03510428574032
915,cattle,horse,798.2,57.543993733715666,"(56.23413251903491, 70.79457843841374]",q11,63.514355478724326
916,cattle,seller,708.8148148148148,10.232929922807536,"(10.0, 13.182567385564074]",q4,11.591283692782037
917,cauliflower,broccoli,741.8387096774194,3.1622776601683795,"(2.7542287033381663, 5.011872336272725]",q1,3.8830505198054457
918,cauliflower,scare,726.9375,11.748975549395302,"(10.0, 13.182567385564074]",q4,11.591283692782037
919,cause,thursday,697.6875,41.68693834703355,"(37.15352290971728, 46.77351412871981]",q9,41.963518519218546
920,cause,why,584.0625,851.1380382023759,"(295.1209226666384, 18620.871366628657]",q17,9457.996144647648
921,caution,army,619.09375,114.81536214968817,"(112.2018454301963, 144.5439770745928]",q14,128.37291125239454
922,caution,danger,630.0625,38.904514499428046,"(37.15352290971728, 46.77351412871981]",q9,41.963518519218546
923,cautious,careful,659.1212121212121,38.904514499428046,"(37.15352290971728, 46.77351412871981]",q9,41.963518519218546
924,cautious,come,711.8484848484849,602.5595860743581,"(295.1209226666384, 18620.871366628657]",q17,9457.996144647648
925,cave,hundred,675.0,51.28613839913648,"(46.77351412871981, 56.23413251903491]",q10,51.503823323877356
926,cave,opening,642.8387096774194,87.09635899560814,"(70.79457843841374, 87.09635899560814]",q12,78.94546871701094
927,cavern,cave,552.0,15.848931924611142,"(13.182567385564074, 17.78279410038923]",q5,15.482680742976651
928,cavern,shape,601.0967741935484,52.48074602497723,"(46.77351412871981, 56.23413251903491]",q10,51.503823323877356
929,cavity,cave,568.21875,15.848931924611142,"(13.182567385564074, 17.78279410038923]",q5,15.482680742976651
930,cavity,insane,845.2,25.11886431509582,"(23.9883291901949, 29.51209226666384]",q7,26.75021072842937
931,ceiling,red,591.060606060606,208.92961308540407,"(199.52623149688787, 295.1209226666384]",q16,247.32357708176315
932,ceiling,wall,602.15625,109.64781961431851,"(87.09635899560814, 112.2018454301963]",q13,99.64910221290222
933,celcius,after,677.3333333333334,1288.249551693135,"(295.1209226666384, 18620.871366628657]",q17,9457.996144647648
934,celebration,lie,657.5333333333333,69.18309709189363,"(56.23413251903491, 70.79457843841374]",q11,63.514355478724326
935,celebration,party,693.3870967741935,309.0295432513592,"(295.1209226666384, 18620.871366628657]",q17,9457.996144647648
936,celery,carrot,653.0,4.168693834703355,"(2.7542287033381663, 5.011872336272725]",q1,3.8830505198054457
937,celery,stay,689.9655172413793,213.79620895022325,"(199.52623149688787, 295.1209226666384]",q16,247.32357708176315
938,cellar,attic,730.375,4.265795188015925,"(2.7542287033381663, 5.011872336272725]",q1,3.8830505198054457
939,cellar,hair,565.9677419354839,120.22644346174131,"(112.2018454301963, 144.5439770745928]",q14,128.37291125239454
940,cello,bass,641.3333333333334,19.054607179632484,"(17.78279410038923, 23.9883291901949]",q6,20.885561645292064
941,cello,lot,689.59375,407.380277804113,"(295.1209226666384, 18620.871366628657]",q17,9457.996144647648
942,celsius,temperature,686.40625,43.65158322401656,"(37.15352290971728, 46.77351412871981]",q9,41.963518519218546
943,cement,anxiety,823.6206896551724,28.18382931264455,"(23.9883291901949, 29.51209226666384]",q7,26.75021072842937
944,cement,concrete,749.1333333333333,27.54228703338169,"(23.9883291901949, 29.51209226666384]",q7,26.75021072842937
945,cemetery,grave,737.8666666666667,20.417379446695275,"(17.78279410038923, 23.9883291901949]",q6,20.885561645292064
946,cemetery,neck,757.9666666666667,42.65795188015925,"(37.15352290971728, 46.77351412871981]",q9,41.963518519218546
947,center,middle,584.1818181818181,151.3561248436207,"(144.5439770745928, 199.52623149688787]",q15,172.03510428574032
948,center,opening,708.9655172413793,87.09635899560814,"(70.79457843841374, 87.09635899560814]",q12,78.94546871701094
949,central,center,622.0,154.88166189124829,"(144.5439770745928, 199.52623149688787]",q15,172.03510428574032
950,central,lawyer,652.6129032258065,46.77351412871981,"(37.15352290971728, 46.77351412871981]",q9,41.963518519218546
951,cents,dollars,629.71875,60.25595860743581,"(56.23413251903491, 70.79457843841374]",q11,63.514355478724326
952,cents,wife,595.1935483870968,169.8243652461746,"(144.5439770745928, 199.52623149688787]",q15,172.03510428574032
953,century,elect,732.3103448275862,10.71519305237607,"(10.0, 13.182567385564074]",q4,11.591283692782037
954,century,year,546.5333333333333,912.0108393559096,"(295.1209226666384, 18620.871366628657]",q17,9457.996144647648
955,ceramics,blonde,724.75,10.964781961431852,"(10.0, 13.182567385564074]",q4,11.591283692782037
956,ceramics,crafts,748.1875,5.370317963702527,"(5.011872336272725, 7.244359600749899]",q2,6.128115968511311
957,cereal,breakfast,698.6969696969697,40.7380277804113,"(37.15352290971728, 46.77351412871981]",q9,41.963518519218546
958,cereal,uncle,649.939393939394,28.18382931264455,"(23.9883291901949, 29.51209226666384]",q7,26.75021072842937
959,ceremony,graduation,689.84375,11.748975549395302,"(10.0, 13.182567385564074]",q4,11.591283692782037
960,ceremony,sly,676.2307692307693,2.5118864315095797,"(0.0, 2.7542287033381663]",q0,1.3771143516690831
961,chain,china,691.8214285714286,125.89254117941661,"(112.2018454301963, 144.5439770745928]",q14,128.37291125239454
962,chain,saw,627.3870967741935,218.77616239495518,"(199.52623149688787, 295.1209226666384]",q16,247.32357708176315
963,chair,coffee,598.09375,72.44359600749905,"(70.79457843841374, 87.09635899560814]",q12,78.94546871701094
964,chair,table,599.8787878787879,112.2018454301963,"(87.09635899560814, 112.2018454301963]",q13,99.64910221290222
965,chairperson,fries,810.7142857142857,6.456542290346556,"(5.011872336272725, 7.244359600749899]",q2,6.128115968511311
966,chairperson,leader,692.25,89.12509381337459,"(87.09635899560814, 112.2018454301963]",q13,99.64910221290222
967,chalk,crayon,772.0333333333333,1.122018454301963,"(0.0, 2.7542287033381663]",q0,1.3771143516690831
968,chalk,diamond,648.8387096774194,26.302679918953814,"(23.9883291901949, 29.51209226666384]",q7,26.75021072842937
969,chalkboard,branch,849.6451612903226,38.018939632056124,"(37.15352290971728, 46.77351412871981]",q9,41.963518519218546
970,chalkboard,write,625.2903225806451,107.1519305237607,"(87.09635899560814, 112.2018454301963]",q13,99.64910221290222
971,chamber,present,676.5,151.3561248436207,"(144.5439770745928, 199.52623149688787]",q15,172.03510428574032
972,chamber,room,666.375,245.47089156850285,"(199.52623149688787, 295.1209226666384]",q16,247.32357708176315
973,champagne,beer,630.5625,50.11872336272725,"(46.77351412871981, 56.23413251903491]",q10,51.503823323877356
974,champagne,painting,661.0967741935484,39.81071705534969,"(37.15352290971728, 46.77351412871981]",q9,41.963518519218546
975,champion,boxer,586.0967741935484,5.4954087385762485,"(5.011872336272725, 7.244359600749899]",q2,6.128115968511311
976,champion,penny,751.21875,11.748975549395302,"(10.0, 13.182567385564074]",q4,11.591283692782037
977,chance,bow,659.5714285714286,19.952623149688787,"(17.78279410038923, 23.9883291901949]",q6,20.885561645292064
978,chance,luck,654.7666666666667,81.28305161640995,"(70.79457843841374, 87.09635899560814]",q12,78.94546871701094
979,change,chicken,570.030303030303,42.65795188015925,"(37.15352290971728, 46.77351412871981]",q9,41.963518519218546
980,change,different,685.96875,389.04514499428046,"(295.1209226666384, 18620.871366628657]",q17,9457.996144647648
981,channel,marker,713.6071428571429,7.413102413009177,"(7.244359600749899, 10.0]",q3,8.62217980037495
982,channel,mine,657.939393939394,109.64781961431851,"(87.09635899560814, 112.2018454301963]",q13,99.64910221290222
983,chaos,bag,675.2727272727273,61.65950018614822,"(56.23413251903491, 70.79457843841374]",q11,63.514355478724326
984,chaos,confusion,655.7857142857143,15.488166189124827,"(13.182567385564074, 17.78279410038923]",q5,15.482680742976651
985,chapel,jungle,724.1875,13.182567385564074,"(10.0, 13.182567385564074]",q4,11.591283692782037
986,chapel,priest,780.4333333333333,21.379620895022324,"(17.78279410038923, 23.9883291901949]",q6,20.885561645292064
987,chapter,sorority,912.1071428571428,1.8197008586099825,"(0.0, 2.7542287033381663]",q0,1.3771143516690831
988,chapter,trash,634.90625,26.302679918953814,"(23.9883291901949, 29.51209226666384]",q7,26.75021072842937
989,character,personality,696.7878787878788,35.481338923357534,"(29.51209226666384, 37.15352290971728]",q8,33.33280758819056
990,character,talk,571.9090909090909,263.02679918953817,"(199.52623149688787, 295.1209226666384]",q16,247.32357708176315
991,characteristic,look,704.2258064516129,645.6542290346549,"(295.1209226666384, 18620.871366628657]",q17,9457.996144647648
992,characteristic,trait,826.90625,4.897788193684462,"(2.7542287033381663, 5.011872336272725]",q1,3.8830505198054457
993,charcoal,grill,696.0333333333333,6.918309709189363,"(5.011872336272725, 7.244359600749899]",q2,6.128115968511311
994,charcoal,star,643.483870967742,154.88166189124829,"(144.5439770745928, 199.52623149688787]",q15,172.03510428574032
995,charge,electric,704.4193548387096,52.48074602497723,"(46.77351412871981, 56.23413251903491]",q10,51.503823323877356
996,charge,safe,553.1875,117.48975549395303,"(112.2018454301963, 144.5439770745928]",q14,128.37291125239454
997,charm,bracelet,699.7333333333333,5.011872336272725,"(2.7542287033381663, 5.011872336272725]",q1,3.8830505198054457
998,charm,wolf,650.8387096774194,22.38721138568338,"(17.78279410038923, 23.9883291901949]",q6,20.885561645292064
999,chart,graph,651.7,11.220184543019629,"(10.0, 13.182567385564074]",q4,11.591283692782037
1000,chart,winner,691.5,63.0957344480193,"(56.23413251903491, 70.79457843841374]",q11,63.514355478724326
1001,cheap,auto,601.75,30.199517204020193,"(29.51209226666384, 37.15352290971728]",q8,33.33280758819056
1002,cheap,sale,653.0,97.72372209558111,"(87.09635899560814, 112.2018454301963]",q13,99.64910221290222
1003,cheat,fail,653.5,40.7380277804113,"(37.15352290971728, 46.77351412871981]",q9,41.963518519218546
1004,cheat,wear,670.5483870967741,83.17637711026708,"(70.79457843841374, 87.09635899560814]",q12,78.94546871701094
1005,check,cash,642.8064516129032,83.17637711026708,"(70.79457843841374, 87.09635899560814]",q12,78.94546871701094
1006,check,tight,616.3225806451613,37.15352290971728,"(29.51209226666384, 37.15352290971728]",q8,33.33280758819056
1007,checkers,cotton,705.741935483871,22.38721138568338,"(17.78279410038923, 23.9883291901949]",q6,20.885561645292064
1008,checkers,round,737.0666666666667,138.03842646028838,"(112.2018454301963, 144.5439770745928]",q14,128.37291125239454
1009,checking,account,644.8666666666667,162.18100973589299,"(144.5439770745928, 199.52623149688787]",q15,172.03510428574032
1010,checking,snow,667.8064516129032,45.708818961487516,"(37.15352290971728, 46.77351412871981]",q9,41.963518519218546
1011,cheerleader,rock,673.939393939394,107.1519305237607,"(87.09635899560814, 112.2018454301963]",q13,99.64910221290222
1012,cheerleader,snob,848.4444444444445,0.9120108393559097,"(0.0, 2.7542287033381663]",q0,1.3771143516690831
1013,chef,donkey,613.8125,4.168693834703355,"(2.7542287033381663, 5.011872336272725]",q1,3.8830505198054457
1014,chef,waiter,620.8387096774194,4.073802778041126,"(2.7542287033381663, 5.011872336272725]",q1,3.8830505198054457
1015,chemical,muscle,676.9642857142857,27.54228703338169,"(23.9883291901949, 29.51209226666384]",q7,26.75021072842937
1016,chemical,reaction,605.9677419354839,53.70317963702533,"(46.77351412871981, 56.23413251903491]",q10,51.503823323877356
1017,chemist,scientist,726.9354838709677,16.218100973589298,"(13.182567385564074, 17.78279410038923]",q5,15.482680742976651
1018,chemist,wool,735.1481481481482,8.128305161640995,"(7.244359600749899, 10.0]",q3,8.62217980037495
1019,chemistry,body,644.84375,251.18864315095823,"(199.52623149688787, 295.1209226666384]",q16,247.32357708176315
1020,chemistry,science,566.3666666666667,131.82567385564073,"(112.2018454301963, 144.5439770745928]",q14,128.37291125239454
1021,chess,foot,593.030303030303,74.13102413009177,"(70.79457843841374, 87.09635899560814]",q12,78.94546871701094
1022,chess,king,609.060606060606,147.91083881682073,"(144.5439770745928, 199.52623149688787]",q15,172.03510428574032
1023,chew,little,646.516129032258,562.341325190349,"(295.1209226666384, 18620.871366628657]",q17,9457.996144647648
1024,chew,swallow,710.9354838709677,7.413102413009177,"(7.244359600749899, 10.0]",q3,8.62217980037495
1025,chicken,communism,960.1290322580644,6.30957344480193,"(5.011872336272725, 7.244359600749899]",q2,6.128115968511311
1026,chicken,soup,592.0625,14.125375446227554,"(13.182567385564074, 17.78279410038923]",q5,15.482680742976651
1027,chief,leader,605.7741935483871,89.12509381337459,"(87.09635899560814, 112.2018454301963]",q13,99.64910221290222
1028,chief,neat,770.1666666666666,9.772372209558112,"(7.244359600749899, 10.0]",q3,8.62217980037495
1029,child,baby,563.5625,181.97008586099827,"(144.5439770745928, 199.52623149688787]",q15,172.03510428574032
1030,child,dots,767.8846153846154,5.754399373371567,"(5.011872336272725, 7.244359600749899]",q2,6.128115968511311
1031,childish,immature,802.4285714285714,4.570881896148752,"(2.7542287033381663, 5.011872336272725]",q1,3.8830505198054457
1032,childish,listen,657.9333333333333,114.81536214968817,"(112.2018454301963, 144.5439770745928]",q14,128.37291125239454
1033,children,kids,649.5806451612904,190.54607179632484,"(144.5439770745928, 199.52623149688787]",q15,172.03510428574032
1034,children,superior,745.0,28.84031503126606,"(23.9883291901949, 29.51209226666384]",q7,26.75021072842937
1035,chime,bell,599.15625,38.904514499428046,"(37.15352290971728, 46.77351412871981]",q9,41.963518519218546
1036,chime,blonde,671.4,10.964781961431852,"(10.0, 13.182567385564074]",q4,11.591283692782037
1037,chimpanzee,ape,633.0689655172414,3.019951720402016,"(2.7542287033381663, 5.011872336272725]",q1,3.8830505198054457
1038,chimpanzee,snake,658.78125,16.98243652461746,"(13.182567385564074, 17.78279410038923]",q5,15.482680742976651
1039,china,cab,657.68,8.91250938133746,"(7.244359600749899, 10.0]",q3,8.62217980037495
1040,china,dish,642.483870967742,16.218100973589298,"(13.182567385564074, 17.78279410038923]",q5,15.482680742976651
1041,china,stairs,648.0333333333333,13.803842646028839,"(13.182567385564074, 17.78279410038923]",q5,15.482680742976651
1042,chinese,bread,628.84375,31.622776601683793,"(29.51209226666384, 37.15352290971728]",q8,33.33280758819056
1043,chinese,rice,595.46875,35.481338923357534,"(29.51209226666384, 37.15352290971728]",q8,33.33280758819056
1044,chip,meat,675.0,42.65795188015925,"(37.15352290971728, 46.77351412871981]",q9,41.963518519218546
1045,chip,potato,598.2258064516129,12.88249551693135,"(10.0, 13.182567385564074]",q4,11.591283692782037
1046,chipmunk,cards,691.5333333333333,57.543993733715666,"(56.23413251903491, 70.79457843841374]",q11,63.514355478724326
1047,chipmunk,squirrel,716.8666666666667,4.897788193684462,"(2.7542287033381663, 5.011872336272725]",q1,3.8830505198054457
1048,chips,movement,704.96875,93.32543007969905,"(87.09635899560814, 112.2018454301963]",q13,99.64910221290222
1049,chips,potato,552.40625,12.88249551693135,"(10.0, 13.182567385564074]",q4,11.591283692782037
1050,chisel,chip,582.7741935483871,20.417379446695275,"(17.78279410038923, 23.9883291901949]",q6,20.885561645292064
1051,chisel,climb,724.3333333333334,16.595869074375596,"(13.182567385564074, 17.78279410038923]",q5,15.482680742976651
1052,chocolate,candy,556.4193548387096,19.498445997580454,"(17.78279410038923, 23.9883291901949]",q6,20.885561645292064
1053,chocolate,leather,646.6875,22.38721138568338,"(17.78279410038923, 23.9883291901949]",q6,20.885561645292064
1054,choice,decision,629.375,123.02687708123811,"(112.2018454301963, 144.5439770745928]",q14,128.37291125239454
1055,choice,frankenstein,987.0,2.1379620895022327,"(0.0, 2.7542287033381663]",q0,1.3771143516690831
1056,choose,monkey,687.4375,11.748975549395302,"(10.0, 13.182567385564074]",q4,11.591283692782037
1057,choose,pick,607.5483870967741,120.22644346174131,"(112.2018454301963, 144.5439770745928]",q14,128.37291125239454
1058,chop,ax,711.0,2.1877616239495516,"(0.0, 2.7542287033381663]",q0,1.3771143516690831
1059,chop,learn,650.1290322580645,147.91083881682073,"(144.5439770745928, 199.52623149688787]",q15,172.03510428574032
1060,chorus,song,606.0967741935484,181.97008586099827,"(144.5439770745928, 199.52623149688787]",q15,172.03510428574032
1061,chorus,toothpaste,942.548387096774,2.344228815319923,"(0.0, 2.7542287033381663]",q0,1.3771143516690831
1062,christ,jesus,610.40625,97.72372209558111,"(87.09635899560814, 112.2018454301963]",q13,99.64910221290222
1063,christ,on,614.0,8128.305161640995,"(295.1209226666384, 18620.871366628657]",q17,9457.996144647648
1064,christian,enough,629.2903225806451,346.73685045253166,"(295.1209226666384, 18620.871366628657]",q17,9457.996144647648
1065,christian,jewish,723.5,40.7380277804113,"(37.15352290971728, 46.77351412871981]",q9,41.963518519218546
1066,christmas,santa,676.4137931034483,30.90295432513592,"(29.51209226666384, 37.15352290971728]",q8,33.33280758819056
1067,christmas,sky,633.125,52.48074602497723,"(46.77351412871981, 56.23413251903491]",q10,51.503823323877356
1068,chromosomes,fence,679.8275862068965,16.218100973589298,"(13.182567385564074, 17.78279410038923]",q5,15.482680742976651
1069,chromosomes,sex,741.1612903225806,165.95869074375597,"(144.5439770745928, 199.52623149688787]",q15,172.03510428574032
1070,chunk,christ,833.9642857142857,61.65950018614822,"(56.23413251903491, 70.79457843841374]",q11,63.514355478724326
1071,chunk,piece,650.875,109.64781961431851,"(87.09635899560814, 112.2018454301963]",q13,99.64910221290222
1072,church,religion,596.9677419354839,54.954087385762485,"(46.77351412871981, 56.23413251903491]",q10,51.503823323877356
1073,church,white,649.5,323.5936569296281,"(295.1209226666384, 18620.871366628657]",q17,9457.996144647648
1074,cigar,smoke,648.4666666666667,46.77351412871981,"(37.15352290971728, 46.77351412871981]",q9,41.963518519218546
1075,cigar,south,679.8064516129032,251.18864315095823,"(199.52623149688787, 295.1209226666384]",q16,247.32357708176315
1076,cinnamon,klutz,1165.7777777777778,0.13182567385564073,"(0.0, 2.7542287033381663]",q0,1.3771143516690831
1077,cinnamon,toast,602.7096774193549,9.120108393559097,"(7.244359600749899, 10.0]",q3,8.62217980037495
1078,circle,square,657.3125,69.18309709189363,"(56.23413251903491, 70.79457843841374]",q11,63.514355478724326
1079,circle,wimp,908.952380952381,0.5248074602497729,"(0.0, 2.7542287033381663]",q0,1.3771143516690831
1080,circumstance,ruler,592.1875,6.918309709189363,"(5.011872336272725, 7.244359600749899]",q2,6.128115968511311
1081,circumstance,situation,672.125,123.02687708123811,"(112.2018454301963, 144.5439770745928]",q14,128.37291125239454
1082,circus,clown,654.0645161290323,8.511380382023768,"(7.244359600749899, 10.0]",q3,8.62217980037495
1083,circus,minute,619.9310344827586,95.49925860214368,"(87.09635899560814, 112.2018454301963]",q13,99.64910221290222
1084,citizen,geek,853.1851851851852,4.073802778041126,"(2.7542287033381663, 5.011872336272725]",q1,3.8830505198054457
1085,citizen,person,628.9,354.8133892335753,"(295.1209226666384, 18620.871366628657]",q17,9457.996144647648
1086,city,state,657.7333333333333,602.5595860743581,"(295.1209226666384, 18620.871366628657]",q17,9457.996144647648
1087,city,vomit,787.7,3.388441561392024,"(2.7542287033381663, 5.011872336272725]",q1,3.8830505198054457
1088,claim,insurance,788.0666666666667,87.09635899560814,"(70.79457843841374, 87.09635899560814]",q12,78.94546871701094
1089,claim,persuade,707.7333333333333,6.6069344800759575,"(5.011872336272725, 7.244359600749899]",q2,6.128115968511311
1090,clam,flakes,707.6129032258065,2.39883291901949,"(0.0, 2.7542287033381663]",q0,1.3771143516690831
1091,clam,oyster,791.3928571428571,3.4673685045253166,"(2.7542287033381663, 5.011872336272725]",q1,3.8830505198054457
1092,clamp,school,682.6875,512.8613839913648,"(295.1209226666384, 18620.871366628657]",q17,9457.996144647648
1093,clamp,tool,585.5806451612904,36.3078054770101,"(29.51209226666384, 37.15352290971728]",q8,33.33280758819056
1094,clarify,repeat,701.0,30.90295432513592,"(29.51209226666384, 37.15352290971728]",q8,33.33280758819056
1095,clarify,tape,642.90625,27.54228703338169,"(23.9883291901949, 29.51209226666384]",q7,26.75021072842937
1096,clarinet,flute,675.0,3.311311214825911,"(2.7542287033381663, 5.011872336272725]",q1,3.8830505198054457
1097,clarinet,soft,601.2413793103449,47.863009232263806,"(46.77351412871981, 56.23413251903491]",q10,51.503823323877356
1098,claw,cat,647.0322580645161,60.25595860743581,"(56.23413251903491, 70.79457843841374]",q11,63.514355478724326
1099,claw,glue,710.0,6.30957344480193,"(5.011872336272725, 7.244359600749899]",q2,6.128115968511311
1100,clean,blood,621.1212121212121,125.89254117941661,"(112.2018454301963, 144.5439770745928]",q14,128.37291125239454
1101,clean,dirty,622.2903225806451,35.481338923357534,"(29.51209226666384, 37.15352290971728]",q8,33.33280758819056
1102,cleaner,maid,716.6333333333333,7.244359600749899,"(5.011872336272725, 7.244359600749899]",q2,6.128115968511311
1103,cleaner,nice,704.7,234.42288153199226,"(199.52623149688787, 295.1209226666384]",q16,247.32357708176315
1104,cleaning,dust,597.1935483870968,25.703957827688647,"(23.9883291901949, 29.51209226666384]",q7,26.75021072842937
1105,cleaning,harvest,768.5806451612904,10.71519305237607,"(10.0, 13.182567385564074]",q4,11.591283692782037
1106,clear,cloudy,697.1612903225806,3.5481338923357533,"(2.7542287033381663, 5.011872336272725]",q1,3.8830505198054457
1107,clear,ski,591.6875,13.489628825916533,"(13.182567385564074, 17.78279410038923]",q5,15.482680742976651
1108,clench,bed,584.625,117.48975549395303,"(112.2018454301963, 144.5439770745928]",q14,128.37291125239454
1109,clench,tighten,754.8064516129032,3.235936569296281,"(2.7542287033381663, 5.011872336272725]",q1,3.8830505198054457
1110,clerk,metal,647.6363636363636,66.06934480075964,"(56.23413251903491, 70.79457843841374]",q11,63.514355478724326
1111,clerk,person,586.5483870967741,354.8133892335753,"(295.1209226666384, 18620.871366628657]",q17,9457.996144647648
1112,clever,fad,872.421052631579,1.8197008586099825,"(0.0, 2.7542287033381663]",q0,1.3771143516690831
1113,clever,stupid,644.71875,87.09635899560814,"(70.79457843841374, 87.09635899560814]",q12,78.94546871701094
1114,click,mouse,619.6451612903226,20.417379446695275,"(17.78279410038923, 23.9883291901949]",q6,20.885561645292064
1115,click,whole,675.7878787878788,288.40315031266056,"(199.52623149688787, 295.1209226666384]",q16,247.32357708176315
1116,cliff,angel,627.0,28.18382931264455,"(23.9883291901949, 29.51209226666384]",q7,26.75021072842937
1117,cliff,ledge,665.6,2.570395782768865,"(0.0, 2.7542287033381663]",q0,1.3771143516690831
1118,climate,none,728.09375,85.11380382023759,"(70.79457843841374, 87.09635899560814]",q12,78.94546871701094
1119,climate,weather,609.1935483870968,74.13102413009177,"(70.79457843841374, 87.09635899560814]",q12,78.94546871701094
1120,climax,florida,707.6363636363636,57.543993733715666,"(56.23413251903491, 70.79457843841374]",q11,63.514355478724326
1121,climax,orgasm,800.6774193548387,4.677351412871981,"(2.7542287033381663, 5.011872336272725]",q1,3.8830505198054457
1122,clippers,climate,630.5806451612904,51.28613839913648,"(46.77351412871981, 56.23413251903491]",q10,51.503823323877356
1123,clippers,scissors,724.3125,3.801893963205613,"(2.7542287033381663, 5.011872336272725]",q1,3.8830505198054457
1124,cloak,dagger,727.2758620689655,3.4673685045253166,"(2.7542287033381663, 5.011872336272725]",q1,3.8830505198054457
1125,cloak,temple,738.34375,28.18382931264455,"(23.9883291901949, 29.51209226666384]",q7,26.75021072842937
1126,clockwise,bad,728.0625,338.84415613920277,"(295.1209226666384, 18620.871366628657]",q17,9457.996144647648
1127,clockwise,direction,619.0,85.11380382023759,"(70.79457843841374, 87.09635899560814]",q12,78.94546871701094
1128,clog,ass,693.9677419354839,100.0,"(87.09635899560814, 112.2018454301963]",q13,99.64910221290222
1129,clog,drain,711.28125,11.748975549395302,"(10.0, 13.182567385564074]",q4,11.591283692782037
1130,clorox,bleach,656.125,3.235936569296281,"(2.7542287033381663, 5.011872336272725]",q1,3.8830505198054457
1131,clorox,dinosaur,808.7741935483871,5.88843655355589,"(5.011872336272725, 7.244359600749899]",q2,6.128115968511311
1132,close,near,578.1875,194.98445997580455,"(144.5439770745928, 199.52623149688787]",q15,172.03510428574032
1133,close,priest,817.7037037037037,21.379620895022324,"(17.78279410038923, 23.9883291901949]",q6,20.885561645292064
1134,closing,opening,561.9032258064516,87.09635899560814,"(70.79457843841374, 87.09635899560814]",q12,78.94546871701094
1135,closing,package,693.483870967742,28.84031503126606,"(23.9883291901949, 29.51209226666384]",q7,26.75021072842937
1136,cloth,camp,683.8666666666667,61.65950018614822,"(56.23413251903491, 70.79457843841374]",q11,63.514355478724326
1137,cloth,material,687.3666666666667,89.12509381337459,"(87.09635899560814, 112.2018454301963]",q13,99.64910221290222
1138,clothes,wear,581.96875,83.17637711026708,"(70.79457843841374, 87.09635899560814]",q12,78.94546871701094
1139,clothes,world,587.6551724137931,776.2471166286912,"(295.1209226666384, 18620.871366628657]",q17,9457.996144647648
1140,cloud,second,665.9032258064516,426.57951880159254,"(295.1209226666384, 18620.871366628657]",q17,9457.996144647648
1141,cloud,sky,651.1,52.48074602497723,"(46.77351412871981, 56.23413251903491]",q10,51.503823323877356
1142,clown,funny,558.875,104.71285480508985,"(87.09635899560814, 112.2018454301963]",q13,99.64910221290222
1143,clown,unknown,652.15625,33.884415613920275,"(29.51209226666384, 37.15352290971728]",q8,33.33280758819056
1144,club,fraternity,819.9285714285714,3.630780547701014,"(2.7542287033381663, 5.011872336272725]",q1,3.8830505198054457
1145,club,tool,582.1935483870968,36.3078054770101,"(29.51209226666384, 37.15352290971728]",q8,33.33280758819056
1146,clumsy,important,703.9,275.4228703338169,"(199.52623149688787, 295.1209226666384]",q16,247.32357708176315
1147,clumsy,klutz,1152.888888888889,0.13182567385564073,"(0.0, 2.7542287033381663]",q0,1.3771143516690831
1148,coach,jesus,687.483870967742,97.72372209558111,"(87.09635899560814, 112.2018454301963]",q13,99.64910221290222
1149,coach,team,608.8,467.73514128719813,"(295.1209226666384, 18620.871366628657]",q17,9457.996144647648
1150,coal,diamond,707.0322580645161,26.302679918953814,"(23.9883291901949, 29.51209226666384]",q7,26.75021072842937
1151,coal,wolf,690.1935483870968,22.38721138568338,"(17.78279410038923, 23.9883291901949]",q6,20.885561645292064
1152,coast,actor,585.060606060606,44.668359215096345,"(37.15352290971728, 46.77351412871981]",q9,41.963518519218546
1153,coast,beach,784.7666666666667,83.17637711026708,"(70.79457843841374, 87.09635899560814]",q12,78.94546871701094
1154,cob,magic,585.78125,57.543993733715666,"(56.23413251903491, 70.79457843841374]",q11,63.514355478724326
1155,cob,web,699.375,54.954087385762485,"(46.77351412871981, 56.23413251903491]",q10,51.503823323877356
1156,cobbler,american,744.6451612903226,309.0295432513592,"(295.1209226666384, 18620.871366628657]",q17,9457.996144647648
1157,cobbler,peach,687.71875,5.88843655355589,"(5.011872336272725, 7.244359600749899]",q2,6.128115968511311
1158,cobra,maze,798.3076923076923,4.46683592150963,"(2.7542287033381663, 5.011872336272725]",q1,3.8830505198054457
1159,cobra,snake,603.3225806451613,16.98243652461746,"(13.182567385564074, 17.78279410038923]",q5,15.482680742976651
1160,cobweb,bargain,852.516129032258,8.91250938133746,"(7.244359600749899, 10.0]",q3,8.62217980037495
1161,cobweb,spider,645.0,17.78279410038923,"(13.182567385564074, 17.78279410038923]",q5,15.482680742976651
1162,cocky,arrogant,779.1290322580645,5.4954087385762485,"(5.011872336272725, 7.244359600749899]",q2,6.128115968511311
1163,cocky,wet,590.78125,34.673685045253166,"(29.51209226666384, 37.15352290971728]",q8,33.33280758819056
1164,cocoon,butterfly,622.71875,8.511380382023768,"(7.244359600749899, 10.0]",q3,8.62217980037495
1165,cocoon,spider,642.65625,17.78279410038923,"(13.182567385564074, 17.78279410038923]",q5,15.482680742976651
1166,cod,cans,706.1481481481482,6.30957344480193,"(5.011872336272725, 7.244359600749899]",q2,6.128115968511311
1167,cod,fish,673.0344827586207,79.43282347242821,"(70.79457843841374, 87.09635899560814]",q12,78.94546871701094
1168,code,politics,746.3448275862069,74.13102413009177,"(70.79457843841374, 87.09635899560814]",q12,78.94546871701094
1169,code,red,558.741935483871,208.92961308540407,"(199.52623149688787, 295.1209226666384]",q16,247.32357708176315
1170,coffee,life,644.7333333333333,776.2471166286912,"(295.1209226666384, 18620.871366628657]",q17,9457.996144647648
1171,coffee,tea,692.7666666666667,53.70317963702533,"(46.77351412871981, 56.23413251903491]",q10,51.503823323877356
1172,coffin,death,612.516129032258,251.18864315095823,"(199.52623149688787, 295.1209226666384]",q16,247.32357708176315
1173,coffin,decide,740.6666666666666,60.25595860743581,"(56.23413251903491, 70.79457843841374]",q11,63.514355478724326
1174,coke,pepsi,787.3548387096774,2.7542287033381663,"(0.0, 2.7542287033381663]",q0,1.3771143516690831
1175,coke,thanks,718.7096774193549,269.1534803926914,"(199.52623149688787, 295.1209226666384]",q16,247.32357708176315
1176,cold,cover,751.8571428571429,120.22644346174131,"(112.2018454301963, 144.5439770745928]",q14,128.37291125239454
1177,cold,snow,646.15625,45.708818961487516,"(37.15352290971728, 46.77351412871981]",q9,41.963518519218546
1178,coleslaw,cabbage,728.3448275862069,3.5481338923357533,"(2.7542287033381663, 5.011872336272725]",q1,3.8830505198054457
1179,coleslaw,mouse,666.6666666666666,20.417379446695275,"(17.78279410038923, 23.9883291901949]",q6,20.885561645292064
1180,collect,real,633.9333333333333,398.1071705534969,"(295.1209226666384, 18620.871366628657]",q17,9457.996144647648
1181,collect,stamp,692.5,12.88249551693135,"(10.0, 13.182567385564074]",q4,11.591283692782037
1182,college,journey,658.258064516129,44.668359215096345,"(37.15352290971728, 46.77351412871981]",q9,41.963518519218546
1183,college,school,544.65625,512.8613839913648,"(295.1209226666384, 18620.871366628657]",q17,9457.996144647648
1184,colonel,general,608.0,295.1209226666384,"(199.52623149688787, 295.1209226666384]",q16,247.32357708176315
1185,colonel,words,683.4375,177.82794100389228,"(144.5439770745928, 199.52623149688787]",q15,172.03510428574032
1186,colt,gun,595.0689655172414,91.20108393559097,"(87.09635899560814, 112.2018454301963]",q13,99.64910221290222
1187,colt,shovel,826.7142857142857,3.1622776601683795,"(2.7542287033381663, 5.011872336272725]",q1,3.8830505198054457
1188,column,hallway,668.375,5.248074602497728,"(5.011872336272725, 7.244359600749899]",q2,6.128115968511311
1189,column,newspaper,744.1666666666666,39.81071705534969,"(37.15352290971728, 46.77351412871981]",q9,41.963518519218546
1190,combination,load,604.2903225806451,38.018939632056124,"(37.15352290971728, 46.77351412871981]",q9,41.963518519218546
1191,combination,mixture,848.4666666666667,15.135612484362072,"(13.182567385564074, 17.78279410038923]",q5,15.482680742976651
1192,combine,irregular,714.6666666666666,5.011872336272725,"(2.7542287033381663, 5.011872336272725]",q1,3.8830505198054457
1193,combine,join,642.34375,100.0,"(87.09635899560814, 112.2018454301963]",q13,99.64910221290222
1194,comedian,actor,616.65625,44.668359215096345,"(37.15352290971728, 46.77351412871981]",q9,41.963518519218546
1195,comedian,twelve,679.2258064516129,22.38721138568338,"(17.78279410038923, 23.9883291901949]",q6,20.885561645292064
1196,comedy,club,579.6129032258065,158.48931924611142,"(144.5439770745928, 199.52623149688787]",q15,172.03510428574032
1197,comedy,finger,677.1875,30.199517204020193,"(29.51209226666384, 37.15352290971728]",q8,33.33280758819056
1198,comet,planet,638.375,47.863009232263806,"(46.77351412871981, 56.23413251903491]",q10,51.503823323877356
1199,comet,test,612.3870967741935,154.88166189124829,"(144.5439770745928, 199.52623149688787]",q15,172.03510428574032
1200,comfortable,couch,716.258064516129,14.791083881682072,"(13.182567385564074, 17.78279410038923]",q5,15.482680742976651
1201,comfortable,wrong,594.6774193548387,245.47089156850285,"(199.52623149688787, 295.1209226666384]",q16,247.32357708176315
1202,comma,english,671.25,154.88166189124829,"(144.5439770745928, 199.52623149688787]",q15,172.03510428574032
1203,comma,refuse,744.3870967741935,24.547089156850287,"(23.9883291901949, 29.51209226666384]",q7,26.75021072842937
1204,command,fashion,690.483870967742,66.06934480075964,"(56.23413251903491, 70.79457843841374]",q11,63.514355478724326
1205,command,tell,640.3448275862069,338.84415613920277,"(295.1209226666384, 18620.871366628657]",q17,9457.996144647648
1206,commander,chief,600.9090909090909,128.82495516931348,"(112.2018454301963, 144.5439770745928]",q14,128.37291125239454
1207,commander,feel,700.4375,467.73514128719813,"(295.1209226666384, 18620.871366628657]",q17,9457.996144647648
1208,comment,talk,580.90625,263.02679918953817,"(199.52623149688787, 295.1209226666384]",q16,247.32357708176315
1209,comment,zone,624.3870967741935,52.48074602497723,"(46.77351412871981, 56.23413251903491]",q10,51.503823323877356
1210,committee,congress,724.4333333333333,79.43282347242821,"(70.79457843841374, 87.09635899560814]",q12,78.94546871701094
1211,committee,loud,604.3939393939394,33.884415613920275,"(29.51209226666384, 37.15352290971728]",q8,33.33280758819056
1212,common,grape,676.4333333333333,5.011872336272725,"(2.7542287033381663, 5.011872336272725]",q1,3.8830505198054457
1213,common,uncommon,786.7,7.413102413009177,"(7.244359600749899, 10.0]",q3,8.62217980037495
1214,communication,radio,617.96875,102.32929922807536,"(87.09635899560814, 112.2018454301963]",q13,99.64910221290222
1215,communication,why,679.741935483871,851.1380382023759,"(295.1209226666384, 18620.871366628657]",q17,9457.996144647648
1216,communist,answer,623.3548387096774,147.91083881682073,"(144.5439770745928, 199.52623149688787]",q15,172.03510428574032
1217,communist,russia,747.9655172413793,85.11380382023759,"(70.79457843841374, 87.09635899560814]",q12,78.94546871701094
1218,community,dependable,805.8,1.7782794100389228,"(0.0, 2.7542287033381663]",q0,1.3771143516690831
1219,community,neighborhood,740.1612903225806,31.622776601683793,"(29.51209226666384, 37.15352290971728]",q8,33.33280758819056
1220,compact,disc,670.2333333333333,13.489628825916533,"(13.182567385564074, 17.78279410038923]",q5,15.482680742976651
1221,compact,two,648.15625,1258.9254117941662,"(295.1209226666384, 18620.871366628657]",q17,9457.996144647648
1222,companion,ill,689.4642857142857,52.48074602497723,"(46.77351412871981, 56.23413251903491]",q10,51.503823323877356
1223,companion,partner,780.65625,69.18309709189363,"(56.23413251903491, 70.79457843841374]",q11,63.514355478724326
1224,compass,direction,623.3333333333334,85.11380382023759,"(70.79457843841374, 87.09635899560814]",q12,78.94546871701094
1225,compass,spring,634.21875,83.17637711026708,"(70.79457843841374, 87.09635899560814]",q12,78.94546871701094
1226,compassion,letters,701.3333333333334,45.708818961487516,"(37.15352290971728, 46.77351412871981]",q9,41.963518519218546
1227,compassion,sympathy,659.25,10.232929922807536,"(10.0, 13.182567385564074]",q4,11.591283692782037
1228,competence,capability,846.3666666666667,11.748975549395302,"(10.0, 13.182567385564074]",q4,11.591283692782037
1229,competence,down,670.28125,758.5775750291835,"(295.1209226666384, 18620.871366628657]",q17,9457.996144647648
1230,competition,bee,676.7096774193549,12.30268770812381,"(10.0, 13.182567385564074]",q4,11.591283692782037
1231,competition,sport,592.125,53.70317963702533,"(46.77351412871981, 56.23413251903491]",q10,51.503823323877356
1232,complain,grass,724.6451612903226,23.9883291901949,"(17.78279410038923, 23.9883291901949]",q6,20.885561645292064
1233,complain,whine,800.7777777777778,1.9054607179632463,"(0.0, 2.7542287033381663]",q0,1.3771143516690831
1234,complete,destruction,725.875,22.90867652767775,"(17.78279410038923, 23.9883291901949]",q6,20.885561645292064
1235,complete,homework,664.1935483870968,13.489628825916533,"(13.182567385564074, 17.78279410038923]",q5,15.482680742976651
1236,complex,building,663.1,194.98445997580455,"(144.5439770745928, 199.52623149688787]",q15,172.03510428574032
1237,complex,mouth,585.2903225806451,67.60829753919819,"(56.23413251903491, 70.79457843841374]",q11,63.514355478724326
1238,complicated,simple,613.96875,120.22644346174131,"(112.2018454301963, 144.5439770745928]",q14,128.37291125239454
1239,complicated,team,672.6129032258065,467.73514128719813,"(295.1209226666384, 18620.871366628657]",q17,9457.996144647648
1240,compliment,brave,633.7272727272727,21.379620895022324,"(17.78279410038923, 23.9883291901949]",q6,20.885561645292064
1241,compliment,thanks,631.78125,269.1534803926914,"(199.52623149688787, 295.1209226666384]",q16,247.32357708176315
1242,component,apartment,723.3939393939394,44.668359215096345,"(37.15352290971728, 46.77351412871981]",q9,41.963518519218546
1243,component,part,685.6551724137931,602.5595860743581,"(295.1209226666384, 18620.871366628657]",q17,9457.996144647648
1244,components,cop,730.3125,23.442288153199225,"(17.78279410038923, 23.9883291901949]",q6,20.885561645292064
1245,components,parts,610.6896551724138,117.48975549395303,"(112.2018454301963, 144.5439770745928]",q14,128.37291125239454
1246,compose,disagree,675.4,12.30268770812381,"(10.0, 13.182567385564074]",q4,11.591283692782037
1247,compose,gather,612.3214285714286,17.378008287493763,"(13.182567385564074, 17.78279410038923]",q5,15.482680742976651
1248,compound,jeans,608.7586206896551,12.30268770812381,"(10.0, 13.182567385564074]",q4,11.591283692782037
1249,compound,mixture,639.21875,15.135612484362072,"(13.182567385564074, 17.78279410038923]",q5,15.482680742976651
1250,compulsion,obsession,764.1612903225806,7.943282347242813,"(7.244359600749899, 10.0]",q3,8.62217980037495
1251,compulsion,uncommon,752.0,7.413102413009177,"(7.244359600749899, 10.0]",q3,8.62217980037495
1252,compute,calculate,705.875,7.413102413009177,"(7.244359600749899, 10.0]",q3,8.62217980037495
1253,compute,market,629.1333333333333,194.98445997580455,"(144.5439770745928, 199.52623149688787]",q15,172.03510428574032
1254,computer,disc,732.0689655172414,13.489628825916533,"(13.182567385564074, 17.78279410038923]",q5,15.482680742976651
1255,computer,poor,642.03125,123.02687708123811,"(112.2018454301963, 144.5439770745928]",q14,128.37291125239454
1256,con,artist,650.6129032258065,63.0957344480193,"(56.23413251903491, 70.79457843841374]",q11,63.514355478724326
1257,con,fun,643.03125,199.52623149688787,"(144.5439770745928, 199.52623149688787]",q15,172.03510428574032
1258,concentrate,vision,595.7,42.65795188015925,"(37.15352290971728, 46.77351412871981]",q9,41.963518519218546
1259,concentrate,wander,876.0384615384615,4.677351412871981,"(2.7542287033381663, 5.011872336272725]",q1,3.8830505198054457
1260,concept,belief,676.1,28.84031503126606,"(23.9883291901949, 29.51209226666384]",q7,26.75021072842937
1261,concept,puzzle,625.7575757575758,9.120108393559097,"(7.244359600749899, 10.0]",q3,8.62217980037495
1262,concern,worker,594.0689655172414,26.91534803926914,"(23.9883291901949, 29.51209226666384]",q7,26.75021072842937
1263,concern,worry,607.625,69.18309709189363,"(56.23413251903491, 70.79457843841374]",q11,63.514355478724326
1264,conclude,answer,666.4516129032259,147.91083881682073,"(144.5439770745928, 199.52623149688787]",q15,172.03510428574032
1265,conclude,street,687.5625,190.54607179632484,"(144.5439770745928, 199.52623149688787]",q15,172.03510428574032
1266,conclusion,ending,630.3939393939394,47.863009232263806,"(46.77351412871981, 56.23413251903491]",q10,51.503823323877356
1267,conclusion,smell,609.78125,30.90295432513592,"(29.51209226666384, 37.15352290971728]",q8,33.33280758819056
1268,condemn,accuse,741.9285714285714,5.1286138399136485,"(5.011872336272725, 7.244359600749899]",q2,6.128115968511311
1269,condemn,bump,719.3214285714286,9.549925860214358,"(7.244359600749899, 10.0]",q3,8.62217980037495
1270,confidence,knowledge,704.0666666666667,91.20108393559097,"(87.09635899560814, 112.2018454301963]",q13,99.64910221290222
1271,condition,drunk,586.9375,40.7380277804113,"(37.15352290971728, 46.77351412871981]",q9,41.963518519218546
1272,condition,health,704.3870967741935,275.4228703338169,"(199.52623149688787, 295.1209226666384]",q16,247.32357708176315
1273,conditioner,football,591.0,128.82495516931348,"(112.2018454301963, 144.5439770745928]",q14,128.37291125239454
1274,conditioner,shampoo,675.09375,3.801893963205613,"(2.7542287033381663, 5.011872336272725]",q1,3.8830505198054457
1275,cone,cup,579.4333333333333,128.82495516931348,"(112.2018454301963, 144.5439770745928]",q14,128.37291125239454
1276,cone,women,603.7878787878788,371.53522909717276,"(295.1209226666384, 18620.871366628657]",q17,9457.996144647648
1277,conference,meeting,606.1612903225806,141.25375446227554,"(112.2018454301963, 144.5439770745928]",q14,128.37291125239454
1278,conference,picket,887.8,1.8620871366628675,"(0.0, 2.7542287033381663]",q0,1.3771143516690831
1279,confess,alligator,808.7333333333333,2.0892961308540388,"(0.0, 2.7542287033381663]",q0,1.3771143516690831
1280,confess,guilty,637.0967741935484,40.7380277804113,"(37.15352290971728, 46.77351412871981]",q9,41.963518519218546
1281,confidence,security,685.2903225806451,158.48931924611142,"(144.5439770745928, 199.52623149688787]",q15,172.03510428574032
1282,conflict,fight,616.7741935483871,169.8243652461746,"(144.5439770745928, 199.52623149688787]",q15,172.03510428574032
1283,conflict,tennis,614.3103448275862,22.38721138568338,"(17.78279410038923, 23.9883291901949]",q6,20.885561645292064
1284,confuse,misunderstand,827.5,1.412537544622754,"(0.0, 2.7542287033381663]",q0,1.3771143516690831
1285,confuse,sheets,646.7272727272727,14.45439770745928,"(13.182567385564074, 17.78279410038923]",q5,15.482680742976651
1286,confusion,highway,775.258064516129,30.90295432513592,"(29.51209226666384, 37.15352290971728]",q8,33.33280758819056
1287,confusion,lost,641.6774193548387,245.47089156850285,"(199.52623149688787, 295.1209226666384]",q16,247.32357708176315
1288,congress,cover,701.2962962962963,120.22644346174131,"(112.2018454301963, 144.5439770745928]",q14,128.37291125239454
1289,congress,senate,713.3793103448276,63.0957344480193,"(56.23413251903491, 70.79457843841374]",q11,63.514355478724326
1290,connect,dots,701.9032258064516,5.754399373371567,"(5.011872336272725, 7.244359600749899]",q2,6.128115968511311
1291,connect,hole,634.12,45.708818961487516,"(37.15352290971728, 46.77351412871981]",q9,41.963518519218546
1292,conquer,boxer,646.1724137931035,5.4954087385762485,"(5.011872336272725, 7.244359600749899]",q2,6.128115968511311
1293,conquer,defeat,633.0666666666667,32.35936569296281,"(29.51209226666384, 37.15352290971728]",q8,33.33280758819056
1294,conquest,adventure,669.3225806451613,28.84031503126606,"(23.9883291901949, 29.51209226666384]",q7,26.75021072842937
1295,conquest,fries,715.71875,6.456542290346556,"(5.011872336272725, 7.244359600749899]",q2,6.128115968511311
1296,conscience,awake,665.21875,13.803842646028839,"(13.182567385564074, 17.78279410038923]",q5,15.482680742976651
1297,conscience,trip,698.8965517241379,79.43282347242821,"(70.79457843841374, 87.09635899560814]",q12,78.94546871701094
1298,conscious,aware,608.741935483871,60.25595860743581,"(56.23413251903491, 70.79457843841374]",q11,63.514355478724326
1299,conscious,rabbit,668.3225806451613,11.220184543019629,"(10.0, 13.182567385564074]",q4,11.591283692782037
1300,consequence,action,575.2903225806451,177.82794100389228,"(144.5439770745928, 199.52623149688787]",q15,172.03510428574032
1301,consequence,friend,563.96875,234.42288153199226,"(199.52623149688787, 295.1209226666384]",q16,247.32357708176315
1302,constitution,calculate,687.448275862069,7.413102413009177,"(7.244359600749899, 10.0]",q3,8.62217980037495
1303,constitution,rights,646.25,154.88166189124829,"(144.5439770745928, 199.52623149688787]",q15,172.03510428574032
1304,construct,bone,631.3125,29.51209226666384,"(23.9883291901949, 29.51209226666384]",q7,26.75021072842937
1305,construct,destroy,682.3225806451613,33.11311214825908,"(29.51209226666384, 37.15352290971728]",q8,33.33280758819056
1306,construction,build,619.71875,109.64781961431851,"(87.09635899560814, 112.2018454301963]",q13,99.64910221290222
1307,construction,climate,692.1612903225806,51.28613839913648,"(46.77351412871981, 56.23413251903491]",q10,51.503823323877356
1308,container,award,656.0967741935484,75.85775750291836,"(70.79457843841374, 87.09635899560814]",q12,78.94546871701094
1309,container,tupperware,810.7083333333334,0.5754399373371566,"(0.0, 2.7542287033381663]",q0,1.3771143516690831
1310,contemporary,modern,670.125,117.48975549395303,"(112.2018454301963, 144.5439770745928]",q14,128.37291125239454
1311,contemporary,tan,609.2333333333333,10.232929922807536,"(10.0, 13.182567385564074]",q4,11.591283692782037
1312,content,book,551.5454545454545,269.1534803926914,"(199.52623149688787, 295.1209226666384]",q16,247.32357708176315
1313,content,egg,606.90625,28.84031503126606,"(23.9883291901949, 29.51209226666384]",q7,26.75021072842937
1314,contest,back,710.3,1096.4781961431852,"(295.1209226666384, 18620.871366628657]",q17,9457.996144647648
1315,contest,winner,661.2,63.0957344480193,"(56.23413251903491, 70.79457843841374]",q11,63.514355478724326
1316,context,clue,571.6774193548387,15.135612484362072,"(13.182567385564074, 17.78279410038923]",q5,15.482680742976651
1317,context,need,673.3125,933.2543007969905,"(295.1209226666384, 18620.871366628657]",q17,9457.996144647648
1318,continent,africa,741.5806451612904,83.17637711026708,"(70.79457843841374, 87.09635899560814]",q12,78.94546871701094
1319,continent,bone,724.8148148148148,29.51209226666384,"(23.9883291901949, 29.51209226666384]",q7,26.75021072842937
1320,contract,agreement,680.8666666666667,75.85775750291836,"(70.79457843841374, 87.09635899560814]",q12,78.94546871701094
1321,contract,bat,626.3225806451613,19.952623149688787,"(17.78279410038923, 23.9883291901949]",q6,20.885561645292064
1322,contractor,builder,699.4516129032259,7.07945784384138,"(5.011872336272725, 7.244359600749899]",q2,6.128115968511311
1323,contractor,help,604.6774193548387,562.341325190349,"(295.1209226666384, 18620.871366628657]",q17,9457.996144647648
1324,control,enter,716.9354838709677,64.56542290346549,"(56.23413251903491, 70.79457843841374]",q11,63.514355478724326
1325,control,power,614.0,331.13112148259074,"(295.1209226666384, 18620.871366628657]",q17,9457.996144647648
1326,convent,beginner,738.7575757575758,3.311311214825911,"(2.7542287033381663, 5.011872336272725]",q1,3.8830505198054457
1327,convent,nun,870.2222222222222,4.365158322401661,"(2.7542287033381663, 5.011872336272725]",q1,3.8830505198054457
1328,conversation,leather,678.1818181818181,22.38721138568338,"(17.78279410038923, 23.9883291901949]",q6,20.885561645292064
1329,conversation,speech,602.1333333333333,70.79457843841374,"(56.23413251903491, 70.79457843841374]",q11,63.514355478724326
1330,convict,killer,579.4375,29.51209226666384,"(23.9883291901949, 29.51209226666384]",q7,26.75021072842937
1331,convict,more,720.060606060606,2290.867652767775,"(295.1209226666384, 18620.871366628657]",q17,9457.996144647648
1332,convince,comfortable,690.4193548387096,45.708818961487516,"(37.15352290971728, 46.77351412871981]",q9,41.963518519218546
1333,convince,persuade,715.5862068965517,6.6069344800759575,"(5.011872336272725, 7.244359600749899]",q2,6.128115968511311
1334,cook,arrogant,713.3076923076923,5.4954087385762485,"(5.011872336272725, 7.244359600749899]",q2,6.128115968511311
1335,cook,raw,606.258064516129,33.884415613920275,"(29.51209226666384, 37.15352290971728]",q8,33.33280758819056
1336,cookbook,novel,680.7931034482758,42.65795188015925,"(37.15352290971728, 46.77351412871981]",q9,41.963518519218546
1337,cookbook,recipe,690.96875,16.98243652461746,"(13.182567385564074, 17.78279410038923]",q5,15.482680742976651
1338,cool,air,599.3870967741935,234.42288153199226,"(199.52623149688787, 295.1209226666384]",q16,247.32357708176315
1339,cool,lake,605.1935483870968,67.60829753919819,"(56.23413251903491, 70.79457843841374]",q11,63.514355478724326
1340,cooler,bitch,672.7741935483871,57.543993733715666,"(56.23413251903491, 70.79457843841374]",q11,63.514355478724326
1341,cooler,wine,586.09375,54.954087385762485,"(46.77351412871981, 56.23413251903491]",q10,51.503823323877356
1342,cop,again,678.03125,501.18723362727246,"(295.1209226666384, 18620.871366628657]",q17,9457.996144647648
1343,cop,ticket,634.5,40.7380277804113,"(37.15352290971728, 46.77351412871981]",q9,41.963518519218546
1344,copier,machine,767.7666666666667,79.43282347242821,"(70.79457843841374, 87.09635899560814]",q12,78.94546871701094
1345,copier,whine,774.48,1.9054607179632463,"(0.0, 2.7542287033381663]",q0,1.3771143516690831
1346,copper,land,628.6774193548387,165.95869074375597,"(144.5439770745928, 199.52623149688787]",q15,172.03510428574032
1347,copper,penny,642.7096774193549,11.748975549395302,"(10.0, 13.182567385564074]",q4,11.591283692782037
1348,copy,machine,666.84375,79.43282347242821,"(70.79457843841374, 87.09635899560814]",q12,78.94546871701094
1349,copy,thumb,660.1,10.232929922807536,"(10.0, 13.182567385564074]",q4,11.591283692782037
1350,coral,reef,732.7,6.760829753919819,"(5.011872336272725, 7.244359600749899]",q2,6.128115968511311
1351,coral,washington,695.3666666666667,120.22644346174131,"(112.2018454301963, 144.5439770745928]",q14,128.37291125239454
1352,cord,dance,659.6333333333333,85.11380382023759,"(70.79457843841374, 87.09635899560814]",q12,78.94546871701094
1353,cord,telephone,576.59375,25.703957827688647,"(23.9883291901949, 29.51209226666384]",q7,26.75021072842937
1354,core,early,571.2258064516129,269.1534803926914,"(199.52623149688787, 295.1209226666384]",q16,247.32357708176315
1355,core,middle,679.53125,151.3561248436207,"(144.5439770745928, 199.52623149688787]",q15,172.03510428574032
1356,cork,board,695.5,173.78008287493762,"(144.5439770745928, 199.52623149688787]",q15,172.03510428574032
1357,cork,states,712.9032258064516,331.13112148259074,"(295.1209226666384, 18620.871366628657]",q17,9457.996144647648
1358,cornbeef,beef,636.6,19.498445997580454,"(17.78279410038923, 23.9883291901949]",q6,20.885561645292064
1359,cornbeef,tantrum,924.391304347826,1.3489628825916533,"(0.0, 2.7542287033381663]",q0,1.3771143516690831
1360,corporal,army,579.8387096774194,114.81536214968817,"(112.2018454301963, 144.5439770745928]",q14,128.37291125239454
1361,corporal,princess,681.741935483871,33.884415613920275,"(29.51209226666384, 37.15352290971728]",q8,33.33280758819056
1362,corporation,business,660.5151515151515,363.078054770101,"(295.1209226666384, 18620.871366628657]",q17,9457.996144647648
1363,corporation,lamb,641.1,10.471285480508985,"(10.0, 13.182567385564074]",q4,11.591283692782037
1364,corpse,dead,570.5483870967741,154.88166189124829,"(144.5439770745928, 199.52623149688787]",q15,172.03510428574032
1365,corpse,not,602.7777777777778,4897.788193684466,"(295.1209226666384, 18620.871366628657]",q17,9457.996144647648
1366,correct,owner,684.516129032258,67.60829753919819,"(56.23413251903491, 70.79457843841374]",q11,63.514355478724326
1367,correct,wrong,610.3225806451613,245.47089156850285,"(199.52623149688787, 295.1209226666384]",q16,247.32357708176315
1368,corridor,evidence,840.3793103448276,138.03842646028838,"(112.2018454301963, 144.5439770745928]",q14,128.37291125239454
1369,corridor,hall,569.3125,74.13102413009177,"(70.79457843841374, 87.09635899560814]",q12,78.94546871701094
1370,costume,clothes,693.4375,52.48074602497723,"(46.77351412871981, 56.23413251903491]",q10,51.503823323877356
1371,costume,string,688.6774193548387,25.11886431509582,"(23.9883291901949, 29.51209226666384]",q7,26.75021072842937
1372,cotton,state,682.28125,602.5595860743581,"(295.1209226666384, 18620.871366628657]",q17,9457.996144647648
1373,cotton,wool,603.4333333333333,8.128305161640995,"(7.244359600749899, 10.0]",q3,8.62217980037495
1374,couch,relax,620.6206896551724,19.498445997580454,"(17.78279410038923, 23.9883291901949]",q6,20.885561645292064
1375,couch,ring,656.9375,64.56542290346549,"(56.23413251903491, 70.79457843841374]",q11,63.514355478724326
1376,cougar,lion,629.4516129032259,17.78279410038923,"(13.182567385564074, 17.78279410038923]",q5,15.482680742976651
1377,cougar,remember,600.7,239.88329190194898,"(199.52623149688787, 295.1209226666384]",q16,247.32357708176315
1378,cough,cold,651.3939393939394,104.71285480508985,"(87.09635899560814, 112.2018454301963]",q13,99.64910221290222
1379,cough,now,659.7096774193549,1513.5612484362073,"(295.1209226666384, 18620.871366628657]",q17,9457.996144647648
1380,country,quick,685.6774193548387,95.49925860214368,"(87.09635899560814, 112.2018454301963]",q13,99.64910221290222
1381,country,usa,737.7777777777778,61.65950018614822,"(56.23413251903491, 70.79457843841374]",q11,63.514355478724326
1382,county,city,591.0967741935484,407.380277804113,"(295.1209226666384, 18620.871366628657]",q17,9457.996144647648
1383,county,shower,593.375,31.622776601683793,"(29.51209226666384, 37.15352290971728]",q8,33.33280758819056
1384,couple,christmas,737.7575757575758,81.28305161640995,"(70.79457843841374, 87.09635899560814]",q12,78.94546871701094
1385,couple,date,597.3636363636364,165.95869074375597,"(144.5439770745928, 199.52623149688787]",q15,172.03510428574032
1386,courage,bravery,610.59375,3.890451449942805,"(2.7542287033381663, 5.011872336272725]",q1,3.8830505198054457
1387,courage,quick,695.2258064516129,95.49925860214368,"(87.09635899560814, 112.2018454301963]",q13,99.64910221290222
1388,courageous,dumb,698.6875,34.673685045253166,"(29.51209226666384, 37.15352290971728]",q8,33.33280758819056
1389,courageous,superman,710.2222222222222,10.471285480508985,"(10.0, 13.182567385564074]",q4,11.591283692782037
1390,court,judge,576.4193548387096,89.12509381337459,"(87.09635899560814, 112.2018454301963]",q13,99.64910221290222
1391,court,spread,692.34375,64.56542290346549,"(56.23413251903491, 70.79457843841374]",q11,63.514355478724326
1392,cousin,nephew,672.5172413793103,10.232929922807536,"(10.0, 13.182567385564074]",q4,11.591283692782037
1393,cousin,reptile,699.96,1.7782794100389228,"(0.0, 2.7542287033381663]",q0,1.3771143516690831
1394,cover,girlfriend,779.03125,47.863009232263806,"(46.77351412871981, 56.23413251903491]",q10,51.503823323877356
1395,cover,lid,682.4666666666667,6.456542290346556,"(5.011872336272725, 7.244359600749899]",q2,6.128115968511311
1396,covered,football,601.6774193548387,128.82495516931348,"(112.2018454301963, 144.5439770745928]",q14,128.37291125239454
1397,covered,sheets,602.516129032258,14.45439770745928,"(13.182567385564074, 17.78279410038923]",q5,15.482680742976651
1398,coward,river,610.2903225806451,107.1519305237607,"(87.09635899560814, 112.2018454301963]",q13,99.64910221290222
1399,coward,wimp,784.3846153846154,0.5248074602497729,"(0.0, 2.7542287033381663]",q0,1.3771143516690831
1400,cowboy,boots,608.8,21.379620895022324,"(17.78279410038923, 23.9883291901949]",q6,20.885561645292064
1401,cowboy,fly,575.3103448275862,56.23413251903491,"(46.77351412871981, 56.23413251903491]",q10,51.503823323877356
1402,cowgirl,cowboy,671.1875,7.07945784384138,"(5.011872336272725, 7.244359600749899]",q2,6.128115968511311
1403,cowgirl,rhyme,824.4782608695652,3.630780547701014,"(2.7542287033381663, 5.011872336272725]",q1,3.8830505198054457
1404,coyote,hidden,682.3870967741935,33.884415613920275,"(29.51209226666384, 37.15352290971728]",q8,33.33280758819056
1405,coyote,wolf,583.8709677419355,22.38721138568338,"(17.78279410038923, 23.9883291901949]",q6,20.885561645292064
1406,cozy,comfortable,706.7096774193549,45.708818961487516,"(37.15352290971728, 46.77351412871981]",q9,41.963518519218546
1407,cozy,yellow,575.2,48.97788193684466,"(46.77351412871981, 56.23413251903491]",q10,51.503823323877356
1408,crab,lobster,569.40625,4.46683592150963,"(2.7542287033381663, 5.011872336272725]",q1,3.8830505198054457
1409,crab,scared,756.6774193548387,39.81071705534969,"(37.15352290971728, 46.77351412871981]",q9,41.963518519218546
1410,crack,cocaine,910.8064516129032,9.549925860214358,"(7.244359600749899, 10.0]",q3,8.62217980037495
1411,crack,situation,716.5806451612904,123.02687708123811,"(112.2018454301963, 144.5439770745928]",q14,128.37291125239454
1412,cradle,cuddle,778.6666666666666,2.5118864315095797,"(0.0, 2.7542287033381663]",q0,1.3771143516690831
1413,cradle,stress,620.4242424242424,53.70317963702533,"(46.77351412871981, 56.23413251903491]",q10,51.503823323877356
1414,craft,in,683.5862068965517,18620.871366628657,"(295.1209226666384, 18620.871366628657]",q17,9457.996144647648
1415,craft,trade,604.7,131.82567385564073,"(112.2018454301963, 144.5439770745928]",q14,128.37291125239454
1416,crafts,clay,698.0333333333333,19.498445997580454,"(17.78279410038923, 23.9883291901949]",q6,20.885561645292064
1417,crafts,sexy,699.25,26.302679918953814,"(23.9883291901949, 29.51209226666384]",q7,26.75021072842937
1418,crane,constructio,695.1875,0.01513561248436208,"(0.0, 2.7542287033381663]",q0,1.3771143516690831
1419,crane,go,621.65625,1071.519305237607,"(295.1209226666384, 18620.871366628657]",q17,9457.996144647648
1420,crater,hell,770.9,125.89254117941661,"(112.2018454301963, 144.5439770745928]",q14,128.37291125239454
1421,crater,zit,882.2083333333334,0.25118864315095796,"(0.0, 2.7542287033381663]",q0,1.3771143516690831
1422,crave,hunger,613.8787878787879,12.589254117941662,"(10.0, 13.182567385564074]",q4,11.591283692782037
1423,crave,walk,638.875,120.22644346174131,"(112.2018454301963, 144.5439770745928]",q14,128.37291125239454
1424,crawl,snail,676.2857142857143,4.677351412871981,"(2.7542287033381663, 5.011872336272725]",q1,3.8830505198054457
1425,crawl,sting,709.1290322580645,6.30957344480193,"(5.011872336272725, 7.244359600749899]",q2,6.128115968511311
1426,crayola,crayon,614.6896551724138,1.122018454301963,"(0.0, 2.7542287033381663]",q0,1.3771143516690831
1427,crayola,skill,701.9,26.302679918953814,"(23.9883291901949, 29.51209226666384]",q7,26.75021072842937
1428,crazy,insane,717.2258064516129,25.11886431509582,"(23.9883291901949, 29.51209226666384]",q7,26.75021072842937
1429,crazy,letter,632.0625,89.12509381337459,"(87.09635899560814, 112.2018454301963]",q13,99.64910221290222
1430,cream,line,685.0689655172414,309.0295432513592,"(295.1209226666384, 18620.871366628657]",q17,9457.996144647648
1431,cream,milk,628.90625,45.708818961487516,"(37.15352290971728, 46.77351412871981]",q9,41.963518519218546
1432,crease,fold,753.46875,12.02264434617413,"(10.0, 13.182567385564074]",q4,11.591283692782037
1433,crease,indoors,638.2758620689655,3.981071705534973,"(2.7542287033381663, 5.011872336272725]",q1,3.8830505198054457
1434,create,make,611.9677419354839,1202.2644346174131,"(295.1209226666384, 18620.871366628657]",q17,9457.996144647648
1435,create,mine,701.4827586206897,109.64781961431851,"(87.09635899560814, 112.2018454301963]",q13,99.64910221290222
1436,creation,make,573.84375,1202.2644346174131,"(295.1209226666384, 18620.871366628657]",q17,9457.996144647648
1437,creation,waiter,666.2068965517242,4.073802778041126,"(2.7542287033381663, 5.011872336272725]",q1,3.8830505198054457
1438,creative,mind,638.65625,257.03957827688646,"(199.52623149688787, 295.1209226666384]",q16,247.32357708176315
1439,creative,shower,665.8387096774194,31.622776601683793,"(29.51209226666384, 37.15352290971728]",q8,33.33280758819056
1440,creator,builder,689.4,7.07945784384138,"(5.011872336272725, 7.244359600749899]",q2,6.128115968511311
1441,creator,food,583.1666666666666,251.18864315095823,"(199.52623149688787, 295.1209226666384]",q16,247.32357708176315
1442,creature,dinosaur,640.8,5.88843655355589,"(5.011872336272725, 7.244359600749899]",q2,6.128115968511311
1443,creature,religion,838.483870967742,54.954087385762485,"(46.77351412871981, 56.23413251903491]",q10,51.503823323877356
1444,credit,card,574.1333333333333,109.64781961431851,"(87.09635899560814, 112.2018454301963]",q13,99.64910221290222
1445,credit,decision,719.3666666666667,123.02687708123811,"(112.2018454301963, 144.5439770745928]",q14,128.37291125239454
1446,crescent,goose,649.8928571428571,6.918309709189363,"(5.011872336272725, 7.244359600749899]",q2,6.128115968511311
1447,crescent,moon,625.03125,50.11872336272725,"(46.77351412871981, 56.23413251903491]",q10,51.503823323877356
1448,crevice,crack,766.8387096774194,25.703957827688647,"(23.9883291901949, 29.51209226666384]",q7,26.75021072842937
1449,crevice,silk,654.0689655172414,12.88249551693135,"(10.0, 13.182567385564074]",q4,11.591283692782037
1450,crew,start,677.483870967742,363.078054770101,"(295.1209226666384, 18620.871366628657]",q17,9457.996144647648
1451,crew,team,656.40625,467.73514128719813,"(295.1209226666384, 18620.871366628657]",q17,9457.996144647648
1452,cricket,better,612.28125,575.4399373371566,"(295.1209226666384, 18620.871366628657]",q17,9457.996144647648
1453,cricket,bug,658.96875,15.848931924611142,"(13.182567385564074, 17.78279410038923]",q5,15.482680742976651
1454,crisis,hand,655.0,257.03957827688646,"(199.52623149688787, 295.1209226666384]",q16,247.32357708176315
1455,crisis,stress,695.9333333333333,53.70317963702533,"(46.77351412871981, 56.23413251903491]",q10,51.503823323877356
1456,crisp,crunchy,724.9354838709677,1.6595869074375613,"(0.0, 2.7542287033381663]",q0,1.3771143516690831
1457,crisp,zoo,654.2333333333333,13.803842646028839,"(13.182567385564074, 17.78279410038923]",q5,15.482680742976651
1458,criterion,compact,804.5333333333333,11.481536214968818,"(10.0, 13.182567385564074]",q4,11.591283692782037
1459,criterion,schedule,633.0333333333333,46.77351412871981,"(37.15352290971728, 46.77351412871981]",q9,41.963518519218546
1460,critical,dangerous,716.53125,61.65950018614822,"(56.23413251903491, 70.79457843841374]",q11,63.514355478724326
1461,critical,look,630.2727272727273,645.6542290346549,"(295.1209226666384, 18620.871366628657]",q17,9457.996144647648
1462,criticize,argue,670.7741935483871,28.84031503126606,"(23.9883291901949, 29.51209226666384]",q7,26.75021072842937
1463,criticize,fail,607.4516129032259,40.7380277804113,"(37.15352290971728, 46.77351412871981]",q9,41.963518519218546
1464,crochet,knit,768.5357142857143,4.570881896148752,"(2.7542287033381663, 5.011872336272725]",q1,3.8830505198054457
1465,crochet,sex,673.7272727272727,165.95869074375597,"(144.5439770745928, 199.52623149688787]",q15,172.03510428574032
1466,crocodile,alligator,638.4,2.0892961308540388,"(0.0, 2.7542287033381663]",q0,1.3771143516690831
1467,crocodile,mall,644.4,19.498445997580454,"(17.78279410038923, 23.9883291901949]",q6,20.885561645292064
1468,crook,staff,658.1724137931035,120.22644346174131,"(112.2018454301963, 144.5439770745928]",q14,128.37291125239454
1469,crook,thief,609.1935483870968,7.585775750291836,"(7.244359600749899, 10.0]",q3,8.62217980037495
1470,crops,harvest,808.1612903225806,10.71519305237607,"(10.0, 13.182567385564074]",q4,11.591283692782037
1471,crops,worry,688.2,69.18309709189363,"(56.23413251903491, 70.79457843841374]",q11,63.514355478724326
1472,cross,ass,704.75,100.0,"(87.09635899560814, 112.2018454301963]",q13,99.64910221290222
1473,cross,street,672.5,190.54607179632484,"(144.5439770745928, 199.52623149688787]",q15,172.03510428574032
1474,crowd,mob,690.6785714285714,10.71519305237607,"(10.0, 13.182567385564074]",q4,11.591283692782037
1475,crowd,radio,730.2758620689655,102.32929922807536,"(87.09635899560814, 112.2018454301963]",q13,99.64910221290222
1476,crude,disgusting,846.84375,16.98243652461746,"(13.182567385564074, 17.78279410038923]",q5,15.482680742976651
1477,crude,nose,713.7,32.35936569296281,"(29.51209226666384, 37.15352290971728]",q8,33.33280758819056
1478,crunch,ball,631.9375,109.64781961431851,"(87.09635899560814, 112.2018454301963]",q13,99.64910221290222
1479,crunch,crackle,812.0344827586207,0.6025595860743574,"(0.0, 2.7542287033381663]",q0,1.3771143516690831
1480,crunchy,foresight,844.741935483871,1.4454397707459279,"(0.0, 2.7542287033381663]",q0,1.3771143516690831
1481,crunchy,nut,611.9354838709677,10.964781961431852,"(10.0, 13.182567385564074]",q4,11.591283692782037
1482,crush,smash,644.625,12.30268770812381,"(10.0, 13.182567385564074]",q4,11.591283692782037
1483,crush,speech,728.5172413793103,70.79457843841374,"(56.23413251903491, 70.79457843841374]",q11,63.514355478724326
1484,crust,beginner,699.9354838709677,3.311311214825911,"(2.7542287033381663, 5.011872336272725]",q1,3.8830505198054457
1485,crust,pizza,579.28125,26.91534803926914,"(23.9883291901949, 29.51209226666384]",q7,26.75021072842937
1486,crutch,leg,562.483870967742,45.708818961487516,"(37.15352290971728, 46.77351412871981]",q9,41.963518519218546
1487,crutch,reason,726.8125,208.92961308540407,"(199.52623149688787, 295.1209226666384]",q16,247.32357708176315
1488,cry,calm,668.3703703703703,34.673685045253166,"(29.51209226666384, 37.15352290971728]",q8,33.33280758819056
1489,cry,tears,636.625,29.51209226666384,"(23.9883291901949, 29.51209226666384]",q7,26.75021072842937
1490,crystal,clear,646.6969696969697,177.82794100389228,"(144.5439770745928, 199.52623149688787]",q15,172.03510428574032
1491,crystal,cuddle,829.6071428571429,2.5118864315095797,"(0.0, 2.7542287033381663]",q0,1.3771143516690831
1492,cub,bear,695.34375,51.28613839913648,"(46.77351412871981, 56.23413251903491]",q10,51.503823323877356
1493,cub,hospital,671.7096774193549,117.48975549395303,"(112.2018454301963, 144.5439770745928]",q14,128.37291125239454
1494,cucumber,pickles,762.7,3.019951720402016,"(2.7542287033381663, 5.011872336272725]",q1,3.8830505198054457
1495,cucumber,tea,568.1515151515151,53.70317963702533,"(46.77351412871981, 56.23413251903491]",q10,51.503823323877356
1496,cuddle,boy,592.1612903225806,147.91083881682073,"(144.5439770745928, 199.52623149688787]",q15,172.03510428574032
1497,cuddle,weak,583.2333333333333,45.708818961487516,"(37.15352290971728, 46.77351412871981]",q9,41.963518519218546
1498,cue,hint,737.6129032258065,11.748975549395302,"(10.0, 13.182567385564074]",q4,11.591283692782037
1499,cue,tell,626.483870967742,338.84415613920277,"(295.1209226666384, 18620.871366628657]",q17,9457.996144647648
1500,cuff,business,652.6206896551724,363.078054770101,"(295.1209226666384, 18620.871366628657]",q17,9457.996144647648
1501,cuff,pants,626.8387096774194,30.199517204020193,"(29.51209226666384, 37.15352290971728]",q8,33.33280758819056
1502,culture,question,676.0625,223.87211385683378,"(199.52623149688787, 295.1209226666384]",q16,247.32357708176315
1503,culture,society,630.1612903225806,147.91083881682073,"(144.5439770745928, 199.52623149688787]",q15,172.03510428574032
1504,cup,horn,743.8,13.803842646028839,"(13.182567385564074, 17.78279410038923]",q5,15.482680742976651
1505,cup,saucer,679.9354838709677,1.1481536214968828,"(0.0, 2.7542287033381663]",q0,1.3771143516690831
1506,cupboard,cans,717.3448275862069,6.30957344480193,"(5.011872336272725, 7.244359600749899]",q2,6.128115968511311
1507,cupboard,pull,643.4,66.06934480075964,"(56.23413251903491, 70.79457843841374]",q11,63.514355478724326
1508,cure,abandon,749.1111111111111,10.471285480508985,"(10.0, 13.182567385564074]",q4,11.591283692782037
1509,cure,help,539.0333333333333,562.341325190349,"(295.1209226666384, 18620.871366628657]",q17,9457.996144647648
1510,curiosity,knowledge,710.2903225806451,91.20108393559097,"(87.09635899560814, 112.2018454301963]",q13,99.64910221290222
1511,curiosity,work,634.4193548387096,912.0108393559096,"(295.1209226666384, 18620.871366628657]",q17,9457.996144647648
1512,curious,george,685.3,109.64781961431851,"(87.09635899560814, 112.2018454301963]",q13,99.64910221290222
1513,curious,sandwich,688.1379310344828,13.489628825916533,"(13.182567385564074, 17.78279410038923]",q5,15.482680742976651
1514,curse,storm,611.9375,45.708818961487516,"(37.15352290971728, 46.77351412871981]",q9,41.963518519218546
1515,curse,swear,589.9032258064516,32.35936569296281,"(29.51209226666384, 37.15352290971728]",q8,33.33280758819056
1516,cursive,drop,694.3448275862069,97.72372209558111,"(87.09635899560814, 112.2018454301963]",q13,99.64910221290222
1517,cursive,writing,606.21875,117.48975549395303,"(112.2018454301963, 144.5439770745928]",q14,128.37291125239454
1518,curtains,closed,719.71875,79.43282347242821,"(70.79457843841374, 87.09635899560814]",q12,78.94546871701094
1519,curtains,collar,808.6,10.964781961431852,"(10.0, 13.182567385564074]",q4,11.591283692782037
1520,curve,beat,742.34375,102.32929922807536,"(87.09635899560814, 112.2018454301963]",q13,99.64910221290222
1521,curve,straight,654.060606060606,109.64781961431851,"(87.09635899560814, 112.2018454301963]",q13,99.64910221290222
1522,curved,novel,662.3870967741935,42.65795188015925,"(37.15352290971728, 46.77351412871981]",q9,41.963518519218546
1523,curved,road,672.53125,173.78008287493762,"(144.5439770745928, 199.52623149688787]",q15,172.03510428574032
1524,cushion,couch,593.8666666666667,14.791083881682072,"(13.182567385564074, 17.78279410038923]",q5,15.482680742976651
1525,cushion,hurry,627.2,13.803842646028839,"(13.182567385564074, 17.78279410038923]",q5,15.482680742976651
1526,cuss,alive,621.6551724137931,57.543993733715666,"(56.23413251903491, 70.79457843841374]",q11,63.514355478724326
1527,cuss,swear,657.5,32.35936569296281,"(29.51209226666384, 37.15352290971728]",q8,33.33280758819056
1528,custard,pudding,644.8709677419355,4.073802778041126,"(2.7542287033381663, 5.011872336272725]",q1,3.8830505198054457
1529,custard,race,631.5333333333333,120.22644346174131,"(112.2018454301963, 144.5439770745928]",q14,128.37291125239454
1530,customer,service,658.15625,309.0295432513592,"(295.1209226666384, 18620.871366628657]",q17,9457.996144647648
1531,customer,six,662.78125,194.98445997580455,"(144.5439770745928, 199.52623149688787]",q15,172.03510428574032
1532,cut,blood,596.6451612903226,125.89254117941661,"(112.2018454301963, 144.5439770745928]",q14,128.37291125239454
1533,cut,strength,624.8064516129032,63.0957344480193,"(56.23413251903491, 70.79457843841374]",q11,63.514355478724326
1534,cyclone,cautious,853.46875,6.165950018614822,"(5.011872336272725, 7.244359600749899]",q2,6.128115968511311
1535,cyclone,tornado,636.0625,6.6069344800759575,"(5.011872336272725, 7.244359600749899]",q2,6.128115968511311
1536,cylinder,floor,635.90625,87.09635899560814,"(70.79457843841374, 87.09635899560814]",q12,78.94546871701094
1537,cylinder,round,645.9354838709677,138.03842646028838,"(112.2018454301963, 144.5439770745928]",q14,128.37291125239454
1538,dad,mom,607.5625,131.82567385564073,"(112.2018454301963, 144.5439770745928]",q14,128.37291125239454
1539,dad,waiter,714.7857142857143,4.073802778041126,"(2.7542287033381663, 5.011872336272725]",q1,3.8830505198054457
1540,dagger,perfect,643.5454545454545,158.48931924611142,"(144.5439770745928, 199.52623149688787]",q15,172.03510428574032
1541,dagger,sword,604.2903225806451,23.442288153199225,"(17.78279410038923, 23.9883291901949]",q6,20.885561645292064
1542,daily,blood,638.3333333333334,125.89254117941661,"(112.2018454301963, 144.5439770745928]",q14,128.37291125239454
1543,daily,monthly,737.2,31.622776601683793,"(29.51209226666384, 37.15352290971728]",q8,33.33280758819056
1544,dairy,belt,630.9375,26.302679918953814,"(23.9883291901949, 29.51209226666384]",q7,26.75021072842937
1545,dairy,milk,620.483870967742,45.708818961487516,"(37.15352290971728, 46.77351412871981]",q9,41.963518519218546
1546,damage,destruction,770.15625,22.90867652767775,"(17.78279410038923, 23.9883291901949]",q6,20.885561645292064
1547,damage,hitchhike,1063.1538461538462,0.15135612484362088,"(0.0, 2.7542287033381663]",q0,1.3771143516690831
1548,damn,it,672.0625,8912.509381337459,"(295.1209226666384, 18620.871366628657]",q17,9457.996144647648
1549,damn,yours,613.6666666666666,56.23413251903491,"(46.77351412871981, 56.23413251903491]",q10,51.503823323877356
1550,dandelion,destroy,726.7741935483871,33.11311214825908,"(29.51209226666384, 37.15352290971728]",q8,33.33280758819056
1551,dandelion,yellow,587.6129032258065,48.97788193684466,"(46.77351412871981, 56.23413251903491]",q10,51.503823323877356
1552,dandruff,flakes,800.75,2.39883291901949,"(0.0, 2.7542287033381663]",q0,1.3771143516690831
1553,dandruff,workout,732.1612903225806,10.471285480508985,"(10.0, 13.182567385564074]",q4,11.591283692782037
1554,danger,scary,597.3214285714286,23.442288153199225,"(17.78279410038923, 23.9883291901949]",q6,20.885561645292064
1555,danger,vein,761.6923076923077,5.88843655355589,"(5.011872336272725, 7.244359600749899]",q2,6.128115968511311
1556,dangerous,pizza,574.4375,26.91534803926914,"(23.9883291901949, 29.51209226666384]",q7,26.75021072842937
1557,dangerous,safe,600.8125,117.48975549395303,"(112.2018454301963, 144.5439770745928]",q14,128.37291125239454
1558,daring,brave,589.96875,21.379620895022324,"(17.78279410038923, 23.9883291901949]",q6,20.885561645292064
1559,daring,ghost,623.25,26.302679918953814,"(23.9883291901949, 29.51209226666384]",q7,26.75021072842937
1560,dark,bracelet,850.6551724137931,5.011872336272725,"(2.7542287033381663, 5.011872336272725]",q1,3.8830505198054457
1561,dark,cold,619.8666666666667,104.71285480508985,"(87.09635899560814, 112.2018454301963]",q13,99.64910221290222
1562,darkness,arms,712.5333333333333,66.06934480075964,"(56.23413251903491, 70.79457843841374]",q11,63.514355478724326
1563,darkness,scared,707.7666666666667,39.81071705534969,"(37.15352290971728, 46.77351412871981]",q9,41.963518519218546
1564,dart,different,599.5806451612904,389.04514499428046,"(295.1209226666384, 18620.871366628657]",q17,9457.996144647648
1565,dart,throw,581.8666666666667,67.60829753919819,"(56.23413251903491, 70.79457843841374]",q11,63.514355478724326
1566,data,base,643.5625,112.2018454301963,"(87.09635899560814, 112.2018454301963]",q13,99.64910221290222
1567,data,lunch,603.34375,45.708818961487516,"(37.15352290971728, 46.77351412871981]",q9,41.963518519218546
1568,date,raw,642.3103448275862,33.884415613920275,"(29.51209226666384, 37.15352290971728]",q8,33.33280758819056
1569,date,time,640.53125,1949.8445997580454,"(295.1209226666384, 18620.871366628657]",q17,9457.996144647648
1570,daughter,quack,919.84,1.1481536214968828,"(0.0, 2.7542287033381663]",q0,1.3771143516690831
1571,daughter,son,660.03125,190.54607179632484,"(144.5439770745928, 199.52623149688787]",q15,172.03510428574032
1572,dawn,dusk,594.625,2.7542287033381663,"(0.0, 2.7542287033381663]",q0,1.3771143516690831
1573,dawn,forgive,666.030303030303,17.78279410038923,"(13.182567385564074, 17.78279410038923]",q5,15.482680742976651
1574,dead,alive,607.4333333333333,57.543993733715666,"(56.23413251903491, 70.79457843841374]",q11,63.514355478724326
1575,dead,lobster,709.1515151515151,4.46683592150963,"(2.7542287033381663, 5.011872336272725]",q1,3.8830505198054457
1576,deadly,poison,648.40625,12.02264434617413,"(10.0, 13.182567385564074]",q4,11.591283692782037
1577,deadly,salt,676.3225806451613,39.81071705534969,"(37.15352290971728, 46.77351412871981]",q9,41.963518519218546
1578,deaf,grill,681.3636363636364,6.918309709189363,"(5.011872336272725, 7.244359600749899]",q2,6.128115968511311
1579,deaf,what,675.0967741935484,2398.83291901949,"(295.1209226666384, 18620.871366628657]",q17,9457.996144647648
1580,deal,bother,769.75,24.547089156850287,"(23.9883291901949, 29.51209226666384]",q7,26.75021072842937
1581,deal,cards,591.5625,57.543993733715666,"(56.23413251903491, 70.79457843841374]",q11,63.514355478724326
1582,death,cabin,606.0967741935484,13.489628825916533,"(13.182567385564074, 17.78279410038923]",q5,15.482680742976651
1583,death,life,530.2758620689655,776.2471166286912,"(295.1209226666384, 18620.871366628657]",q17,9457.996144647648
1584,debate,argue,685.5666666666667,28.84031503126606,"(23.9883291901949, 29.51209226666384]",q7,26.75021072842937
1585,debate,president,626.0333333333333,281.8382931264455,"(199.52623149688787, 295.1209226666384]",q16,247.32357708176315
1586,decay,purpose,643.5151515151515,75.85775750291836,"(70.79457843841374, 87.09635899560814]",q12,78.94546871701094
1587,decay,rot,695.6,5.011872336272725,"(2.7542287033381663, 5.011872336272725]",q1,3.8830505198054457
1588,deceit,spit,700.6551724137931,7.07945784384138,"(5.011872336272725, 7.244359600749899]",q2,6.128115968511311
1589,deceit,trick,684.125,30.199517204020193,"(29.51209226666384, 37.15352290971728]",q8,33.33280758819056
1590,decency,manners,696.5714285714286,6.760829753919819,"(5.011872336272725, 7.244359600749899]",q2,6.128115968511311
1591,decency,map,623.1666666666666,57.543993733715666,"(56.23413251903491, 70.79457843841374]",q11,63.514355478724326
1592,deception,cliff,728.9285714285714,12.589254117941662,"(10.0, 13.182567385564074]",q4,11.591283692782037
1593,deception,honesty,616.3030303030303,9.772372209558112,"(7.244359600749899, 10.0]",q3,8.62217980037495
1594,decide,amount,700.25,134.89628825916532,"(112.2018454301963, 144.5439770745928]",q14,128.37291125239454
1595,decide,choice,679.78125,120.22644346174131,"(112.2018454301963, 144.5439770745928]",q14,128.37291125239454
1596,decision,cabbage,710.1851851851852,3.5481338923357533,"(2.7542287033381663, 5.011872336272725]",q1,3.8830505198054457
1597,decision,decide,644.9375,60.25595860743581,"(56.23413251903491, 70.79457843841374]",q11,63.514355478724326
1598,decompose,decay,734.5483870967741,6.760829753919819,"(5.011872336272725, 7.244359600749899]",q2,6.128115968511311
1599,decompose,large,587.0322580645161,245.47089156850285,"(199.52623149688787, 295.1209226666384]",q16,247.32357708176315
1600,decoration,christmas,694.9354838709677,81.28305161640995,"(70.79457843841374, 87.09635899560814]",q12,78.94546871701094
1601,decoration,father,671.375,181.97008586099827,"(144.5439770745928, 199.52623149688787]",q15,172.03510428574032
1602,decrease,increase,749.0625,120.22644346174131,"(112.2018454301963, 144.5439770745928]",q14,128.37291125239454
1603,decrease,rules,634.0,114.81536214968817,"(112.2018454301963, 144.5439770745928]",q14,128.37291125239454
1604,deep,insane,666.3571428571429,25.11886431509582,"(23.9883291901949, 29.51209226666384]",q7,26.75021072842937
1605,deep,shallow,722.2258064516129,10.964781961431852,"(10.0, 13.182567385564074]",q4,11.591283692782037
1606,deer,doe,781.5384615384615,6.918309709189363,"(5.011872336272725, 7.244359600749899]",q2,6.128115968511311
1607,deer,slave,587.84375,20.417379446695275,"(17.78279410038923, 23.9883291901949]",q6,20.885561645292064
1608,defend,balloon,611.7,7.943282347242813,"(7.244359600749899, 10.0]",q3,8.62217980037495
1609,defend,protect,574.6896551724138,83.17637711026708,"(70.79457843841374, 87.09635899560814]",q12,78.94546871701094
1610,defense,offense,694.2142857142857,18.197008586099827,"(17.78279410038923, 23.9883291901949]",q6,20.885561645292064
1611,defense,poem,649.9354838709677,17.78279410038923,"(13.182567385564074, 17.78279410038923]",q5,15.482680742976651
1612,define,dictionary,740.6451612903226,10.471285480508985,"(10.0, 13.182567385564074]",q4,11.591283692782037
1613,define,enough,633.8125,346.73685045253166,"(295.1209226666384, 18620.871366628657]",q17,9457.996144647648
1614,definition,meaning,613.969696969697,74.13102413009177,"(70.79457843841374, 87.09635899560814]",q12,78.94546871701094
1615,definition,off,592.4285714285714,851.1380382023759,"(295.1209226666384, 18620.871366628657]",q17,9457.996144647648
1616,defrost,show,645.9354838709677,478.630092322638,"(295.1209226666384, 18620.871366628657]",q17,9457.996144647648
1617,defrost,thaw,659.12,1.5135612484362087,"(0.0, 2.7542287033381663]",q0,1.3771143516690831
1618,degrade,embarrass,819.76,2.570395782768865,"(0.0, 2.7542287033381663]",q0,1.3771143516690831
1619,degrade,hit,606.2258064516129,234.42288153199226,"(199.52623149688787, 295.1209226666384]",q16,247.32357708176315
1620,degree,cold,639.5806451612904,104.71285480508985,"(87.09635899560814, 112.2018454301963]",q13,99.64910221290222
1621,degree,college,587.40625,186.20871366628657,"(144.5439770745928, 199.52623149688787]",q15,172.03510428574032
1622,delicate,fragile,645.2,7.244359600749899,"(5.011872336272725, 7.244359600749899]",q2,6.128115968511311
1623,delicate,one,617.8709677419355,2951.209226666384,"(295.1209226666384, 18620.871366628657]",q17,9457.996144647648
1624,delicious,glasses,746.0645161290323,21.87761623949552,"(17.78279410038923, 23.9883291901949]",q6,20.885561645292064
1625,delicious,tasty,613.0645161290323,6.918309709189363,"(5.011872336272725, 7.244359600749899]",q2,6.128115968511311
1626,delight,fire,651.9375,199.52623149688787,"(144.5439770745928, 199.52623149688787]",q15,172.03510428574032
1627,delight,happy,540.65625,223.87211385683378,"(199.52623149688787, 295.1209226666384]",q16,247.32357708176315
1628,delinquent,juvenile,719.5333333333333,7.585775750291836,"(7.244359600749899, 10.0]",q3,8.62217980037495
1629,delinquent,map,660.3333333333334,57.543993733715666,"(56.23413251903491, 70.79457843841374]",q11,63.514355478724326
1630,deliver,package,724.625,28.84031503126606,"(23.9883291901949, 29.51209226666384]",q7,26.75021072842937
1631,deliver,stairs,593.5806451612904,13.803842646028839,"(13.182567385564074, 17.78279410038923]",q5,15.482680742976651
1632,demi,corn,756.9354838709677,15.488166189124827,"(13.182567385564074, 17.78279410038923]",q5,15.482680742976651
1633,demi,god,716.0333333333333,371.53522909717276,"(295.1209226666384, 18620.871366628657]",q17,9457.996144647648
1634,democracy,arm,642.4193548387096,53.70317963702533,"(46.77351412871981, 56.23413251903491]",q10,51.503823323877356
1635,democracy,communism,827.2333333333333,6.30957344480193,"(5.011872336272725, 7.244359600749899]",q2,6.128115968511311
1636,democrat,careful,680.5,38.904514499428046,"(37.15352290971728, 46.77351412871981]",q9,41.963518519218546
1637,democrat,republican,726.2758620689655,50.11872336272725,"(46.77351412871981, 56.23413251903491]",q10,51.503823323877356
1638,demon,devil,594.258064516129,19.952623149688787,"(17.78279410038923, 23.9883291901949]",q6,20.885561645292064
1639,demon,diamond,683.5,26.302679918953814,"(23.9883291901949, 29.51209226666384]",q7,26.75021072842937
1640,denial,ladder,835.516129032258,10.71519305237607,"(10.0, 13.182567385564074]",q4,11.591283692782037
1641,denial,refuse,739.516129032258,24.547089156850287,"(23.9883291901949, 29.51209226666384]",q7,26.75021072842937
1642,dense,compact,856.4375,11.481536214968818,"(10.0, 13.182567385564074]",q4,11.591283692782037
1643,dense,table,614.8333333333334,112.2018454301963,"(87.09635899560814, 112.2018454301963]",q13,99.64910221290222
1644,dent,bend,720.3,13.489628825916533,"(13.182567385564074, 17.78279410038923]",q5,15.482680742976651
1645,dent,close,582.21875,229.08676527677747,"(199.52623149688787, 295.1209226666384]",q16,247.32357708176315
1646,deny,refuse,653.03125,24.547089156850287,"(23.9883291901949, 29.51209226666384]",q7,26.75021072842937
1647,deny,storage,638.65625,37.15352290971728,"(29.51209226666384, 37.15352290971728]",q8,33.33280758819056
1648,department,death,661.6774193548387,251.18864315095823,"(199.52623149688787, 295.1209226666384]",q16,247.32357708176315
1649,department,head,624.75,323.5936569296281,"(295.1209226666384, 18620.871366628657]",q17,9457.996144647648
1650,depend,independent,752.15625,85.11380382023759,"(70.79457843841374, 87.09635899560814]",q12,78.94546871701094
1651,depend,strength,644.3870967741935,63.0957344480193,"(56.23413251903491, 70.79457843841374]",q11,63.514355478724326
1652,dependent,independent,760.34375,85.11380382023759,"(70.79457843841374, 87.09635899560814]",q12,78.94546871701094
1653,dependent,ocean,653.6666666666666,50.11872336272725,"(46.77351412871981, 56.23413251903491]",q10,51.503823323877356
1654,deposit,animal,649.59375,64.56542290346549,"(56.23413251903491, 70.79457843841374]",q11,63.514355478724326
1655,deposit,slip,652.2903225806451,19.054607179632484,"(17.78279410038923, 23.9883291901949]",q6,20.885561645292064
1656,depth,grass,741.0625,23.9883291901949,"(17.78279410038923, 23.9883291901949]",q6,20.885561645292064
1657,depth,shallow,632.1612903225806,10.964781961431852,"(10.0, 13.182567385564074]",q4,11.591283692782037
1658,deputy,assistant,685.6129032258065,52.48074602497723,"(46.77351412871981, 56.23413251903491]",q10,51.503823323877356
1659,deputy,stack,758.3103448275862,11.220184543019629,"(10.0, 13.182567385564074]",q4,11.591283692782037
1660,descent,below,609.9666666666667,112.2018454301963,"(87.09635899560814, 112.2018454301963]",q13,99.64910221290222
1661,descent,moon,686.0,50.11872336272725,"(46.77351412871981, 56.23413251903491]",q10,51.503823323877356
1662,desert,cactus,805.2068965517242,2.5118864315095797,"(0.0, 2.7542287033381663]",q0,1.3771143516690831
1663,desert,prisoner,659.6551724137931,15.848931924611142,"(13.182567385564074, 17.78279410038923]",q5,15.482680742976651
1664,designer,boring,760.6129032258065,26.91534803926914,"(23.9883291901949, 29.51209226666384]",q7,26.75021072842937
1665,designer,name,628.1875,407.380277804113,"(295.1209226666384, 18620.871366628657]",q17,9457.996144647648
1666,desire,join,603.28125,100.0,"(87.09635899560814, 112.2018454301963]",q13,99.64910221290222
1667,desire,want,579.8387096774194,1096.4781961431852,"(295.1209226666384, 18620.871366628657]",q17,9457.996144647648
1668,desk,cat,605.2258064516129,60.25595860743581,"(56.23413251903491, 70.79457843841374]",q11,63.514355478724326
1669,desk,study,570.75,181.97008586099827,"(144.5439770745928, 199.52623149688787]",q15,172.03510428574032
1670,destiny,future,680.448275862069,213.79620895022325,"(199.52623149688787, 295.1209226666384]",q16,247.32357708176315
1671,destiny,polish,766.0,19.498445997580454,"(17.78279410038923, 23.9883291901949]",q6,20.885561645292064
1672,detach,freedom,694.7,72.44359600749905,"(70.79457843841374, 87.09635899560814]",q12,78.94546871701094
1673,detach,separate,910.0625,67.60829753919819,"(56.23413251903491, 70.79457843841374]",q11,63.514355478724326
1674,detail,awake,667.4193548387096,13.803842646028839,"(13.182567385564074, 17.78279410038923]",q5,15.482680742976651
1675,detail,specific,712.0,107.1519305237607,"(87.09635899560814, 112.2018454301963]",q13,99.64910221290222
1676,detective,god,735.6333333333333,371.53522909717276,"(295.1209226666384, 18620.871366628657]",q17,9457.996144647648
1677,detective,private,665.3939393939394,154.88166189124829,"(144.5439770745928, 199.52623149688787]",q15,172.03510428574032
1678,deteriorate,decay,751.3571428571429,6.760829753919819,"(5.011872336272725, 7.244359600749899]",q2,6.128115968511311
1679,deteriorate,legend,735.40625,27.54228703338169,"(23.9883291901949, 29.51209226666384]",q7,26.75021072842937
1680,determine,constructio,788.5625,0.01513561248436208,"(0.0, 2.7542287033381663]",q0,1.3771143516690831
1681,determine,decide,689.2258064516129,60.25595860743581,"(56.23413251903491, 70.79457843841374]",q11,63.514355478724326
1682,develop,doughnut,870.6206896551724,1.4791083881682072,"(0.0, 2.7542287033381663]",q0,1.3771143516690831
1683,develop,grow,816.1290322580645,79.43282347242821,"(70.79457843841374, 87.09635899560814]",q12,78.94546871701094
1684,development,cabinet,678.2258064516129,30.90295432513592,"(29.51209226666384, 37.15352290971728]",q8,33.33280758819056
1685,development,growth,684.8387096774194,107.1519305237607,"(87.09635899560814, 112.2018454301963]",q13,99.64910221290222
1686,devil,club,643.1333333333333,158.48931924611142,"(144.5439770745928, 199.52623149688787]",q15,172.03510428574032
1687,devil,evil,646.6,54.954087385762485,"(46.77351412871981, 56.23413251903491]",q10,51.503823323877356
1688,dew,lots,738.5,75.85775750291836,"(70.79457843841374, 87.09635899560814]",q12,78.94546871701094
1689,dew,morning,794.0322580645161,213.79620895022325,"(199.52623149688787, 295.1209226666384]",q16,247.32357708176315
1690,diagram,graph,688.0,11.220184543019629,"(10.0, 13.182567385564074]",q4,11.591283692782037
1691,diagram,minor,729.0,41.68693834703355,"(37.15352290971728, 46.77351412871981]",q9,41.963518519218546
1692,dial,phone,548.0625,199.52623149688787,"(144.5439770745928, 199.52623149688787]",q15,172.03510428574032
1693,dial,punishment,668.90625,21.87761623949552,"(17.78279410038923, 23.9883291901949]",q6,20.885561645292064
1694,diameter,circle,636.75,35.481338923357534,"(29.51209226666384, 37.15352290971728]",q8,33.33280758819056
1695,diameter,rattle,879.9310344827586,2.23872113856834,"(0.0, 2.7542287033381663]",q0,1.3771143516690831
1696,dice,backpack,795.0,6.025595860743575,"(5.011872336272725, 7.244359600749899]",q2,6.128115968511311
1697,dice,game,578.6774193548387,524.8074602497722,"(295.1209226666384, 18620.871366628657]",q17,9457.996144647648
1698,dictator,communist,781.7857142857143,20.892961308540407,"(17.78279410038923, 23.9883291901949]",q6,20.885561645292064
1699,dictator,lamb,699.9354838709677,10.471285480508985,"(10.0, 13.182567385564074]",q4,11.591283692782037
1700,differ,hospital,782.741935483871,117.48975549395303,"(112.2018454301963, 144.5439770745928]",q14,128.37291125239454
1701,differ,similar,784.9333333333333,162.18100973589299,"(144.5439770745928, 199.52623149688787]",q15,172.03510428574032
1702,difference,kidnap,813.9655172413793,3.019951720402016,"(2.7542287033381663, 5.011872336272725]",q1,3.8830505198054457
1703,difference,subtract,687.4333333333333,1.2589254117941675,"(0.0, 2.7542287033381663]",q0,1.3771143516690831
1704,difficulty,shoot,608.483870967742,53.70317963702533,"(46.77351412871981, 56.23413251903491]",q10,51.503823323877356
1705,difficulty,trouble,637.0322580645161,61.65950018614822,"(56.23413251903491, 70.79457843841374]",q11,63.514355478724326
1706,dig,fox,644.3225806451613,45.708818961487516,"(37.15352290971728, 46.77351412871981]",q9,41.963518519218546
1707,dig,shovel,720.3333333333334,3.1622776601683795,"(2.7542287033381663, 5.011872336272725]",q1,3.8830505198054457
1708,digger,dagger,809.04,3.4673685045253166,"(2.7542287033381663, 5.011872336272725]",q1,3.8830505198054457
1709,digger,mall,743.7241379310345,19.498445997580454,"(17.78279410038923, 23.9883291901949]",q6,20.885561645292064
1710,digit,number,637.75,416.8693834703355,"(295.1209226666384, 18620.871366628657]",q17,9457.996144647648
1711,digit,stove,682.4333333333333,5.1286138399136485,"(5.011872336272725, 7.244359600749899]",q2,6.128115968511311
1712,dignity,caring,777.3125,15.848931924611142,"(13.182567385564074, 17.78279410038923]",q5,15.482680742976651
1713,dignity,pride,591.483870967742,30.90295432513592,"(29.51209226666384, 37.15352290971728]",q8,33.33280758819056
1714,dilemma,curtains,742.6363636363636,4.570881896148752,"(2.7542287033381663, 5.011872336272725]",q1,3.8830505198054457
1715,dilemma,decision,707.1875,123.02687708123811,"(112.2018454301963, 144.5439770745928]",q14,128.37291125239454
1716,diligence,smile,632.9655172413793,43.65158322401656,"(37.15352290971728, 46.77351412871981]",q9,41.963518519218546
1717,diligence,try,656.0,316.22776601683796,"(295.1209226666384, 18620.871366628657]",q17,9457.996144647648
1718,dim,early,612.4193548387096,269.1534803926914,"(199.52623149688787, 295.1209226666384]",q16,247.32357708176315
1719,dim,light,606.939393939394,213.79620895022325,"(199.52623149688787, 295.1209226666384]",q16,247.32357708176315
1720,dime,dive,770.8571428571429,13.182567385564074,"(10.0, 13.182567385564074]",q4,11.591283692782037
1721,dime,phone,698.625,199.52623149688787,"(144.5439770745928, 199.52623149688787]",q15,172.03510428574032
1722,diminish,drunk,724.9333333333333,40.7380277804113,"(37.15352290971728, 46.77351412871981]",q9,41.963518519218546
1723,diminish,lesson,648.2727272727273,29.51209226666384,"(23.9883291901949, 29.51209226666384]",q7,26.75021072842937
1724,dine,once,723.4230769230769,338.84415613920277,"(295.1209226666384, 18620.871366628657]",q17,9457.996144647648
1725,dine,out,605.5806451612904,2398.83291901949,"(295.1209226666384, 18620.871366628657]",q17,9457.996144647648
1726,diner,cut,611.2333333333333,173.78008287493762,"(144.5439770745928, 199.52623149688787]",q15,172.03510428574032
1727,diner,supper,710.09375,5.4954087385762485,"(5.011872336272725, 7.244359600749899]",q2,6.128115968511311
1728,dinner,beard,714.1724137931035,11.748975549395302,"(10.0, 13.182567385564074]",q4,11.591283692782037
1729,dinner,supper,612.1428571428571,5.4954087385762485,"(5.011872336272725, 7.244359600749899]",q2,6.128115968511311
1730,dinosaur,extinct,833.03125,4.570881896148752,"(2.7542287033381663, 5.011872336272725]",q1,3.8830505198054457
1731,dinosaur,read,621.1875,346.73685045253166,"(295.1209226666384, 18620.871366628657]",q17,9457.996144647648
1732,dip,action,622.8709677419355,177.82794100389228,"(144.5439770745928, 199.52623149688787]",q15,172.03510428574032
1733,dip,chip,637.8965517241379,20.417379446695275,"(17.78279410038923, 23.9883291901949]",q6,20.885561645292064
1734,diploma,compact,679.9,11.481536214968818,"(10.0, 13.182567385564074]",q4,11.591283692782037
1735,diploma,graduation,631.5454545454545,11.748975549395302,"(10.0, 13.182567385564074]",q4,11.591283692782037
1736,direct,forward,628.741935483871,131.82567385564073,"(112.2018454301963, 144.5439770745928]",q14,128.37291125239454
1737,direct,restaurant,617.8064516129032,47.863009232263806,"(46.77351412871981, 56.23413251903491]",q10,51.503823323877356
1738,direction,east,564.1333333333333,144.5439770745928,"(112.2018454301963, 144.5439770745928]",q14,128.37291125239454
1739,direction,geek,781.9655172413793,4.073802778041126,"(2.7542287033381663, 5.011872336272725]",q1,3.8830505198054457
1740,directions,arrow,714.0666666666667,13.489628825916533,"(13.182567385564074, 17.78279410038923]",q5,15.482680742976651
1741,directions,bee,662.516129032258,12.30268770812381,"(10.0, 13.182567385564074]",q4,11.591283692782037
1742,dirt,many,615.3103448275862,812.8305161640995,"(295.1209226666384, 18620.871366628657]",q17,9457.996144647648
1743,dirt,mud,610.4137931034483,13.489628825916533,"(13.182567385564074, 17.78279410038923]",q5,15.482680742976651
1744,disagreement,argument,835.258064516129,43.65158322401656,"(37.15352290971728, 46.77351412871981]",q9,41.963518519218546
1745,disagreement,bit,757.6071428571429,234.42288153199226,"(199.52623149688787, 295.1209226666384]",q16,247.32357708176315
1746,disallow,allow,756.3333333333334,102.32929922807536,"(87.09635899560814, 112.2018454301963]",q13,99.64910221290222
1747,disallow,later,734.5806451612904,309.0295432513592,"(295.1209226666384, 18620.871366628657]",q17,9457.996144647648
1748,disappear,annoy,772.1612903225806,2.8840315031266055,"(2.7542287033381663, 5.011872336272725]",q1,3.8830505198054457
1749,disappear,vanish,722.8666666666667,2.454708915685031,"(0.0, 2.7542287033381663]",q0,1.3771143516690831
1750,disaster,earthquake,603.5483870967741,14.125375446227554,"(13.182567385564074, 17.78279410038923]",q5,15.482680742976651
1751,disaster,name,792.125,407.380277804113,"(295.1209226666384, 18620.871366628657]",q17,9457.996144647648
1752,disbelief,alive,624.6451612903226,57.543993733715666,"(56.23413251903491, 70.79457843841374]",q11,63.514355478724326
1753,disbelief,brother,683.6451612903226,128.82495516931348,"(112.2018454301963, 144.5439770745928]",q14,128.37291125239454
1754,disbelieve,believe,643.65625,323.5936569296281,"(295.1209226666384, 18620.871366628657]",q17,9457.996144647648
1755,disbelieve,own,608.90625,549.5408738576248,"(295.1209226666384, 18620.871366628657]",q17,9457.996144647648
1756,disc,compact,676.375,11.481536214968818,"(10.0, 13.182567385564074]",q4,11.591283692782037
1757,disc,disagreement,777.3548387096774,4.570881896148752,"(2.7542287033381663, 5.011872336272725]",q1,3.8830505198054457
1758,discipline,strict,689.5333333333333,16.98243652461746,"(13.182567385564074, 17.78279410038923]",q5,15.482680742976651
1759,discipline,sunday,626.6774193548387,83.17637711026708,"(70.79457843841374, 87.09635899560814]",q12,78.94546871701094
1760,discomfort,hard,655.4193548387096,338.84415613920277,"(295.1209226666384, 18620.871366628657]",q17,9457.996144647648
1761,discomfort,klutz,1013.2857142857144,0.13182567385564073,"(0.0, 2.7542287033381663]",q0,1.3771143516690831
1762,discourage,encourage,740.6774193548387,28.18382931264455,"(23.9883291901949, 29.51209226666384]",q7,26.75021072842937
1763,discourage,field,682.125,173.78008287493762,"(144.5439770745928, 199.52623149688787]",q15,172.03510428574032
1764,discovery,find,599.9642857142857,575.4399373371566,"(295.1209226666384, 18620.871366628657]",q17,9457.996144647648
1765,discovery,hitchhike,920.84,0.15135612484362088,"(0.0, 2.7542287033381663]",q0,1.3771143516690831
1766,discreet,basic,631.5806451612904,77.62471166286912,"(70.79457843841374, 87.09635899560814]",q12,78.94546871701094
1767,discreet,cautious,722.125,6.165950018614822,"(5.011872336272725, 7.244359600749899]",q2,6.128115968511311
1768,disease,amuse,830.8636363636364,1.3182567385564075,"(0.0, 2.7542287033381663]",q0,1.3771143516690831
1769,disease,cure,622.6774193548387,20.892961308540407,"(17.78279410038923, 23.9883291901949]",q6,20.885561645292064
1770,disgrace,jungle,628.258064516129,13.182567385564074,"(10.0, 13.182567385564074]",q4,11.591283692782037
1771,disgrace,shame,714.0967741935484,35.481338923357534,"(29.51209226666384, 37.15352290971728]",q8,33.33280758819056
1772,disguise,bush,647.46875,30.90295432513592,"(29.51209226666384, 37.15352290971728]",q8,33.33280758819056
1773,disguise,mustache,723.96875,2.570395782768865,"(0.0, 2.7542287033381663]",q0,1.3771143516690831
1774,disgusting,abuse,720.09375,45.708818961487516,"(37.15352290971728, 46.77351412871981]",q9,41.963518519218546
1775,disgusting,gross,641.0,28.18382931264455,"(23.9883291901949, 29.51209226666384]",q7,26.75021072842937
1776,dish,beg,709.7857142857143,11.220184543019629,"(10.0, 13.182567385564074]",q4,11.591283692782037
1777,dish,plate,672.1071428571429,35.481338923357534,"(29.51209226666384, 37.15352290971728]",q8,33.33280758819056
1778,dishes,length,631.3103448275862,58.88436553555884,"(56.23413251903491, 70.79457843841374]",q11,63.514355478724326
1779,dishes,wash,575.7741935483871,28.84031503126606,"(23.9883291901949, 29.51209226666384]",q7,26.75021072842937
1780,dishonest,car,624.7666666666667,281.8382931264455,"(199.52623149688787, 295.1209226666384]",q16,247.32357708176315
1781,dishonest,honest,650.53125,53.70317963702533,"(46.77351412871981, 56.23413251903491]",q10,51.503823323877356
1782,disintegrate,important,748.3125,275.4228703338169,"(199.52623149688787, 295.1209226666384]",q16,247.32357708176315
1783,disintegrate,vanish,712.6129032258065,2.454708915685031,"(0.0, 2.7542287033381663]",q0,1.3771143516690831
1784,dislike,hate,628.6875,128.82495516931348,"(112.2018454301963, 144.5439770745928]",q14,128.37291125239454
1785,dislike,sand,637.6060606060606,27.54228703338169,"(23.9883291901949, 29.51209226666384]",q7,26.75021072842937
1786,disorder,order,590.4193548387096,309.0295432513592,"(295.1209226666384, 18620.871366628657]",q17,9457.996144647648
1787,disorder,time,678.483870967742,1949.8445997580454,"(295.1209226666384, 18620.871366628657]",q17,9457.996144647648
1788,disown,abandon,856.0689655172414,10.471285480508985,"(10.0, 13.182567385564074]",q4,11.591283692782037
1789,disown,patient,706.0,58.88436553555884,"(56.23413251903491, 70.79457843841374]",q11,63.514355478724326
1790,disperse,active,714.25,85.11380382023759,"(70.79457843841374, 87.09635899560814]",q12,78.94546871701094
1791,disperse,spread,698.15625,64.56542290346549,"(56.23413251903491, 70.79457843841374]",q11,63.514355478724326
1792,display,little,650.90625,562.341325190349,"(295.1209226666384, 18620.871366628657]",q17,9457.996144647648
1793,display,show,555.969696969697,478.630092322638,"(295.1209226666384, 18620.871366628657]",q17,9457.996144647648
1794,disregard,ignore,632.4,30.199517204020193,"(29.51209226666384, 37.15352290971728]",q8,33.33280758819056
1795,disregard,shy,642.1935483870968,14.45439770745928,"(13.182567385564074, 17.78279410038923]",q5,15.482680742976651
1796,dissimilar,similar,707.6451612903226,162.18100973589299,"(144.5439770745928, 199.52623149688787]",q15,172.03510428574032
1797,dissimilar,supper,689.7,5.4954087385762485,"(5.011872336272725, 7.244359600749899]",q2,6.128115968511311
1798,dissolve,pyramid,747.2903225806451,5.623413251903491,"(5.011872336272725, 7.244359600749899]",q2,6.128115968511311
1799,dissolve,salt,576.40625,39.81071705534969,"(37.15352290971728, 46.77351412871981]",q9,41.963518519218546
1800,distance,far,631.5454545454545,316.22776601683796,"(295.1209226666384, 18620.871366628657]",q17,9457.996144647648
1801,distance,lesson,623.6774193548387,29.51209226666384,"(23.9883291901949, 29.51209226666384]",q7,26.75021072842937
1802,distinct,alert,743.5,21.379620895022324,"(17.78279410038923, 23.9883291901949]",q6,20.885561645292064
1803,distinct,specific,832.8928571428571,107.1519305237607,"(87.09635899560814, 112.2018454301963]",q13,99.64910221290222
1804,disturb,club,674.551724137931,158.48931924611142,"(144.5439770745928, 199.52623149688787]",q15,172.03510428574032
1805,ditch,concert,688.3870967741935,35.481338923357534,"(29.51209226666384, 37.15352290971728]",q8,33.33280758819056
1806,ditch,hole,646.75,45.708818961487516,"(37.15352290971728, 46.77351412871981]",q9,41.963518519218546
1807,divide,good,607.741935483871,1318.2567385564075,"(295.1209226666384, 18620.871366628657]",q17,9457.996144647648
1808,divide,multiply,790.46875,3.1622776601683795,"(2.7542287033381663, 5.011872336272725]",q1,3.8830505198054457
1809,division,beautiful,633.1935483870968,165.95869074375597,"(144.5439770745928, 199.52623149688787]",q15,172.03510428574032
1810,division,separate,775.6551724137931,67.60829753919819,"(56.23413251903491, 70.79457843841374]",q11,63.514355478724326
1811,do,willing,646.2903225806451,52.48074602497723,"(46.77351412871981, 56.23413251903491]",q10,51.503823323877356
1812,doe,jane,649.125,26.302679918953814,"(23.9883291901949, 29.51209226666384]",q7,26.75021072842937
1813,doe,meet,712.875,186.20871366628657,"(144.5439770745928, 199.52623149688787]",q15,172.03510428574032
1814,doll,house,625.03125,512.8613839913648,"(295.1209226666384, 18620.871366628657]",q17,9457.996144647648
1815,doll,police,782.1935483870968,213.79620895022325,"(199.52623149688787, 295.1209226666384]",q16,247.32357708176315
1816,dollars,change,656.8125,346.73685045253166,"(295.1209226666384, 18620.871366628657]",q17,9457.996144647648
1817,dollars,old,560.125,562.341325190349,"(295.1209226666384, 18620.871366628657]",q17,9457.996144647648
1818,dominant,male,664.060606060606,77.62471166286912,"(70.79457843841374, 87.09635899560814]",q12,78.94546871701094
1819,dominant,scary,642.5,23.442288153199225,"(17.78279410038923, 23.9883291901949]",q6,20.885561645292064
1820,dominate,control,612.1935483870968,251.18864315095823,"(199.52623149688787, 295.1209226666384]",q16,247.32357708176315
1821,dominate,killer,611.28125,29.51209226666384,"(23.9883291901949, 29.51209226666384]",q7,26.75021072842937
1822,donation,gift,598.8125,60.25595860743581,"(56.23413251903491, 70.79457843841374]",q11,63.514355478724326
1823,donation,positive,768.3548387096774,97.72372209558111,"(87.09635899560814, 112.2018454301963]",q13,99.64910221290222
1824,done,gone,713.0333333333333,147.91083881682073,"(144.5439770745928, 199.52623149688787]",q15,172.03510428574032
1825,done,speech,649.3870967741935,70.79457843841374,"(56.23413251903491, 70.79457843841374]",q11,63.514355478724326
1826,donkey,ass,641.7096774193549,100.0,"(87.09635899560814, 112.2018454301963]",q13,99.64910221290222
1827,door,funny,568.2258064516129,104.71285480508985,"(87.09635899560814, 112.2018454301963]",q13,99.64910221290222
1828,door,open,610.448275862069,301.9951720402019,"(295.1209226666384, 18620.871366628657]",q17,9457.996144647648
1829,doorbell,night,596.1612903225806,407.380277804113,"(295.1209226666384, 18620.871366628657]",q17,9457.996144647648
1830,doorbell,ring,671.6666666666666,64.56542290346549,"(56.23413251903491, 70.79457843841374]",q11,63.514355478724326
1831,doorway,do,582.2258064516129,2238.7211385683377,"(295.1209226666384, 18620.871366628657]",q17,9457.996144647648
1832,doorway,hallway,628.6,5.248074602497728,"(5.011872336272725, 7.244359600749899]",q2,6.128115968511311
1833,doubt,believe,606.6333333333333,323.5936569296281,"(295.1209226666384, 18620.871366628657]",q17,9457.996144647648
1834,doubt,temple,769.1290322580645,28.18382931264455,"(23.9883291901949, 29.51209226666384]",q7,26.75021072842937
1835,dough,doughnut,738.1333333333333,1.4791083881682072,"(0.0, 2.7542287033381663]",q0,1.3771143516690831
1836,dough,driving,778.2333333333333,79.43282347242821,"(70.79457843841374, 87.09635899560814]",q12,78.94546871701094
1837,dove,fighter,694.9677419354839,20.892961308540407,"(17.78279410038923, 23.9883291901949]",q6,20.885561645292064
1838,dove,peace,573.258064516129,104.71285480508985,"(87.09635899560814, 112.2018454301963]",q13,99.64910221290222
1839,down,descend,739.2666666666667,3.235936569296281,"(2.7542287033381663, 5.011872336272725]",q1,3.8830505198054457
1840,down,nut,671.0,10.964781961431852,"(10.0, 13.182567385564074]",q4,11.591283692782037
1841,downstairs,in,704.7586206896551,18620.871366628657,"(295.1209226666384, 18620.871366628657]",q17,9457.996144647648
1842,downstairs,upstairs,632.78125,7.413102413009177,"(7.244359600749899, 10.0]",q3,8.62217980037495
1843,downtown,busy,664.15625,56.23413251903491,"(46.77351412871981, 56.23413251903491]",q10,51.503823323877356
1844,downtown,leaf,648.8709677419355,16.595869074375596,"(13.182567385564074, 17.78279410038923]",q5,15.482680742976651
1845,dozen,juvenile,918.6666666666666,7.585775750291836,"(7.244359600749899, 10.0]",q3,8.62217980037495
1846,dozen,twelve,573.53125,22.38721138568338,"(17.78279410038923, 23.9883291901949]",q6,20.885561645292064
1847,dracula,frankenstein,846.3870967741935,2.1379620895022327,"(0.0, 2.7542287033381663]",q0,1.3771143516690831
1848,dracula,glass,617.90625,70.79457843841374,"(56.23413251903491, 70.79457843841374]",q11,63.514355478724326
1849,drag,race,604.5333333333333,120.22644346174131,"(112.2018454301963, 144.5439770745928]",q14,128.37291125239454
1850,drag,rot,759.6842105263158,5.011872336272725,"(2.7542287033381663, 5.011872336272725]",q1,3.8830505198054457
1851,dragon,independent,758.40625,85.11380382023759,"(70.79457843841374, 87.09635899560814]",q12,78.94546871701094
1852,dragon,queen,624.625,72.44359600749905,"(70.79457843841374, 87.09635899560814]",q12,78.94546871701094
1853,drapes,curtains,672.65625,4.570881896148752,"(2.7542287033381663, 5.011872336272725]",q1,3.8830505198054457
1854,drapes,steak,753.1666666666666,9.332543007969914,"(7.244359600749899, 10.0]",q3,8.62217980037495
1855,drawing,bean,863.6551724137931,9.549925860214358,"(7.244359600749899, 10.0]",q3,8.62217980037495
1856,drawing,painting,676.1935483870968,39.81071705534969,"(37.15352290971728, 46.77351412871981]",q9,41.963518519218546
1857,dressing,honesty,622.1333333333333,9.772372209558112,"(7.244359600749899, 10.0]",q3,8.62217980037495
1858,dressing,salad,808.0645161290323,14.125375446227554,"(13.182567385564074, 17.78279410038923]",q5,15.482680742976651
1859,drill,bit,637.8275862068965,234.42288153199226,"(199.52623149688787, 295.1209226666384]",q16,247.32357708176315
1860,drill,change,634.0625,346.73685045253166,"(295.1209226666384, 18620.871366628657]",q17,9457.996144647648
1861,drip,drop,586.0322580645161,97.72372209558111,"(87.09635899560814, 112.2018454301963]",q13,99.64910221290222
1862,drip,give,734.925925925926,512.8613839913648,"(295.1209226666384, 18620.871366628657]",q17,9457.996144647648
1863,drive,cough,639.28125,8.91250938133746,"(7.244359600749899, 10.0]",q3,8.62217980037495
1864,drive,in,602.8666666666667,18620.871366628657,"(295.1209226666384, 18620.871366628657]",q17,9457.996144647648
1865,driveway,pavement,692.7741935483871,4.073802778041126,"(2.7542287033381663, 5.011872336272725]",q1,3.8830505198054457
1866,driveway,surgery,791.516129032258,42.65795188015925,"(37.15352290971728, 46.77351412871981]",q9,41.963518519218546
1867,drop,annoying,765.9677419354839,25.11886431509582,"(23.9883291901949, 29.51209226666384]",q7,26.75021072842937
1868,drop,fall,674.15625,134.89628825916532,"(112.2018454301963, 144.5439770745928]",q14,128.37291125239454
1869,drown,plant,647.6060606060606,77.62471166286912,"(70.79457843841374, 87.09635899560814]",q12,78.94546871701094
1870,drown,suffocate,765.741935483871,0.7244359600749899,"(0.0, 2.7542287033381663]",q0,1.3771143516690831
1871,drowsy,cab,682.5,8.91250938133746,"(7.244359600749899, 10.0]",q3,8.62217980037495
1872,drowsy,tired,635.8387096774194,51.28613839913648,"(46.77351412871981, 56.23413251903491]",q10,51.503823323877356
1873,drug,cocaine,676.53125,9.549925860214358,"(7.244359600749899, 10.0]",q3,8.62217980037495
1874,drug,definition,782.2727272727273,38.018939632056124,"(37.15352290971728, 46.77351412871981]",q9,41.963518519218546
1875,drugs,illegal,666.28125,47.863009232263806,"(46.77351412871981, 56.23413251903491]",q10,51.503823323877356
1876,drugs,swamp,670.6538461538462,6.918309709189363,"(5.011872336272725, 7.244359600749899]",q2,6.128115968511311
1877,drum,span,855.9130434782609,11.748975549395302,"(10.0, 13.182567385564074]",q4,11.591283692782037
1878,drum,stick,626.6666666666666,57.543993733715666,"(56.23413251903491, 70.79457843841374]",q11,63.514355478724326
1879,drunk,alcohol,610.5,40.7380277804113,"(37.15352290971728, 46.77351412871981]",q9,41.963518519218546
1880,drunk,stamp,705.6,12.88249551693135,"(10.0, 13.182567385564074]",q4,11.591283692782037
1881,duck,quack,803.3103448275862,1.1481536214968828,"(0.0, 2.7542287033381663]",q0,1.3771143516690831
1882,duck,strange,696.0645161290323,43.65158322401656,"(37.15352290971728, 46.77351412871981]",q9,41.963518519218546
1883,ducks,fair,716.75,97.72372209558111,"(87.09635899560814, 112.2018454301963]",q13,99.64910221290222
1884,ducks,quack,835.8518518518518,1.1481536214968828,"(0.0, 2.7542287033381663]",q0,1.3771143516690831
1885,due,dagger,810.0416666666666,3.4673685045253166,"(2.7542287033381663, 5.011872336272725]",q1,3.8830505198054457
1886,due,now,706.9666666666667,1513.5612484362073,"(295.1209226666384, 18620.871366628657]",q17,9457.996144647648
1887,dull,dirt,608.65625,17.378008287493763,"(13.182567385564074, 17.78279410038923]",q5,15.482680742976651
1888,dull,knife,609.1935483870968,25.703957827688647,"(23.9883291901949, 29.51209226666384]",q7,26.75021072842937
1889,dumb,deaf,683.2068965517242,9.772372209558112,"(7.244359600749899, 10.0]",q3,8.62217980037495
1890,dumb,verb,647.7333333333333,5.248074602497728,"(5.011872336272725, 7.244359600749899]",q2,6.128115968511311
1891,dump,garbage,722.2121212121212,15.135612484362072,"(13.182567385564074, 17.78279410038923]",q5,15.482680742976651
1892,dump,negative,683.0625,61.65950018614822,"(56.23413251903491, 70.79457843841374]",q11,63.514355478724326
1893,dunk,basketball,667.1212121212121,36.3078054770101,"(29.51209226666384, 37.15352290971728]",q8,33.33280758819056
1894,dunk,thief,620.258064516129,7.585775750291836,"(7.244359600749899, 10.0]",q3,8.62217980037495
1895,duplicate,true,589.0,251.18864315095823,"(199.52623149688787, 295.1209226666384]",q16,247.32357708176315
1896,duplicate,same,571.4827586206897,630.957344480193,"(295.1209226666384, 18620.871366628657]",q17,9457.996144647648
1897,dusk,before,682.03125,851.1380382023759,"(295.1209226666384, 18620.871366628657]",q17,9457.996144647648
1898,dusk,sunset,697.4193548387096,10.964781961431852,"(10.0, 13.182567385564074]",q4,11.591283692782037
1899,dust,area,623.6666666666666,288.40315031266056,"(199.52623149688787, 295.1209226666384]",q16,247.32357708176315
1900,dust,pan,618.3225806451613,24.547089156850287,"(23.9883291901949, 29.51209226666384]",q7,26.75021072842937
1901,dustpan,clean,647.6875,93.32543007969905,"(87.09635899560814, 112.2018454301963]",q13,99.64910221290222
1902,dustpan,door,584.8387096774194,120.22644346174131,"(112.2018454301963, 144.5439770745928]",q14,128.37291125239454
1903,dynamite,explosion,657.3333333333334,16.595869074375596,"(13.182567385564074, 17.78279410038923]",q5,15.482680742976651
1904,dynamite,maybe,573.4333333333333,281.8382931264455,"(199.52623149688787, 295.1209226666384]",q16,247.32357708176315
1905,dynasty,empire,686.5806451612904,34.673685045253166,"(29.51209226666384, 37.15352290971728]",q8,33.33280758819056
1906,dynasty,value,669.6,141.25375446227554,"(112.2018454301963, 144.5439770745928]",q14,128.37291125239454
1907,eager,tissue,698.5483870967741,20.892961308540407,"(17.78279410038923, 23.9883291901949]",q6,20.885561645292064
1908,eager,willing,784.2142857142857,52.48074602497723,"(46.77351412871981, 56.23413251903491]",q10,51.503823323877356
1909,eagle,america,724.96875,165.95869074375597,"(144.5439770745928, 199.52623149688787]",q15,172.03510428574032
1910,eagle,washer,705.3870967741935,2.1877616239495516,"(0.0, 2.7542287033381663]",q0,1.3771143516690831
1911,early,bird,572.0909090909091,42.65795188015925,"(37.15352290971728, 46.77351412871981]",q9,41.963518519218546
1912,early,protection,657.0645161290323,70.79457843841374,"(56.23413251903491, 70.79457843841374]",q11,63.514355478724326
1913,earnestness,honesty,663.4,9.772372209558112,"(7.244359600749899, 10.0]",q3,8.62217980037495
1914,earnestness,ridiculous,789.1724137931035,28.84031503126606,"(23.9883291901949, 29.51209226666384]",q7,26.75021072842937
1915,earring,hoop,716.4,2.570395782768865,"(0.0, 2.7542287033381663]",q0,1.3771143516690831
1916,earring,oven,631.53125,11.220184543019629,"(10.0, 13.182567385564074]",q4,11.591283692782037
1917,earthquake,hurricane,748.2258064516129,12.589254117941662,"(10.0, 13.182567385564074]",q4,11.591283692782037
1918,earthquake,movie,648.375,144.5439770745928,"(112.2018454301963, 144.5439770745928]",q14,128.37291125239454
1919,east,beginning,761.2333333333333,100.0,"(87.09635899560814, 112.2018454301963]",q13,99.64910221290222
1920,east,west,593.28125,194.98445997580455,"(144.5439770745928, 199.52623149688787]",q15,172.03510428574032
1921,easter,noise,733.258064516129,35.481338923357534,"(29.51209226666384, 37.15352290971728]",q8,33.33280758819056
1922,easter,sunday,629.3548387096774,83.17637711026708,"(70.79457843841374, 87.09635899560814]",q12,78.94546871701094
1923,economy,find,564.516129032258,575.4399373371566,"(295.1209226666384, 18620.871366628657]",q17,9457.996144647648
1924,economy,society,601.75,147.91083881682073,"(144.5439770745928, 199.52623149688787]",q15,172.03510428574032
1925,ecstasy,crackle,751.516129032258,0.6025595860743574,"(0.0, 2.7542287033381663]",q0,1.3771143516690831
1926,ecstasy,fantasy,679.1333333333333,33.11311214825908,"(29.51209226666384, 37.15352290971728]",q8,33.33280758819056
1927,editor,where,610.0645161290323,1000.0,"(295.1209226666384, 18620.871366628657]",q17,9457.996144647648
1928,editor,writer,593.2413793103449,48.97788193684466,"(46.77351412871981, 56.23413251903491]",q10,51.503823323877356
1929,education,chew,679.0344827586207,4.570881896148752,"(2.7542287033381663, 5.011872336272725]",q1,3.8830505198054457
1930,education,higher,601.2903225806451,151.3561248436207,"(144.5439770745928, 199.52623149688787]",q15,172.03510428574032
1931,effect,cause,643.0967741935484,223.87211385683378,"(199.52623149688787, 295.1209226666384]",q16,247.32357708176315
1932,effect,group,623.1612903225806,371.53522909717276,"(295.1209226666384, 18620.871366628657]",q17,9457.996144647648
1933,effort,try,592.125,316.22776601683796,"(295.1209226666384, 18620.871366628657]",q17,9457.996144647648
1934,effort,workout,708.0,10.471285480508985,"(10.0, 13.182567385564074]",q4,11.591283692782037
1935,egg,breakfast,669.78125,40.7380277804113,"(37.15352290971728, 46.77351412871981]",q9,41.963518519218546
1936,egg,soda,767.75,10.964781961431852,"(10.0, 13.182567385564074]",q4,11.591283692782037
1937,eggs,bacon,719.1290322580645,14.125375446227554,"(13.182567385564074, 17.78279410038923]",q5,15.482680742976651
1938,eggs,descend,769.12,3.235936569296281,"(2.7542287033381663, 5.011872336272725]",q1,3.8830505198054457
1939,ego,adjective,886.1666666666666,2.1877616239495516,"(0.0, 2.7542287033381663]",q0,1.3771143516690831
1940,ego,id,830.625,40.7380277804113,"(37.15352290971728, 46.77351412871981]",q9,41.963518519218546
1941,egypt,abnormal,793.8333333333334,5.1286138399136485,"(5.011872336272725, 7.244359600749899]",q2,6.128115968511311
1942,egypt,pyramid,672.0645161290323,5.623413251903491,"(5.011872336272725, 7.244359600749899]",q2,6.128115968511311
1943,eight,horse,674.0645161290323,57.543993733715666,"(56.23413251903491, 70.79457843841374]",q11,63.514355478724326
1944,eight,octopus,839.6551724137931,2.8840315031266055,"(2.7542287033381663, 5.011872336272725]",q1,3.8830505198054457
1945,einstein,brain,728.6129032258065,87.09635899560814,"(70.79457843841374, 87.09635899560814]",q12,78.94546871701094
1946,einstein,cigarette,759.9354838709677,11.481536214968818,"(10.0, 13.182567385564074]",q4,11.591283692782037
1947,elaborate,explain,639.5757575757576,77.62471166286912,"(70.79457843841374, 87.09635899560814]",q12,78.94546871701094
1948,elaborate,sport,582.1666666666666,53.70317963702533,"(46.77351412871981, 56.23413251903491]",q10,51.503823323877356
1949,electrician,similar,703.84375,162.18100973589299,"(144.5439770745928, 199.52623149688787]",q15,172.03510428574032
1950,electrician,wire,610.3333333333334,26.91534803926914,"(23.9883291901949, 29.51209226666384]",q7,26.75021072842937
1951,electron,neutron,852.2333333333333,2.7542287033381663,"(0.0, 2.7542287033381663]",q0,1.3771143516690831
1952,electron,work,699.3548387096774,912.0108393559096,"(295.1209226666384, 18620.871366628657]",q17,9457.996144647648
1953,elements,chain,681.78125,44.668359215096345,"(37.15352290971728, 46.77351412871981]",q9,41.963518519218546
1954,elements,chemistry,705.7931034482758,22.38721138568338,"(17.78279410038923, 23.9883291901949]",q6,20.885561645292064
1955,elephant,cute,614.3870967741935,44.668359215096345,"(37.15352290971728, 46.77351412871981]",q9,41.963518519218546
1956,elephant,peanut,671.15625,7.943282347242813,"(7.244359600749899, 10.0]",q3,8.62217980037495
1957,elevator,lots,663.0322580645161,75.85775750291836,"(70.79457843841374, 87.09635899560814]",q12,78.94546871701094
1958,elevator,stair,639.258064516129,1.8197008586099825,"(0.0, 2.7542287033381663]",q0,1.3771143516690831
1959,elf,santa,693.741935483871,30.90295432513592,"(29.51209226666384, 37.15352290971728]",q8,33.33280758819056
1960,elf,writing,670.0333333333333,117.48975549395303,"(112.2018454301963, 144.5439770745928]",q14,128.37291125239454
1961,elimination,destruction,760.1290322580645,22.90867652767775,"(17.78279410038923, 23.9883291901949]",q6,20.885561645292064
1962,elimination,orange,606.6129032258065,41.68693834703355,"(37.15352290971728, 46.77351412871981]",q9,41.963518519218546
1963,embarrass,blush,710.074074074074,3.630780547701014,"(2.7542287033381663, 5.011872336272725]",q1,3.8830505198054457
1964,embarrass,math,594.6774193548387,28.18382931264455,"(23.9883291901949, 29.51209226666384]",q7,26.75021072842937
1965,embrace,hug,593.741935483871,12.30268770812381,"(10.0, 13.182567385564074]",q4,11.591283692782037
1966,embrace,neuron,822.6538461538462,1.4454397707459279,"(0.0, 2.7542287033381663]",q0,1.3771143516690831
1967,emergency,ambulance,735.4333333333333,11.481536214968818,"(10.0, 13.182567385564074]",q4,11.591283692782037
1968,emergency,irritating,935.7096774193548,4.073802778041126,"(2.7542287033381663, 5.011872336272725]",q1,3.8830505198054457
1969,emotion,feeling,632.9032258064516,134.89628825916532,"(112.2018454301963, 144.5439770745928]",q14,128.37291125239454
1970,emotion,shoe,729.3333333333334,17.378008287493763,"(13.182567385564074, 17.78279410038923]",q5,15.482680742976651
1971,empathy,slow,615.0,70.79457843841374,"(56.23413251903491, 70.79457843841374]",q11,63.514355478724326
1972,empathy,sorry,643.53125,151.3561248436207,"(144.5439770745928, 199.52623149688787]",q15,172.03510428574032
1973,emperor,ruler,619.5,6.918309709189363,"(5.011872336272725, 7.244359600749899]",q2,6.128115968511311
1974,emperor,thin,746.741935483871,29.51209226666384,"(23.9883291901949, 29.51209226666384]",q7,26.75021072842937
1975,empire,china,619.5,125.89254117941661,"(112.2018454301963, 144.5439770745928]",q14,128.37291125239454
1976,empire,enter,638.3225806451613,64.56542290346549,"(56.23413251903491, 70.79457843841374]",q11,63.514355478724326
1977,employee,college,579.90625,186.20871366628657,"(144.5439770745928, 199.52623149688787]",q15,172.03510428574032
1978,employee,employer,683.8787878787879,16.595869074375596,"(13.182567385564074, 17.78279410038923]",q5,15.482680742976651
1979,employment,reaction,682.516129032258,53.70317963702533,"(46.77351412871981, 56.23413251903491]",q10,51.503823323877356
1980,employment,unemploymen,802.0,0.001,"(0.0, 2.7542287033381663]",q0,1.3771143516690831
1981,empty,can,616.0967741935484,2884.031503126606,"(295.1209226666384, 18620.871366628657]",q17,9457.996144647648
1982,empty,duty,862.0322580645161,51.28613839913648,"(46.77351412871981, 56.23413251903491]",q10,51.503823323877356
1983,end,start,777.9677419354839,363.078054770101,"(295.1209226666384, 18620.871366628657]",q17,9457.996144647648
1984,end,stripe,719.1034482758621,3.235936569296281,"(2.7542287033381663, 5.011872336272725]",q1,3.8830505198054457
1985,ending,beginning,652.9032258064516,100.0,"(87.09635899560814, 112.2018454301963]",q13,99.64910221290222
1986,ending,three,660.34375,602.5595860743581,"(295.1209226666384, 18620.871366628657]",q17,9457.996144647648
1987,endless,asia,694.5483870967741,44.668359215096345,"(37.15352290971728, 46.77351412871981]",q9,41.963518519218546
1988,endless,class,636.8181818181819,229.08676527677747,"(199.52623149688787, 295.1209226666384]",q16,247.32357708176315
1989,enemy,rip,819.7037037037037,18.197008586099827,"(17.78279410038923, 23.9883291901949]",q6,20.885561645292064
1990,enemy,russia,817.0333333333333,85.11380382023759,"(70.79457843841374, 87.09635899560814]",q12,78.94546871701094
1991,energetic,communist,891.4285714285714,20.892961308540407,"(17.78279410038923, 23.9883291901949]",q6,20.885561645292064
1992,energetic,energy,657.6451612903226,169.8243652461746,"(144.5439770745928, 199.52623149688787]",q15,172.03510428574032
1993,energy,drip,681.9285714285714,3.801893963205613,"(2.7542287033381663, 5.011872336272725]",q1,3.8830505198054457
1994,energy,electricity,761.3870967741935,26.91534803926914,"(23.9883291901949, 29.51209226666384]",q7,26.75021072842937
1995,engage,condom,720.4333333333333,3.981071705534973,"(2.7542287033381663, 5.011872336272725]",q1,3.8830505198054457
1996,engage,together,642.0625,288.40315031266056,"(199.52623149688787, 295.1209226666384]",q16,247.32357708176315
1997,engine,fire,586.6774193548387,199.52623149688787,"(144.5439770745928, 199.52623149688787]",q15,172.03510428574032
1998,engine,weight,608.0689655172414,104.71285480508985,"(87.09635899560814, 112.2018454301963]",q13,99.64910221290222
1999,england,britain,775.8846153846154,52.48074602497723,"(46.77351412871981, 56.23413251903491]",q10,51.503823323877356
2000,england,spit,768.6774193548387,7.07945784384138,"(5.011872336272725, 7.244359600749899]",q2,6.128115968511311
2001,english,store,628.8787878787879,104.71285480508985,"(87.09635899560814, 112.2018454301963]",q13,99.64910221290222
2002,english,writing,614.1935483870968,117.48975549395303,"(112.2018454301963, 144.5439770745928]",q14,128.37291125239454
2003,enjoy,clay,681.0,19.498445997580454,"(17.78279410038923, 23.9883291901949]",q6,20.885561645292064
2004,enjoy,life,555.96875,776.2471166286912,"(295.1209226666384, 18620.871366628657]",q17,9457.996144647648
2005,enough,black,561.65625,288.40315031266056,"(199.52623149688787, 295.1209226666384]",q16,247.32357708176315
2006,enough,done,597.9,380.1893963205613,"(295.1209226666384, 18620.871366628657]",q17,9457.996144647648
2007,enrage,calm,664.9333333333333,34.673685045253166,"(29.51209226666384, 37.15352290971728]",q8,33.33280758819056
2008,enrage,understand,668.483870967742,234.42288153199226,"(199.52623149688787, 295.1209226666384]",q16,247.32357708176315
2009,enter,computer,610.3870967741935,93.32543007969905,"(87.09635899560814, 112.2018454301963]",q13,99.64910221290222
2010,enter,cure,654.516129032258,20.892961308540407,"(17.78279410038923, 23.9883291901949]",q6,20.885561645292064
2011,entertain,amuse,712.6774193548387,1.3182567385564075,"(0.0, 2.7542287033381663]",q0,1.3771143516690831
2012,entertain,mist,749.1538461538462,4.677351412871981,"(2.7542287033381663, 5.011872336272725]",q1,3.8830505198054457
2013,entertainment,office,686.3870967741935,251.18864315095823,"(199.52623149688787, 295.1209226666384]",q16,247.32357708176315
2014,entertainment,television,692.6969696969697,61.65950018614822,"(56.23413251903491, 70.79457843841374]",q11,63.514355478724326
2015,entrance,bush,713.0,30.90295432513592,"(29.51209226666384, 37.15352290971728]",q8,33.33280758819056
2016,entrance,exit,643.75,22.38721138568338,"(17.78279410038923, 23.9883291901949]",q6,20.885561645292064
2017,entry,enter,578.2,64.56542290346549,"(56.23413251903491, 70.79457843841374]",q11,63.514355478724326
2018,entry,sheep,661.9032258064516,15.488166189124827,"(13.182567385564074, 17.78279410038923]",q5,15.482680742976651
2019,environment,leaves,634.84375,61.65950018614822,"(56.23413251903491, 70.79457843841374]",q11,63.514355478724326
2020,environment,nature,650.46875,95.49925860214368,"(87.09635899560814, 112.2018454301963]",q13,99.64910221290222
2021,envy,greed,581.5483870967741,5.370317963702527,"(5.011872336272725, 7.244359600749899]",q2,6.128115968511311
2022,envy,jogger,739.5,0.4677351412871981,"(0.0, 2.7542287033381663]",q0,1.3771143516690831
2023,equal,hold,632.84375,154.88166189124829,"(144.5439770745928, 199.52623149688787]",q15,172.03510428574032
2024,equal,rights,625.6666666666666,154.88166189124829,"(144.5439770745928, 199.52623149688787]",q15,172.03510428574032
2025,eraser,cheat,623.4516129032259,11.481536214968818,"(10.0, 13.182567385564074]",q4,11.591283692782037
2026,eraser,pen,621.516129032258,23.9883291901949,"(17.78279410038923, 23.9883291901949]",q6,20.885561645292064
2027,erect,blush,788.258064516129,3.630780547701014,"(2.7542287033381663, 5.011872336272725]",q1,3.8830505198054457
2028,erect,hard,762.875,338.84415613920277,"(295.1209226666384, 18620.871366628657]",q17,9457.996144647648
2029,erode,manners,613.516129032258,6.760829753919819,"(5.011872336272725, 7.244359600749899]",q2,6.128115968511311
2030,erode,rot,701.2307692307693,5.011872336272725,"(2.7542287033381663, 5.011872336272725]",q1,3.8830505198054457
2031,erupt,example,698.8064516129032,186.20871366628657,"(144.5439770745928, 199.52623149688787]",q15,172.03510428574032
2032,erupt,orgasm,788.5769230769231,4.677351412871981,"(2.7542287033381663, 5.011872336272725]",q1,3.8830505198054457
2033,escalator,elevator,628.9354838709677,8.91250938133746,"(7.244359600749899, 10.0]",q3,8.62217980037495
2034,escalator,for,637.7931034482758,10232.929922807536,"(295.1209226666384, 18620.871366628657]",q17,9457.996144647648
2035,escape,exit,717.5666666666667,22.38721138568338,"(17.78279410038923, 23.9883291901949]",q6,20.885561645292064
2036,escape,lemon,734.21875,12.589254117941662,"(10.0, 13.182567385564074]",q4,11.591283692782037
2037,escargot,snail,766.2758620689655,4.677351412871981,"(2.7542287033381663, 5.011872336272725]",q1,3.8830505198054457
2038,escargot,toast,846.0,9.120108393559097,"(7.244359600749899, 10.0]",q3,8.62217980037495
2039,essay,airplane,647.4375,8.317637711026709,"(7.244359600749899, 10.0]",q3,8.62217980037495
2040,essay,write,549.09375,107.1519305237607,"(87.09635899560814, 112.2018454301963]",q13,99.64910221290222
2041,essence,knife,741.28125,25.703957827688647,"(23.9883291901949, 29.51209226666384]",q7,26.75021072842937
2042,essence,meaning,665.34375,74.13102413009177,"(70.79457843841374, 87.09635899560814]",q12,78.94546871701094
2043,esteem,santa,782.8571428571429,30.90295432513592,"(29.51209226666384, 37.15352290971728]",q8,33.33280758819056
2044,esteem,self,637.375,177.82794100389228,"(144.5439770745928, 199.52623149688787]",q15,172.03510428574032
2045,estimate,average,694.2666666666667,144.5439770745928,"(112.2018454301963, 144.5439770745928]",q14,128.37291125239454
2046,estimate,dry,569.1935483870968,54.954087385762485,"(46.77351412871981, 56.23413251903491]",q10,51.503823323877356
2047,ethics,code,626.7741935483871,120.22644346174131,"(112.2018454301963, 144.5439770745928]",q14,128.37291125239454
2048,ethics,feeling,666.516129032258,134.89628825916532,"(112.2018454301963, 144.5439770745928]",q14,128.37291125239454
2049,etiquette,manners,684.5625,6.760829753919819,"(5.011872336272725, 7.244359600749899]",q2,6.128115968511311
2050,etiquette,wheat,693.875,10.232929922807536,"(10.0, 13.182567385564074]",q4,11.591283692782037
2051,europe,asia,635.3225806451613,44.668359215096345,"(37.15352290971728, 46.77351412871981]",q9,41.963518519218546
2052,europe,emergency,674.84375,52.48074602497723,"(46.77351412871981, 56.23413251903491]",q10,51.503823323877356
2053,evacuate,earthquake,714.258064516129,14.125375446227554,"(13.182567385564074, 17.78279410038923]",q5,15.482680742976651
2054,evacuate,shoe,672.90625,17.378008287493763,"(13.182567385564074, 17.78279410038923]",q5,15.482680742976651
2055,evaluate,judge,570.0333333333333,89.12509381337459,"(87.09635899560814, 112.2018454301963]",q13,99.64910221290222
2056,evaluate,nun,922.9166666666666,4.365158322401661,"(2.7542287033381663, 5.011872336272725]",q1,3.8830505198054457
2057,even,forever,688.53125,54.954087385762485,"(46.77351412871981, 56.23413251903491]",q10,51.503823323877356
2058,even,odd,665.59375,26.302679918953814,"(23.9883291901949, 29.51209226666384]",q7,26.75021072842937
2059,evening,dusk,733.5862068965517,2.7542287033381663,"(0.0, 2.7542287033381663]",q0,1.3771143516690831
2060,evening,promise,696.96875,51.28613839913648,"(46.77351412871981, 56.23413251903491]",q10,51.503823323877356
2061,ever,fruit,652.258064516129,37.15352290971728,"(29.51209226666384, 37.15352290971728]",q8,33.33280758819056
2062,ever,never,608.3333333333334,812.8305161640995,"(295.1209226666384, 18620.871366628657]",q17,9457.996144647648
2063,everyday,bean,850.8666666666667,9.549925860214358,"(7.244359600749899, 10.0]",q3,8.62217980037495
2064,everyday,daily,635.28125,117.48975549395303,"(112.2018454301963, 144.5439770745928]",q14,128.37291125239454
2065,evict,apartment,637.6,44.668359215096345,"(37.15352290971728, 46.77351412871981]",q9,41.963518519218546
2066,evict,desk,672.3225806451613,26.91534803926914,"(23.9883291901949, 29.51209226666384]",q7,26.75021072842937
2067,evidence,proof,679.2258064516129,50.11872336272725,"(46.77351412871981, 56.23413251903491]",q10,51.503823323877356
2068,evidence,summer,651.46875,169.8243652461746,"(144.5439770745928, 199.52623149688787]",q15,172.03510428574032
2069,evil,nice,659.03125,234.42288153199226,"(199.52623149688787, 295.1209226666384]",q16,247.32357708176315
2070,evil,shock,676.8064516129032,28.84031503126606,"(23.9883291901949, 29.51209226666384]",q7,26.75021072842937
2071,ewe,lamb,716.483870967742,10.471285480508985,"(10.0, 13.182567385564074]",q4,11.591283692782037
2072,ewe,wood,670.0322580645161,60.25595860743581,"(56.23413251903491, 70.79457843841374]",q11,63.514355478724326
2073,exact,east,675.96875,144.5439770745928,"(112.2018454301963, 144.5439770745928]",q14,128.37291125239454
2074,exact,precise,708.1666666666666,13.489628825916533,"(13.182567385564074, 17.78279410038923]",q5,15.482680742976651
2075,exam,pass,598.0967741935484,112.2018454301963,"(87.09635899560814, 112.2018454301963]",q13,99.64910221290222
2076,exam,tennis,603.0,22.38721138568338,"(17.78279410038923, 23.9883291901949]",q6,20.885561645292064
2077,example,bleach,790.5666666666667,3.235936569296281,"(2.7542287033381663, 5.011872336272725]",q1,3.8830505198054457
2078,example,sample,625.8,33.884415613920275,"(29.51209226666384, 37.15352290971728]",q8,33.33280758819056
2079,excedrin,medicine,689.1875,53.70317963702533,"(46.77351412871981, 56.23413251903491]",q10,51.503823323877356
2080,excedrin,money,662.6666666666666,436.51583224016565,"(295.1209226666384, 18620.871366628657]",q17,9457.996144647648
2081,excel,fix,602.28125,56.23413251903491,"(46.77351412871981, 56.23413251903491]",q10,51.503823323877356
2082,excel,succeed,716.0967741935484,19.498445997580454,"(17.78279410038923, 23.9883291901949]",q6,20.885561645292064
2083,excellent,lightning,789.8387096774194,16.595869074375596,"(13.182567385564074, 17.78279410038923]",q5,15.482680742976651
2084,excellent,superior,674.6060606060606,28.84031503126606,"(23.9883291901949, 29.51209226666384]",q7,26.75021072842937
2085,exceptional,great,716.741935483871,758.5775750291835,"(295.1209226666384, 18620.871366628657]",q17,9457.996144647648
2086,exceptional,peak,724.7741935483871,33.884415613920275,"(29.51209226666384, 37.15352290971728]",q8,33.33280758819056
2087,exchange,anger,595.9677419354839,26.302679918953814,"(23.9883291901949, 29.51209226666384]",q7,26.75021072842937
2088,exchange,foreign,673.09375,120.22644346174131,"(112.2018454301963, 144.5439770745928]",q14,128.37291125239454
2089,excise,pan,765.2592592592592,24.547089156850287,"(23.9883291901949, 29.51209226666384]",q7,26.75021072842937
2090,excise,tax,747.71875,138.03842646028838,"(112.2018454301963, 144.5439770745928]",q14,128.37291125239454
2091,excited,bored,571.6,15.848931924611142,"(13.182567385564074, 17.78279410038923]",q5,15.482680742976651
2092,excited,ship,646.8333333333334,85.11380382023759,"(70.79457843841374, 87.09635899560814]",q12,78.94546871701094
2093,excuse,apology,710.4666666666667,11.220184543019629,"(10.0, 13.182567385564074]",q4,11.591283692782037
2094,excuse,camera,643.5483870967741,74.13102413009177,"(70.79457843841374, 87.09635899560814]",q12,78.94546871701094
2095,executive,secretary,798.5625,89.12509381337459,"(87.09635899560814, 112.2018454301963]",q13,99.64910221290222
2096,executive,strong,577.1935483870968,165.95869074375597,"(144.5439770745928, 199.52623149688787]",q15,172.03510428574032
2097,exercise,prom,798.4782608695652,6.025595860743575,"(5.011872336272725, 7.244359600749899]",q2,6.128115968511311
2098,exercise,sweat,662.6333333333333,13.803842646028839,"(13.182567385564074, 17.78279410038923]",q5,15.482680742976651
2099,exhale,inhale,682.8064516129032,1.7782794100389228,"(0.0, 2.7542287033381663]",q0,1.3771143516690831
2100,exhale,leg,638.9375,45.708818961487516,"(37.15352290971728, 46.77351412871981]",q9,41.963518519218546
2101,exist,extinct,886.8846153846154,4.570881896148752,"(2.7542287033381663, 5.011872336272725]",q1,3.8830505198054457
2102,exist,room,690.7,245.47089156850285,"(199.52623149688787, 295.1209226666384]",q16,247.32357708176315
2103,existence,being,578.7741935483871,891.2509381337459,"(295.1209226666384, 18620.871366628657]",q17,9457.996144647648
2104,existence,flakes,805.53125,2.39883291901949,"(0.0, 2.7542287033381663]",q0,1.3771143516690831
2105,exit,enter,637.6129032258065,64.56542290346549,"(56.23413251903491, 70.79457843841374]",q11,63.514355478724326
2106,exit,reaction,685.9677419354839,53.70317963702533,"(46.77351412871981, 56.23413251903491]",q10,51.503823323877356
2107,expense,can,641.9,2884.031503126606,"(295.1209226666384, 18620.871366628657]",q17,9457.996144647648
2108,expense,cheap,694.741935483871,51.28613839913648,"(46.77351412871981, 56.23413251903491]",q10,51.503823323877356
2109,expensive,cheap,628.4545454545455,51.28613839913648,"(46.77351412871981, 56.23413251903491]",q10,51.503823323877356
2110,expensive,shave,700.258064516129,6.760829753919819,"(5.011872336272725, 7.244359600749899]",q2,6.128115968511311
2111,experience,dumb,637.3448275862069,34.673685045253166,"(29.51209226666384, 37.15352290971728]",q8,33.33280758819056
2112,experience,knowledge,666.6666666666666,91.20108393559097,"(87.09635899560814, 112.2018454301963]",q13,99.64910221290222
2113,experiment,scientist,748.8620689655172,16.218100973589298,"(13.182567385564074, 17.78279410038923]",q5,15.482680742976651
2114,experiment,scratch,757.84375,14.45439770745928,"(13.182567385564074, 17.78279410038923]",q5,15.482680742976651
2115,expert,come,687.34375,602.5595860743581,"(295.1209226666384, 18620.871366628657]",q17,9457.996144647648
2116,expert,novice,737.5217391304348,2.570395782768865,"(0.0, 2.7542287033381663]",q0,1.3771143516690831
2117,explain,excuse,773.7037037037037,36.3078054770101,"(29.51209226666384, 37.15352290971728]",q8,33.33280758819056
2118,explain,irritating,808.5172413793103,4.073802778041126,"(2.7542287033381663, 5.011872336272725]",q1,3.8830505198054457
2119,explanation,answer,655.8333333333334,147.91083881682073,"(144.5439770745928, 199.52623149688787]",q15,172.03510428574032
2120,explanation,sorry,754.9375,151.3561248436207,"(144.5439770745928, 199.52623149688787]",q15,172.03510428574032
2121,explode,erupt,767.8571428571429,0.9332543007969915,"(0.0, 2.7542287033381663]",q0,1.3771143516690831
2122,explode,extrovert,935.28,0.3715352290971724,"(0.0, 2.7542287033381663]",q0,1.3771143516690831
2123,explorer,adventure,641.9655172413793,28.84031503126606,"(23.9883291901949, 29.51209226666384]",q7,26.75021072842937
2124,explorer,power,644.8709677419355,331.13112148259074,"(295.1209226666384, 18620.871366628657]",q17,9457.996144647648
2125,explosion,bomb,634.3333333333334,39.81071705534969,"(37.15352290971728, 46.77351412871981]",q9,41.963518519218546
2126,explosion,potato,700.6666666666666,12.88249551693135,"(10.0, 13.182567385564074]",q4,11.591283692782037
2127,express,quiet,646.9032258064516,44.668359215096345,"(37.15352290971728, 46.77351412871981]",q9,41.963518519218546
2128,express,say,619.1666666666666,776.2471166286912,"(295.1209226666384, 18620.871366628657]",q17,9457.996144647648
2129,expression,emotion,682.0,15.488166189124827,"(13.182567385564074, 17.78279410038923]",q5,15.482680742976651
2130,expression,vine,719.1111111111111,5.370317963702527,"(5.011872336272725, 7.244359600749899]",q2,6.128115968511311
2131,extension,addition,685.3225806451613,102.32929922807536,"(87.09635899560814, 112.2018454301963]",q13,99.64910221290222
2132,extension,precise,811.6428571428571,13.489628825916533,"(13.182567385564074, 17.78279410038923]",q5,15.482680742976651
2133,extinct,basic,649.1818181818181,77.62471166286912,"(70.79457843841374, 87.09635899560814]",q12,78.94546871701094
2134,extinct,young,645.1666666666666,269.1534803926914,"(199.52623149688787, 295.1209226666384]",q16,247.32357708176315
2135,extra,more,576.8275862068965,2290.867652767775,"(295.1209226666384, 18620.871366628657]",q17,9457.996144647648
2136,extra,music,552.78125,331.13112148259074,"(295.1209226666384, 18620.871366628657]",q17,9457.996144647648
2137,extravagant,clothes,668.28125,52.48074602497723,"(46.77351412871981, 56.23413251903491]",q10,51.503823323877356
2138,extravagant,rich,658.3548387096774,81.28305161640995,"(70.79457843841374, 87.09635899560814]",q12,78.94546871701094
2139,eye,ear,626.125,26.91534803926914,"(23.9883291901949, 29.51209226666384]",q7,26.75021072842937
2140,eye,star,623.1612903225806,154.88166189124829,"(144.5439770745928, 199.52623149688787]",q15,172.03510428574032
2141,eyeball,sly,746.6923076923077,2.5118864315095797,"(0.0, 2.7542287033381663]",q0,1.3771143516690831
2142,eyeball,socket,821.8709677419355,3.311311214825911,"(2.7542287033381663, 5.011872336272725]",q1,3.8830505198054457
2143,eyebrows,eyes,655.7666666666667,162.18100973589299,"(144.5439770745928, 199.52623149688787]",q15,172.03510428574032
2144,eyebrows,son,661.5357142857143,190.54607179632484,"(144.5439770745928, 199.52623149688787]",q15,172.03510428574032
2145,eyes,schedule,721.1875,46.77351412871981,"(37.15352290971728, 46.77351412871981]",q9,41.963518519218546
2146,eyes,sight,660.3548387096774,34.673685045253166,"(29.51209226666384, 37.15352290971728]",q8,33.33280758819056
2147,fable,lesson,627.34375,29.51209226666384,"(23.9883291901949, 29.51209226666384]",q7,26.75021072842937
2148,fable,minimum,887.8214285714286,48.97788193684466,"(46.77351412871981, 56.23413251903491]",q10,51.503823323877356
2149,fabric,material,654.5483870967741,89.12509381337459,"(87.09635899560814, 112.2018454301963]",q13,99.64910221290222
2150,fabric,smash,672.8,12.30268770812381,"(10.0, 13.182567385564074]",q4,11.591283692782037
2151,factor,dictionary,742.8181818181819,10.471285480508985,"(10.0, 13.182567385564074]",q4,11.591283692782037
2152,factor,reason,724.71875,208.92961308540407,"(199.52623149688787, 295.1209226666384]",q16,247.32357708176315
2153,factory,swear,609.6774193548387,32.35936569296281,"(29.51209226666384, 37.15352290971728]",q8,33.33280758819056
2154,factory,worker,587.1515151515151,26.91534803926914,"(23.9883291901949, 29.51209226666384]",q7,26.75021072842937
2155,facts,fiction,795.3666666666667,27.54228703338169,"(23.9883291901949, 29.51209226666384]",q7,26.75021072842937
2156,facts,have,649.9354838709677,5128.613839913648,"(295.1209226666384, 18620.871366628657]",q17,9457.996144647648
2157,faculty,mountain,737.8387096774194,53.70317963702533,"(46.77351412871981, 56.23413251903491]",q10,51.503823323877356
2158,faculty,staff,596.3225806451613,120.22644346174131,"(112.2018454301963, 144.5439770745928]",q14,128.37291125239454
2159,fad,fashion,670.9032258064516,66.06934480075964,"(56.23413251903491, 70.79457843841374]",q11,63.514355478724326
2160,fad,real,655.483870967742,398.1071705534969,"(295.1209226666384, 18620.871366628657]",q17,9457.996144647648
2161,fade,jeans,618.5757575757576,12.30268770812381,"(10.0, 13.182567385564074]",q4,11.591283692782037
2162,fade,seven,606.9090909090909,120.22644346174131,"(112.2018454301963, 144.5439770745928]",q14,128.37291125239454
2163,fail,house,642.0625,512.8613839913648,"(295.1209226666384, 18620.871366628657]",q17,9457.996144647648
2164,fail,pass,642.6875,112.2018454301963,"(87.09635899560814, 112.2018454301963]",q13,99.64910221290222
2165,failure,success,604.9677419354839,114.81536214968817,"(112.2018454301963, 144.5439770745928]",q14,128.37291125239454
2166,failure,write,596.6451612903226,107.1519305237607,"(87.09635899560814, 112.2018454301963]",q13,99.64910221290222
2167,fairy,sign,767.6774193548387,120.22644346174131,"(112.2018454301963, 144.5439770745928]",q14,128.37291125239454
2168,fairy,story,618.1612903225806,281.8382931264455,"(199.52623149688787, 295.1209226666384]",q16,247.32357708176315
2169,fairytale,decay,893.4814814814815,6.760829753919819,"(5.011872336272725, 7.244359600749899]",q2,6.128115968511311
2170,fairytale,fiction,717.0,27.54228703338169,"(23.9883291901949, 29.51209226666384]",q7,26.75021072842937
2171,faith,jesus,637.8064516129032,97.72372209558111,"(87.09635899560814, 112.2018454301963]",q13,99.64910221290222
2172,faith,pick,643.7741935483871,120.22644346174131,"(112.2018454301963, 144.5439770745928]",q14,128.37291125239454
2173,faithful,grow,664.21875,79.43282347242821,"(70.79457843841374, 87.09635899560814]",q12,78.94546871701094
2174,faithful,relationshi,765.15625,0.01412537544622754,"(0.0, 2.7542287033381663]",q0,1.3771143516690831
2175,fake,far,786.9333333333333,316.22776601683796,"(295.1209226666384, 18620.871366628657]",q17,9457.996144647648
2176,fake,real,622.5333333333333,398.1071705534969,"(295.1209226666384, 18620.871366628657]",q17,9457.996144647648
2177,fall,shovel,853.25,3.1622776601683795,"(2.7542287033381663, 5.011872336272725]",q1,3.8830505198054457
2178,fall,spring,586.34375,83.17637711026708,"(70.79457843841374, 87.09635899560814]",q12,78.94546871701094
2179,false,true,618.75,251.18864315095823,"(199.52623149688787, 295.1209226666384]",q16,247.32357708176315
2180,false,crunchy,879.75,1.6595869074375613,"(0.0, 2.7542287033381663]",q0,1.3771143516690831
2181,fame,fortune,648.8125,19.952623149688787,"(17.78279410038923, 23.9883291901949]",q6,20.885561645292064
2182,fame,material,676.6129032258065,89.12509381337459,"(87.09635899560814, 112.2018454301963]",q13,99.64910221290222
2183,famine,homeless,709.516129032258,18.197008586099827,"(17.78279410038923, 23.9883291901949]",q6,20.885561645292064
2184,famine,hunger,594.9310344827586,12.589254117941662,"(10.0, 13.182567385564074]",q4,11.591283692782037
2185,famous,accept,623.625,70.79457843841374,"(56.23413251903491, 70.79457843841374]",q11,63.514355478724326
2186,famous,artist,622.2,63.0957344480193,"(56.23413251903491, 70.79457843841374]",q11,63.514355478724326
2187,fan,air,658.25,234.42288153199226,"(199.52623149688787, 295.1209226666384]",q16,247.32357708176315
2188,fan,skin,748.3125,81.28305161640995,"(70.79457843841374, 87.09635899560814]",q12,78.94546871701094
2189,fancy,agreement,661.09375,75.85775750291836,"(70.79457843841374, 87.09635899560814]",q12,78.94546871701094
2190,fancy,like,585.46875,2570.3957827688646,"(295.1209226666384, 18620.871366628657]",q17,9457.996144647648
2191,fangs,television,710.6774193548387,61.65950018614822,"(56.23413251903491, 70.79457843841374]",q11,63.514355478724326
2192,fangs,wolf,661.7,22.38721138568338,"(17.78279410038923, 23.9883291901949]",q6,20.885561645292064
2193,fantastic,four,604.65625,338.84415613920277,"(295.1209226666384, 18620.871366628657]",q17,9457.996144647648
2194,fantastic,skinny,691.6363636363636,9.772372209558112,"(7.244359600749899, 10.0]",q3,8.62217980037495
2195,far,bedroom,719.2727272727273,28.84031503126606,"(23.9883291901949, 29.51209226666384]",q7,26.75021072842937
2196,far,near,634.9333333333333,194.98445997580455,"(144.5439770745928, 199.52623149688787]",q15,172.03510428574032
2197,farmer,crops,700.5806451612904,11.220184543019629,"(10.0, 13.182567385564074]",q4,11.591283692782037
2198,farmer,sleep,579.8333333333334,112.2018454301963,"(87.09635899560814, 112.2018454301963]",q13,99.64910221290222
2199,fascism,communism,707.1290322580645,6.30957344480193,"(5.011872336272725, 7.244359600749899]",q2,6.128115968511311
2200,fascism,god,701.34375,371.53522909717276,"(295.1209226666384, 18620.871366628657]",q17,9457.996144647648
2201,fashion,fad,769.7058823529412,1.8197008586099825,"(0.0, 2.7542287033381663]",q0,1.3771143516690831
2202,fashion,trees,772.5172413793103,48.97788193684466,"(46.77351412871981, 56.23413251903491]",q10,51.503823323877356
2203,fast,friend,578.3666666666667,234.42288153199226,"(199.52623149688787, 295.1209226666384]",q16,247.32357708176315
2204,fast,slow,603.96875,70.79457843841374,"(56.23413251903491, 70.79457843841374]",q11,63.514355478724326
2205,fasten,plastic,681.6129032258065,32.35936569296281,"(29.51209226666384, 37.15352290971728]",q8,33.33280758819056
2206,fasten,seatbelt,727.625,1.174897554939529,"(0.0, 2.7542287033381663]",q0,1.3771143516690831
2207,fat,lady,605.6774193548387,89.12509381337459,"(87.09635899560814, 112.2018454301963]",q13,99.64910221290222
2208,fat,tag,690.2333333333333,27.54228703338169,"(23.9883291901949, 29.51209226666384]",q7,26.75021072842937
2209,father,hose,714.6923076923077,5.370317963702527,"(5.011872336272725, 7.244359600749899]",q2,6.128115968511311
2210,father,mother,631.3939393939394,173.78008287493762,"(144.5439770745928, 199.52623149688787]",q15,172.03510428574032
2211,faucet,around,619.125,588.8436553555883,"(295.1209226666384, 18620.871366628657]",q17,9457.996144647648
2212,faucet,drip,616.8064516129032,3.801893963205613,"(2.7542287033381663, 5.011872336272725]",q1,3.8830505198054457
2213,fault,breakfast,663.25,40.7380277804113,"(37.15352290971728, 46.77351412871981]",q9,41.963518519218546
2214,fault,yours,705.5862068965517,56.23413251903491,"(46.77351412871981, 56.23413251903491]",q10,51.503823323877356
2215,favorite,best,616.1818181818181,691.8309709189363,"(295.1209226666384, 18620.871366628657]",q17,9457.996144647648
2216,favorite,cotton,612.875,22.38721138568338,"(17.78279410038923, 23.9883291901949]",q6,20.885561645292064
2217,fear,biology,762.1818181818181,16.595869074375596,"(13.182567385564074, 17.78279410038923]",q5,15.482680742976651
2218,fear,scared,682.9333333333333,39.81071705534969,"(37.15352290971728, 46.77351412871981]",q9,41.963518519218546
2219,feature,boots,613.8125,21.379620895022324,"(17.78279410038923, 23.9883291901949]",q6,20.885561645292064
2220,feature,nose,680.7931034482758,32.35936569296281,"(29.51209226666384, 37.15352290971728]",q8,33.33280758819056
2221,federal,gone,591.84375,147.91083881682073,"(144.5439770745928, 199.52623149688787]",q15,172.03510428574032
2222,federal,offense,674.3225806451613,18.197008586099827,"(17.78279410038923, 23.9883291901949]",q6,20.885561645292064
2223,feeble,attempt,638.8387096774194,70.79457843841374,"(56.23413251903491, 70.79457843841374]",q11,63.514355478724326
2224,feeble,wild,690.4193548387096,63.0957344480193,"(56.23413251903491, 70.79457843841374]",q11,63.514355478724326
2225,feed,cool,752.8387096774194,141.25375446227554,"(112.2018454301963, 144.5439770745928]",q14,128.37291125239454
2226,feed,eat,646.4516129032259,134.89628825916532,"(112.2018454301963, 144.5439770745928]",q14,128.37291125239454
2227,feeling,emotion,619.8125,15.488166189124827,"(13.182567385564074, 17.78279410038923]",q5,15.482680742976651
2228,feeling,farm,703.5666666666667,56.23413251903491,"(46.77351412871981, 56.23413251903491]",q10,51.503823323877356
2229,feet,fake,679.2142857142857,44.668359215096345,"(37.15352290971728, 46.77351412871981]",q9,41.963518519218546
2230,feet,toes,614.7272727272727,9.120108393559097,"(7.244359600749899, 10.0]",q3,8.62217980037495
2231,felt,crafts,773.3333333333334,5.370317963702527,"(5.011872336272725, 7.244359600749899]",q2,6.128115968511311
2232,felt,hand,612.8125,257.03957827688646,"(199.52623149688787, 295.1209226666384]",q16,247.32357708176315
2233,female,male,589.75,77.62471166286912,"(70.79457843841374, 87.09635899560814]",q12,78.94546871701094
2234,female,perfect,653.4516129032259,158.48931924611142,"(144.5439770745928, 199.52623149688787]",q15,172.03510428574032
2235,fence,picket,759.0625,1.8620871366628675,"(0.0, 2.7542287033381663]",q0,1.3771143516690831
2236,fence,smoke,782.5333333333333,46.77351412871981,"(37.15352290971728, 46.77351412871981]",q9,41.963518519218546
2237,festival,strawberry,632.9,5.248074602497728,"(5.011872336272725, 7.244359600749899]",q2,6.128115968511311
2238,festival,weave,815.5357142857143,3.388441561392024,"(2.7542287033381663, 5.011872336272725]",q1,3.8830505198054457
2239,feud,argument,840.7333333333333,43.65158322401656,"(37.15352290971728, 46.77351412871981]",q9,41.963518519218546
2240,feud,juice,687.2903225806451,22.90867652767775,"(17.78279410038923, 23.9883291901949]",q6,20.885561645292064
2241,fever,draw,619.9354838709677,64.56542290346549,"(56.23413251903491, 70.79457843841374]",q11,63.514355478724326
2242,fever,high,592.6875,562.341325190349,"(295.1209226666384, 18620.871366628657]",q17,9457.996144647648
2243,fiber,cereal,708.125,5.4954087385762485,"(5.011872336272725, 7.244359600749899]",q2,6.128115968511311
2244,fiber,foreign,673.1379310344828,120.22644346174131,"(112.2018454301963, 144.5439770745928]",q14,128.37291125239454
2245,field,corn,621.7096774193549,15.488166189124827,"(13.182567385564074, 17.78279410038923]",q5,15.482680742976651
2246,field,yellow,612.2121212121212,48.97788193684466,"(46.77351412871981, 56.23413251903491]",q10,51.503823323877356
2247,fig,newton,794.7586206896551,8.709635899560805,"(7.244359600749899, 10.0]",q3,8.62217980037495
2248,fig,weight,633.4516129032259,104.71285480508985,"(87.09635899560814, 112.2018454301963]",q13,99.64910221290222
2249,fight,fist,725.2258064516129,7.76247116628692,"(7.244359600749899, 10.0]",q3,8.62217980037495
2250,fight,lace,752.0,6.6069344800759575,"(5.011872336272725, 7.244359600749899]",q2,6.128115968511311
2251,fighter,boxer,641.3870967741935,5.4954087385762485,"(5.011872336272725, 7.244359600749899]",q2,6.128115968511311
2252,fighter,space,654.483870967742,169.8243652461746,"(144.5439770745928, 199.52623149688787]",q15,172.03510428574032
2253,figure,eight,715.0645161290323,104.71285480508985,"(87.09635899560814, 112.2018454301963]",q13,99.64910221290222
2254,figure,ugly,666.5,26.302679918953814,"(23.9883291901949, 29.51209226666384]",q7,26.75021072842937
2255,file,cabinet,631.9032258064516,30.90295432513592,"(29.51209226666384, 37.15352290971728]",q8,33.33280758819056
2256,file,frame,707.65625,38.018939632056124,"(37.15352290971728, 46.77351412871981]",q9,41.963518519218546
2257,fill,dirt,678.3,17.378008287493763,"(13.182567385564074, 17.78279410038923]",q5,15.482680742976651
2258,fill,misunderstand,894.7586206896551,1.412537544622754,"(0.0, 2.7542287033381663]",q0,1.3771143516690831
2259,filthy,bum,787.0,5.623413251903491,"(5.011872336272725, 7.244359600749899]",q2,6.128115968511311
2260,filthy,cocaine,757.0625,9.549925860214358,"(7.244359600749899, 10.0]",q3,8.62217980037495
2261,fin,carpet,630.71875,15.135612484362072,"(13.182567385564074, 17.78279410038923]",q5,15.482680742976651
2262,fin,dolphin,806.5625,4.677351412871981,"(2.7542287033381663, 5.011872336272725]",q1,3.8830505198054457
2263,final,last,645.53125,724.4359600749906,"(295.1209226666384, 18620.871366628657]",q17,9457.996144647648
2264,final,superman,677.46875,10.471285480508985,"(10.0, 13.182567385564074]",q4,11.591283692782037
2265,financial,problem,626.7666666666667,251.18864315095823,"(199.52623149688787, 295.1209226666384]",q16,247.32357708176315
2266,financial,window,691.9677419354839,63.0957344480193,"(56.23413251903491, 70.79457843841374]",q11,63.514355478724326
2267,find,found,679.3666666666667,478.630092322638,"(295.1209226666384, 18620.871366628657]",q17,9457.996144647648
2268,find,hungry,667.8064516129032,28.18382931264455,"(23.9883291901949, 29.51209226666384]",q7,26.75021072842937
2269,finger,follower,721.65625,3.630780547701014,"(2.7542287033381663, 5.011872336272725]",q1,3.8830505198054457
2270,finger,hand,590.84375,257.03957827688646,"(199.52623149688787, 295.1209226666384]",q16,247.32357708176315
2271,fingernail,boat,667.3548387096774,51.28613839913648,"(46.77351412871981, 56.23413251903491]",q10,51.503823323877356
2272,fingernail,polish,669.9666666666667,19.498445997580454,"(17.78279410038923, 23.9883291901949]",q6,20.885561645292064
2273,fingers,crowd,636.1612903225806,50.11872336272725,"(46.77351412871981, 56.23413251903491]",q10,51.503823323877356
2274,fingers,toes,567.6896551724138,9.120108393559097,"(7.244359600749899, 10.0]",q3,8.62217980037495
2275,finish,brother,711.258064516129,128.82495516931348,"(112.2018454301963, 144.5439770745928]",q14,128.37291125239454
2276,finish,start,577.0625,363.078054770101,"(295.1209226666384, 18620.871366628657]",q17,9457.996144647648
2277,finished,done,621.0625,380.1893963205613,"(295.1209226666384, 18620.871366628657]",q17,9457.996144647648
2278,finished,quart,841.1333333333333,1.0232929922807537,"(0.0, 2.7542287033381663]",q0,1.3771143516690831
2279,fire,hot,575.28125,144.5439770745928,"(112.2018454301963, 144.5439770745928]",q14,128.37291125239454
2280,fire,oxygen,806.6451612903226,17.78279410038923,"(13.182567385564074, 17.78279410038923]",q5,15.482680742976651
2281,fireplace,creator,780.0,16.218100973589298,"(13.182567385564074, 17.78279410038923]",q5,15.482680742976651
2282,fireplace,winter,615.6333333333333,77.62471166286912,"(70.79457843841374, 87.09635899560814]",q12,78.94546871701094
2283,first,last,620.3333333333334,724.4359600749906,"(295.1209226666384, 18620.871366628657]",q17,9457.996144647648
2284,first,saw,662.75,218.77616239495518,"(199.52623149688787, 295.1209226666384]",q16,247.32357708176315
2285,fishing,ability,785.5333333333333,91.20108393559097,"(87.09635899560814, 112.2018454301963]",q13,99.64910221290222
2286,fishing,reel,795.074074074074,4.786300923226385,"(2.7542287033381663, 5.011872336272725]",q1,3.8830505198054457
2287,fit,load,600.8709677419355,38.018939632056124,"(37.15352290971728, 46.77351412871981]",q9,41.963518519218546
2288,fit,tantrum,847.3478260869565,1.3489628825916533,"(0.0, 2.7542287033381663]",q0,1.3771143516690831
2289,fitness,healthy,641.875,63.0957344480193,"(56.23413251903491, 70.79457843841374]",q11,63.514355478724326
2290,fitness,saucer,794.875,1.1481536214968828,"(0.0, 2.7542287033381663]",q0,1.3771143516690831
2291,five,hungry,637.3636363636364,28.18382931264455,"(23.9883291901949, 29.51209226666384]",q7,26.75021072842937
2292,five,six,670.21875,194.98445997580455,"(144.5439770745928, 199.52623149688787]",q15,172.03510428574032
2293,fix,it,628.7741935483871,8912.509381337459,"(295.1209226666384, 18620.871366628657]",q17,9457.996144647648
2294,fix,vault,709.7586206896551,7.943282347242813,"(7.244359600749899, 10.0]",q3,8.62217980037495
2295,flag,american,826.483870967742,309.0295432513592,"(295.1209226666384, 18620.871366628657]",q17,9457.996144647648
2296,flag,honor,624.34375,48.97788193684466,"(46.77351412871981, 56.23413251903491]",q10,51.503823323877356
2297,flake,corn,651.1935483870968,15.488166189124827,"(13.182567385564074, 17.78279410038923]",q5,15.482680742976651
2298,flake,wild,607.8064516129032,63.0957344480193,"(56.23413251903491, 70.79457843841374]",q11,63.514355478724326
2299,flap,flop,827.6206896551724,3.630780547701014,"(2.7542287033381663, 5.011872336272725]",q1,3.8830505198054457
2300,flap,maybe,585.9677419354839,281.8382931264455,"(199.52623149688787, 295.1209226666384]",q16,247.32357708176315
2301,flat,down,571.2333333333333,758.5775750291835,"(295.1209226666384, 18620.871366628657]",q17,9457.996144647648
2302,flat,tire,607.5483870967741,10.471285480508985,"(10.0, 13.182567385564074]",q4,11.591283692782037
2303,flea,bow,707.5666666666667,19.952623149688787,"(17.78279410038923, 23.9883291901949]",q6,20.885561645292064
2304,flea,market,624.741935483871,194.98445997580455,"(144.5439770745928, 199.52623149688787]",q15,172.03510428574032
2305,fleet,cars,671.59375,77.62471166286912,"(70.79457843841374, 87.09635899560814]",q12,78.94546871701094
2306,fleet,hostess,735.7857142857143,2.23872113856834,"(0.0, 2.7542287033381663]",q0,1.3771143516690831
2307,flesh,pepper,642.4,13.803842646028839,"(13.182567385564074, 17.78279410038923]",q5,15.482680742976651
2308,flesh,skin,697.3666666666667,81.28305161640995,"(70.79457843841374, 87.09635899560814]",q12,78.94546871701094
2309,flex,muscle,674.6129032258065,27.54228703338169,"(23.9883291901949, 29.51209226666384]",q7,26.75021072842937
2310,flex,thought,699.1935483870968,389.04514499428046,"(295.1209226666384, 18620.871366628657]",q17,9457.996144647648
2311,flexible,bend,699.25,13.489628825916533,"(13.182567385564074, 17.78279410038923]",q5,15.482680742976651
2312,flexible,wait,651.8125,223.87211385683378,"(199.52623149688787, 295.1209226666384]",q16,247.32357708176315
2313,flick,off,663.8,851.1380382023759,"(295.1209226666384, 18620.871366628657]",q17,9457.996144647648
2314,flick,picture,654.4375,134.89628825916532,"(112.2018454301963, 144.5439770745928]",q14,128.37291125239454
2315,fling,bedroom,801.03125,28.84031503126606,"(23.9883291901949, 29.51209226666384]",q7,26.75021072842937
2316,fling,flirt,675.4375,3.311311214825911,"(2.7542287033381663, 5.011872336272725]",q1,3.8830505198054457
2317,flip,dead,613.8125,154.88166189124829,"(144.5439770745928, 199.52623149688787]",q15,172.03510428574032
2318,flip,flop,789.4333333333333,3.630780547701014,"(2.7542287033381663, 5.011872336272725]",q1,3.8830505198054457
2319,flipper,dolphin,762.5333333333333,4.677351412871981,"(2.7542287033381663, 5.011872336272725]",q1,3.8830505198054457
2320,flipper,flirt,679.6333333333333,3.311311214825911,"(2.7542287033381663, 5.011872336272725]",q1,3.8830505198054457
2321,float,control,617.625,251.18864315095823,"(199.52623149688787, 295.1209226666384]",q16,247.32357708176315
2322,float,sink,618.3548387096774,16.218100973589298,"(13.182567385564074, 17.78279410038923]",q5,15.482680742976651
2323,flood,dam,912.3478260869564,14.791083881682072,"(13.182567385564074, 17.78279410038923]",q5,15.482680742976651
2324,flood,stamp,672.5666666666667,12.88249551693135,"(10.0, 13.182567385564074]",q4,11.591283692782037
2325,floor,looks,636.1666666666666,229.08676527677747,"(199.52623149688787, 295.1209226666384]",q16,247.32357708176315
2326,floor,tile,768.074074074074,5.248074602497728,"(5.011872336272725, 7.244359600749899]",q2,6.128115968511311
2327,florida,heat,625.5806451612904,72.44359600749905,"(70.79457843841374, 87.09635899560814]",q12,78.94546871701094
2328,florida,sun,668.90625,93.32543007969905,"(87.09635899560814, 112.2018454301963]",q13,99.64910221290222
2329,flour,bread,600.28125,31.622776601683793,"(29.51209226666384, 37.15352290971728]",q8,33.33280758819056
2330,flour,no,673.030303030303,2238.7211385683377,"(295.1209226666384, 18620.871366628657]",q17,9457.996144647648
2331,flow,smooth,675.3870967741935,25.11886431509582,"(23.9883291901949, 29.51209226666384]",q7,26.75021072842937
2332,flow,still,584.9,831.7637711026708,"(295.1209226666384, 18620.871366628657]",q17,9457.996144647648
2333,flower,fiction,733.1071428571429,27.54228703338169,"(23.9883291901949, 29.51209226666384]",q7,26.75021072842937
2334,flower,rose,590.40625,66.06934480075964,"(56.23413251903491, 70.79457843841374]",q11,63.514355478724326
2335,flowers,rope,805.8709677419355,11.481536214968818,"(10.0, 13.182567385564074]",q4,11.591283692782037
2336,flowers,roses,716.6875,10.232929922807536,"(10.0, 13.182567385564074]",q4,11.591283692782037
2337,flu,poison,619.34375,12.02264434617413,"(10.0, 13.182567385564074]",q4,11.591283692782037
2338,flu,sneeze,696.1935483870968,1.5488166189124812,"(0.0, 2.7542287033381663]",q0,1.3771143516690831
2339,fluffy,confusion,658.7878787878788,15.488166189124827,"(13.182567385564074, 17.78279410038923]",q5,15.482680742976651
2340,fluffy,soft,722.3225806451613,47.863009232263806,"(46.77351412871981, 56.23413251903491]",q10,51.503823323877356
2341,fluid,washer,697.7666666666667,2.1877616239495516,"(0.0, 2.7542287033381663]",q0,1.3771143516690831
2342,fluid,whine,773.3448275862069,1.9054607179632463,"(0.0, 2.7542287033381663]",q0,1.3771143516690831
2343,flunk,failure,761.3125,52.48074602497723,"(46.77351412871981, 56.23413251903491]",q10,51.503823323877356
2344,flunk,fork,764.1666666666666,10.71519305237607,"(10.0, 13.182567385564074]",q4,11.591283692782037
2345,flush,american,659.65625,309.0295432513592,"(295.1209226666384, 18620.871366628657]",q17,9457.996144647648
2346,flush,blush,724.9677419354839,3.630780547701014,"(2.7542287033381663, 5.011872336272725]",q1,3.8830505198054457
2347,fly,airplane,723.741935483871,8.317637711026709,"(7.244359600749899, 10.0]",q3,8.62217980037495
2348,fly,gold,670.46875,147.91083881682073,"(144.5439770745928, 199.52623149688787]",q15,172.03510428574032
2349,flying,airplane,694.9375,8.317637711026709,"(7.244359600749899, 10.0]",q3,8.62217980037495
2350,flying,personality,712.03125,35.481338923357534,"(29.51209226666384, 37.15352290971728]",q8,33.33280758819056
2351,foam,energy,690.15625,169.8243652461746,"(144.5439770745928, 199.52623149688787]",q15,172.03510428574032
2352,foam,shave,650.8709677419355,6.760829753919819,"(5.011872336272725, 7.244359600749899]",q2,6.128115968511311
2353,foe,ape,779.7407407407408,3.019951720402016,"(2.7542287033381663, 5.011872336272725]",q1,3.8830505198054457
2354,foe,friend,638.0,234.42288153199226,"(199.52623149688787, 295.1209226666384]",q16,247.32357708176315
2355,fog,mist,622.6451612903226,4.677351412871981,"(2.7542287033381663, 5.011872336272725]",q1,3.8830505198054457
2356,fog,safe,580.9677419354839,117.48975549395303,"(112.2018454301963, 144.5439770745928]",q14,128.37291125239454
2357,foggy,unclear,672.0967741935484,8.511380382023768,"(7.244359600749899, 10.0]",q3,8.62217980037495
2358,foggy,wear,584.6,83.17637711026708,"(70.79457843841374, 87.09635899560814]",q12,78.94546871701094
2359,foil,aluminum,711.4,10.232929922807536,"(10.0, 13.182567385564074]",q4,11.591283692782037
2360,foil,kidnap,761.1935483870968,3.019951720402016,"(2.7542287033381663, 5.011872336272725]",q1,3.8830505198054457
2361,fold,tear,643.8125,22.38721138568338,"(17.78279410038923, 23.9883291901949]",q6,20.885561645292064
2362,fold,terrible,652.78125,51.28613839913648,"(46.77351412871981, 56.23413251903491]",q10,51.503823323877356
2363,follow,lend,670.8333333333334,8.317637711026709,"(7.244359600749899, 10.0]",q3,8.62217980037495
2364,follow,tag,628.0645161290323,27.54228703338169,"(23.9883291901949, 29.51209226666384]",q7,26.75021072842937
2365,folly,cook,591.7,44.668359215096345,"(37.15352290971728, 46.77351412871981]",q9,41.963518519218546
2366,folly,mistake,632.375,46.77351412871981,"(37.15352290971728, 46.77351412871981]",q9,41.963518519218546
2367,fond,desert,702.0,25.11886431509582,"(23.9883291901949, 29.51209226666384]",q7,26.75021072842937
2368,fond,fish,683.2258064516129,79.43282347242821,"(70.79457843841374, 87.09635899560814]",q12,78.94546871701094
2369,fool,april,754.59375,154.88166189124829,"(144.5439770745928, 199.52623149688787]",q15,172.03510428574032
2370,fool,zero,682.3666666666667,42.65795188015925,"(37.15352290971728, 46.77351412871981]",q9,41.963518519218546
2371,foolish,plus,688.5,89.12509381337459,"(87.09635899560814, 112.2018454301963]",q13,99.64910221290222
2372,foolish,silly,670.5757575757576,24.547089156850287,"(23.9883291901949, 29.51209226666384]",q7,26.75021072842937
2373,football,field,758.7,173.78008287493762,"(144.5439770745928, 199.52623149688787]",q15,172.03510428574032
2374,football,mud,631.3333333333334,13.489628825916533,"(13.182567385564074, 17.78279410038923]",q5,15.482680742976651
2375,for,against,719.3333333333334,478.630092322638,"(295.1209226666384, 18620.871366628657]",q17,9457.996144647648
2376,for,exhale,865.75,1.2882495516931336,"(0.0, 2.7542287033381663]",q0,1.3771143516690831
2377,forbidden,actress,708.0333333333333,28.18382931264455,"(23.9883291901949, 29.51209226666384]",q7,26.75021072842937
2378,forbidden,zone,754.9655172413793,52.48074602497723,"(46.77351412871981, 56.23413251903491]",q10,51.503823323877356
2379,force,strength,609.09375,63.0957344480193,"(56.23413251903491, 70.79457843841374]",q11,63.514355478724326
2380,force,summer,628.90625,169.8243652461746,"(144.5439770745928, 199.52623149688787]",q15,172.03510428574032
2381,forehead,hair,548.2903225806451,120.22644346174131,"(112.2018454301963, 144.5439770745928]",q14,128.37291125239454
2382,forehead,marry,730.75,25.11886431509582,"(23.9883291901949, 29.51209226666384]",q7,26.75021072842937
2383,foresight,before,575.8,851.1380382023759,"(295.1209226666384, 18620.871366628657]",q17,9457.996144647648
2384,foresight,secretary,693.1,89.12509381337459,"(87.09635899560814, 112.2018454301963]",q13,99.64910221290222
2385,forever,always,639.4516129032259,575.4399373371566,"(295.1209226666384, 18620.871366628657]",q17,9457.996144647648
2386,forever,test,595.4848484848485,154.88166189124829,"(144.5439770745928, 199.52623149688787]",q15,172.03510428574032
2387,forget,basket,653.3225806451613,11.748975549395302,"(10.0, 13.182567385564074]",q4,11.591283692782037
2388,forget,lose,661.969696969697,120.22644346174131,"(112.2018454301963, 144.5439770745928]",q14,128.37291125239454
2389,forgive,accept,651.6666666666666,70.79457843841374,"(56.23413251903491, 70.79457843841374]",q11,63.514355478724326
2390,forgive,tears,627.21875,29.51209226666384,"(23.9883291901949, 29.51209226666384]",q7,26.75021072842937
2391,fork,dictionary,864.0,10.471285480508985,"(10.0, 13.182567385564074]",q4,11.591283692782037
2392,fork,spoon,565.4,7.585775750291836,"(7.244359600749899, 10.0]",q3,8.62217980037495
2393,form,law,556.84375,288.40315031266056,"(199.52623149688787, 295.1209226666384]",q16,247.32357708176315
2394,form,shape,606.6363636363636,52.48074602497723,"(46.77351412871981, 56.23413251903491]",q10,51.503823323877356
2395,formal,dress,607.2903225806451,57.543993733715666,"(56.23413251903491, 70.79457843841374]",q11,63.514355478724326
2396,formal,sea,647.8064516129032,114.81536214968817,"(112.2018454301963, 144.5439770745928]",q14,128.37291125239454
2397,formula,secret,654.875,83.17637711026708,"(70.79457843841374, 87.09635899560814]",q12,78.94546871701094
2398,formula,upstairs,737.03125,7.413102413009177,"(7.244359600749899, 10.0]",q3,8.62217980037495
2399,fort,april,633.9,154.88166189124829,"(144.5439770745928, 199.52623149688787]",q15,172.03510428574032
2400,fort,army,653.4375,114.81536214968817,"(112.2018454301963, 144.5439770745928]",q14,128.37291125239454
2401,fortune,false,630.53125,42.65795188015925,"(37.15352290971728, 46.77351412871981]",q9,41.963518519218546
2402,fortune,poor,608.258064516129,123.02687708123811,"(112.2018454301963, 144.5439770745928]",q14,128.37291125239454
2403,forward,backward,640.7,5.1286138399136485,"(5.011872336272725, 7.244359600749899]",q2,6.128115968511311
2404,forward,words,592.96875,177.82794100389228,"(144.5439770745928, 199.52623149688787]",q15,172.03510428574032
2405,fossil,dinosaur,757.7333333333333,5.88843655355589,"(5.011872336272725, 7.244359600749899]",q2,6.128115968511311
2406,fossil,machine,642.741935483871,79.43282347242821,"(70.79457843841374, 87.09635899560814]",q12,78.94546871701094
2407,foundation,base,634.5666666666667,112.2018454301963,"(87.09635899560814, 112.2018454301963]",q13,99.64910221290222
2408,foundation,view,610.59375,154.88166189124829,"(144.5439770745928, 199.52623149688787]",q15,172.03510428574032
2409,fountain,penny,728.8,11.748975549395302,"(10.0, 13.182567385564074]",q4,11.591283692782037
2410,fountain,sea,636.741935483871,114.81536214968817,"(112.2018454301963, 144.5439770745928]",q14,128.37291125239454
2411,four,actress,723.8125,28.18382931264455,"(23.9883291901949, 29.51209226666384]",q7,26.75021072842937
2412,four,five,521.6875,281.8382931264455,"(199.52623149688787, 295.1209226666384]",q16,247.32357708176315
2413,fox,hound,740.3333333333334,2.691534803926917,"(0.0, 2.7542287033381663]",q0,1.3771143516690831
2414,fox,parts,660.1071428571429,117.48975549395303,"(112.2018454301963, 144.5439770745928]",q14,128.37291125239454
2415,fragile,best,667.75,691.8309709189363,"(295.1209226666384, 18620.871366628657]",q17,9457.996144647648
2416,fragile,weak,650.09375,45.708818961487516,"(37.15352290971728, 46.77351412871981]",q9,41.963518519218546
2417,fragrance,cologne,661.4516129032259,3.715352290971724,"(2.7542287033381663, 5.011872336272725]",q1,3.8830505198054457
2418,fragrance,congress,679.9354838709677,79.43282347242821,"(70.79457843841374, 87.09635899560814]",q12,78.94546871701094
2419,frail,mistake,704.0645161290323,46.77351412871981,"(37.15352290971728, 46.77351412871981]",q9,41.963518519218546
2420,frail,thin,676.15625,29.51209226666384,"(23.9883291901949, 29.51209226666384]",q7,26.75021072842937
2421,frankenstein,independent,701.34375,85.11380382023759,"(70.79457843841374, 87.09635899560814]",q12,78.94546871701094
2422,frankenstein,monster,575.28125,30.90295432513592,"(29.51209226666384, 37.15352290971728]",q8,33.33280758819056
2423,fraternity,problem,683.4516129032259,251.18864315095823,"(199.52623149688787, 295.1209226666384]",q16,247.32357708176315
2424,fraternity,sorority,818.6129032258065,1.8197008586099825,"(0.0, 2.7542287033381663]",q0,1.3771143516690831
2425,fraud,crime,823.4516129032259,77.62471166286912,"(70.79457843841374, 87.09635899560814]",q12,78.94546871701094
2426,fraud,under,734.0322580645161,537.0317963702532,"(295.1209226666384, 18620.871366628657]",q17,9457.996144647648
2427,fray,bargain,773.6666666666666,8.91250938133746,"(7.244359600749899, 10.0]",q3,8.62217980037495
2428,fray,rug,688.8387096774194,5.248074602497728,"(5.011872336272725, 7.244359600749899]",q2,6.128115968511311
2429,freak,christmas,808.1290322580645,81.28305161640995,"(70.79457843841374, 87.09635899560814]",q12,78.94546871701094
2430,freak,weird,721.3793103448276,64.56542290346549,"(56.23413251903491, 70.79457843841374]",q11,63.514355478724326
2431,freckle,pen,648.12,23.9883291901949,"(17.78279410038923, 23.9883291901949]",q6,20.885561645292064
2432,freckle,pimple,728.2333333333333,0.6760829753919819,"(0.0, 2.7542287033381663]",q0,1.3771143516690831
2433,freeway,am,759.6666666666666,602.5595860743581,"(295.1209226666384, 18620.871366628657]",q17,9457.996144647648
2434,freeway,highway,625.0333333333333,30.90295432513592,"(29.51209226666384, 37.15352290971728]",q8,33.33280758819056
2435,freeze,joke,588.9354838709677,47.863009232263806,"(46.77351412871981, 56.23413251903491]",q10,51.503823323877356
2436,freeze,thaw,857.35,1.5135612484362087,"(0.0, 2.7542287033381663]",q0,1.3771143516690831
2437,freezer,bat,583.125,19.952623149688787,"(17.78279410038923, 23.9883291901949]",q6,20.885561645292064
2438,freezer,refrigerator,728.3666666666667,4.073802778041126,"(2.7542287033381663, 5.011872336272725]",q1,3.8830505198054457
2439,french,fries,663.6875,6.456542290346556,"(5.011872336272725, 7.244359600749899]",q2,6.128115968511311
2440,french,rocks,631.8620689655172,23.9883291901949,"(17.78279410038923, 23.9883291901949]",q6,20.885561645292064
2441,frequency,often,620.6129032258065,257.03957827688646,"(199.52623149688787, 295.1209226666384]",q16,247.32357708176315
2442,friar,monk,733.8461538461538,8.511380382023768,"(7.244359600749899, 10.0]",q3,8.62217980037495
2443,friar,shoes,622.3939393939394,46.77351412871981,"(37.15352290971728, 46.77351412871981]",q9,41.963518519218546
2444,friday,manners,818.9677419354839,6.760829753919819,"(5.011872336272725, 7.244359600749899]",q2,6.128115968511311
2445,friday,weekend,586.3333333333334,85.11380382023759,"(70.79457843841374, 87.09635899560814]",q12,78.94546871701094
2446,friendliness,nice,586.8125,234.42288153199226,"(199.52623149688787, 295.1209226666384]",q16,247.32357708176315
2447,friendliness,pen,661.1481481481482,23.9883291901949,"(17.78279410038923, 23.9883291901949]",q6,20.885561645292064
2448,friends,fad,794.4285714285714,1.8197008586099825,"(0.0, 2.7542287033381663]",q0,1.3771143516690831
2449,friends,family,595.34375,457.0881896148752,"(295.1209226666384, 18620.871366628657]",q17,9457.996144647648
2450,friendship,enemy,848.2857142857143,50.11872336272725,"(46.77351412871981, 56.23413251903491]",q10,51.503823323877356
2451,friendship,tile,844.5,5.248074602497728,"(5.011872336272725, 7.244359600749899]",q2,6.128115968511311
2452,fries,ketchup,696.9333333333333,2.8840315031266055,"(2.7542287033381663, 5.011872336272725]",q1,3.8830505198054457
2453,fries,submarine,791.2903225806451,6.456542290346556,"(5.011872336272725, 7.244359600749899]",q2,6.128115968511311
2454,fright,george,777.3793103448276,109.64781961431851,"(87.09635899560814, 112.2018454301963]",q13,99.64910221290222
2455,fright,ghost,655.1724137931035,26.302679918953814,"(23.9883291901949, 29.51209226666384]",q7,26.75021072842937
2456,frigid,fragile,636.2413793103449,7.244359600749899,"(5.011872336272725, 7.244359600749899]",q2,6.128115968511311
2457,frigid,jail,782.09375,41.68693834703355,"(37.15352290971728, 46.77351412871981]",q9,41.963518519218546
2458,frill,lace,713.3103448275862,6.6069344800759575,"(5.011872336272725, 7.244359600749899]",q2,6.128115968511311
2459,frill,verb,685.2333333333333,5.248074602497728,"(5.011872336272725, 7.244359600749899]",q2,6.128115968511311
2460,frisk,act,620.4193548387096,199.52623149688787,"(144.5439770745928, 199.52623149688787]",q15,172.03510428574032
2461,frisk,search,692.1290322580645,91.20108393559097,"(87.09635899560814, 112.2018454301963]",q13,99.64910221290222
2462,frog,prince,710.3103448275862,52.48074602497723,"(46.77351412871981, 56.23413251903491]",q10,51.503823323877356
2463,frog,tall,643.5333333333333,33.11311214825908,"(29.51209226666384, 37.15352290971728]",q8,33.33280758819056
2464,frosted,crowd,618.2413793103449,50.11872336272725,"(46.77351412871981, 56.23413251903491]",q10,51.503823323877356
2465,frosted,flakes,678.4333333333333,2.39883291901949,"(0.0, 2.7542287033381663]",q0,1.3771143516690831
2466,frosting,cake,628.0,33.884415613920275,"(29.51209226666384, 37.15352290971728]",q8,33.33280758819056
2467,frosting,finished,702.1,87.09635899560814,"(70.79457843841374, 87.09635899560814]",q12,78.94546871701094
2468,frown,smile,601.40625,43.65158322401656,"(37.15352290971728, 46.77351412871981]",q9,41.963518519218546
2469,frown,taste,622.1818181818181,53.70317963702533,"(46.77351412871981, 56.23413251903491]",q10,51.503823323877356
2470,frustrate,annoy,802.3703703703703,2.8840315031266055,"(2.7542287033381663, 5.011872336272725]",q1,3.8830505198054457
2471,frustrate,itch,835.2903225806451,2.2908676527677723,"(0.0, 2.7542287033381663]",q0,1.3771143516690831
2472,frustration,anxiety,659.2333333333333,28.18382931264455,"(23.9883291901949, 29.51209226666384]",q7,26.75021072842937
2473,frustration,most,681.0,1000.0,"(295.1209226666384, 18620.871366628657]",q17,9457.996144647648
2474,fuel,ability,735.9666666666667,91.20108393559097,"(87.09635899560814, 112.2018454301963]",q13,99.64910221290222
2475,fuel,gas,589.9032258064516,102.32929922807536,"(87.09635899560814, 112.2018454301963]",q13,99.64910221290222
2476,fugitive,criminal,657.9032258064516,56.23413251903491,"(46.77351412871981, 56.23413251903491]",q10,51.503823323877356
2477,fugitive,fist,798.8666666666667,7.76247116628692,"(7.244359600749899, 10.0]",q3,8.62217980037495
2478,fumes,often,632.7096774193549,257.03957827688646,"(199.52623149688787, 295.1209226666384]",q16,247.32357708176315
2479,fumes,smoke,659.9677419354839,46.77351412871981,"(37.15352290971728, 46.77351412871981]",q9,41.963518519218546
2480,fun,excited,695.0,54.954087385762485,"(46.77351412871981, 56.23413251903491]",q10,51.503823323877356
2481,fun,poem,653.0645161290323,17.78279410038923,"(13.182567385564074, 17.78279410038923]",q5,15.482680742976651
2482,function,purpose,660.8333333333334,75.85775750291836,"(70.79457843841374, 87.09635899560814]",q12,78.94546871701094
2483,function,tomato,776.9310344827586,7.07945784384138,"(5.011872336272725, 7.244359600749899]",q2,6.128115968511311
2484,fund,dollars,610.0967741935484,60.25595860743581,"(56.23413251903491, 70.79457843841374]",q11,63.514355478724326
2485,fund,prison,741.8275862068965,63.0957344480193,"(56.23413251903491, 70.79457843841374]",q11,63.514355478724326
2486,fungi,biology,670.6666666666666,16.595869074375596,"(13.182567385564074, 17.78279410038923]",q5,15.482680742976651
2487,fungi,hotel,667.1612903225806,89.12509381337459,"(87.09635899560814, 112.2018454301963]",q13,99.64910221290222
2488,fungus,duck,691.375,16.218100973589298,"(13.182567385564074, 17.78279410038923]",q5,15.482680742976651
2489,fungus,growth,668.59375,107.1519305237607,"(87.09635899560814, 112.2018454301963]",q13,99.64910221290222
2490,funny,amuse,689.4615384615385,1.3182567385564075,"(0.0, 2.7542287033381663]",q0,1.3771143516690831
2491,funny,change,679.0,346.73685045253166,"(295.1209226666384, 18620.871366628657]",q17,9457.996144647648
2492,furry,atom,818.25,5.248074602497728,"(5.011872336272725, 7.244359600749899]",q2,6.128115968511311
2493,furry,rabbit,665.65625,11.220184543019629,"(10.0, 13.182567385564074]",q4,11.591283692782037
2494,further,away,651.4193548387096,416.8693834703355,"(295.1209226666384, 18620.871366628657]",q17,9457.996144647648
2495,further,liberty,694.9655172413793,21.87761623949552,"(17.78279410038923, 23.9883291901949]",q6,20.885561645292064
2496,fury,anger,582.625,26.302679918953814,"(23.9883291901949, 29.51209226666384]",q7,26.75021072842937
2497,fury,major,689.6,199.52623149688787,"(144.5439770745928, 199.52623149688787]",q15,172.03510428574032
2498,fuss,sex,615.5,165.95869074375597,"(144.5439770745928, 199.52623149688787]",q15,172.03510428574032
2499,fuss,whine,863.2,1.9054607179632463,"(0.0, 2.7542287033381663]",q0,1.3771143516690831
2500,gag,fog,715.0322580645161,7.943282347242813,"(7.244359600749899, 10.0]",q3,8.62217980037495
2501,gag,puke,719.9655172413793,1.9054607179632463,"(0.0, 2.7542287033381663]",q0,1.3771143516690831
2502,gal,destruction,791.71875,22.90867652767775,"(17.78279410038923, 23.9883291901949]",q6,20.885561645292064
2503,gal,girl,640.6666666666666,239.88329190194898,"(199.52623149688787, 295.1209226666384]",q16,247.32357708176315
2504,galaxy,planets,700.1724137931035,11.220184543019629,"(10.0, 13.182567385564074]",q4,11.591283692782037
2505,galaxy,sweat,634.0,13.803842646028839,"(13.182567385564074, 17.78279410038923]",q5,15.482680742976651
2506,gallon,good,567.09375,1318.2567385564075,"(295.1209226666384, 18620.871366628657]",q17,9457.996144647648
2507,gallon,quart,777.2962962962963,1.0232929922807537,"(0.0, 2.7542287033381663]",q0,1.3771143516690831
2508,gallop,egypt,756.7741935483871,28.18382931264455,"(23.9883291901949, 29.51209226666384]",q7,26.75021072842937
2509,gallop,run,596.875,309.0295432513592,"(295.1209226666384, 18620.871366628657]",q17,9457.996144647648
2510,gamble,cards,644.6451612903226,57.543993733715666,"(56.23413251903491, 70.79457843841374]",q11,63.514355478724326
2511,gamble,stair,632.0625,1.8197008586099825,"(0.0, 2.7542287033381663]",q0,1.3771143516690831
2512,game,flower,606.5,26.302679918953814,"(23.9883291901949, 29.51209226666384]",q7,26.75021072842937
2513,game,win,586.1212121212121,245.47089156850285,"(199.52623149688787, 295.1209226666384]",q16,247.32357708176315
2514,gander,goose,674.9,6.918309709189363,"(5.011872336272725, 7.244359600749899]",q2,6.128115968511311
2515,gander,let,685.75,398.1071705534969,"(295.1209226666384, 18620.871366628657]",q17,9457.996144647648
2516,gang,feet,688.8387096774194,97.72372209558111,"(87.09635899560814, 112.2018454301963]",q13,99.64910221290222
2517,gang,group,597.2,371.53522909717276,"(295.1209226666384, 18620.871366628657]",q17,9457.996144647648
2518,gangster,forest,684.4848484848485,50.11872336272725,"(46.77351412871981, 56.23413251903491]",q10,51.503823323877356
2519,gangster,mob,624.1333333333333,10.71519305237607,"(10.0, 13.182567385564074]",q4,11.591283692782037
2520,garbage,ready,586.2121212121212,190.54607179632484,"(144.5439770745928, 199.52623149688787]",q15,172.03510428574032
2521,garbage,trash,609.516129032258,26.302679918953814,"(23.9883291901949, 29.51209226666384]",q7,26.75021072842937
2522,garlic,onion,614.6,7.76247116628692,"(7.244359600749899, 10.0]",q3,8.62217980037495
2523,garlic,show,664.5625,478.630092322638,"(295.1209226666384, 18620.871366628657]",q17,9457.996144647648
2524,gate,emotion,667.7741935483871,15.488166189124827,"(13.182567385564074, 17.78279410038923]",q5,15.482680742976651
2525,gate,fence,703.1034482758621,16.218100973589298,"(13.182567385564074, 17.78279410038923]",q5,15.482680742976651
2526,gather,blame,632.34375,42.65795188015925,"(37.15352290971728, 46.77351412871981]",q9,41.963518519218546
2527,gather,spread,671.71875,64.56542290346549,"(56.23413251903491, 70.79457843841374]",q11,63.514355478724326
2528,gathering,meeting,599.1515151515151,141.25375446227554,"(112.2018454301963, 144.5439770745928]",q14,128.37291125239454
2529,gathering,sunset,649.2,10.964781961431852,"(10.0, 13.182567385564074]",q4,11.591283692782037
2530,gauge,after,651.7,1288.249551693135,"(295.1209226666384, 18620.871366628657]",q17,9457.996144647648
2531,gauge,temperature,748.6875,43.65158322401656,"(37.15352290971728, 46.77351412871981]",q9,41.963518519218546
2532,gavel,rocks,569.4193548387096,23.9883291901949,"(17.78279410038923, 23.9883291901949]",q6,20.885561645292064
2533,gavel,spaghetti,787.7241379310345,4.46683592150963,"(2.7542287033381663, 5.011872336272725]",q1,3.8830505198054457
2534,geese,gander,787.1578947368421,0.776247116628692,"(0.0, 2.7542287033381663]",q0,1.3771143516690831
2535,geese,strict,751.3793103448276,16.98243652461746,"(13.182567385564074, 17.78279410038923]",q5,15.482680742976651
2536,gene,closed,621.6666666666666,79.43282347242821,"(70.79457843841374, 87.09635899560814]",q12,78.94546871701094
2537,gene,pool,603.34375,46.77351412871981,"(37.15352290971728, 46.77351412871981]",q9,41.963518519218546
2538,general,car,611.258064516129,281.8382931264455,"(199.52623149688787, 295.1209226666384]",q16,247.32357708176315
2539,general,hospital,640.46875,117.48975549395303,"(112.2018454301963, 144.5439770745928]",q14,128.37291125239454
2540,generous,disc,684.5555555555555,13.489628825916533,"(13.182567385564074, 17.78279410038923]",q5,15.482680742976651
2541,generous,give,512.4375,512.8613839913648,"(295.1209226666384, 18620.871366628657]",q17,9457.996144647648
2542,gentle,loving,553.7575757575758,29.51209226666384,"(23.9883291901949, 29.51209226666384]",q7,26.75021072842937
2543,gentle,vein,770.28,5.88843655355589,"(5.011872336272725, 7.244359600749899]",q2,6.128115968511311
2544,gentleman,end,563.939393939394,478.630092322638,"(295.1209226666384, 18620.871366628657]",q17,9457.996144647648
2545,gentleman,lady,571.6129032258065,89.12509381337459,"(87.09635899560814, 112.2018454301963]",q13,99.64910221290222
2546,geology,land,620.8333333333334,165.95869074375597,"(144.5439770745928, 199.52623149688787]",q15,172.03510428574032
2547,geology,security,636.875,158.48931924611142,"(144.5439770745928, 199.52623149688787]",q15,172.03510428574032
2548,geometry,being,627.9333333333333,891.2509381337459,"(295.1209226666384, 18620.871366628657]",q17,9457.996144647648
2549,geometry,shape,605.1290322580645,52.48074602497723,"(46.77351412871981, 56.23413251903491]",q10,51.503823323877356
2550,george,experiment,764.2258064516129,23.9883291901949,"(17.78279410038923, 23.9883291901949]",q6,20.885561645292064
2551,george,washington,683.2903225806451,120.22644346174131,"(112.2018454301963, 144.5439770745928]",q14,128.37291125239454
2552,ghetto,drink,660.7333333333333,79.43282347242821,"(70.79457843841374, 87.09635899560814]",q12,78.94546871701094
2553,ghetto,poor,691.0,123.02687708123811,"(112.2018454301963, 144.5439770745928]",q14,128.37291125239454
2554,ghoul,ghost,639.0322580645161,26.302679918953814,"(23.9883291901949, 29.51209226666384]",q7,26.75021072842937
2555,ghoul,trip,665.8,79.43282347242821,"(70.79457843841374, 87.09635899560814]",q12,78.94546871701094
2556,gift,present,598.3636363636364,151.3561248436207,"(144.5439770745928, 199.52623149688787]",q15,172.03510428574032
2557,gift,who,607.0,2187.761623949552,"(295.1209226666384, 18620.871366628657]",q17,9457.996144647648
2558,giggle,clean,663.2903225806451,93.32543007969905,"(87.09635899560814, 112.2018454301963]",q13,99.64910221290222
2559,giggle,laugh,600.59375,45.708818961487516,"(37.15352290971728, 46.77351412871981]",q9,41.963518519218546
2560,gin,society,625.03125,147.91083881682073,"(144.5439770745928, 199.52623149688787]",q15,172.03510428574032
2561,gin,tonic,711.2142857142857,2.454708915685031,"(0.0, 2.7542287033381663]",q0,1.3771143516690831
2562,giraffe,jelly,634.6774193548387,5.88843655355589,"(5.011872336272725, 7.244359600749899]",q2,6.128115968511311
2563,giraffe,zoo,624.4375,13.803842646028839,"(13.182567385564074, 17.78279410038923]",q5,15.482680742976651
2564,girl,achieve,705.8620689655172,37.15352290971728,"(29.51209226666384, 37.15352290971728]",q8,33.33280758819056
2565,girl,boy,648.4242424242424,147.91083881682073,"(144.5439770745928, 199.52623149688787]",q15,172.03510428574032
2566,girlfriend,boyfriend,677.5483870967741,38.904514499428046,"(37.15352290971728, 46.77351412871981]",q9,41.963518519218546
2567,girlfriend,duck,674.6666666666666,16.218100973589298,"(13.182567385564074, 17.78279410038923]",q5,15.482680742976651
2568,giving,caring,723.5333333333333,15.848931924611142,"(13.182567385564074, 17.78279410038923]",q5,15.482680742976651
2569,giving,maid,632.0645161290323,7.244359600749899,"(5.011872336272725, 7.244359600749899]",q2,6.128115968511311
2570,glance,look,571.4516129032259,645.6542290346549,"(295.1209226666384, 18620.871366628657]",q17,9457.996144647648
2571,glance,sink,630.3125,16.218100973589298,"(13.182567385564074, 17.78279410038923]",q5,15.482680742976651
2572,glands,iron,747.0666666666667,54.954087385762485,"(46.77351412871981, 56.23413251903491]",q10,51.503823323877356
2573,glands,neck,782.448275862069,42.65795188015925,"(37.15352290971728, 46.77351412871981]",q9,41.963518519218546
2574,glare,ape,778.3,3.019951720402016,"(2.7542287033381663, 5.011872336272725]",q1,3.8830505198054457
2575,glare,stare,656.9333333333333,8.128305161640995,"(7.244359600749899, 10.0]",q3,8.62217980037495
2576,glass,save,629.4333333333333,138.03842646028838,"(112.2018454301963, 144.5439770745928]",q14,128.37291125239454
2577,glass,window,601.516129032258,63.0957344480193,"(56.23413251903491, 70.79457843841374]",q11,63.514355478724326
2578,glasses,frame,596.2413793103449,38.018939632056124,"(37.15352290971728, 46.77351412871981]",q9,41.963518519218546
2579,glasses,hall,676.3666666666667,74.13102413009177,"(70.79457843841374, 87.09635899560814]",q12,78.94546871701094
2580,glide,beef,620.3333333333334,19.498445997580454,"(17.78279410038923, 23.9883291901949]",q6,20.885561645292064
2581,glide,slide,586.3666666666667,19.952623149688787,"(17.78279410038923, 23.9883291901949]",q6,20.885561645292064
2582,globe,milk,636.0666666666667,45.708818961487516,"(37.15352290971728, 46.77351412871981]",q9,41.963518519218546
2583,globe,world,603.03125,776.2471166286912,"(295.1209226666384, 18620.871366628657]",q17,9457.996144647648
2584,glory,days,607.4375,407.380277804113,"(295.1209226666384, 18620.871366628657]",q17,9457.996144647648
2585,glory,dollar,726.09375,38.904514499428046,"(37.15352290971728, 46.77351412871981]",q9,41.963518519218546
2586,gloves,hands,596.0,144.5439770745928,"(112.2018454301963, 144.5439770745928]",q14,128.37291125239454
2587,gloves,monster,633.741935483871,30.90295432513592,"(29.51209226666384, 37.15352290971728]",q8,33.33280758819056
2588,go,leave,603.28125,218.77616239495518,"(199.52623149688787, 295.1209226666384]",q16,247.32357708176315
2589,go,news,657.6451612903226,275.4228703338169,"(199.52623149688787, 295.1209226666384]",q16,247.32357708176315
2590,goal,achieve,641.25,37.15352290971728,"(29.51209226666384, 37.15352290971728]",q8,33.33280758819056
2591,goal,collar,909.36,10.964781961431852,"(10.0, 13.182567385564074]",q4,11.591283692782037
2592,goat,billy,753.7407407407408,21.379620895022324,"(17.78279410038923, 23.9883291901949]",q6,20.885561645292064
2593,goat,massage,797.9032258064516,10.232929922807536,"(10.0, 13.182567385564074]",q4,11.591283692782037
2594,god,creator,749.9,16.218100973589298,"(13.182567385564074, 17.78279410038923]",q5,15.482680742976651
2595,god,finish,632.6451612903226,81.28305161640995,"(70.79457843841374, 87.09635899560814]",q12,78.94546871701094
2596,going,gone,766.25,147.91083881682073,"(144.5439770745928, 199.52623149688787]",q15,172.03510428574032
2597,going,security,750.3225806451613,158.48931924611142,"(144.5439770745928, 199.52623149688787]",q15,172.03510428574032
2598,gold,pudding,837.5,4.073802778041126,"(2.7542287033381663, 5.011872336272725]",q1,3.8830505198054457
2599,gold,value,706.6129032258065,141.25375446227554,"(112.2018454301963, 144.5439770745928]",q14,128.37291125239454
2600,gone,duty,748.9333333333333,51.28613839913648,"(46.77351412871981, 56.23413251903491]",q10,51.503823323877356
2601,gone,left,651.9354838709677,416.8693834703355,"(295.1209226666384, 18620.871366628657]",q17,9457.996144647648
2602,goo,ache,700.2142857142857,2.691534803926917,"(0.0, 2.7542287033381663]",q0,1.3771143516690831
2603,goo,sticky,681.1785714285714,6.30957344480193,"(5.011872336272725, 7.244359600749899]",q2,6.128115968511311
2604,good,better,635.0333333333333,575.4399373371566,"(295.1209226666384, 18620.871366628657]",q17,9457.996144647648
2605,good,water,613.6451612903226,331.13112148259074,"(295.1209226666384, 18620.871366628657]",q17,9457.996144647648
2606,goodbye,hello,597.1034482758621,52.48074602497723,"(46.77351412871981, 56.23413251903491]",q10,51.503823323877356
2607,goodbye,snob,654.8461538461538,0.9120108393559097,"(0.0, 2.7542287033381663]",q0,1.3771143516690831
2608,goodness,cautious,751.5862068965517,6.165950018614822,"(5.011872336272725, 7.244359600749899]",q2,6.128115968511311
2609,goodness,sweet,594.34375,81.28305161640995,"(70.79457843841374, 87.09635899560814]",q12,78.94546871701094
2610,goose,fight,657.7931034482758,169.8243652461746,"(144.5439770745928, 199.52623149688787]",q15,172.03510428574032
2611,goose,gander,850.5333333333333,0.776247116628692,"(0.0, 2.7542287033381663]",q0,1.3771143516690831
2612,gorgeous,beautiful,572.03125,165.95869074375597,"(144.5439770745928, 199.52623149688787]",q15,172.03510428574032
2613,gorgeous,phone,611.9375,199.52623149688787,"(144.5439770745928, 199.52623149688787]",q15,172.03510428574032
2614,gourmet,cook,565.8666666666667,44.668359215096345,"(37.15352290971728, 46.77351412871981]",q9,41.963518519218546
2615,gourmet,corn,653.0322580645161,15.488166189124827,"(13.182567385564074, 17.78279410038923]",q5,15.482680742976651
2616,government,nature,828.5333333333333,95.49925860214368,"(87.09635899560814, 112.2018454301963]",q13,99.64910221290222
2617,government,politics,639.4333333333333,74.13102413009177,"(70.79457843841374, 87.09635899560814]",q12,78.94546871701094
2618,governor,green,646.8387096774194,134.89628825916532,"(112.2018454301963, 144.5439770745928]",q14,128.37291125239454
2619,governor,state,584.15625,602.5595860743581,"(295.1209226666384, 18620.871366628657]",q17,9457.996144647648
2620,grab,bag,629.9032258064516,61.65950018614822,"(56.23413251903491, 70.79457843841374]",q11,63.514355478724326
2621,grab,river,702.3548387096774,107.1519305237607,"(87.09635899560814, 112.2018454301963]",q13,99.64910221290222
2622,grace,aunt,623.9666666666667,14.45439770745928,"(13.182567385564074, 17.78279410038923]",q5,15.482680742976651
2623,grace,fold,651.09375,12.02264434617413,"(10.0, 13.182567385564074]",q4,11.591283692782037
2624,graceful,ear,606.3333333333334,26.91534803926914,"(23.9883291901949, 29.51209226666384]",q7,26.75021072842937
2625,graceful,klutz,1208.5333333333333,0.13182567385564073,"(0.0, 2.7542287033381663]",q0,1.3771143516690831
2626,grade,woman,557.1379310344828,223.87211385683378,"(199.52623149688787, 295.1209226666384]",q16,247.32357708176315
2627,graduate,sew,774.92,2.818382931264455,"(2.7542287033381663, 5.011872336272725]",q1,3.8830505198054457
2628,graduate,student,565.2666666666667,104.71285480508985,"(87.09635899560814, 112.2018454301963]",q13,99.64910221290222
2629,graduation,ceremony,666.6875,26.302679918953814,"(23.9883291901949, 29.51209226666384]",q7,26.75021072842937
2630,graduation,see,639.5483870967741,1258.9254117941662,"(295.1209226666384, 18620.871366628657]",q17,9457.996144647648
2631,graft,lobster,685.8333333333334,4.46683592150963,"(2.7542287033381663, 5.011872336272725]",q1,3.8830505198054457
2632,graft,trees,673.8928571428571,48.97788193684466,"(46.77351412871981, 56.23413251903491]",q10,51.503823323877356
2633,grain,employer,728.375,16.595869074375596,"(13.182567385564074, 17.78279410038923]",q5,15.482680742976651
2634,grain,wheat,621.4242424242424,10.232929922807536,"(10.0, 13.182567385564074]",q4,11.591283692782037
2635,grammar,blush,710.21875,3.630780547701014,"(2.7542287033381663, 5.011872336272725]",q1,3.8830505198054457
2636,grammar,words,623.4516129032259,177.82794100389228,"(144.5439770745928, 199.52623149688787]",q15,172.03510428574032
2637,grandpa,assume,702.71875,37.15352290971728,"(29.51209226666384, 37.15352290971728]",q8,33.33280758819056
2638,grandpa,grandma,712.3,12.88249551693135,"(10.0, 13.182567385564074]",q4,11.591283692782037
2639,grandparents,mom,590.8181818181819,131.82567385564073,"(112.2018454301963, 144.5439770745928]",q14,128.37291125239454
2640,grandparents,rope,693.5,11.481536214968818,"(10.0, 13.182567385564074]",q4,11.591283692782037
2641,grant,allow,617.0967741935484,102.32929922807536,"(87.09635899560814, 112.2018454301963]",q13,99.64910221290222
2642,grant,gun,611.625,91.20108393559097,"(87.09635899560814, 112.2018454301963]",q13,99.64910221290222
2643,grape,thursday,687.40625,41.68693834703355,"(37.15352290971728, 46.77351412871981]",q9,41.963518519218546
2644,grape,vine,732.1612903225806,5.370317963702527,"(5.011872336272725, 7.244359600749899]",q2,6.128115968511311
2645,graph,geometry,668.71875,7.585775750291836,"(7.244359600749899, 10.0]",q3,8.62217980037495
2646,graph,taxi,667.3,15.488166189124827,"(13.182567385564074, 17.78279410038923]",q5,15.482680742976651
2647,grasp,fist,708.4074074074074,7.76247116628692,"(7.244359600749899, 10.0]",q3,8.62217980037495
2648,grasp,straight,666.09375,109.64781961431851,"(87.09635899560814, 112.2018454301963]",q13,99.64910221290222
2649,grass,lawn,683.0645161290323,9.549925860214358,"(7.244359600749899, 10.0]",q3,8.62217980037495
2650,grass,punishment,769.125,21.87761623949552,"(17.78279410038923, 23.9883291901949]",q6,20.885561645292064
2651,grate,instrument,793.5806451612904,18.197008586099827,"(17.78279410038923, 23.9883291901949]",q6,20.885561645292064
2652,grate,metal,729.2333333333333,66.06934480075964,"(56.23413251903491, 70.79457843841374]",q11,63.514355478724326
2653,grave,die,603.53125,117.48975549395303,"(112.2018454301963, 144.5439770745928]",q14,128.37291125239454
2654,grave,preview,673.5806451612904,9.120108393559097,"(7.244359600749899, 10.0]",q3,8.62217980037495
2655,gravel,chair,560.2,48.97788193684466,"(46.77351412871981, 56.23413251903491]",q10,51.503823323877356
2656,gravel,rocks,607.9032258064516,23.9883291901949,"(17.78279410038923, 23.9883291901949]",q6,20.885561645292064
2657,gravity,hands,623.3870967741935,144.5439770745928,"(112.2018454301963, 144.5439770745928]",q14,128.37291125239454
2658,gravity,newton,897.7826086956521,8.709635899560805,"(7.244359600749899, 10.0]",q3,8.62217980037495
2659,gravy,boat,727.6333333333333,51.28613839913648,"(46.77351412871981, 56.23413251903491]",q10,51.503823323877356
2660,gravy,exhale,707.1666666666666,1.2882495516931336,"(0.0, 2.7542287033381663]",q0,1.3771143516690831
2661,gray,characteris,1115.5357142857142,0.001,"(0.0, 2.7542287033381663]",q0,1.3771143516690831
2662,gray,hound,704.9,2.691534803926917,"(0.0, 2.7542287033381663]",q0,1.3771143516690831
2663,grease,massage,749.6129032258065,10.232929922807536,"(10.0, 13.182567385564074]",q4,11.591283692782037
2664,grease,oil,601.741935483871,125.89254117941661,"(112.2018454301963, 144.5439770745928]",q14,128.37291125239454
2665,greatest,always,609.625,575.4399373371566,"(295.1209226666384, 18620.871366628657]",q17,9457.996144647648
2666,greatest,worst,701.1034482758621,85.11380382023759,"(70.79457843841374, 87.09635899560814]",q12,78.94546871701094
2667,greed,found,695.1875,478.630092322638,"(295.1209226666384, 18620.871366628657]",q17,9457.996144647648
2668,greed,hate,634.9032258064516,128.82495516931348,"(112.2018454301963, 144.5439770745928]",q14,128.37291125239454
2669,greek,can,616.6451612903226,2884.031503126606,"(295.1209226666384, 18620.871366628657]",q17,9457.996144647648
2670,greek,fraternity,751.7878787878788,3.630780547701014,"(2.7542287033381663, 5.011872336272725]",q1,3.8830505198054457
2671,greet,frame,707.9285714285714,38.018939632056124,"(37.15352290971728, 46.77351412871981]",q9,41.963518519218546
2672,greet,meet,621.6666666666666,186.20871366628657,"(144.5439770745928, 199.52623149688787]",q15,172.03510428574032
2673,grief,pound,693.3548387096774,20.892961308540407,"(17.78279410038923, 23.9883291901949]",q6,20.885561645292064
2674,grief,tears,612.0,29.51209226666384,"(23.9883291901949, 29.51209226666384]",q7,26.75021072842937
2675,grind,bump,665.96875,9.549925860214358,"(7.244359600749899, 10.0]",q3,8.62217980037495
2676,grind,purse,637.25,8.91250938133746,"(7.244359600749899, 10.0]",q3,8.62217980037495
2677,grip,hold,646.9677419354839,154.88166189124829,"(144.5439770745928, 199.52623149688787]",q15,172.03510428574032
2678,grip,sale,595.6451612903226,97.72372209558111,"(87.09635899560814, 112.2018454301963]",q13,99.64910221290222
2679,grizzly,scary,662.0967741935484,23.442288153199225,"(17.78279410038923, 23.9883291901949]",q6,20.885561645292064
2680,grizzly,snob,768.2,0.9120108393559097,"(0.0, 2.7542287033381663]",q0,1.3771143516690831
2681,grocery,cowboy,741.8387096774194,7.07945784384138,"(5.011872336272725, 7.244359600749899]",q2,6.128115968511311
2682,grocery,store,537.84375,104.71285480508985,"(87.09635899560814, 112.2018454301963]",q13,99.64910221290222
2683,groom,bride,615.84375,12.02264434617413,"(10.0, 13.182567385564074]",q4,11.591283692782037
2684,groom,spanish,611.1875,53.70317963702533,"(46.77351412871981, 56.23413251903491]",q10,51.503823323877356
2685,gross,disgusting,761.1034482758621,16.98243652461746,"(13.182567385564074, 17.78279410038923]",q5,15.482680742976651
2686,gross,where,671.3,1000.0,"(295.1209226666384, 18620.871366628657]",q17,9457.996144647648
2687,grounds,glass,599.483870967742,70.79457843841374,"(56.23413251903491, 70.79457843841374]",q11,63.514355478724326
2688,grounds,keeper,663.0666666666667,10.471285480508985,"(10.0, 13.182567385564074]",q4,11.591283692782037
2689,grove,data,611.71875,218.77616239495518,"(199.52623149688787, 295.1209226666384]",q16,247.32357708176315
2690,grove,ditch,846.8620689655172,7.943282347242813,"(7.244359600749899, 10.0]",q3,8.62217980037495
2691,grow,few,753.5,398.1071705534969,"(295.1209226666384, 18620.871366628657]",q17,9457.996144647648
2692,grow,tall,574.3939393939394,33.11311214825908,"(29.51209226666384, 37.15352290971728]",q8,33.33280758819056
2693,grown,love,573.40625,660.6934480075964,"(295.1209226666384, 18620.871366628657]",q17,9457.996144647648
2694,grown,up,631.1935483870968,2454.7089156850284,"(295.1209226666384, 18620.871366628657]",q17,9457.996144647648
2695,guard,excited,711.0625,54.954087385762485,"(46.77351412871981, 56.23413251903491]",q10,51.503823323877356
2696,guard,security,721.25,158.48931924611142,"(144.5439770745928, 199.52623149688787]",q15,172.03510428574032
2697,guardian,female,656.15625,100.0,"(87.09635899560814, 112.2018454301963]",q13,99.64910221290222
2698,guardian,parent,558.0645161290323,37.15352290971728,"(29.51209226666384, 37.15352290971728]",q8,33.33280758819056
2699,guess,nose,663.6666666666666,32.35936569296281,"(29.51209226666384, 37.15352290971728]",q8,33.33280758819056
2700,guess,question,664.0645161290323,223.87211385683378,"(199.52623149688787, 295.1209226666384]",q16,247.32357708176315
2701,guest,air,680.7878787878788,234.42288153199226,"(199.52623149688787, 295.1209226666384]",q16,247.32357708176315
2702,guest,relative,593.5,30.199517204020193,"(29.51209226666384, 37.15352290971728]",q8,33.33280758819056
2703,guilt,bad,600.3333333333334,338.84415613920277,"(295.1209226666384, 18620.871366628657]",q17,9457.996144647648
2704,guilt,ride,629.5666666666667,70.79457843841374,"(56.23413251903491, 70.79457843841374]",q11,63.514355478724326
2705,guilty,innocent,651.75,28.18382931264455,"(23.9883291901949, 29.51209226666384]",q7,26.75021072842937
2706,guilty,painting,681.2903225806451,39.81071705534969,"(37.15352290971728, 46.77351412871981]",q9,41.963518519218546
2707,guitar,men,611.9677419354839,323.5936569296281,"(295.1209226666384, 18620.871366628657]",q17,9457.996144647648
2708,guitar,string,592.0967741935484,25.11886431509582,"(23.9883291901949, 29.51209226666384]",q7,26.75021072842937
2709,gull,dependent,692.6451612903226,19.054607179632484,"(17.78279410038923, 23.9883291901949]",q6,20.885561645292064
2710,gull,freedom,743.1290322580645,72.44359600749905,"(70.79457843841374, 87.09635899560814]",q12,78.94546871701094
2711,gullible,husband,626.90625,100.0,"(87.09635899560814, 112.2018454301963]",q13,99.64910221290222
2712,gullible,stupid,652.741935483871,87.09635899560814,"(70.79457843841374, 87.09635899560814]",q12,78.94546871701094
2713,gully,bride,620.483870967742,12.02264434617413,"(10.0, 13.182567385564074]",q4,11.591283692782037
2714,gully,ditch,711.4642857142857,7.943282347242813,"(7.244359600749899, 10.0]",q3,8.62217980037495
2715,gulp,shock,682.483870967742,28.84031503126606,"(23.9883291901949, 29.51209226666384]",q7,26.75021072842937
2716,gulp,swallow,662.4242424242424,7.413102413009177,"(7.244359600749899, 10.0]",q3,8.62217980037495
2717,gum,blow,661.3333333333334,38.904514499428046,"(37.15352290971728, 46.77351412871981]",q9,41.963518519218546
2718,gum,chew,584.75,4.570881896148752,"(2.7542287033381663, 5.011872336272725]",q1,3.8830505198054457
2719,gums,restaurant,667.0,47.863009232263806,"(46.77351412871981, 56.23413251903491]",q10,51.503823323877356
2720,gums,teeth,579.4193548387096,38.018939632056124,"(37.15352290971728, 46.77351412871981]",q9,41.963518519218546
2721,gun,meaning,688.5151515151515,74.13102413009177,"(70.79457843841374, 87.09635899560814]",q12,78.94546871701094
2722,gun,shoot,649.2333333333333,53.70317963702533,"(46.77351412871981, 56.23413251903491]",q10,51.503823323877356
2723,guys,girls,699.59375,147.91083881682073,"(144.5439770745928, 199.52623149688787]",q15,172.03510428574032
2724,guys,questions,660.2666666666667,141.25375446227554,"(112.2018454301963, 144.5439770745928]",q14,128.37291125239454
2725,gym,trailer,671.5454545454545,20.892961308540407,"(17.78279410038923, 23.9883291901949]",q6,20.885561645292064
2726,gym,workout,668.0,10.471285480508985,"(10.0, 13.182567385564074]",q4,11.591283692782037
2727,gymnast,tumble,649.4285714285714,2.570395782768865,"(0.0, 2.7542287033381663]",q0,1.3771143516690831
2728,gymnast,weather,619.65625,74.13102413009177,"(70.79457843841374, 87.09635899560814]",q12,78.94546871701094
2729,gymnastics,dirty,622.3870967741935,35.481338923357534,"(29.51209226666384, 37.15352290971728]",q8,33.33280758819056
2730,gymnastics,tumble,696.9655172413793,2.570395782768865,"(0.0, 2.7542287033381663]",q0,1.3771143516690831
2731,habit,finished,624.8064516129032,87.09635899560814,"(70.79457843841374, 87.09635899560814]",q12,78.94546871701094
2732,habit,nun,766.1363636363636,4.365158322401661,"(2.7542287033381663, 5.011872336272725]",q1,3.8830505198054457
2733,hail,cab,776.3103448275862,8.91250938133746,"(7.244359600749899, 10.0]",q3,8.62217980037495
2734,hail,power,663.5454545454545,331.13112148259074,"(295.1209226666384, 18620.871366628657]",q17,9457.996144647648
2735,hair,hula,882.1428571428571,1.0232929922807537,"(0.0, 2.7542287033381663]",q0,1.3771143516690831
2736,hair,shampoo,593.0322580645161,3.801893963205613,"(2.7542287033381663, 5.011872336272725]",q1,3.8830505198054457
2737,haircut,land,652.258064516129,165.95869074375597,"(144.5439770745928, 199.52623149688787]",q15,172.03510428574032
2738,haircut,no,641.3225806451613,2238.7211385683377,"(295.1209226666384, 18620.871366628657]",q17,9457.996144647648
2739,hairspray,cliff,834.3793103448276,12.589254117941662,"(10.0, 13.182567385564074]",q4,11.591283692782037
2740,hairspray,sticky,670.8125,6.30957344480193,"(5.011872336272725, 7.244359600749899]",q2,6.128115968511311
2741,half,choose,659.5625,81.28305161640995,"(70.79457843841374, 87.09635899560814]",q12,78.94546871701094
2742,half,whole,629.125,288.40315031266056,"(199.52623149688787, 295.1209226666384]",q16,247.32357708176315
2743,halt,death,605.9032258064516,251.18864315095823,"(199.52623149688787, 295.1209226666384]",q16,247.32357708176315
2744,halt,stop,621.8064516129032,331.13112148259074,"(295.1209226666384, 18620.871366628657]",q17,9457.996144647648
2745,hammock,swing,755.0,21.87761623949552,"(17.78279410038923, 23.9883291901949]",q6,20.885561645292064
2746,hammock,unfair,695.0967741935484,14.791083881682072,"(13.182567385564074, 17.78279410038923]",q5,15.482680742976651
2747,hand,finger,684.4375,30.199517204020193,"(29.51209226666384, 37.15352290971728]",q8,33.33280758819056
2748,hand,necklace,637.8064516129032,7.07945784384138,"(5.011872336272725, 7.244359600749899]",q2,6.128115968511311
2749,handbag,backpack,727.6129032258065,6.025595860743575,"(5.011872336272725, 7.244359600749899]",q2,6.128115968511311
2750,handbag,forever,695.09375,54.954087385762485,"(46.77351412871981, 56.23413251903491]",q10,51.503823323877356
2751,handcuffs,criminal,742.125,56.23413251903491,"(46.77351412871981, 56.23413251903491]",q10,51.503823323877356
2752,handcuffs,mountains,681.258064516129,31.622776601683793,"(29.51209226666384, 37.15352290971728]",q8,33.33280758819056
2753,handicap,puke,741.3461538461538,1.9054607179632463,"(0.0, 2.7542287033381663]",q0,1.3771143516690831
2754,handicap,wheelchair,834.5625,7.244359600749899,"(5.011872336272725, 7.244359600749899]",q2,6.128115968511311
2755,handkerchief,saw,651.741935483871,218.77616239495518,"(199.52623149688787, 295.1209226666384]",q16,247.32357708176315
2756,handkerchief,tissue,646.4848484848485,20.892961308540407,"(17.78279410038923, 23.9883291901949]",q6,20.885561645292064
2757,handle,care,617.71875,363.078054770101,"(295.1209226666384, 18620.871366628657]",q17,9457.996144647648
2758,handle,her,764.2142857142857,1995.2623149688789,"(295.1209226666384, 18620.871366628657]",q17,9457.996144647648
2759,hands,feet,568.5,97.72372209558111,"(87.09635899560814, 112.2018454301963]",q13,99.64910221290222
2760,hands,sorrow,701.1935483870968,5.370317963702527,"(5.011872336272725, 7.244359600749899]",q2,6.128115968511311
2761,handsome,boyfriend,696.8387096774194,38.904514499428046,"(37.15352290971728, 46.77351412871981]",q9,41.963518519218546
2762,handsome,market,673.8387096774194,194.98445997580455,"(144.5439770745928, 199.52623149688787]",q15,172.03510428574032
2763,hanger,coat,653.0,22.90867652767775,"(17.78279410038923, 23.9883291901949]",q6,20.885561645292064
2764,hanger,color,624.9375,81.28305161640995,"(70.79457843841374, 87.09635899560814]",q12,78.94546871701094
2765,happening,now,575.8484848484849,1513.5612484362073,"(295.1209226666384, 18620.871366628657]",q17,9457.996144647648
2766,happening,tense,691.8275862068965,8.91250938133746,"(7.244359600749899, 10.0]",q3,8.62217980037495
2767,happiness,sad,623.9032258064516,69.18309709189363,"(56.23413251903491, 70.79457843841374]",q11,63.514355478724326
2768,happiness,snail,703.4137931034483,4.677351412871981,"(2.7542287033381663, 5.011872336272725]",q1,3.8830505198054457
2769,hardy,boys,594.78125,107.1519305237607,"(87.09635899560814, 112.2018454301963]",q13,99.64910221290222
2770,hardy,earthquake,715.8387096774194,14.125375446227554,"(13.182567385564074, 17.78279410038923]",q5,15.482680742976651
2771,hare,get,626.2666666666667,1905.4607179632483,"(295.1209226666384, 18620.871366628657]",q17,9457.996144647648
2772,hare,turtle,693.2258064516129,8.128305161640995,"(7.244359600749899, 10.0]",q3,8.62217980037495
2773,harley,motorcycle,780.0645161290323,11.748975549395302,"(10.0, 13.182567385564074]",q4,11.591283692782037
2774,harley,town,621.03125,173.78008287493762,"(144.5439770745928, 199.52623149688787]",q15,172.03510428574032
2775,harm,evil,600.3333333333334,54.954087385762485,"(46.77351412871981, 56.23413251903491]",q10,51.503823323877356
2776,harm,smudge,783.4230769230769,0.6456542290346556,"(0.0, 2.7542287033381663]",q0,1.3771143516690831
2777,harmful,dangerous,711.6129032258065,61.65950018614822,"(56.23413251903491, 70.79457843841374]",q11,63.514355478724326
2778,harmful,desert,728.46875,25.11886431509582,"(23.9883291901949, 29.51209226666384]",q7,26.75021072842937
2779,harmony,middle,626.0322580645161,151.3561248436207,"(144.5439770745928, 199.52623149688787]",q15,172.03510428574032
2780,harmony,sing,618.7,34.673685045253166,"(29.51209226666384, 37.15352290971728]",q8,33.33280758819056
2781,harp,angel,603.2903225806451,28.18382931264455,"(23.9883291901949, 29.51209226666384]",q7,26.75021072842937
2782,harp,sentence,719.5862068965517,38.018939632056124,"(37.15352290971728, 46.77351412871981]",q9,41.963518519218546
2783,harsh,mean,624.5666666666667,338.84415613920277,"(295.1209226666384, 18620.871366628657]",q17,9457.996144647648
2784,harsh,rat,675.258064516129,14.791083881682072,"(13.182567385564074, 17.78279410038923]",q5,15.482680742976651
2785,harvest,crops,630.6666666666666,11.220184543019629,"(10.0, 13.182567385564074]",q4,11.591283692782037
2786,harvest,wrong,571.71875,245.47089156850285,"(199.52623149688787, 295.1209226666384]",q16,247.32357708176315
2787,hat,head,674.5483870967741,323.5936569296281,"(295.1209226666384, 18620.871366628657]",q17,9457.996144647648
2788,hat,illegal,770.7333333333333,47.863009232263806,"(46.77351412871981, 56.23413251903491]",q10,51.503823323877356
2789,hatch,door,588.3870967741935,120.22644346174131,"(112.2018454301963, 144.5439770745928]",q14,128.37291125239454
2790,hatch,ticket,645.0645161290323,40.7380277804113,"(37.15352290971728, 46.77351412871981]",q9,41.963518519218546
2791,hatchet,ax,786.64,2.1877616239495516,"(0.0, 2.7542287033381663]",q0,1.3771143516690831
2792,hatchet,peace,606.1290322580645,104.71285480508985,"(87.09635899560814, 112.2018454301963]",q13,99.64910221290222
2793,haul,carry,627.483870967742,77.62471166286912,"(70.79457843841374, 87.09635899560814]",q12,78.94546871701094
2794,haul,team,564.8666666666667,467.73514128719813,"(295.1209226666384, 18620.871366628657]",q17,9457.996144647648
2795,haunt,glasses,657.8125,21.87761623949552,"(17.78279410038923, 23.9883291901949]",q6,20.885561645292064
2796,haunt,house,713.1935483870968,512.8613839913648,"(295.1209226666384, 18620.871366628657]",q17,9457.996144647648
2797,have,grand,739.5483870967741,81.28305161640995,"(70.79457843841374, 87.09635899560814]",q12,78.94546871701094
2798,have,own,638.4516129032259,549.5408738576248,"(295.1209226666384, 18620.871366628657]",q17,9457.996144647648
2799,havoc,chaos,700.2413793103449,18.620871366628656,"(17.78279410038923, 23.9883291901949]",q6,20.885561645292064
2800,havoc,mixture,878.5,15.135612484362072,"(13.182567385564074, 17.78279410038923]",q5,15.482680742976651
2801,hawaii,hula,920.0,1.0232929922807537,"(0.0, 2.7542287033381663]",q0,1.3771143516690831
2802,hawaii,station,707.03125,102.32929922807536,"(87.09635899560814, 112.2018454301963]",q13,99.64910221290222
2803,hay,breathe,674.53125,18.197008586099827,"(17.78279410038923, 23.9883291901949]",q6,20.885561645292064
2804,hay,stack,676.7096774193549,11.220184543019629,"(10.0, 13.182567385564074]",q4,11.591283692782037
2805,haystack,cow,651.0322580645161,13.803842646028839,"(13.182567385564074, 17.78279410038923]",q5,15.482680742976651
2806,haystack,grave,687.25,20.417379446695275,"(17.78279410038923, 23.9883291901949]",q6,20.885561645292064
2807,haze,mist,709.0666666666667,4.677351412871981,"(2.7542287033381663, 5.011872336272725]",q1,3.8830505198054457
2808,haze,wheat,652.9375,10.232929922807536,"(10.0, 13.182567385564074]",q4,11.591283692782037
2809,he,dishes,750.8620689655172,13.489628825916533,"(13.182567385564074, 17.78279410038923]",q5,15.482680742976651
2810,he,she,681.4848484848485,1819.7008586099826,"(295.1209226666384, 18620.871366628657]",q17,9457.996144647648
2811,head,ache,676.9655172413793,2.691534803926917,"(0.0, 2.7542287033381663]",q0,1.3771143516690831
2812,head,hunger,700.7096774193549,12.589254117941662,"(10.0, 13.182567385564074]",q4,11.591283692782037
2813,headband,brick,763.7666666666667,17.78279410038923,"(13.182567385564074, 17.78279410038923]",q5,15.482680742976651
2814,headband,exercise,658.030303030303,47.863009232263806,"(46.77351412871981, 56.23413251903491]",q10,51.503823323877356
2815,heading,bell,683.4193548387096,38.904514499428046,"(37.15352290971728, 46.77351412871981]",q9,41.963518519218546
2816,heading,title,690.0322580645161,125.89254117941661,"(112.2018454301963, 144.5439770745928]",q14,128.37291125239454
2817,heal,tool,572.4848484848485,36.3078054770101,"(29.51209226666384, 37.15352290971728]",q8,33.33280758819056
2818,heal,wound,616.25,17.378008287493763,"(13.182567385564074, 17.78279410038923]",q5,15.482680742976651
2819,health,care,584.0322580645161,363.078054770101,"(295.1209226666384, 18620.871366628657]",q17,9457.996144647648
2820,health,senate,870.0666666666667,63.0957344480193,"(56.23413251903491, 70.79457843841374]",q11,63.514355478724326
2821,healthy,dead,651.9354838709677,154.88166189124829,"(144.5439770745928, 199.52623149688787]",q15,172.03510428574032
2822,healthy,easy,597.8125,194.98445997580455,"(144.5439770745928, 199.52623149688787]",q15,172.03510428574032
2823,hear,idiot,686.1612903225806,24.547089156850287,"(23.9883291901949, 29.51209226666384]",q7,26.75021072842937
2824,hear,listen,653.8333333333334,114.81536214968817,"(112.2018454301963, 144.5439770745928]",q14,128.37291125239454
2825,hearing,faith,584.2333333333333,66.06934480075964,"(56.23413251903491, 70.79457843841374]",q11,63.514355478724326
2826,hearing,noise,643.0645161290323,35.481338923357534,"(29.51209226666384, 37.15352290971728]",q8,33.33280758819056
2827,heat,children,638.6,295.1209226666384,"(199.52623149688787, 295.1209226666384]",q16,247.32357708176315
2828,heat,florida,632.3225806451613,57.543993733715666,"(56.23413251903491, 70.79457843841374]",q11,63.514355478724326
2829,heaven,dust,649.03125,25.703957827688647,"(23.9883291901949, 29.51209226666384]",q7,26.75021072842937
2830,heaven,hell,639.7096774193549,125.89254117941661,"(112.2018454301963, 144.5439770745928]",q14,128.37291125239454
2831,heavy,calm,734.6785714285714,34.673685045253166,"(29.51209226666384, 37.15352290971728]",q8,33.33280758819056
2832,heavy,weight,623.2,104.71285480508985,"(87.09635899560814, 112.2018454301963]",q13,99.64910221290222
2833,hedge,clipper,697.258064516129,1.1481536214968828,"(0.0, 2.7542287033381663]",q0,1.3771143516690831
2834,hedge,repeat,716.4333333333333,30.90295432513592,"(29.51209226666384, 37.15352290971728]",q8,33.33280758819056
2835,heel,crash,680.4666666666667,35.481338923357534,"(29.51209226666384, 37.15352290971728]",q8,33.33280758819056
2836,heel,toe,595.53125,11.748975549395302,"(10.0, 13.182567385564074]",q4,11.591283692782037
2837,height,annoy,754.2142857142857,2.8840315031266055,"(2.7542287033381663, 5.011872336272725]",q1,3.8830505198054457
2838,height,length,666.0322580645161,58.88436553555884,"(56.23413251903491, 70.79457843841374]",q11,63.514355478724326
2839,heights,mountains,751.21875,31.622776601683793,"(29.51209226666384, 37.15352290971728]",q8,33.33280758819056
2840,heights,rug,719.5806451612904,5.248074602497728,"(5.011872336272725, 7.244359600749899]",q2,6.128115968511311
2841,helium,balloon,602.448275862069,7.943282347242813,"(7.244359600749899, 10.0]",q3,8.62217980037495
2842,helium,electricity,813.2903225806451,26.91534803926914,"(23.9883291901949, 29.51209226666384]",q7,26.75021072842937
2843,hell,devil,644.8,19.952623149688787,"(17.78279410038923, 23.9883291901949]",q6,20.885561645292064
2844,hell,rat,650.2333333333333,14.791083881682072,"(13.182567385564074, 17.78279410038923]",q5,15.482680742976651
2845,helmet,motorcycle,708.125,11.748975549395302,"(10.0, 13.182567385564074]",q4,11.591283692782037
2846,helmet,shopping,646.1935483870968,47.863009232263806,"(46.77351412871981, 56.23413251903491]",q10,51.503823323877356
2847,help,funny,634.59375,104.71285480508985,"(87.09635899560814, 112.2018454301963]",q13,99.64910221290222
2848,help,need,617.3103448275862,933.2543007969905,"(295.1209226666384, 18620.871366628657]",q17,9457.996144647648
2849,helper,assistant,671.4516129032259,52.48074602497723,"(46.77351412871981, 56.23413251903491]",q10,51.503823323877356
2850,helper,shame,665.6206896551724,35.481338923357534,"(29.51209226666384, 37.15352290971728]",q8,33.33280758819056
2851,hem,brain,629.4516129032259,87.09635899560814,"(70.79457843841374, 87.09635899560814]",q12,78.94546871701094
2852,hem,leg,601.78125,45.708818961487516,"(37.15352290971728, 46.77351412871981]",q9,41.963518519218546
2853,her,computer,688.5806451612904,93.32543007969905,"(87.09635899560814, 112.2018454301963]",q13,99.64910221290222
2854,her,she,609.59375,1819.7008586099826,"(295.1209226666384, 18620.871366628657]",q17,9457.996144647648
2855,herb,garden,659.78125,58.88436553555884,"(56.23413251903491, 70.79457843841374]",q11,63.514355478724326
2856,herb,success,623.9032258064516,114.81536214968817,"(112.2018454301963, 144.5439770745928]",q14,128.37291125239454
2857,herd,buffalo,731.3125,13.803842646028839,"(13.182567385564074, 17.78279410038923]",q5,15.482680742976651
2858,herd,greed,650.4285714285714,5.370317963702527,"(5.011872336272725, 7.244359600749899]",q2,6.128115968511311
2859,here,enlarge,814.3793103448276,1.584893192461114,"(0.0, 2.7542287033381663]",q0,1.3771143516690831
2860,here,there,672.4193548387096,2041.7379446695275,"(295.1209226666384, 18620.871366628657]",q17,9457.996144647648
2861,hero,superman,723.9677419354839,10.471285480508985,"(10.0, 13.182567385564074]",q4,11.591283692782037
2862,hero,toe,676.0666666666667,11.748975549395302,"(10.0, 13.182567385564074]",q4,11.591283692782037
2863,heroin,abuse,740.4827586206897,45.708818961487516,"(37.15352290971728, 46.77351412871981]",q9,41.963518519218546
2864,heroin,drugs,613.1818181818181,58.88436553555884,"(56.23413251903491, 70.79457843841374]",q11,63.514355478724326
2865,heroine,drug,734.483870967742,74.13102413009177,"(70.79457843841374, 87.09635899560814]",q12,78.94546871701094
2866,heroine,strong,616.1290322580645,165.95869074375597,"(144.5439770745928, 199.52623149688787]",q15,172.03510428574032
2867,hesitate,poker,617.448275862069,9.332543007969914,"(7.244359600749899, 10.0]",q3,8.62217980037495
2868,hesitate,wait,593.9333333333333,223.87211385683378,"(199.52623149688787, 295.1209226666384]",q16,247.32357708176315
2869,hidden,secret,642.7096774193549,83.17637711026708,"(70.79457843841374, 87.09635899560814]",q12,78.94546871701094
2870,hidden,unusual,758.65625,28.18382931264455,"(23.9883291901949, 29.51209226666384]",q7,26.75021072842937
2871,hide,dinner,647.8387096774194,60.25595860743581,"(56.23413251903491, 70.79457843841374]",q11,63.514355478724326
2872,hide,seek,675.516129032258,40.7380277804113,"(37.15352290971728, 46.77351412871981]",q9,41.963518519218546
2873,high,low,610.3103448275862,213.79620895022325,"(199.52623149688787, 295.1209226666384]",q16,247.32357708176315
2874,high,neutron,856.9285714285714,2.7542287033381663,"(0.0, 2.7542287033381663]",q0,1.3771143516690831
2875,highlight,condom,674.9666666666667,3.981071705534973,"(2.7542287033381663, 5.011872336272725]",q1,3.8830505198054457
2876,highlight,marker,671.3548387096774,7.413102413009177,"(7.244359600749899, 10.0]",q3,8.62217980037495
2877,hike,angel,637.375,28.18382931264455,"(23.9883291901949, 29.51209226666384]",q7,26.75021072842937
2878,hike,walk,646.6333333333333,120.22644346174131,"(112.2018454301963, 144.5439770745928]",q14,128.37291125239454
2879,hiker,hitchhike,1010.3448275862067,0.15135612484362088,"(0.0, 2.7542287033381663]",q0,1.3771143516690831
2880,hiker,recipe,788.21875,16.98243652461746,"(13.182567385564074, 17.78279410038923]",q5,15.482680742976651
2881,hiking,boots,574.9,21.379620895022324,"(17.78279410038923, 23.9883291901949]",q6,20.885561645292064
2882,hiking,hate,638.6666666666666,128.82495516931348,"(112.2018454301963, 144.5439770745928]",q14,128.37291125239454
2883,hill,devil,660.4193548387096,19.952623149688787,"(17.78279410038923, 23.9883291901949]",q6,20.885561645292064
2884,hill,mountain,670.3125,53.70317963702533,"(46.77351412871981, 56.23413251903491]",q10,51.503823323877356
2885,him,her,753.8125,1995.2623149688789,"(295.1209226666384, 18620.871366628657]",q17,9457.996144647648
2886,him,virtue,807.3333333333334,8.709635899560805,"(7.244359600749899, 10.0]",q3,8.62217980037495
2887,hindsight,foresight,795.1290322580645,1.4454397707459279,"(0.0, 2.7542287033381663]",q0,1.3771143516690831
2888,hindsight,sting,723.8518518518518,6.30957344480193,"(5.011872336272725, 7.244359600749899]",q2,6.128115968511311
2889,hinge,alright,645.71875,26.302679918953814,"(23.9883291901949, 29.51209226666384]",q7,26.75021072842937
2890,hinge,swing,615.2903225806451,21.87761623949552,"(17.78279410038923, 23.9883291901949]",q6,20.885561645292064
2891,hint,clue,545.6451612903226,15.135612484362072,"(13.182567385564074, 17.78279410038923]",q5,15.482680742976651
2892,hint,faint,637.0967741935484,6.025595860743575,"(5.011872336272725, 7.244359600749899]",q2,6.128115968511311
2893,hip,bone,628.258064516129,29.51209226666384,"(23.9883291901949, 29.51209226666384]",q7,26.75021072842937
2894,hip,cocaine,713.6129032258065,9.549925860214358,"(7.244359600749899, 10.0]",q3,8.62217980037495
2895,hispanic,butter,688.0322580645161,25.11886431509582,"(23.9883291901949, 29.51209226666384]",q7,26.75021072842937
2896,hispanic,spanish,695.0,53.70317963702533,"(46.77351412871981, 56.23413251903491]",q10,51.503823323877356
2897,history,balloon,625.2424242424242,7.943282347242813,"(7.244359600749899, 10.0]",q3,8.62217980037495
2898,history,war,595.9333333333333,288.40315031266056,"(199.52623149688787, 295.1209226666384]",q16,247.32357708176315
2899,hitch,hug,625.9375,12.30268770812381,"(10.0, 13.182567385564074]",q4,11.591283692782037
2900,hitch,trailer,639.78125,20.892961308540407,"(17.78279410038923, 23.9883291901949]",q6,20.885561645292064
2901,hitchhike,stomach,648.7878787878788,26.302679918953814,"(23.9883291901949, 29.51209226666384]",q7,26.75021072842937
2902,hitchhike,thumb,668.0625,10.232929922807536,"(10.0, 13.182567385564074]",q4,11.591283692782037
2903,hive,bee,619.6551724137931,12.30268770812381,"(10.0, 13.182567385564074]",q4,11.591283692782037
2904,hive,rug,610.2758620689655,5.248074602497728,"(5.011872336272725, 7.244359600749899]",q2,6.128115968511311
2905,hobo,bum,752.258064516129,5.623413251903491,"(5.011872336272725, 7.244359600749899]",q2,6.128115968511311
2906,hobo,narrow,652.1,24.547089156850287,"(23.9883291901949, 29.51209226666384]",q7,26.75021072842937
2907,hoe,doll,629.8571428571429,11.481536214968818,"(10.0, 13.182567385564074]",q4,11.591283692782037
2908,hoe,garden,617.516129032258,58.88436553555884,"(56.23413251903491, 70.79457843841374]",q11,63.514355478724326
2909,hold,grasp,696.258064516129,9.332543007969914,"(7.244359600749899, 10.0]",q3,8.62217980037495
2910,hold,sticky,751.6451612903226,6.30957344480193,"(5.011872336272725, 7.244359600749899]",q2,6.128115968511311
2911,hole,ground,552.15625,141.25375446227554,"(112.2018454301963, 144.5439770745928]",q14,128.37291125239454
2912,hole,path,720.741935483871,51.28613839913648,"(46.77351412871981, 56.23413251903491]",q10,51.503823323877356
2913,home,family,693.4193548387096,457.0881896148752,"(295.1209226666384, 18620.871366628657]",q17,9457.996144647648
2914,home,talk,665.8333333333334,263.02679918953817,"(199.52623149688787, 295.1209226666384]",q16,247.32357708176315
2915,homework,father,562.25,181.97008586099827,"(144.5439770745928, 199.52623149688787]",q15,172.03510428574032
2916,homework,study,608.2903225806451,181.97008586099827,"(144.5439770745928, 199.52623149688787]",q15,172.03510428574032
2917,honest,nail,695.0689655172414,16.218100973589298,"(13.182567385564074, 17.78279410038923]",q5,15.482680742976651
2918,honest,truth,638.46875,112.2018454301963,"(87.09635899560814, 112.2018454301963]",q13,99.64910221290222
2919,honesty,mouse,679.074074074074,20.417379446695275,"(17.78279410038923, 23.9883291901949]",q6,20.885561645292064
2920,honesty,virtue,784.1851851851852,8.709635899560805,"(7.244359600749899, 10.0]",q3,8.62217980037495
2921,honey,george,854.7666666666667,109.64781961431851,"(87.09635899560814, 112.2018454301963]",q13,99.64910221290222
2922,honey,sweet,612.6451612903226,81.28305161640995,"(70.79457843841374, 87.09635899560814]",q12,78.94546871701094
2923,honeymoon,juice,583.6875,22.90867652767775,"(17.78279410038923, 23.9883291901949]",q6,20.885561645292064
2924,honeymoon,wedding,567.46875,67.60829753919819,"(56.23413251903491, 70.79457843841374]",q11,63.514355478724326
2925,hoop,hula,917.1666666666666,1.0232929922807537,"(0.0, 2.7542287033381663]",q0,1.3771143516690831
2926,hoop,success,656.71875,114.81536214968817,"(112.2018454301963, 144.5439770745928]",q14,128.37291125239454
2927,hoot,owl,635.84375,7.413102413009177,"(7.244359600749899, 10.0]",q3,8.62217980037495
2928,hoot,relationshi,695.6774193548387,0.01412537544622754,"(0.0, 2.7542287033381663]",q0,1.3771143516690831
2929,hope,glory,626.15625,22.90867652767775,"(17.78279410038923, 23.9883291901949]",q6,20.885561645292064
2930,hope,indian,722.7241379310345,81.28305161640995,"(70.79457843841374, 87.09635899560814]",q12,78.94546871701094
2931,hopeless,alright,723.375,26.302679918953814,"(23.9883291901949, 29.51209226666384]",q7,26.75021072842937
2932,hopeless,homeless,745.8064516129032,18.197008586099827,"(17.78279410038923, 23.9883291901949]",q6,20.885561645292064
2933,horn,cards,747.28125,57.543993733715666,"(56.23413251903491, 70.79457843841374]",q11,63.514355478724326
2934,horn,instrument,698.4,18.197008586099827,"(17.78279410038923, 23.9883291901949]",q6,20.885561645292064
2935,hornet,drive,582.9090909090909,134.89628825916532,"(112.2018454301963, 144.5439770745928]",q14,128.37291125239454
2936,hornet,sting,638.4516129032259,6.30957344480193,"(5.011872336272725, 7.244359600749899]",q2,6.128115968511311
2937,horrible,peanut,758.6,7.943282347242813,"(7.244359600749899, 10.0]",q3,8.62217980037495
2938,horrible,terrible,605.4193548387096,51.28613839913648,"(46.77351412871981, 56.23413251903491]",q10,51.503823323877356
2939,host,hostess,717.2903225806451,2.23872113856834,"(0.0, 2.7542287033381663]",q0,1.3771143516690831
2940,host,morning,687.6666666666666,213.79620895022325,"(199.52623149688787, 295.1209226666384]",q16,247.32357708176315
2941,hostage,heart,609.0967741935484,204.17379446695276,"(199.52623149688787, 295.1209226666384]",q16,247.32357708176315
2942,hostage,prisoner,695.125,15.848931924611142,"(13.182567385564074, 17.78279410038923]",q5,15.482680742976651
2943,hostess,days,597.1212121212121,407.380277804113,"(295.1209226666384, 18620.871366628657]",q17,9457.996144647648
2944,hostess,restaurant,662.53125,47.863009232263806,"(46.77351412871981, 56.23413251903491]",q10,51.503823323877356
2945,hotel,motel,643.3,4.073802778041126,"(2.7542287033381663, 5.011872336272725]",q1,3.8830505198054457
2946,hotel,pavement,734.7096774193549,4.073802778041126,"(2.7542287033381663, 5.011872336272725]",q1,3.8830505198054457
2947,hotter,summer,711.4,169.8243652461746,"(144.5439770745928, 199.52623149688787]",q15,172.03510428574032
2948,hotter,vegetables,654.6875,14.125375446227554,"(13.182567385564074, 17.78279410038923]",q5,15.482680742976651
2949,hound,blood,577.46875,125.89254117941661,"(112.2018454301963, 144.5439770745928]",q14,128.37291125239454
2950,hound,city,587.1612903225806,407.380277804113,"(295.1209226666384, 18620.871366628657]",q17,9457.996144647648
2951,hour,fudge,648.8620689655172,2.1379620895022327,"(0.0, 2.7542287033381663]",q0,1.3771143516690831
2952,hour,minute,579.90625,95.49925860214368,"(87.09635899560814, 112.2018454301963]",q13,99.64910221290222
2953,hours,dam,843.2,14.791083881682072,"(13.182567385564074, 17.78279410038923]",q5,15.482680742976651
2954,hours,long,668.9666666666667,645.6542290346549,"(295.1209226666384, 18620.871366628657]",q17,9457.996144647648
2955,house,brick,661.8387096774194,17.78279410038923,"(13.182567385564074, 17.78279410038923]",q5,15.482680742976651
2956,house,eleven,599.0344827586207,13.182567385564074,"(10.0, 13.182567385564074]",q4,11.591283692782037
2957,how,stupid,631.8064516129032,87.09635899560814,"(70.79457843841374, 87.09635899560814]",q12,78.94546871701094
2958,how,who,646.5,2187.761623949552,"(295.1209226666384, 18620.871366628657]",q17,9457.996144647648
2959,hue,color,624.59375,81.28305161640995,"(70.79457843841374, 87.09635899560814]",q12,78.94546871701094
2960,hue,different,683.375,389.04514499428046,"(295.1209226666384, 18620.871366628657]",q17,9457.996144647648
2961,hug,arms,729.5483870967741,66.06934480075964,"(56.23413251903491, 70.79457843841374]",q11,63.514355478724326
2962,hug,looks,652.75,229.08676527677747,"(199.52623149688787, 295.1209226666384]",q16,247.32357708176315
2963,huge,big,596.9032258064516,467.73514128719813,"(295.1209226666384, 18620.871366628657]",q17,9457.996144647648
2964,huge,no,632.53125,2238.7211385683377,"(295.1209226666384, 18620.871366628657]",q17,9457.996144647648
2965,hula,hoop,621.7741935483871,2.570395782768865,"(0.0, 2.7542287033381663]",q0,1.3771143516690831
2966,hula,hostess,774.53125,2.23872113856834,"(0.0, 2.7542287033381663]",q0,1.3771143516690831
2967,hull,boat,651.7741935483871,51.28613839913648,"(46.77351412871981, 56.23413251903491]",q10,51.503823323877356
2968,hull,heart,594.0645161290323,204.17379446695276,"(199.52623149688787, 295.1209226666384]",q16,247.32357708176315
2969,human,being,648.4333333333333,891.2509381337459,"(295.1209226666384, 18620.871366628657]",q17,9457.996144647648
2970,human,shirt,614.741935483871,42.65795188015925,"(37.15352290971728, 46.77351412871981]",q9,41.963518519218546
2971,humiliate,embarrass,881.8214285714286,2.570395782768865,"(0.0, 2.7542287033381663]",q0,1.3771143516690831
2972,humiliate,smart,643.40625,67.60829753919819,"(56.23413251903491, 70.79457843841374]",q11,63.514355478724326
2973,hundred,puzzle,599.375,9.120108393559097,"(7.244359600749899, 10.0]",q3,8.62217980037495
2974,hundred,thousand,652.40625,43.65158322401656,"(37.15352290971728, 46.77351412871981]",q9,41.963518519218546
2975,hung,directions,714.15625,16.98243652461746,"(13.182567385564074, 17.78279410038923]",q5,15.482680742976651
2976,hung,up,632.0344827586207,2454.7089156850284,"(295.1209226666384, 18620.871366628657]",q17,9457.996144647648
2977,hunger,africa,779.0666666666667,83.17637711026708,"(70.79457843841374, 87.09635899560814]",q12,78.94546871701094
2978,hunger,hallway,882.7333333333333,5.248074602497728,"(5.011872336272725, 7.244359600749899]",q2,6.128115968511311
2979,hungry,full,598.7575757575758,346.73685045253166,"(295.1209226666384, 18620.871366628657]",q17,9457.996144647648
2980,hungry,shop,626.0967741935484,75.85775750291836,"(70.79457843841374, 87.09635899560814]",q12,78.94546871701094
2981,hunt,find,651.6896551724138,575.4399373371566,"(295.1209226666384, 18620.871366628657]",q17,9457.996144647648
2982,hunt,flowers,671.6774193548387,43.65158322401656,"(37.15352290971728, 46.77351412871981]",q9,41.963518519218546
2983,hurricane,busy,768.6551724137931,56.23413251903491,"(46.77351412871981, 56.23413251903491]",q10,51.503823323877356
2984,hurricane,storm,651.2,45.708818961487516,"(37.15352290971728, 46.77351412871981]",q9,41.963518519218546
2985,hurry,boss,633.5806451612904,57.543993733715666,"(56.23413251903491, 70.79457843841374]",q11,63.514355478724326
2986,hurry,slow,669.8181818181819,70.79457843841374,"(56.23413251903491, 70.79457843841374]",q11,63.514355478724326
2987,hurt,lightning,729.8333333333334,16.595869074375596,"(13.182567385564074, 17.78279410038923]",q5,15.482680742976651
2988,hurt,pain,619.5625,107.1519305237607,"(87.09635899560814, 112.2018454301963]",q13,99.64910221290222
2989,husband,period,678.2666666666667,162.18100973589299,"(144.5439770745928, 199.52623149688787]",q15,172.03510428574032
2990,husband,wife,539.6363636363636,169.8243652461746,"(144.5439770745928, 199.52623149688787]",q15,172.03510428574032
2991,husk,elephant,610.9677419354839,12.02264434617413,"(10.0, 13.182567385564074]",q4,11.591283692782037
2992,husk,phone,664.9354838709677,199.52623149688787,"(144.5439770745928, 199.52623149688787]",q15,172.03510428574032
2993,husky,boys,628.4193548387096,107.1519305237607,"(87.09635899560814, 112.2018454301963]",q13,99.64910221290222
2994,husky,skin,634.8709677419355,81.28305161640995,"(70.79457843841374, 87.09635899560814]",q12,78.94546871701094
2995,hustle,fall,669.8125,134.89628825916532,"(112.2018454301963, 144.5439770745928]",q14,128.37291125239454
2996,hustle,fast,651.0645161290323,134.89628825916532,"(112.2018454301963, 144.5439770745928]",q14,128.37291125239454
2997,hut,jane,849.3888888888889,26.302679918953814,"(23.9883291901949, 29.51209226666384]",q7,26.75021072842937
2998,hut,straw,596.5806451612904,9.772372209558112,"(7.244359600749899, 10.0]",q3,8.62217980037495
2999,hydrogen,oxygen,633.25,17.78279410038923,"(13.182567385564074, 17.78279410038923]",q5,15.482680742976651
3000,hydrogen,worst,739.0645161290323,85.11380382023759,"(70.79457843841374, 87.09635899560814]",q12,78.94546871701094
3001,hygiene,quack,808.8888888888889,1.1481536214968828,"(0.0, 2.7542287033381663]",q0,1.3771143516690831
3002,hygiene,toothbrush,645.90625,2.39883291901949,"(0.0, 2.7542287033381663]",q0,1.3771143516690831
3003,hyper,active,730.03125,85.11380382023759,"(70.79457843841374, 87.09635899560814]",q12,78.94546871701094
3004,hyper,pig,626.2758620689655,13.803842646028839,"(13.182567385564074, 17.78279410038923]",q5,15.482680742976651
3005,hypothesis,guess,645.59375,147.91083881682073,"(144.5439770745928, 199.52623149688787]",q15,172.03510428574032
3006,hypothesis,party,660.2,309.0295432513592,"(295.1209226666384, 18620.871366628657]",q17,9457.996144647648
3007,ice,america,748.448275862069,165.95869074375597,"(144.5439770745928, 199.52623149688787]",q15,172.03510428574032
3008,ice,pick,674.3666666666667,120.22644346174131,"(112.2018454301963, 144.5439770745928]",q14,128.37291125239454
3009,iceberg,game,635.3125,524.8074602497722,"(295.1209226666384, 18620.871366628657]",q17,9457.996144647648
3010,iceberg,lettuce,767.7241379310345,3.630780547701014,"(2.7542287033381663, 5.011872336272725]",q1,3.8830505198054457
3011,ideal,cleaner,748.8275862068965,7.943282347242813,"(7.244359600749899, 10.0]",q3,8.62217980037495
3012,ideal,real,659.0344827586207,398.1071705534969,"(295.1209226666384, 18620.871366628657]",q17,9457.996144647648
3013,identical,borrow,666.2258064516129,10.0,"(7.244359600749899, 10.0]",q3,8.62217980037495
3014,identical,exact,780.2903225806451,32.35936569296281,"(29.51209226666384, 37.15352290971728]",q8,33.33280758819056
3015,identification,number,618.4193548387096,416.8693834703355,"(295.1209226666384, 18620.871366628657]",q17,9457.996144647648
3016,identification,volcano,733.84375,5.754399373371567,"(5.011872336272725, 7.244359600749899]",q2,6.128115968511311
3017,identity,id,1005.3846153846154,40.7380277804113,"(37.15352290971728, 46.77351412871981]",q9,41.963518519218546
3018,identity,reason,598.5,208.92961308540407,"(199.52623149688787, 295.1209226666384]",q16,247.32357708176315
3019,idiot,dumb,603.96875,34.673685045253166,"(29.51209226666384, 37.15352290971728]",q8,33.33280758819056
3020,idiot,same,688.84375,630.957344480193,"(295.1209226666384, 18620.871366628657]",q17,9457.996144647648
3021,idol,billy,807.2631578947369,21.379620895022324,"(17.78279410038923, 23.9883291901949]",q6,20.885561645292064
3022,idol,rose,676.2258064516129,66.06934480075964,"(56.23413251903491, 70.79457843841374]",q11,63.514355478724326
3023,igloo,ice,582.9090909090909,100.0,"(87.09635899560814, 112.2018454301963]",q13,99.64910221290222
3024,igloo,mean,593.483870967742,338.84415613920277,"(295.1209226666384, 18620.871366628657]",q17,9457.996144647648
3025,ignore,mean,649.53125,338.84415613920277,"(295.1209226666384, 18620.871366628657]",q17,9457.996144647648
3026,ignore,story,638.0625,281.8382931264455,"(199.52623149688787, 295.1209226666384]",q16,247.32357708176315
3027,ill,doughnut,837.72,1.4791083881682072,"(0.0, 2.7542287033381663]",q0,1.3771143516690831
3028,ill,healthy,671.969696969697,63.0957344480193,"(56.23413251903491, 70.79457843841374]",q11,63.514355478724326
3029,illegal,drugs,631.625,58.88436553555884,"(56.23413251903491, 70.79457843841374]",q11,63.514355478724326
3030,illegal,sun,631.3125,93.32543007969905,"(87.09635899560814, 112.2018454301963]",q13,99.64910221290222
3031,illness,sick,613.4,75.85775750291836,"(70.79457843841374, 87.09635899560814]",q12,78.94546871701094
3032,illness,teach,652.0333333333333,46.77351412871981,"(37.15352290971728, 46.77351412871981]",q9,41.963518519218546
3033,image,average,757.4666666666667,144.5439770745928,"(112.2018454301963, 144.5439770745928]",q14,128.37291125239454
3034,image,mirror,591.8064516129032,29.51209226666384,"(23.9883291901949, 29.51209226666384]",q7,26.75021072842937
3035,imagine,christ,666.0322580645161,61.65950018614822,"(56.23413251903491, 70.79457843841374]",q11,63.514355478724326
3036,imagine,create,637.8709677419355,104.71285480508985,"(87.09635899560814, 112.2018454301963]",q13,99.64910221290222
3037,imitate,copy,712.3870967741935,58.88436553555884,"(56.23413251903491, 70.79457843841374]",q11,63.514355478724326
3038,imitate,train,726.34375,91.20108393559097,"(87.09635899560814, 112.2018454301963]",q13,99.64910221290222
3039,immediate,later,600.2903225806451,309.0295432513592,"(295.1209226666384, 18620.871366628657]",q17,9457.996144647648
3040,immediate,saucer,833.5384615384615,1.1481536214968828,"(0.0, 2.7542287033381663]",q0,1.3771143516690831
3041,impact,crash,693.6206896551724,35.481338923357534,"(29.51209226666384, 37.15352290971728]",q8,33.33280758819056
3042,impact,drive,667.6551724137931,134.89628825916532,"(112.2018454301963, 144.5439770745928]",q14,128.37291125239454
3043,impatience,patient,609.3225806451613,58.88436553555884,"(56.23413251903491, 70.79457843841374]",q11,63.514355478724326
3044,impatience,wonder,722.46875,85.11380382023759,"(70.79457843841374, 87.09635899560814]",q12,78.94546871701094
3045,impediment,beginning,714.939393939394,100.0,"(87.09635899560814, 112.2018454301963]",q13,99.64910221290222
3046,impediment,obstacle,818.6896551724138,5.248074602497728,"(5.011872336272725, 7.244359600749899]",q2,6.128115968511311
3047,implode,explode,741.5333333333333,6.30957344480193,"(5.011872336272725, 7.244359600749899]",q2,6.128115968511311
3048,implode,tupperware,943.16,0.5754399373371566,"(0.0, 2.7542287033381663]",q0,1.3771143516690831
3049,important,headache,748.40625,9.332543007969914,"(7.244359600749899, 10.0]",q3,8.62217980037495
3050,important,major,586.7241379310345,199.52623149688787,"(144.5439770745928, 199.52623149688787]",q15,172.03510428574032
3051,impossible,boy,696.8387096774194,147.91083881682073,"(144.5439770745928, 199.52623149688787]",q15,172.03510428574032
3052,impression,art,649.6774193548387,194.98445997580455,"(144.5439770745928, 199.52623149688787]",q15,172.03510428574032
3053,impression,honest,657.6774193548387,53.70317963702533,"(46.77351412871981, 56.23413251903491]",q10,51.503823323877356
3054,in,inferior,803.6666666666666,6.456542290346556,"(5.011872336272725, 7.244359600749899]",q2,6.128115968511311
3055,in,out,582.8181818181819,2398.83291901949,"(295.1209226666384, 18620.871366628657]",q17,9457.996144647648
3056,inability,groceries,778.5483870967741,4.677351412871981,"(2.7542287033381663, 5.011872336272725]",q1,3.8830505198054457
3057,incline,hill,632.9354838709677,66.06934480075964,"(56.23413251903491, 70.79457843841374]",q11,63.514355478724326
3058,incline,tired,686.375,51.28613839913648,"(46.77351412871981, 56.23413251903491]",q10,51.503823323877356
3059,income,date,579.6129032258065,165.95869074375597,"(144.5439770745928, 199.52623149688787]",q15,172.03510428574032
3060,income,important,639.6875,275.4228703338169,"(199.52623149688787, 295.1209226666384]",q16,247.32357708176315
3061,increase,enlarge,735.8928571428571,1.584893192461114,"(0.0, 2.7542287033381663]",q0,1.3771143516690831
3062,increase,navy,706.8387096774194,37.15352290971728,"(29.51209226666384, 37.15352290971728]",q8,33.33280758819056
3063,independent,crime,715.9677419354839,77.62471166286912,"(70.79457843841374, 87.09635899560814]",q12,78.94546871701094
3064,independent,dependent,684.0,19.054607179632484,"(17.78279410038923, 23.9883291901949]",q6,20.885561645292064
3065,indian,chief,795.448275862069,128.82495516931348,"(112.2018454301963, 144.5439770745928]",q14,128.37291125239454
3066,indian,hat,692.5483870967741,33.884415613920275,"(29.51209226666384, 37.15352290971728]",q8,33.33280758819056
3067,indirect,direct,719.8709677419355,81.28305161640995,"(70.79457843841374, 87.09635899560814]",q12,78.94546871701094
3068,indirect,doctor,679.7666666666667,79.43282347242821,"(70.79457843841374, 87.09635899560814]",q12,78.94546871701094
3069,indoors,divide,728.1612903225806,13.182567385564074,"(10.0, 13.182567385564074]",q4,11.591283692782037
3070,indoors,outdoors,599.6129032258065,5.1286138399136485,"(5.011872336272725, 7.244359600749899]",q2,6.128115968511311
3071,industry,luck,671.40625,81.28305161640995,"(70.79457843841374, 87.09635899560814]",q12,78.94546871701094
3072,industry,steel,606.4666666666667,51.28613839913648,"(46.77351412871981, 56.23413251903491]",q10,51.503823323877356
3073,inertia,force,697.9354838709677,169.8243652461746,"(144.5439770745928, 199.52623149688787]",q15,172.03510428574032
3074,inertia,telephone,638.1875,25.703957827688647,"(23.9883291901949, 29.51209226666384]",q7,26.75021072842937
3075,infection,around,692.0,588.8436553555883,"(295.1209226666384, 18620.871366628657]",q17,9457.996144647648
3076,infection,disease,723.4333333333333,79.43282347242821,"(70.79457843841374, 87.09635899560814]",q12,78.94546871701094
3077,inferior,auto,681.0333333333333,30.199517204020193,"(29.51209226666384, 37.15352290971728]",q8,33.33280758819056
3078,inferior,superior,683.40625,28.84031503126606,"(23.9883291901949, 29.51209226666384]",q7,26.75021072842937
3079,inferno,last,596.1290322580645,724.4359600749906,"(295.1209226666384, 18620.871366628657]",q17,9457.996144647648
3080,inferno,volcano,696.3225806451613,5.754399373371567,"(5.011872336272725, 7.244359600749899]",q2,6.128115968511311
3081,inflation,balloon,641.3125,7.943282347242813,"(7.244359600749899, 10.0]",q3,8.62217980037495
3082,inflation,soup,670.125,14.125375446227554,"(13.182567385564074, 17.78279410038923]",q5,15.482680742976651
3083,influence,glory,652.741935483871,22.90867652767775,"(17.78279410038923, 23.9883291901949]",q6,20.885561645292064
3084,influence,persuade,744.8275862068965,6.6069344800759575,"(5.011872336272725, 7.244359600749899]",q2,6.128115968511311
3085,information,close,704.5625,229.08676527677747,"(199.52623149688787, 295.1209226666384]",q16,247.32357708176315
3086,information,data,759.3793103448276,218.77616239495518,"(199.52623149688787, 295.1209226666384]",q16,247.32357708176315
3087,inhale,exhale,757.7333333333333,1.2882495516931336,"(0.0, 2.7542287033381663]",q0,1.3771143516690831
3088,inhale,plane,708.375,52.48074602497723,"(46.77351412871981, 56.23413251903491]",q10,51.503823323877356
3089,initial,name,709.8666666666667,407.380277804113,"(295.1209226666384, 18620.871366628657]",q17,9457.996144647648
3090,initial,planets,753.6333333333333,11.220184543019629,"(10.0, 13.182567385564074]",q4,11.591283692782037
3091,injection,blanket,595.9032258064516,11.748975549395302,"(10.0, 13.182567385564074]",q4,11.591283692782037
3092,injection,needle,569.5806451612904,9.549925860214358,"(7.244359600749899, 10.0]",q3,8.62217980037495
3093,inlet,island,642.8125,102.32929922807536,"(87.09635899560814, 112.2018454301963]",q13,99.64910221290222
3094,inlet,ugly,703.7586206896551,26.302679918953814,"(23.9883291901949, 29.51209226666384]",q7,26.75021072842937
3095,inmate,paper,619.625,117.48975549395303,"(112.2018454301963, 144.5439770745928]",q14,128.37291125239454
3096,inmate,prison,601.8709677419355,63.0957344480193,"(56.23413251903491, 70.79457843841374]",q11,63.514355478724326
3097,innocence,frog,721.0689655172414,7.76247116628692,"(7.244359600749899, 10.0]",q3,8.62217980037495
3098,innocence,guilty,612.75,40.7380277804113,"(37.15352290971728, 46.77351412871981]",q9,41.963518519218546
3099,innocent,prejudice,727.4827586206897,6.165950018614822,"(5.011872336272725, 7.244359600749899]",q2,6.128115968511311
3100,innocent,virgin,598.1333333333333,22.38721138568338,"(17.78279410038923, 23.9883291901949]",q6,20.885561645292064
3101,inquire,ask,695.8484848484849,218.77616239495518,"(199.52623149688787, 295.1209226666384]",q16,247.32357708176315
3102,inquire,vault,841.7,7.943282347242813,"(7.244359600749899, 10.0]",q3,8.62217980037495
3103,insane,build,614.1515151515151,109.64781961431851,"(87.09635899560814, 112.2018454301963]",q13,99.64910221290222
3104,insane,mad,582.3548387096774,54.954087385762485,"(46.77351412871981, 56.23413251903491]",q10,51.503823323877356
3105,insect,ant,594.4137931034483,7.244359600749899,"(5.011872336272725, 7.244359600749899]",q2,6.128115968511311
3106,insect,conference,837.3333333333334,102.32929922807536,"(87.09635899560814, 112.2018454301963]",q13,99.64910221290222
3107,insecure,secure,683.3870967741935,43.65158322401656,"(37.15352290971728, 46.77351412871981]",q9,41.963518519218546
3108,insecure,tonic,726.3448275862069,2.454708915685031,"(0.0, 2.7542287033381663]",q0,1.3771143516690831
3109,inside,baby,569.5454545454545,181.97008586099827,"(144.5439770745928, 199.52623149688787]",q15,172.03510428574032
3110,inside,indoors,633.4827586206897,3.981071705534973,"(2.7542287033381663, 5.011872336272725]",q1,3.8830505198054457
3111,insight,foresight,721.8387096774194,1.4454397707459279,"(0.0, 2.7542287033381663]",q0,1.3771143516690831
3112,insight,sun,614.25,93.32543007969905,"(87.09635899560814, 112.2018454301963]",q13,99.64910221290222
3113,instance,example,612.8709677419355,186.20871366628657,"(144.5439770745928, 199.52623149688787]",q15,172.03510428574032
3114,instance,jesus,807.5625,97.72372209558111,"(87.09635899560814, 112.2018454301963]",q13,99.64910221290222
3115,instant,big,619.21875,467.73514128719813,"(295.1209226666384, 18620.871366628657]",q17,9457.996144647648
3116,instant,quick,611.53125,95.49925860214368,"(87.09635899560814, 112.2018454301963]",q13,99.64910221290222
3117,instinct,basic,628.125,77.62471166286912,"(70.79457843841374, 87.09635899560814]",q12,78.94546871701094
3118,instinct,foot,610.15625,74.13102413009177,"(70.79457843841374, 87.09635899560814]",q12,78.94546871701094
3119,instruct,directions,687.6333333333333,16.98243652461746,"(13.182567385564074, 17.78279410038923]",q5,15.482680742976651
3120,instruct,motion,706.65625,38.904514499428046,"(37.15352290971728, 46.77351412871981]",q9,41.963518519218546
3121,instructions,addition,688.0322580645161,102.32929922807536,"(87.09635899560814, 112.2018454301963]",q13,99.64910221290222
3122,instructions,directions,751.6129032258065,16.98243652461746,"(13.182567385564074, 17.78279410038923]",q5,15.482680742976651
3123,insult,comment,729.9375,75.85775750291836,"(70.79457843841374, 87.09635899560814]",q12,78.94546871701094
3124,insult,stare,616.3333333333334,8.128305161640995,"(7.244359600749899, 10.0]",q3,8.62217980037495
3125,intake,adventure,754.09375,28.84031503126606,"(23.9883291901949, 29.51209226666384]",q7,26.75021072842937
3126,intake,inhale,754.7741935483871,1.7782794100389228,"(0.0, 2.7542287033381663]",q0,1.3771143516690831
3127,integrate,hard,657.375,338.84415613920277,"(295.1209226666384, 18620.871366628657]",q17,9457.996144647648
3128,integrate,math,621.8064516129032,28.18382931264455,"(23.9883291901949, 29.51209226666384]",q7,26.75021072842937
3129,intensity,force,710.5806451612904,169.8243652461746,"(144.5439770745928, 199.52623149688787]",q15,172.03510428574032
3130,intensity,weird,662.53125,64.56542290346549,"(56.23413251903491, 70.79457843841374]",q11,63.514355478724326
3131,intent,purpose,634.6551724137931,75.85775750291836,"(70.79457843841374, 87.09635899560814]",q12,78.94546871701094
3132,intent,relax,580.4827586206897,19.498445997580454,"(17.78279410038923, 23.9883291901949]",q6,20.885561645292064
3133,interesting,neat,789.6296296296297,9.772372209558112,"(7.244359600749899, 10.0]",q3,8.62217980037495
3134,interesting,obsession,766.0645161290323,7.943282347242813,"(7.244359600749899, 10.0]",q3,8.62217980037495
3135,interior,inferior,771.5714285714286,6.456542290346556,"(5.011872336272725, 7.244359600749899]",q2,6.128115968511311
3136,interior,spot,666.8064516129032,77.62471166286912,"(70.79457843841374, 87.09635899560814]",q12,78.94546871701094
3137,interrupt,rude,605.0967741935484,17.78279410038923,"(13.182567385564074, 17.78279410038923]",q5,15.482680742976651
3138,interrupt,up,579.7741935483871,2454.7089156850284,"(295.1209226666384, 18620.871366628657]",q17,9457.996144647648
3139,interview,beat,819.7142857142857,102.32929922807536,"(87.09635899560814, 112.2018454301963]",q13,99.64910221290222
3140,interview,nervous,703.551724137931,26.302679918953814,"(23.9883291901949, 29.51209226666384]",q7,26.75021072842937
3141,intestine,stomach,676.75,26.302679918953814,"(23.9883291901949, 29.51209226666384]",q7,26.75021072842937
3142,intestine,violin,809.4827586206897,5.4954087385762485,"(5.011872336272725, 7.244359600749899]",q2,6.128115968511311
3143,intoxicate,attempt,627.71875,70.79457843841374,"(56.23413251903491, 70.79457843841374]",q11,63.514355478724326
3144,intoxicate,poison,777.59375,12.02264434617413,"(10.0, 13.182567385564074]",q4,11.591283692782037
3145,intoxicated,drunk,588.7096774193549,40.7380277804113,"(37.15352290971728, 46.77351412871981]",q9,41.963518519218546
3146,intoxicated,piece,762.2258064516129,109.64781961431851,"(87.09635899560814, 112.2018454301963]",q13,99.64910221290222
3147,introduce,meet,633.7096774193549,186.20871366628657,"(144.5439770745928, 199.52623149688787]",q15,172.03510428574032
3148,introduce,sky,629.1612903225806,52.48074602497723,"(46.77351412871981, 56.23413251903491]",q10,51.503823323877356
3149,introvert,ambulance,863.7586206896551,11.481536214968818,"(10.0, 13.182567385564074]",q4,11.591283692782037
3150,introvert,extrovert,780.6538461538462,0.3715352290971724,"(0.0, 2.7542287033381663]",q0,1.3771143516690831
3151,intuition,force,716.9375,169.8243652461746,"(144.5439770745928, 199.52623149688787]",q15,172.03510428574032
3152,intuition,know,636.875,1258.9254117941662,"(295.1209226666384, 18620.871366628657]",q17,9457.996144647648
3153,invalid,few,690.28125,398.1071705534969,"(295.1209226666384, 18620.871366628657]",q17,9457.996144647648
3154,invalid,wheelchair,823.8064516129032,7.244359600749899,"(5.011872336272725, 7.244359600749899]",q2,6.128115968511311
3155,invent,create,643.9666666666667,104.71285480508985,"(87.09635899560814, 112.2018454301963]",q13,99.64910221290222
3156,invent,teeth,603.25,38.018939632056124,"(37.15352290971728, 46.77351412871981]",q9,41.963518519218546
3157,inventor,creator,676.53125,16.218100973589298,"(13.182567385564074, 17.78279410038923]",q5,15.482680742976651
3158,inventor,sell,631.5625,95.49925860214368,"(87.09635899560814, 112.2018454301963]",q13,99.64910221290222
3159,iron,plain,690.741935483871,26.91534803926914,"(23.9883291901949, 29.51209226666384]",q7,26.75021072842937
3160,iron,steel,760.09375,51.28613839913648,"(46.77351412871981, 56.23413251903491]",q10,51.503823323877356
3161,irregular,abnormal,829.6428571428571,5.1286138399136485,"(5.011872336272725, 7.244359600749899]",q2,6.128115968511311
3162,irregular,plate,633.5483870967741,35.481338923357534,"(29.51209226666384, 37.15352290971728]",q8,33.33280758819056
3163,irritate,angry,634.1875,45.708818961487516,"(37.15352290971728, 46.77351412871981]",q9,41.963518519218546
3164,irritate,day,628.0,891.2509381337459,"(295.1209226666384, 18620.871366628657]",q17,9457.996144647648
3165,irritating,annoying,768.96875,25.11886431509582,"(23.9883291901949, 29.51209226666384]",q7,26.75021072842937
3166,irritating,hold,623.71875,154.88166189124829,"(144.5439770745928, 199.52623149688787]",q15,172.03510428574032
3167,isolated,idea,613.1935483870968,229.08676527677747,"(199.52623149688787, 295.1209226666384]",q16,247.32357708176315
3168,isolated,room,699.78125,245.47089156850285,"(199.52623149688787, 295.1209226666384]",q16,247.32357708176315
3169,issue,cell,614.375,74.13102413009177,"(70.79457843841374, 87.09635899560814]",q12,78.94546871701094
3170,issue,magazine,658.7037037037037,54.954087385762485,"(46.77351412871981, 56.23413251903491]",q10,51.503823323877356
3171,itch,scratch,803.625,14.45439770745928,"(13.182567385564074, 17.78279410038923]",q5,15.482680742976651
3172,itch,young,623.46875,269.1534803926914,"(199.52623149688787, 295.1209226666384]",q16,247.32357708176315
3173,item,thing,654.9354838709677,524.8074602497722,"(295.1209226666384, 18620.871366628657]",q17,9457.996144647648
3174,item,turtle,700.4827586206897,8.128305161640995,"(7.244359600749899, 10.0]",q3,8.62217980037495
3175,ivory,piano,725.3870967741935,20.417379446695275,"(17.78279410038923, 23.9883291901949]",q6,20.885561645292064
3176,ivory,uncle,630.2413793103449,28.18382931264455,"(23.9883291901949, 29.51209226666384]",q7,26.75021072842937
3177,ivy,husband,716.2413793103449,100.0,"(87.09635899560814, 112.2018454301963]",q13,99.64910221290222
3178,ivy,vine,715.3333333333334,5.370317963702527,"(5.011872336272725, 7.244359600749899]",q2,6.128115968511311
3179,jail,aluminum,858.75,10.232929922807536,"(10.0, 13.182567385564074]",q4,11.591283692782037
3180,jail,prison,657.0,63.0957344480193,"(56.23413251903491, 70.79457843841374]",q11,63.514355478724326
3181,japan,china,657.875,125.89254117941661,"(112.2018454301963, 144.5439770745928]",q14,128.37291125239454
3182,japan,politics,637.6,74.13102413009177,"(70.79457843841374, 87.09635899560814]",q12,78.94546871701094
3183,jar,jelly,597.0,5.88843655355589,"(5.011872336272725, 7.244359600749899]",q2,6.128115968511311
3184,jar,spaghetti,700.0333333333333,4.46683592150963,"(2.7542287033381663, 5.011872336272725]",q1,3.8830505198054457
3185,jaw,minimum,803.0,48.97788193684466,"(46.77351412871981, 56.23413251903491]",q10,51.503823323877356
3186,jaw,mouth,630.5625,67.60829753919819,"(56.23413251903491, 70.79457843841374]",q11,63.514355478724326
3187,jaws,shark,809.5,12.589254117941662,"(10.0, 13.182567385564074]",q4,11.591283692782037
3188,jaws,stripe,719.8928571428571,3.235936569296281,"(2.7542287033381663, 5.011872336272725]",q1,3.8830505198054457
3189,jazz,ballet,662.2413793103449,8.91250938133746,"(7.244359600749899, 10.0]",q3,8.62217980037495
3190,jazz,talking,707.03125,194.98445997580455,"(144.5439770745928, 199.52623149688787]",q15,172.03510428574032
3191,jealousy,feeling,645.0333333333333,134.89628825916532,"(112.2018454301963, 144.5439770745928]",q14,128.37291125239454
3192,jealousy,rights,604.8787878787879,154.88166189124829,"(144.5439770745928, 199.52623149688787]",q15,172.03510428574032
3193,jello,mold,658.1935483870968,5.88843655355589,"(5.011872336272725, 7.244359600749899]",q2,6.128115968511311
3194,jello,read,651.5483870967741,346.73685045253166,"(295.1209226666384, 18620.871366628657]",q17,9457.996144647648
3195,jelly,grape,625.03125,5.011872336272725,"(2.7542287033381663, 5.011872336272725]",q1,3.8830505198054457
3196,jelly,spanish,640.9677419354839,53.70317963702533,"(46.77351412871981, 56.23413251903491]",q10,51.503823323877356
3197,jerk,idiot,629.8,24.547089156850287,"(23.9883291901949, 29.51209226666384]",q7,26.75021072842937
3198,jerk,present,654.65625,151.3561248436207,"(144.5439770745928, 199.52623149688787]",q15,172.03510428574032
3199,jesus,christ,626.5,61.65950018614822,"(56.23413251903491, 70.79457843841374]",q11,63.514355478724326
3200,jesus,play,656.1875,407.380277804113,"(295.1209226666384, 18620.871366628657]",q17,9457.996144647648
3201,jewel,diamond,702.969696969697,26.302679918953814,"(23.9883291901949, 29.51209226666384]",q7,26.75021072842937
3202,jewel,service,704.0645161290323,309.0295432513592,"(295.1209226666384, 18620.871366628657]",q17,9457.996144647648
3203,jewelry,necklace,680.3333333333334,7.07945784384138,"(5.011872336272725, 7.244359600749899]",q2,6.128115968511311
3204,jewelry,sorry,717.3225806451613,151.3561248436207,"(144.5439770745928, 199.52623149688787]",q15,172.03510428574032
3205,jewish,prison,713.5666666666667,63.0957344480193,"(56.23413251903491, 70.79457843841374]",q11,63.514355478724326
3206,jewish,religion,733.8333333333334,54.954087385762485,"(46.77351412871981, 56.23413251903491]",q10,51.503823323877356
3207,jobless,day,713.53125,891.2509381337459,"(295.1209226666384, 18620.871366628657]",q17,9457.996144647648
3208,jobless,unemploymen,802.3870967741935,0.001,"(0.0, 2.7542287033381663]",q0,1.3771143516690831
3209,jock,accept,642.741935483871,70.79457843841374,"(56.23413251903491, 70.79457843841374]",q11,63.514355478724326
3210,jock,strap,729.8181818181819,6.165950018614822,"(5.011872336272725, 7.244359600749899]",q2,6.128115968511311
3211,jog,knife,642.0909090909091,25.703957827688647,"(23.9883291901949, 29.51209226666384]",q7,26.75021072842937
3212,jog,run,618.03125,309.0295432513592,"(295.1209226666384, 18620.871366628657]",q17,9457.996144647648
3213,join,dinner,635.258064516129,60.25595860743581,"(56.23413251903491, 70.79457843841374]",q11,63.514355478724326
3214,join,group,538.21875,371.53522909717276,"(295.1209226666384, 18620.871366628657]",q17,9457.996144647648
3215,joint,account,665.3,162.18100973589299,"(144.5439770745928, 199.52623149688787]",q15,172.03510428574032
3216,joint,circle,611.6666666666666,35.481338923357534,"(29.51209226666384, 37.15352290971728]",q8,33.33280758819056
3217,joker,candle,574.7333333333333,7.585775750291836,"(7.244359600749899, 10.0]",q3,8.62217980037495
3218,joker,laugh,552.0,45.708818961487516,"(37.15352290971728, 46.77351412871981]",q9,41.963518519218546
3219,journal,diary,618.46875,12.30268770812381,"(10.0, 13.182567385564074]",q4,11.591283692782037
3220,journal,hamburger,738.15625,2.818382931264455,"(2.7542287033381663, 5.011872336272725]",q1,3.8830505198054457
3221,journey,die,613.5,117.48975549395303,"(112.2018454301963, 144.5439770745928]",q14,128.37291125239454
3222,journey,trip,637.21875,79.43282347242821,"(70.79457843841374, 87.09635899560814]",q12,78.94546871701094
3223,juggler,appear,667.4242424242424,70.79457843841374,"(56.23413251903491, 70.79457843841374]",q11,63.514355478724326
3224,juggler,circus,709.6774193548387,9.549925860214358,"(7.244359600749899, 10.0]",q3,8.62217980037495
3225,juice,thirst,820.6,4.365158322401661,"(2.7542287033381663, 5.011872336272725]",q1,3.8830505198054457
3226,juice,toe,641.2333333333333,11.748975549395302,"(10.0, 13.182567385564074]",q4,11.591283692782037
3227,jump,man,759.2258064516129,660.6934480075964,"(295.1209226666384, 18620.871366628657]",q17,9457.996144647648
3228,jump,rope,712.3870967741935,11.481536214968818,"(10.0, 13.182567385564074]",q4,11.591283692782037
3229,jumpy,cactus,801.969696969697,2.5118864315095797,"(0.0, 2.7542287033381663]",q0,1.3771143516690831
3230,jumpy,rope,639.258064516129,11.481536214968818,"(10.0, 13.182567385564074]",q4,11.591283692782037
3231,jungle,animal,590.375,64.56542290346549,"(56.23413251903491, 70.79457843841374]",q11,63.514355478724326
3232,jungle,pan,694.7142857142857,24.547089156850287,"(23.9883291901949, 29.51209226666384]",q7,26.75021072842937
3233,junior,late,586.6666666666666,218.77616239495518,"(199.52623149688787, 295.1209226666384]",q16,247.32357708176315
3234,junior,son,711.6333333333333,190.54607179632484,"(144.5439770745928, 199.52623149688787]",q15,172.03510428574032
3235,junk,cigarette,706.9375,11.481536214968818,"(10.0, 13.182567385564074]",q4,11.591283692782037
3236,junk,yard,594.1290322580645,37.15352290971728,"(29.51209226666384, 37.15352290971728]",q8,33.33280758819056
3237,jury,juvenile,796.5,7.585775750291836,"(7.244359600749899, 10.0]",q3,8.62217980037495
3238,jury,twelve,676.75,22.38721138568338,"(17.78279410038923, 23.9883291901949]",q6,20.885561645292064
3239,just,fair,635.0967741935484,97.72372209558111,"(87.09635899560814, 112.2018454301963]",q13,99.64910221290222
3240,just,reptile,850.5666666666667,1.7782794100389228,"(0.0, 2.7542287033381663]",q0,1.3771143516690831
3241,justice,fair,606.8666666666667,97.72372209558111,"(87.09635899560814, 112.2018454301963]",q13,99.64910221290222
3242,justice,rose,677.40625,66.06934480075964,"(56.23413251903491, 70.79457843841374]",q11,63.514355478724326
3243,justify,explain,673.0625,77.62471166286912,"(70.79457843841374, 87.09635899560814]",q12,78.94546871701094
3244,justify,fraternity,836.6,3.630780547701014,"(2.7542287033381663, 5.011872336272725]",q1,3.8830505198054457
3245,juvenile,immature,707.7666666666667,4.570881896148752,"(2.7542287033381663, 5.011872336272725]",q1,3.8830505198054457
3246,juvenile,sheets,610.71875,14.45439770745928,"(13.182567385564074, 17.78279410038923]",q5,15.482680742976651
3247,kangaroo,australia,782.6875,114.81536214968817,"(112.2018454301963, 144.5439770745928]",q14,128.37291125239454
3248,kangaroo,shallow,742.3,10.964781961431852,"(10.0, 13.182567385564074]",q4,11.591283692782037
3249,keep,own,754.3,549.5408738576248,"(295.1209226666384, 18620.871366628657]",q17,9457.996144647648
3250,keep,pimple,809.2857142857143,0.6760829753919819,"(0.0, 2.7542287033381663]",q0,1.3771143516690831
3251,keeper,dress,669.6875,57.543993733715666,"(56.23413251903491, 70.79457843841374]",q11,63.514355478724326
3252,keeper,zoo,580.6333333333333,13.803842646028839,"(13.182567385564074, 17.78279410038923]",q5,15.482680742976651
3253,kettle,dancer,619.59375,9.772372209558112,"(7.244359600749899, 10.0]",q3,8.62217980037495
3254,kettle,stove,589.0,5.1286138399136485,"(5.011872336272725, 7.244359600749899]",q2,6.128115968511311
3255,key,lock,612.1818181818181,32.35936569296281,"(29.51209226666384, 37.15352290971728]",q8,33.33280758819056
3256,key,web,681.9,54.954087385762485,"(46.77351412871981, 56.23413251903491]",q10,51.503823323877356
3257,keyboard,piano,647.9677419354839,20.417379446695275,"(17.78279410038923, 23.9883291901949]",q6,20.885561645292064
3258,keyboard,pool,622.0909090909091,46.77351412871981,"(37.15352290971728, 46.77351412871981]",q9,41.963518519218546
3259,keys,chain,592.4666666666667,44.668359215096345,"(37.15352290971728, 46.77351412871981]",q9,41.963518519218546
3260,keys,off,633.2413793103449,851.1380382023759,"(295.1209226666384, 18620.871366628657]",q17,9457.996144647648
3261,kid,child,598.5625,199.52623149688787,"(144.5439770745928, 199.52623149688787]",q15,172.03510428574032
3262,kid,tell,637.4516129032259,338.84415613920277,"(295.1209226666384, 18620.871366628657]",q17,9457.996144647648
3263,kidnap,baby,565.46875,181.97008586099827,"(144.5439770745928, 199.52623149688787]",q15,172.03510428574032
3264,kidnap,holy,684.1290322580645,75.85775750291836,"(70.79457843841374, 87.09635899560814]",q12,78.94546871701094
3265,kidney,bean,667.7096774193549,9.549925860214358,"(7.244359600749899, 10.0]",q3,8.62217980037495
3266,kidney,tag,684.46875,27.54228703338169,"(23.9883291901949, 29.51209226666384]",q7,26.75021072842937
3267,kill,chemistry,672.3030303030303,22.38721138568338,"(17.78279410038923, 23.9883291901949]",q6,20.885561645292064
3268,kill,murder,612.060606060606,72.44359600749905,"(70.79457843841374, 87.09635899560814]",q12,78.94546871701094
3269,killer,food,580.03125,251.18864315095823,"(199.52623149688787, 295.1209226666384]",q16,247.32357708176315
3270,killer,murderer,749.5,6.6069344800759575,"(5.011872336272725, 7.244359600749899]",q2,6.128115968511311
3271,kilometer,mile,605.8787878787879,38.904514499428046,"(37.15352290971728, 46.77351412871981]",q9,41.963518519218546
3272,kilometer,pretty,661.96875,239.88329190194898,"(199.52623149688787, 295.1209226666384]",q16,247.32357708176315
3273,kinetic,energy,606.448275862069,169.8243652461746,"(144.5439770745928, 199.52623149688787]",q15,172.03510428574032
3274,kinetic,onion,685.625,7.76247116628692,"(7.244359600749899, 10.0]",q3,8.62217980037495
3275,king,queen,534.0,72.44359600749905,"(70.79457843841374, 87.09635899560814]",q12,78.94546871701094
3276,king,seller,775.9642857142857,10.232929922807536,"(10.0, 13.182567385564074]",q4,11.591283692782037
3277,kitchen,cook,668.0,44.668359215096345,"(37.15352290971728, 46.77351412871981]",q9,41.963518519218546
3278,kitchen,island,655.5862068965517,102.32929922807536,"(87.09635899560814, 112.2018454301963]",q13,99.64910221290222
3279,kitten,cute,624.9354838709677,44.668359215096345,"(37.15352290971728, 46.77351412871981]",q9,41.963518519218546
3280,kitten,needle,667.8125,9.549925860214358,"(7.244359600749899, 10.0]",q3,8.62217980037495
3281,kleenex,shove,971.1785714285714,4.570881896148752,"(2.7542287033381663, 5.011872336272725]",q1,3.8830505198054457
3282,kleenex,tissue,618.9032258064516,20.892961308540407,"(17.78279410038923, 23.9883291901949]",q6,20.885561645292064
3283,knapsack,backpack,657.2903225806451,6.025595860743575,"(5.011872336272725, 7.244359600749899]",q2,6.128115968511311
3284,knapsack,boy,692.96875,147.91083881682073,"(144.5439770745928, 199.52623149688787]",q15,172.03510428574032
3285,kneel,hours,657.0,251.18864315095823,"(199.52623149688787, 295.1209226666384]",q16,247.32357708176315
3286,kneel,knee,664.4666666666667,21.379620895022324,"(17.78279410038923, 23.9883291901949]",q6,20.885561645292064
3287,knees,even,653.34375,977.2372209558112,"(295.1209226666384, 18620.871366628657]",q17,9457.996144647648
3288,knees,legs,631.6451612903226,46.77351412871981,"(37.15352290971728, 46.77351412871981]",q9,41.963518519218546
3289,knife,fork,629.5483870967741,10.71519305237607,"(10.0, 13.182567385564074]",q4,11.591283692782037
3290,knife,ski,724.0,13.489628825916533,"(13.182567385564074, 17.78279410038923]",q5,15.482680742976651
3291,knight,armor,678.65625,9.332543007969914,"(7.244359600749899, 10.0]",q3,8.62217980037495
3292,knight,throw,617.3636363636364,67.60829753919819,"(56.23413251903491, 70.79457843841374]",q11,63.514355478724326
3293,knitting,grandma,731.40625,12.88249551693135,"(10.0, 13.182567385564074]",q4,11.591283692782037
3294,knitting,leave,636.46875,218.77616239495518,"(199.52623149688787, 295.1209226666384]",q16,247.32357708176315
3295,knock,door,589.5806451612904,120.22644346174131,"(112.2018454301963, 144.5439770745928]",q14,128.37291125239454
3296,knock,spice,664.8076923076923,8.709635899560805,"(7.244359600749899, 10.0]",q3,8.62217980037495
3297,knot,hoop,700.9642857142857,2.570395782768865,"(0.0, 2.7542287033381663]",q0,1.3771143516690831
3298,knot,shoelace,694.3214285714286,0.223872113856834,"(0.0, 2.7542287033381663]",q0,1.3771143516690831
3299,known,unknown,623.258064516129,33.884415613920275,"(29.51209226666384, 37.15352290971728]",q8,33.33280758819056
3300,known,volcano,701.9032258064516,5.754399373371567,"(5.011872336272725, 7.244359600749899]",q2,6.128115968511311
3301,lab,experiment,685.5151515151515,23.9883291901949,"(17.78279410038923, 23.9883291901949]",q6,20.885561645292064
3302,lab,wound,708.8571428571429,17.378008287493763,"(13.182567385564074, 17.78279410038923]",q5,15.482680742976651
3303,label,story,562.2424242424242,281.8382931264455,"(199.52623149688787, 295.1209226666384]",q16,247.32357708176315
3304,label,tag,662.5454545454545,27.54228703338169,"(23.9883291901949, 29.51209226666384]",q7,26.75021072842937
3305,labyrinth,make,578.65625,1202.2644346174131,"(295.1209226666384, 18620.871366628657]",q17,9457.996144647648
3306,labyrinth,maze,780.88,4.46683592150963,"(2.7542287033381663, 5.011872336272725]",q1,3.8830505198054457
3307,lace,fish,685.1290322580645,79.43282347242821,"(70.79457843841374, 87.09635899560814]",q12,78.94546871701094
3308,lace,shoelace,758.2962962962963,0.223872113856834,"(0.0, 2.7542287033381663]",q0,1.3771143516690831
3309,lagoon,sandwich,665.9090909090909,13.489628825916533,"(13.182567385564074, 17.78279410038923]",q5,15.482680742976651
3310,lagoon,swamp,634.5333333333333,6.918309709189363,"(5.011872336272725, 7.244359600749899]",q2,6.128115968511311
3311,lamb,obsession,818.71875,7.943282347242813,"(7.244359600749899, 10.0]",q3,8.62217980037495
3312,lamb,sheep,645.03125,15.488166189124827,"(13.182567385564074, 17.78279410038923]",q5,15.482680742976651
3313,landscape,simple,711.4545454545455,120.22644346174131,"(112.2018454301963, 144.5439770745928]",q14,128.37291125239454
3314,landscape,trees,652.7741935483871,48.97788193684466,"(46.77351412871981, 56.23413251903491]",q10,51.503823323877356
3315,lane,highway,680.1935483870968,30.90295432513592,"(29.51209226666384, 37.15352290971728]",q8,33.33280758819056
3316,lane,smoke,608.6,46.77351412871981,"(37.15352290971728, 46.77351412871981]",q9,41.963518519218546
3317,language,away,657.7096774193549,416.8693834703355,"(295.1209226666384, 18620.871366628657]",q17,9457.996144647648
3318,language,english,617.5666666666667,154.88166189124829,"(144.5439770745928, 199.52623149688787]",q15,172.03510428574032
3319,lap,embarrass,707.7777777777778,2.570395782768865,"(0.0, 2.7542287033381663]",q0,1.3771143516690831
3320,lap,sit,564.1290322580645,79.43282347242821,"(70.79457843841374, 87.09635899560814]",q12,78.94546871701094
3321,lapel,collar,730.75,10.964781961431852,"(10.0, 13.182567385564074]",q4,11.591283692782037
3322,lapel,seek,688.0333333333333,40.7380277804113,"(37.15352290971728, 46.77351412871981]",q9,41.963518519218546
3323,laser,beam,749.09375,13.803842646028839,"(13.182567385564074, 17.78279410038923]",q5,15.482680742976651
3324,laser,hello,713.2258064516129,52.48074602497723,"(46.77351412871981, 56.23413251903491]",q10,51.503823323877356
3325,lash,hurt,669.0,87.09635899560814,"(70.79457843841374, 87.09635899560814]",q12,78.94546871701094
3326,lash,kids,674.375,190.54607179632484,"(144.5439770745928, 199.52623149688787]",q15,172.03510428574032
3327,last,chance,590.258064516129,181.97008586099827,"(144.5439770745928, 199.52623149688787]",q15,172.03510428574032
3328,last,virgin,658.875,22.38721138568338,"(17.78279410038923, 23.9883291901949]",q6,20.885561645292064
3329,lasting,butterfly,694.8387096774194,8.511380382023768,"(7.244359600749899, 10.0]",q3,8.62217980037495
3330,lasting,long,621.2727272727273,645.6542290346549,"(295.1209226666384, 18620.871366628657]",q17,9457.996144647648
3331,latch,key,609.4193548387096,131.82567385564073,"(112.2018454301963, 144.5439770745928]",q14,128.37291125239454
3332,latch,motorcycle,751.5806451612904,11.748975549395302,"(10.0, 13.182567385564074]",q4,11.591283692782037
3333,late,early,662.969696969697,269.1534803926914,"(199.52623149688787, 295.1209226666384]",q16,247.32357708176315
3334,late,think,648.75,1202.2644346174131,"(295.1209226666384, 18620.871366628657]",q17,9457.996144647648
3335,latin,against,677.2,478.630092322638,"(295.1209226666384, 18620.871366628657]",q17,9457.996144647648
3336,latin,spanish,653.09375,53.70317963702533,"(46.77351412871981, 56.23413251903491]",q10,51.503823323877356
3337,laugh,cry,568.7666666666667,38.904514499428046,"(37.15352290971728, 46.77351412871981]",q9,41.963518519218546
3338,laugh,ice,619.3125,100.0,"(87.09635899560814, 112.2018454301963]",q13,99.64910221290222
3339,launch,rocket,597.2903225806451,20.417379446695275,"(17.78279410038923, 23.9883291901949]",q6,20.885561645292064
3340,launch,white,638.59375,323.5936569296281,"(295.1209226666384, 18620.871366628657]",q17,9457.996144647648
3341,laundry,referee,863.9545454545455,7.244359600749899,"(5.011872336272725, 7.244359600749899]",q2,6.128115968511311
3342,laundry,soap,614.1935483870968,15.135612484362072,"(13.182567385564074, 17.78279410038923]",q5,15.482680742976651
3343,lava,ticket,667.8,40.7380277804113,"(37.15352290971728, 46.77351412871981]",q9,41.963518519218546
3344,lava,volcano,774.9375,5.754399373371567,"(5.011872336272725, 7.244359600749899]",q2,6.128115968511311
3345,law,cow,658.8571428571429,13.803842646028839,"(13.182567385564074, 17.78279410038923]",q5,15.482680742976651
3346,law,order,621.21875,309.0295432513592,"(295.1209226666384, 18620.871366628657]",q17,9457.996144647648
3347,lawn,chair,614.6875,48.97788193684466,"(46.77351412871981, 56.23413251903491]",q10,51.503823323877356
3348,lawn,crunchy,754.1071428571429,1.6595869074375613,"(0.0, 2.7542287033381663]",q0,1.3771143516690831
3349,lawsuit,law,538.25,288.40315031266056,"(199.52623149688787, 295.1209226666384]",q16,247.32357708176315
3350,lawsuit,lawn,697.0,9.549925860214358,"(7.244359600749899, 10.0]",q3,8.62217980037495
3351,lawyer,gloves,782.2258064516129,10.964781961431852,"(10.0, 13.182567385564074]",q4,11.591283692782037
3352,lawyer,lawsuit,632.6551724137931,12.30268770812381,"(10.0, 13.182567385564074]",q4,11.591283692782037
3353,lay,down,580.4516129032259,758.5775750291835,"(295.1209226666384, 18620.871366628657]",q17,9457.996144647648
3354,lay,television,698.0645161290323,61.65950018614822,"(56.23413251903491, 70.79457843841374]",q11,63.514355478724326
3355,lead,aluminum,702.8709677419355,10.232929922807536,"(10.0, 13.182567385564074]",q4,11.591283692782037
3356,lead,order,766.40625,309.0295432513592,"(295.1209226666384, 18620.871366628657]",q17,9457.996144647648
3357,leader,fear,642.1,89.12509381337459,"(87.09635899560814, 112.2018454301963]",q13,99.64910221290222
3358,leader,follower,774.1034482758621,3.630780547701014,"(2.7542287033381663, 5.011872336272725]",q1,3.8830505198054457
3359,leadership,clothes,631.625,52.48074602497723,"(46.77351412871981, 56.23413251903491]",q10,51.503823323877356
3360,leadership,follower,602.9375,3.630780547701014,"(2.7542287033381663, 5.011872336272725]",q1,3.8830505198054457
3361,leaf,add,643.0322580645161,123.02687708123811,"(112.2018454301963, 144.5439770745928]",q14,128.37291125239454
3362,leaf,flower,621.0645161290323,26.302679918953814,"(23.9883291901949, 29.51209226666384]",q7,26.75021072842937
3363,league,football,654.25,128.82495516931348,"(112.2018454301963, 144.5439770745928]",q14,128.37291125239454
3364,league,meaning,663.8,74.13102413009177,"(70.79457843841374, 87.09635899560814]",q12,78.94546871701094
3365,leak,con,1000.8571428571428,19.054607179632484,"(17.78279410038923, 23.9883291901949]",q6,20.885561645292064
3366,leak,drip,595.8620689655172,3.801893963205613,"(2.7542287033381663, 5.011872336272725]",q1,3.8830505198054457
3367,lean,chip,702.4516129032259,20.417379446695275,"(17.78279410038923, 23.9883291901949]",q6,20.885561645292064
3368,lean,skinny,641.2666666666667,9.772372209558112,"(7.244359600749899, 10.0]",q3,8.62217980037495
3369,learn,pepsi,831.36,2.7542287033381663,"(0.0, 2.7542287033381663]",q0,1.3771143516690831
3370,learn,teach,560.0,46.77351412871981,"(37.15352290971728, 46.77351412871981]",q9,41.963518519218546
3371,lease,rent,562.1875,38.018939632056124,"(37.15352290971728, 46.77351412871981]",q9,41.963518519218546
3372,lease,small,599.3333333333334,323.5936569296281,"(295.1209226666384, 18620.871366628657]",q17,9457.996144647648
3373,least,bath,637.125,27.54228703338169,"(23.9883291901949, 29.51209226666384]",q7,26.75021072842937
3374,least,most,616.7777777777778,1000.0,"(295.1209226666384, 18620.871366628657]",q17,9457.996144647648
3375,leave,come,601.0625,602.5595860743581,"(295.1209226666384, 18620.871366628657]",q17,9457.996144647648
3376,leave,piano,741.3225806451613,20.417379446695275,"(17.78279410038923, 23.9883291901949]",q6,20.885561645292064
3377,leaves,crunchy,720.8620689655172,1.6595869074375613,"(0.0, 2.7542287033381663]",q0,1.3771143516690831
3378,leaves,toast,625.0322580645161,9.120108393559097,"(7.244359600749899, 10.0]",q3,8.62217980037495
3379,ledge,cliff,858.2666666666667,12.589254117941662,"(10.0, 13.182567385564074]",q4,11.591283692782037
3380,ledge,then,642.6129032258065,1174.8975549395302,"(295.1209226666384, 18620.871366628657]",q17,9457.996144647648
3381,left,right,681.741935483871,912.0108393559096,"(295.1209226666384, 18620.871366628657]",q17,9457.996144647648
3382,left,washer,730.1612903225806,2.1877616239495516,"(0.0, 2.7542287033381663]",q0,1.3771143516690831
3383,leg,done,646.6153846153846,380.1893963205613,"(295.1209226666384, 18620.871366628657]",q17,9457.996144647648
3384,leg,walk,710.6666666666666,120.22644346174131,"(112.2018454301963, 144.5439770745928]",q14,128.37291125239454
3385,legal,graph,736.0,11.220184543019629,"(10.0, 13.182567385564074]",q4,11.591283692782037
3386,legal,illegal,715.7096774193549,47.863009232263806,"(46.77351412871981, 56.23413251903491]",q10,51.503823323877356
3387,legend,story,600.28125,281.8382931264455,"(199.52623149688787, 295.1209226666384]",q16,247.32357708176315
3388,legend,wedding,646.53125,67.60829753919819,"(56.23413251903491, 70.79457843841374]",q11,63.514355478724326
3389,legion,foreign,768.6774193548387,120.22644346174131,"(112.2018454301963, 144.5439770745928]",q14,128.37291125239454
3390,legion,wheelchair,654.6,7.244359600749899,"(5.011872336272725, 7.244359600749899]",q2,6.128115968511311
3391,legislature,senate,747.8666666666667,63.0957344480193,"(56.23413251903491, 70.79457843841374]",q11,63.514355478724326
3392,legislature,wander,721.2692307692307,4.677351412871981,"(2.7542287033381663, 5.011872336272725]",q1,3.8830505198054457
3393,legs,innocent,765.448275862069,28.18382931264455,"(23.9883291901949, 29.51209226666384]",q7,26.75021072842937
3394,legs,shave,598.0967741935484,6.760829753919819,"(5.011872336272725, 7.244359600749899]",q2,6.128115968511311
3395,lemon,believe,552.0666666666667,323.5936569296281,"(295.1209226666384, 18620.871366628657]",q17,9457.996144647648
3396,lemon,fruit,610.3548387096774,37.15352290971728,"(29.51209226666384, 37.15352290971728]",q8,33.33280758819056
3397,lend,borrow,749.9666666666667,10.0,"(7.244359600749899, 10.0]",q3,8.62217980037495
3398,lend,date,637.03125,165.95869074375597,"(144.5439770745928, 199.52623149688787]",q15,172.03510428574032
3399,lenient,loose,610.875,28.84031503126606,"(23.9883291901949, 29.51209226666384]",q7,26.75021072842937
3400,lenient,strict,861.5806451612904,16.98243652461746,"(13.182567385564074, 17.78279410038923]",q5,15.482680742976651
3401,lens,closing,688.258064516129,28.84031503126606,"(23.9883291901949, 29.51209226666384]",q7,26.75021072842937
3402,lens,glasses,644.59375,21.87761623949552,"(17.78279410038923, 23.9883291901949]",q6,20.885561645292064
3403,leopard,tiger,598.0689655172414,19.952623149688787,"(17.78279410038923, 23.9883291901949]",q6,20.885561645292064
3404,leopard,yes,640.0322580645161,316.22776601683796,"(295.1209226666384, 18620.871366628657]",q17,9457.996144647648
3405,less,fox,714.0645161290323,45.708818961487516,"(37.15352290971728, 46.77351412871981]",q9,41.963518519218546
3406,less,zero,612.8709677419355,42.65795188015925,"(37.15352290971728, 46.77351412871981]",q9,41.963518519218546
3407,let,do,641.0357142857143,2238.7211385683377,"(295.1209226666384, 18620.871366628657]",q17,9457.996144647648
3408,let,item,671.0,37.15352290971728,"(29.51209226666384, 37.15352290971728]",q8,33.33280758819056
3409,letter,note,537.0333333333333,109.64781961431851,"(87.09635899560814, 112.2018454301963]",q13,99.64910221290222
3410,letter,steak,671.2903225806451,9.332543007969914,"(7.244359600749899, 10.0]",q3,8.62217980037495
3411,lettuce,asleep,858.90625,22.90867652767775,"(17.78279410038923, 23.9883291901949]",q6,20.885561645292064
3412,lettuce,tomato,629.4666666666667,7.07945784384138,"(5.011872336272725, 7.244359600749899]",q2,6.128115968511311
3413,level,even,702.78125,977.2372209558112,"(295.1209226666384, 18620.871366628657]",q17,9457.996144647648
3414,level,hug,632.4375,12.30268770812381,"(10.0, 13.182567385564074]",q4,11.591283692782037
3415,lever,hay,777.5,8.128305161640995,"(7.244359600749899, 10.0]",q3,8.62217980037495
3416,lever,pull,575.8709677419355,66.06934480075964,"(56.23413251903491, 70.79457843841374]",q11,63.514355478724326
3417,libel,gloves,745.2903225806451,10.964781961431852,"(10.0, 13.182567385564074]",q4,11.591283692782037
3418,libel,lawsuit,716.59375,12.30268770812381,"(10.0, 13.182567385564074]",q4,11.591283692782037
3419,liberal,conservative,636.2333333333333,40.7380277804113,"(37.15352290971728, 46.77351412871981]",q9,41.963518519218546
3420,liberal,direction,686.0625,85.11380382023759,"(70.79457843841374, 87.09635899560814]",q12,78.94546871701094
3421,liberty,bathroom,746.7878787878788,34.673685045253166,"(29.51209226666384, 37.15352290971728]",q8,33.33280758819056
3422,liberty,freedom,651.0909090909091,72.44359600749905,"(70.79457843841374, 87.09635899560814]",q12,78.94546871701094
3423,lice,dirty,641.3666666666667,35.481338923357534,"(29.51209226666384, 37.15352290971728]",q8,33.33280758819056
3424,lice,inferior,808.0,6.456542290346556,"(5.011872336272725, 7.244359600749899]",q2,6.128115968511311
3425,license,driving,645.3125,79.43282347242821,"(70.79457843841374, 87.09635899560814]",q12,78.94546871701094
3426,license,swing,670.5483870967741,21.87761623949552,"(17.78279410038923, 23.9883291901949]",q6,20.885561645292064
3427,lick,secure,830.3333333333334,43.65158322401656,"(37.15352290971728, 46.77351412871981]",q9,41.963518519218546
3428,lick,tongue,652.0625,23.442288153199225,"(17.78279410038923, 23.9883291901949]",q6,20.885561645292064
3429,lid,bird,755.3,42.65795188015925,"(37.15352290971728, 46.77351412871981]",q9,41.963518519218546
3430,lid,cover,659.40625,120.22644346174131,"(112.2018454301963, 144.5439770745928]",q14,128.37291125239454
3431,life,dish,738.9655172413793,16.218100973589298,"(13.182567385564074, 17.78279410038923]",q5,15.482680742976651
3432,life,forever,619.5483870967741,54.954087385762485,"(46.77351412871981, 56.23413251903491]",q10,51.503823323877356
3433,lift,heavy,621.6875,91.20108393559097,"(87.09635899560814, 112.2018454301963]",q13,99.64910221290222
3434,lift,one,589.9677419354839,2951.209226666384,"(295.1209226666384, 18620.871366628657]",q17,9457.996144647648
3435,lightheaded,faint,687.5483870967741,6.025595860743575,"(5.011872336272725, 7.244359600749899]",q2,6.128115968511311
3436,lightheaded,oil,668.875,125.89254117941661,"(112.2018454301963, 144.5439770745928]",q14,128.37291125239454
3437,lightning,plant,816.1,77.62471166286912,"(70.79457843841374, 87.09635899560814]",q12,78.94546871701094
3438,lightning,thunder,608.3548387096774,13.803842646028839,"(13.182567385564074, 17.78279410038923]",q5,15.482680742976651
3439,like,britain,1077.764705882353,52.48074602497723,"(46.77351412871981, 56.23413251903491]",q10,51.503823323877356
3440,like,love,677.5806451612904,660.6934480075964,"(295.1209226666384, 18620.871366628657]",q17,9457.996144647648
3441,lime,lemon,626.8709677419355,12.589254117941662,"(10.0, 13.182567385564074]",q4,11.591283692782037
3442,lime,tongue,668.8666666666667,23.442288153199225,"(17.78279410038923, 23.9883291901949]",q6,20.885561645292064
3443,limousine,full,675.09375,346.73685045253166,"(295.1209226666384, 18620.871366628657]",q17,9457.996144647648
3444,limousine,prom,775.6206896551724,6.025595860743575,"(5.011872336272725, 7.244359600749899]",q2,6.128115968511311
3445,line,peach,618.8333333333334,5.88843655355589,"(5.011872336272725, 7.244359600749899]",q2,6.128115968511311
3446,line,wait,619.0909090909091,223.87211385683378,"(199.52623149688787, 295.1209226666384]",q16,247.32357708176315
3447,linen,shark,629.3125,12.589254117941662,"(10.0, 13.182567385564074]",q4,11.591283692782037
3448,linen,sheets,642.71875,14.45439770745928,"(13.182567385564074, 17.78279410038923]",q5,15.482680742976651
3449,lingerie,attic,746.9333333333333,4.265795188015925,"(2.7542287033381663, 5.011872336272725]",q1,3.8830505198054457
3450,lingerie,sexy,629.5483870967741,26.302679918953814,"(23.9883291901949, 29.51209226666384]",q7,26.75021072842937
3451,link,attack,648.2333333333333,123.02687708123811,"(112.2018454301963, 144.5439770745928]",q14,128.37291125239454
3452,link,chain,637.1875,44.668359215096345,"(37.15352290971728, 46.77351412871981]",q9,41.963518519218546
3453,lint,chest,588.8387096774194,33.11311214825908,"(29.51209226666384, 37.15352290971728]",q8,33.33280758819056
3454,lint,dust,628.0,25.703957827688647,"(23.9883291901949, 29.51209226666384]",q7,26.75021072842937
3455,lion,religion,730.1333333333333,54.954087385762485,"(46.77351412871981, 56.23413251903491]",q10,51.503823323877356
3456,lion,tiger,577.4666666666667,19.952623149688787,"(17.78279410038923, 23.9883291901949]",q6,20.885561645292064
3457,lip,tongue,690.3,23.442288153199225,"(17.78279410038923, 23.9883291901949]",q6,20.885561645292064
3458,lip,worst,687.3333333333334,85.11380382023759,"(70.79457843841374, 87.09635899560814]",q12,78.94546871701094
3459,lips,kiss,535.9354838709677,38.018939632056124,"(37.15352290971728, 46.77351412871981]",q9,41.963518519218546
3460,lips,states,739.4285714285714,331.13112148259074,"(295.1209226666384, 18620.871366628657]",q17,9457.996144647648
3461,liquid,right,634.2903225806451,912.0108393559096,"(295.1209226666384, 18620.871366628657]",q17,9457.996144647648
3462,liquid,wet,557.5806451612904,34.673685045253166,"(29.51209226666384, 37.15352290971728]",q8,33.33280758819056
3463,list,groceries,706.8484848484849,4.677351412871981,"(2.7542287033381663, 5.011872336272725]",q1,3.8830505198054457
3464,list,hit,586.28125,234.42288153199226,"(199.52623149688787, 295.1209226666384]",q16,247.32357708176315
3465,listen,air,629.1379310344828,234.42288153199226,"(199.52623149688787, 295.1209226666384]",q16,247.32357708176315
3466,listen,hear,535.1612903225806,169.8243652461746,"(144.5439770745928, 199.52623149688787]",q15,172.03510428574032
3467,lit,object,717.483870967742,36.3078054770101,"(29.51209226666384, 37.15352290971728]",q8,33.33280758819056
3468,lit,on,680.5862068965517,8128.305161640995,"(295.1209226666384, 18620.871366628657]",q17,9457.996144647648
3469,literature,poetry,627.5625,25.11886431509582,"(23.9883291901949, 29.51209226666384]",q7,26.75021072842937
3470,literature,ruler,611.2413793103449,6.918309709189363,"(5.011872336272725, 7.244359600749899]",q2,6.128115968511311
3471,litter,cats,592.21875,28.84031503126606,"(23.9883291901949, 29.51209226666384]",q7,26.75021072842937
3472,litter,fall,605.3548387096774,134.89628825916532,"(112.2018454301963, 144.5439770745928]",q14,128.37291125239454
3473,live,happy,610.0322580645161,223.87211385683378,"(199.52623149688787, 295.1209226666384]",q16,247.32357708176315
3474,live,none,668.6129032258065,85.11380382023759,"(70.79457843841374, 87.09635899560814]",q12,78.94546871701094
3475,liver,forward,645.8387096774194,131.82567385564073,"(112.2018454301963, 144.5439770745928]",q14,128.37291125239454
3476,liver,onion,688.9333333333333,7.76247116628692,"(7.244359600749899, 10.0]",q3,8.62217980037495
3477,lizard,perfume,676.0333333333333,5.623413251903491,"(5.011872336272725, 7.244359600749899]",q2,6.128115968511311
3478,lizard,reptile,701.1379310344828,1.7782794100389228,"(0.0, 2.7542287033381663]",q0,1.3771143516690831
3479,load,heavy,610.741935483871,91.20108393559097,"(87.09635899560814, 112.2018454301963]",q13,99.64910221290222
3480,load,republican,851.28125,50.11872336272725,"(46.77351412871981, 56.23413251903491]",q10,51.503823323877356
3481,loan,shark,686.3870967741935,12.589254117941662,"(10.0, 13.182567385564074]",q4,11.591283692782037
3482,loan,wimp,881.6428571428571,0.5248074602497729,"(0.0, 2.7542287033381663]",q0,1.3771143516690831
3483,lobe,ear,681.5806451612904,26.91534803926914,"(23.9883291901949, 29.51209226666384]",q7,26.75021072842937
3484,lobe,style,624.4,128.82495516931348,"(112.2018454301963, 144.5439770745928]",q14,128.37291125239454
3485,lobster,crab,626.0625,5.754399373371567,"(5.011872336272725, 7.244359600749899]",q2,6.128115968511311
3486,lobster,increase,670.5483870967741,120.22644346174131,"(112.2018454301963, 144.5439770745928]",q14,128.37291125239454
3487,local,far,624.9354838709677,316.22776601683796,"(295.1209226666384, 18620.871366628657]",q17,9457.996144647648
3488,local,mother,619.34375,173.78008287493762,"(144.5439770745928, 199.52623149688787]",q15,172.03510428574032
3489,location,home,744.1379310344828,645.6542290346549,"(295.1209226666384, 18620.871366628657]",q17,9457.996144647648
3490,location,wound,637.9,17.378008287493763,"(13.182567385564074, 17.78279410038923]",q5,15.482680742976651
3491,lodge,cabin,580.375,13.489628825916533,"(13.182567385564074, 17.78279410038923]",q5,15.482680742976651
3492,lodge,vine,691.695652173913,5.370317963702527,"(5.011872336272725, 7.244359600749899]",q2,6.128115968511311
3493,loft,bed,644.7096774193549,117.48975549395303,"(112.2018454301963, 144.5439770745928]",q14,128.37291125239454
3494,loft,sample,657.9032258064516,33.884415613920275,"(29.51209226666384, 37.15352290971728]",q8,33.33280758819056
3495,log,attack,773.4666666666667,123.02687708123811,"(112.2018454301963, 144.5439770745928]",q14,128.37291125239454
3496,log,cabin,654.7096774193549,13.489628825916533,"(13.182567385564074, 17.78279410038923]",q5,15.482680742976651
3497,london,england,685.0,131.82567385564073,"(112.2018454301963, 144.5439770745928]",q14,128.37291125239454
3498,london,title,680.5925925925926,125.89254117941661,"(112.2018454301963, 144.5439770745928]",q14,128.37291125239454
3499,lonely,alone,635.0666666666667,144.5439770745928,"(112.2018454301963, 144.5439770745928]",q14,128.37291125239454
3500,lonely,kiss,608.59375,38.018939632056124,"(37.15352290971728, 46.77351412871981]",q9,41.963518519218546
3501,look,eye,654.5625,104.71285480508985,"(87.09635899560814, 112.2018454301963]",q13,99.64910221290222
3502,look,spider,760.9655172413793,17.78279410038923,"(13.182567385564074, 17.78279410038923]",q5,15.482680742976651
3503,looks,apology,644.1612903225806,11.220184543019629,"(10.0, 13.182567385564074]",q4,11.591283692782037
3504,looks,pretty,605.21875,239.88329190194898,"(199.52623149688787, 295.1209226666384]",q16,247.32357708176315
3505,loose,shine,744.9655172413793,14.791083881682072,"(13.182567385564074, 17.78279410038923]",q5,15.482680742976651
3506,loose,tight,589.78125,37.15352290971728,"(29.51209226666384, 37.15352290971728]",q8,33.33280758819056
3507,loosen,rent,597.0333333333333,38.018939632056124,"(37.15352290971728, 46.77351412871981]",q9,41.963518519218546
3508,loosen,tighten,665.3225806451613,3.235936569296281,"(2.7542287033381663, 5.011872336272725]",q1,3.8830505198054457
3509,lord,christ,659.2333333333333,61.65950018614822,"(56.23413251903491, 70.79457843841374]",q11,63.514355478724326
3510,lord,seatbelt,752.5555555555555,1.174897554939529,"(0.0, 2.7542287033381663]",q0,1.3771143516690831
3511,lose,defeat,780.3870967741935,32.35936569296281,"(29.51209226666384, 37.15352290971728]",q8,33.33280758819056
3512,lose,style,609.741935483871,128.82495516931348,"(112.2018454301963, 144.5439770745928]",q14,128.37291125239454
3513,loser,geek,825.7741935483871,4.073802778041126,"(2.7542287033381663, 5.011872336272725]",q1,3.8830505198054457
3514,loser,up,683.15625,2454.7089156850284,"(295.1209226666384, 18620.871366628657]",q17,9457.996144647648
3515,loss,boots,683.5333333333333,21.379620895022324,"(17.78279410038923, 23.9883291901949]",q6,20.885561645292064
3516,loss,gain,582.7741935483871,64.56542290346549,"(56.23413251903491, 70.79457843841374]",q11,63.514355478724326
3517,lost,alligator,743.9666666666667,2.0892961308540388,"(0.0, 2.7542287033381663]",q0,1.3771143516690831
3518,lost,found,597.6896551724138,478.630092322638,"(295.1209226666384, 18620.871366628657]",q17,9457.996144647648
3519,lots,drug,622.6785714285714,74.13102413009177,"(70.79457843841374, 87.09635899560814]",q12,78.94546871701094
3520,lots,joke,583.8709677419355,47.863009232263806,"(46.77351412871981, 56.23413251903491]",q10,51.503823323877356
3521,lots,little,665.59375,562.341325190349,"(295.1209226666384, 18620.871366628657]",q17,9457.996144647648
3522,loud,jump,655.8064516129032,48.97788193684466,"(46.77351412871981, 56.23413251903491]",q10,51.503823323877356
3523,loud,pain,623.21875,107.1519305237607,"(87.09635899560814, 112.2018454301963]",q13,99.64910221290222
3524,lounge,help,664.3793103448276,562.341325190349,"(295.1209226666384, 18620.871366628657]",q17,9457.996144647648
3525,lounge,hotel,690.25,89.12509381337459,"(87.09635899560814, 112.2018454301963]",q13,99.64910221290222
3526,lover,fighter,674.060606060606,20.892961308540407,"(17.78279410038923, 23.9883291901949]",q6,20.885561645292064
3527,lover,inhale,752.1153846153846,1.7782794100389228,"(0.0, 2.7542287033381663]",q0,1.3771143516690831
3528,loving,caring,631.25,15.848931924611142,"(13.182567385564074, 17.78279410038923]",q5,15.482680742976651
3529,loving,sign,626.34375,120.22644346174131,"(112.2018454301963, 144.5439770745928]",q14,128.37291125239454
3530,low,breathe,657.9354838709677,18.197008586099827,"(17.78279410038923, 23.9883291901949]",q6,20.885561645292064
3531,low,high,640.3939393939394,562.341325190349,"(295.1209226666384, 18620.871366628657]",q17,9457.996144647648
3532,lower,chew,613.6333333333333,4.570881896148752,"(2.7542287033381663, 5.011872336272725]",q1,3.8830505198054457
3533,lower,higher,661.6451612903226,151.3561248436207,"(144.5439770745928, 199.52623149688787]",q15,172.03510428574032
3534,loyal,true,623.53125,251.18864315095823,"(199.52623149688787, 295.1209226666384]",q16,247.32357708176315
3535,loyal,thing,618.34375,524.8074602497722,"(295.1209226666384, 18620.871366628657]",q17,9457.996144647648
3536,loyalty,carry,636.5625,77.62471166286912,"(70.79457843841374, 87.09635899560814]",q12,78.94546871701094
3537,loyalty,husband,785.96875,100.0,"(87.09635899560814, 112.2018454301963]",q13,99.64910221290222
3538,lubricate,condom,698.3928571428571,3.981071705534973,"(2.7542287033381663, 5.011872336272725]",q1,3.8830505198054457
3539,lubricate,eyes,648.1212121212121,162.18100973589299,"(144.5439770745928, 199.52623149688787]",q15,172.03510428574032
3540,luck,fortune,664.6666666666666,19.952623149688787,"(17.78279410038923, 23.9883291901949]",q6,20.885561645292064
3541,luck,maze,738.5185185185185,4.46683592150963,"(2.7542287033381663, 5.011872336272725]",q1,3.8830505198054457
3542,luggage,explode,703.6451612903226,6.30957344480193,"(5.011872336272725, 7.244359600749899]",q2,6.128115968511311
3543,luggage,plane,562.0,52.48074602497723,"(46.77351412871981, 56.23413251903491]",q10,51.503823323877356
3544,lumber,build,597.7,109.64781961431851,"(87.09635899560814, 112.2018454301963]",q13,99.64910221290222
3545,lumber,tornado,741.4333333333333,6.6069344800759575,"(5.011872336272725, 7.244359600749899]",q2,6.128115968511311
3546,lump,bump,767.1666666666666,9.549925860214358,"(7.244359600749899, 10.0]",q3,8.62217980037495
3547,lump,purse,628.4074074074074,8.91250938133746,"(7.244359600749899, 10.0]",q3,8.62217980037495
3548,lunch,dinner,633.8125,60.25595860743581,"(56.23413251903491, 70.79457843841374]",q11,63.514355478724326
3549,lunch,gas,690.9354838709677,102.32929922807536,"(87.09635899560814, 112.2018454301963]",q13,99.64910221290222
3550,lung,cancer,644.6363636363636,85.11380382023759,"(70.79457843841374, 87.09635899560814]",q12,78.94546871701094
3551,lung,relationshi,648.9375,0.01412537544622754,"(0.0, 2.7542287033381663]",q0,1.3771143516690831
3552,lust,not,664.6,4897.788193684466,"(295.1209226666384, 18620.871366628657]",q17,9457.996144647648
3553,lust,obsession,861.258064516129,7.943282347242813,"(7.244359600749899, 10.0]",q3,8.62217980037495
3554,macaroni,noodles,617.9032258064516,5.011872336272725,"(2.7542287033381663, 5.011872336272725]",q1,3.8830505198054457
3555,macaroni,shave,638.6129032258065,6.760829753919819,"(5.011872336272725, 7.244359600749899]",q2,6.128115968511311
3556,machine,priest,646.2413793103449,21.379620895022324,"(17.78279410038923, 23.9883291901949]",q6,20.885561645292064
3557,machine,washer,683.0645161290323,2.1877616239495516,"(0.0, 2.7542287033381663]",q0,1.3771143516690831
3558,mad,angry,649.1612903225806,45.708818961487516,"(37.15352290971728, 46.77351412871981]",q9,41.963518519218546
3559,mad,thing,653.6451612903226,524.8074602497722,"(295.1209226666384, 18620.871366628657]",q17,9457.996144647648
3560,mafia,italian,700.5483870967741,45.708818961487516,"(37.15352290971728, 46.77351412871981]",q9,41.963518519218546
3561,mafia,spill,757.6774193548387,6.918309709189363,"(5.011872336272725, 7.244359600749899]",q2,6.128115968511311
3562,magazine,book,663.9032258064516,269.1534803926914,"(199.52623149688787, 295.1209226666384]",q16,247.32357708176315
3563,magazine,spine,854.1666666666666,8.511380382023768,"(7.244359600749899, 10.0]",q3,8.62217980037495
3564,maggot,walkway,691.3666666666667,1.4454397707459279,"(0.0, 2.7542287033381663]",q0,1.3771143516690831
3565,maggot,worm,726.7586206896551,5.88843655355589,"(5.011872336272725, 7.244359600749899]",q2,6.128115968511311
3566,magic,coke,656.6896551724138,12.02264434617413,"(10.0, 13.182567385564074]",q4,11.591283692782037
3567,magic,trick,675.4516129032259,30.199517204020193,"(29.51209226666384, 37.15352290971728]",q8,33.33280758819056
3568,magician,it,613.125,8912.509381337459,"(295.1209226666384, 18620.871366628657]",q17,9457.996144647648
3569,magician,magic,625.6451612903226,57.543993733715666,"(56.23413251903491, 70.79457843841374]",q11,63.514355478724326
3570,magnet,refrigerator,825.6129032258065,4.073802778041126,"(2.7542287033381663, 5.011872336272725]",q1,3.8830505198054457
3571,magnet,system,670.6206896551724,363.078054770101,"(295.1209226666384, 18620.871366628657]",q17,9457.996144647648
3572,magnify,enlarge,798.0625,1.584893192461114,"(0.0, 2.7542287033381663]",q0,1.3771143516690831
3573,magnify,trade,611.2258064516129,131.82567385564073,"(112.2018454301963, 144.5439770745928]",q14,128.37291125239454
3574,mailbox,flag,713.483870967742,38.018939632056124,"(37.15352290971728, 46.77351412871981]",q9,41.963518519218546
3575,mailbox,major,630.59375,199.52623149688787,"(144.5439770745928, 199.52623149688787]",q15,172.03510428574032
3576,mailman,disagree,708.8064516129032,12.30268770812381,"(10.0, 13.182567385564074]",q4,11.591283692782037
3577,mailman,mail,668.5454545454545,52.48074602497723,"(46.77351412871981, 56.23413251903491]",q10,51.503823323877356
3578,main,first,656.15625,1288.249551693135,"(295.1209226666384, 18620.871366628657]",q17,9457.996144647648
3579,main,uncommon,801.5333333333333,7.413102413009177,"(7.244359600749899, 10.0]",q3,8.62217980037495
3580,major,holy,713.483870967742,75.85775750291836,"(70.79457843841374, 87.09635899560814]",q12,78.94546871701094
3581,major,minor,648.5625,41.68693834703355,"(37.15352290971728, 46.77351412871981]",q9,41.963518519218546
3582,majority,bite,740.8965517241379,20.417379446695275,"(17.78279410038923, 23.9883291901949]",q6,20.885561645292064
3583,majority,most,681.25,1000.0,"(295.1209226666384, 18620.871366628657]",q17,9457.996144647648
3584,make,do,559.7096774193549,2238.7211385683377,"(295.1209226666384, 18620.871366628657]",q17,9457.996144647648
3585,make,war,673.4,288.40315031266056,"(199.52623149688787, 295.1209226666384]",q16,247.32357708176315
3586,male,hello,603.3225806451613,52.48074602497723,"(46.77351412871981, 56.23413251903491]",q10,51.503823323877356
3587,male,man,612.25,660.6934480075964,"(295.1209226666384, 18620.871366628657]",q17,9457.996144647648
3588,mall,lake,643.65625,67.60829753919819,"(56.23413251903491, 70.79457843841374]",q11,63.514355478724326
3589,mall,shop,580.6,75.85775750291836,"(70.79457843841374, 87.09635899560814]",q12,78.94546871701094
3590,malt,shake,661.4516129032259,21.379620895022324,"(17.78279410038923, 23.9883291901949]",q6,20.885561645292064
3591,malt,stupid,601.2727272727273,87.09635899560814,"(70.79457843841374, 87.09635899560814]",q12,78.94546871701094
3592,mammal,weekend,671.4375,85.11380382023759,"(70.79457843841374, 87.09635899560814]",q12,78.94546871701094
3593,mammal,whale,574.8064516129032,9.549925860214358,"(7.244359600749899, 10.0]",q3,8.62217980037495
3594,man,gone,645.7586206896551,147.91083881682073,"(144.5439770745928, 199.52623149688787]",q15,172.03510428574032
3595,man,woman,608.0645161290323,223.87211385683378,"(199.52623149688787, 295.1209226666384]",q16,247.32357708176315
3596,manner,old,610.939393939394,562.341325190349,"(295.1209226666384, 18620.871366628657]",q17,9457.996144647648
3597,manner,way,560.4516129032259,1023.2929922807537,"(295.1209226666384, 18620.871366628657]",q17,9457.996144647648
3598,manners,cleaner,717.65625,7.943282347242813,"(7.244359600749899, 10.0]",q3,8.62217980037495
3599,manners,polite,651.4,8.317637711026709,"(7.244359600749899, 10.0]",q3,8.62217980037495
3600,manufacturer,maker,705.9285714285714,16.98243652461746,"(13.182567385564074, 17.78279410038923]",q5,15.482680742976651
3601,manufacturer,sweet,579.5483870967741,81.28305161640995,"(70.79457843841374, 87.09635899560814]",q12,78.94546871701094
3602,many,concrete,705.8214285714286,27.54228703338169,"(23.9883291901949, 29.51209226666384]",q7,26.75021072842937
3603,many,few,614.09375,398.1071705534969,"(295.1209226666384, 18620.871366628657]",q17,9457.996144647648
3604,map,country,595.0,301.9951720402019,"(295.1209226666384, 18620.871366628657]",q17,9457.996144647648
3605,map,plug,645.2916666666666,13.803842646028839,"(13.182567385564074, 17.78279410038923]",q5,15.482680742976651
3606,maple,sugar,555.7037037037037,47.863009232263806,"(46.77351412871981, 56.23413251903491]",q10,51.503823323877356
3607,maple,wonder,790.5806451612904,85.11380382023759,"(70.79457843841374, 87.09635899560814]",q12,78.94546871701094
3608,march,april,646.59375,154.88166189124829,"(144.5439770745928, 199.52623149688787]",q15,172.03510428574032
3609,march,lawyer,743.625,46.77351412871981,"(37.15352290971728, 46.77351412871981]",q9,41.963518519218546
3610,margin,left,671.0689655172414,416.8693834703355,"(295.1209226666384, 18620.871366628657]",q17,9457.996144647648
3611,margin,public,647.0625,371.53522909717276,"(295.1209226666384, 18620.871366628657]",q17,9457.996144647648
3612,marijuana,cigarette,704.96875,11.481536214968818,"(10.0, 13.182567385564074]",q4,11.591283692782037
3613,marijuana,wind,690.9375,69.18309709189363,"(56.23413251903491, 70.79457843841374]",q11,63.514355478724326
3614,marines,fast,648.5806451612904,134.89628825916532,"(112.2018454301963, 144.5439770745928]",q14,128.37291125239454
3615,marines,men,626.0,323.5936569296281,"(295.1209226666384, 18620.871366628657]",q17,9457.996144647648
3616,mark,check,603.75,204.17379446695276,"(199.52623149688787, 295.1209226666384]",q16,247.32357708176315
3617,mark,late,688.9354838709677,218.77616239495518,"(199.52623149688787, 295.1209226666384]",q16,247.32357708176315
3618,maroon,abandon,801.0967741935484,10.471285480508985,"(10.0, 13.182567385564074]",q4,11.591283692782037
3619,maroon,trouble,569.0967741935484,61.65950018614822,"(56.23413251903491, 70.79457843841374]",q11,63.514355478724326
3620,marriage,summary,712.0322580645161,23.442288153199225,"(17.78279410038923, 23.9883291901949]",q6,20.885561645292064
3621,marriage,wedding,654.0322580645161,67.60829753919819,"(56.23413251903491, 70.79457843841374]",q11,63.514355478724326
3622,mars,average,684.9642857142857,144.5439770745928,"(112.2018454301963, 144.5439770745928]",q14,128.37291125239454
3623,mars,planets,693.741935483871,11.220184543019629,"(10.0, 13.182567385564074]",q4,11.591283692782037
3624,marsh,excuse,676.448275862069,36.3078054770101,"(29.51209226666384, 37.15352290971728]",q8,33.33280758819056
3625,marsh,swamp,608.625,6.918309709189363,"(5.011872336272725, 7.244359600749899]",q2,6.128115968511311
3626,mary,lawn,658.7333333333333,9.549925860214358,"(7.244359600749899, 10.0]",q3,8.62217980037495
3627,mary,virgin,655.939393939394,22.38721138568338,"(17.78279410038923, 23.9883291901949]",q6,20.885561645292064
3628,mask,face,559.2,281.8382931264455,"(199.52623149688787, 295.1209226666384]",q16,247.32357708176315
3629,mask,neck,639.0322580645161,42.65795188015925,"(37.15352290971728, 46.77351412871981]",q9,41.963518519218546
3630,mason,break,685.96875,151.3561248436207,"(144.5439770745928, 199.52623149688787]",q15,172.03510428574032
3631,mason,worker,604.9677419354839,26.91534803926914,"(23.9883291901949, 29.51209226666384]",q7,26.75021072842937
3632,mass,annually,870.375,14.45439770745928,"(13.182567385564074, 17.78279410038923]",q5,15.482680742976651
3633,mass,confusion,651.5625,15.488166189124827,"(13.182567385564074, 17.78279410038923]",q5,15.482680742976651
3634,massage,planet,639.9375,47.863009232263806,"(46.77351412871981, 56.23413251903491]",q10,51.503823323877356
3635,massage,relax,614.6969696969697,19.498445997580454,"(17.78279410038923, 23.9883291901949]",q6,20.885561645292064
3636,master,large,641.4333333333333,245.47089156850285,"(199.52623149688787, 295.1209226666384]",q16,247.32357708176315
3637,master,slave,659.1724137931035,20.417379446695275,"(17.78279410038923, 23.9883291901949]",q6,20.885561645292064
3638,mastery,nervous,809.0689655172414,26.302679918953814,"(23.9883291901949, 29.51209226666384]",q7,26.75021072842937
3639,mastery,skill,585.4545454545455,26.302679918953814,"(23.9883291901949, 29.51209226666384]",q7,26.75021072842937
3640,mat,spice,696.9375,8.709635899560805,"(7.244359600749899, 10.0]",q3,8.62217980037495
3641,mat,welcome,631.4375,97.72372209558111,"(87.09635899560814, 112.2018454301963]",q13,99.64910221290222
3642,match,mix,648.8064516129032,51.28613839913648,"(46.77351412871981, 56.23413251903491]",q10,51.503823323877356
3643,match,mixture,816.4333333333333,15.135612484362072,"(13.182567385564074, 17.78279410038923]",q5,15.482680742976651
3644,mate,toes,635.8666666666667,9.120108393559097,"(7.244359600749899, 10.0]",q3,8.62217980037495
3645,mate,wife,578.4193548387096,169.8243652461746,"(144.5439770745928, 199.52623149688787]",q15,172.03510428574032
3646,material,hamburger,698.8,2.818382931264455,"(2.7542287033381663, 5.011872336272725]",q1,3.8830505198054457
3647,material,object,682.6129032258065,36.3078054770101,"(29.51209226666384, 37.15352290971728]",q8,33.33280758819056
3648,matter,boxer,648.6666666666666,5.4954087385762485,"(5.011872336272725, 7.244359600749899]",q2,6.128115968511311
3649,matter,earth,608.1612903225806,114.81536214968817,"(112.2018454301963, 144.5439770745928]",q14,128.37291125239454
3650,mature,age,597.030303030303,208.92961308540407,"(199.52623149688787, 295.1209226666384]",q16,247.32357708176315
3651,mature,disappear,746.3225806451613,12.30268770812381,"(10.0, 13.182567385564074]",q4,11.591283692782037
3652,maximum,camera,716.625,74.13102413009177,"(70.79457843841374, 87.09635899560814]",q12,78.94546871701094
3653,maximum,minimum,737.1818181818181,48.97788193684466,"(46.77351412871981, 56.23413251903491]",q10,51.503823323877356
3654,maybe,ignore,610.25,30.199517204020193,"(29.51209226666384, 37.15352290971728]",q8,33.33280758819056
3655,maybe,not,625.9333333333333,4897.788193684466,"(295.1209226666384, 18620.871366628657]",q17,9457.996144647648
3656,maze,highway,652.4666666666667,30.90295432513592,"(29.51209226666384, 37.15352290971728]",q8,33.33280758819056
3657,maze,lost,570.969696969697,245.47089156850285,"(199.52623149688787, 295.1209226666384]",q16,247.32357708176315
3658,me,bible,817.0666666666667,34.673685045253166,"(29.51209226666384, 37.15352290971728]",q8,33.33280758819056
3659,me,you,624.8275862068965,9549.92586021437,"(295.1209226666384, 18620.871366628657]",q17,9457.996144647648
3660,meadow,field,672.65625,173.78008287493762,"(144.5439770745928, 199.52623149688787]",q15,172.03510428574032
3661,meadow,way,619.9642857142857,1023.2929922807537,"(295.1209226666384, 18620.871366628657]",q17,9457.996144647648
3662,mean,ugly,622.9333333333333,26.302679918953814,"(23.9883291901949, 29.51209226666384]",q7,26.75021072842937
3663,mean,wagon,782.2068965517242,7.943282347242813,"(7.244359600749899, 10.0]",q3,8.62217980037495
3664,meaning,definition,691.84375,38.018939632056124,"(37.15352290971728, 46.77351412871981]",q9,41.963518519218546
3665,meaning,egg,534.34375,28.84031503126606,"(23.9883291901949, 29.51209226666384]",q7,26.75021072842937
3666,meaningful,feeling,752.483870967742,134.89628825916532,"(112.2018454301963, 144.5439770745928]",q14,128.37291125239454
3667,meaningful,relationshi,734.1875,0.01412537544622754,"(0.0, 2.7542287033381663]",q0,1.3771143516690831
3668,means,ability,680.7741935483871,91.20108393559097,"(87.09635899560814, 112.2018454301963]",q13,99.64910221290222
3669,means,backpack,683.741935483871,6.025595860743575,"(5.011872336272725, 7.244359600749899]",q2,6.128115968511311
3670,measure,calculate,720.3548387096774,7.413102413009177,"(7.244359600749899, 10.0]",q3,8.62217980037495
3671,measure,coral,815.1612903225806,7.244359600749899,"(5.011872336272725, 7.244359600749899]",q2,6.128115968511311
3672,measurement,ruler,616.2413793103449,6.918309709189363,"(5.011872336272725, 7.244359600749899]",q2,6.128115968511311
3673,measurement,weave,723.0689655172414,3.388441561392024,"(2.7542287033381663, 5.011872336272725]",q1,3.8830505198054457
3674,meat,king,616.1935483870968,147.91083881682073,"(144.5439770745928, 199.52623149688787]",q15,172.03510428574032
3675,meat,steak,611.25,9.332543007969914,"(7.244359600749899, 10.0]",q3,8.62217980037495
3676,medal,award,586.53125,75.85775750291836,"(70.79457843841374, 87.09635899560814]",q12,78.94546871701094
3677,medal,wall,658.0,109.64781961431851,"(87.09635899560814, 112.2018454301963]",q13,99.64910221290222
3678,media,camera,637.7,74.13102413009177,"(70.79457843841374, 87.09635899560814]",q12,78.94546871701094
3679,media,hose,769.5333333333333,5.370317963702527,"(5.011872336272725, 7.244359600749899]",q2,6.128115968511311
3680,medical,clown,624.8125,8.511380382023768,"(7.244359600749899, 10.0]",q3,8.62217980037495
3681,medical,doctor,652.0,79.43282347242821,"(70.79457843841374, 87.09635899560814]",q12,78.94546871701094
3682,medicine,cabinet,712.1935483870968,30.90295432513592,"(29.51209226666384, 37.15352290971728]",q8,33.33280758819056
3683,medicine,cowboy,647.2121212121212,7.07945784384138,"(5.011872336272725, 7.244359600749899]",q2,6.128115968511311
3684,medieval,armor,594.4333333333333,9.332543007969914,"(7.244359600749899, 10.0]",q3,8.62217980037495
3685,medieval,art,659.3333333333334,194.98445997580455,"(144.5439770745928, 199.52623149688787]",q15,172.03510428574032
3686,mediocre,alright,664.6969696969697,26.302679918953814,"(23.9883291901949, 29.51209226666384]",q7,26.75021072842937
3687,mediocre,erupt,836.56,0.9332543007969915,"(0.0, 2.7542287033381663]",q0,1.3771143516690831
3688,medium,rare,723.84375,58.88436553555884,"(56.23413251903491, 70.79457843841374]",q11,63.514355478724326
3689,medium,soft,712.1875,47.863009232263806,"(46.77351412871981, 56.23413251903491]",q10,51.503823323877356
3690,meet,crayon,755.2258064516129,1.122018454301963,"(0.0, 2.7542287033381663]",q0,1.3771143516690831
3691,meet,new,595.5333333333333,1778.2794100389228,"(295.1209226666384, 18620.871366628657]",q17,9457.996144647648
3692,meeting,beach,608.1034482758621,83.17637711026708,"(70.79457843841374, 87.09635899560814]",q12,78.94546871701094
3693,meeting,conference,705.3,102.32929922807536,"(87.09635899560814, 112.2018454301963]",q13,99.64910221290222
3694,mellow,soup,682.483870967742,14.125375446227554,"(13.182567385564074, 17.78279410038923]",q5,15.482680742976651
3695,mellow,yellow,549.516129032258,48.97788193684466,"(46.77351412871981, 56.23413251903491]",q10,51.503823323877356
3696,melt,adjective,814.84375,2.1877616239495516,"(0.0, 2.7542287033381663]",q0,1.3771143516690831
3697,melt,cheese,672.9677419354839,37.15352290971728,"(29.51209226666384, 37.15352290971728]",q8,33.33280758819056
3698,member,club,549.5625,158.48931924611142,"(144.5439770745928, 199.52623149688787]",q15,172.03510428574032
3699,member,plead,717.68,4.265795188015925,"(2.7542287033381663, 5.011872336272725]",q1,3.8830505198054457
3700,memorial,service,673.0,309.0295432513592,"(295.1209226666384, 18620.871366628657]",q17,9457.996144647648
3701,memorial,stain,711.8333333333334,5.011872336272725,"(2.7542287033381663, 5.011872336272725]",q1,3.8830505198054457
3702,memory,past,663.2068965517242,229.08676527677747,"(199.52623149688787, 295.1209226666384]",q16,247.32357708176315
3703,memory,rule,604.0,87.09635899560814,"(70.79457843841374, 87.09635899560814]",q12,78.94546871701094
3704,men,see,702.4,1258.9254117941662,"(295.1209226666384, 18620.871366628657]",q17,9457.996144647648
3705,men,women,581.34375,371.53522909717276,"(295.1209226666384, 18620.871366628657]",q17,9457.996144647648
3706,mend,break,596.125,151.3561248436207,"(144.5439770745928, 199.52623149688787]",q15,172.03510428574032
3707,mend,eggs,652.2903225806451,31.622776601683793,"(29.51209226666384, 37.15352290971728]",q8,33.33280758819056
3708,mental,crackle,826.96875,0.6025595860743574,"(0.0, 2.7542287033381663]",q0,1.3771143516690831
3709,mental,health,572.5,275.4228703338169,"(199.52623149688787, 295.1209226666384]",q16,247.32357708176315
3710,merit,award,625.6666666666666,75.85775750291836,"(70.79457843841374, 87.09635899560814]",q12,78.94546871701094
3711,merit,dance,635.6875,85.11380382023759,"(70.79457843841374, 87.09635899560814]",q12,78.94546871701094
3712,message,hurt,637.0,87.09635899560814,"(70.79457843841374, 87.09635899560814]",q12,78.94546871701094
3713,message,note,632.4375,109.64781961431851,"(87.09635899560814, 112.2018454301963]",q13,99.64910221290222
3714,metal,plastic,690.25,32.35936569296281,"(29.51209226666384, 37.15352290971728]",q8,33.33280758819056
3715,metal,problem,609.3870967741935,251.18864315095823,"(199.52623149688787, 295.1209226666384]",q16,247.32357708176315
3716,meteor,brothers,673.5,48.97788193684466,"(46.77351412871981, 56.23413251903491]",q10,51.503823323877356
3717,meteor,shower,631.3548387096774,31.622776601683793,"(29.51209226666384, 37.15352290971728]",q8,33.33280758819056
3718,meteorite,bacon,653.5925925925926,14.125375446227554,"(13.182567385564074, 17.78279410038923]",q5,15.482680742976651
3719,meteorite,star,696.8387096774194,154.88166189124829,"(144.5439770745928, 199.52623149688787]",q15,172.03510428574032
3720,meter,honor,597.4193548387096,48.97788193684466,"(46.77351412871981, 56.23413251903491]",q10,51.503823323877356
3721,meter,yard,580.8125,37.15352290971728,"(29.51209226666384, 37.15352290971728]",q8,33.33280758819056
3722,methodist,catholic,662.78125,35.481338923357534,"(29.51209226666384, 37.15352290971728]",q8,33.33280758819056
3723,methodist,faint,752.3333333333334,6.025595860743575,"(5.011872336272725, 7.244359600749899]",q2,6.128115968511311
3724,meticulous,bass,702.3125,19.054607179632484,"(17.78279410038923, 23.9883291901949]",q6,20.885561645292064
3725,meticulous,perfect,632.3103448275862,158.48931924611142,"(144.5439770745928, 199.52623149688787]",q15,172.03510428574032
3726,metric,broccoli,808.1111111111111,3.1622776601683795,"(2.7542287033381663, 5.011872336272725]",q1,3.8830505198054457
3727,metric,system,574.21875,363.078054770101,"(295.1209226666384, 18620.871366628657]",q17,9457.996144647648
3728,mexico,control,623.7666666666667,251.18864315095823,"(199.52623149688787, 295.1209226666384]",q16,247.32357708176315
3729,mexico,south,681.5625,251.18864315095823,"(199.52623149688787, 295.1209226666384]",q16,247.32357708176315
3730,mice,pass,675.9354838709677,112.2018454301963,"(87.09635899560814, 112.2018454301963]",q13,99.64910221290222
3731,mice,rat,680.9090909090909,14.791083881682072,"(13.182567385564074, 17.78279410038923]",q5,15.482680742976651
3732,microphone,loud,634.3225806451613,33.884415613920275,"(29.51209226666384, 37.15352290971728]",q8,33.33280758819056
3733,microphone,pancakes,743.258064516129,3.890451449942805,"(2.7542287033381663, 5.011872336272725]",q1,3.8830505198054457
3734,microscope,mob,779.3333333333334,10.71519305237607,"(10.0, 13.182567385564074]",q4,11.591283692782037
3735,microscope,small,648.6875,323.5936569296281,"(295.1209226666384, 18620.871366628657]",q17,9457.996144647648
3736,microwave,cars,782.15625,77.62471166286912,"(70.79457843841374, 87.09635899560814]",q12,78.94546871701094
3737,microwave,oven,616.8064516129032,11.220184543019629,"(10.0, 13.182567385564074]",q4,11.591283692782037
3738,middle,alone,599.40625,144.5439770745928,"(112.2018454301963, 144.5439770745928]",q14,128.37291125239454
3739,middle,center,583.8064516129032,154.88166189124829,"(144.5439770745928, 199.52623149688787]",q15,172.03510428574032
3740,might,maybe,623.75,281.8382931264455,"(199.52623149688787, 295.1209226666384]",q16,247.32357708176315
3741,might,scary,621.5666666666667,23.442288153199225,"(17.78279410038923, 23.9883291901949]",q6,20.885561645292064
3742,mild,recipe,751.7666666666667,16.98243652461746,"(13.182567385564074, 17.78279410038923]",q5,15.482680742976651
3743,mild,sauce,677.9677419354839,19.952623149688787,"(17.78279410038923, 23.9883291901949]",q6,20.885561645292064
3744,mildew,above,692.59375,158.48931924611142,"(144.5439770745928, 199.52623149688787]",q15,172.03510428574032
3745,mildew,stain,697.7142857142857,5.011872336272725,"(2.7542287033381663, 5.011872336272725]",q1,3.8830505198054457
3746,million,illegal,709.8709677419355,47.863009232263806,"(46.77351412871981, 56.23413251903491]",q10,51.503823323877356
3747,million,rich,629.3125,81.28305161640995,"(70.79457843841374, 87.09635899560814]",q12,78.94546871701094
3748,mimic,apartment,721.28125,44.668359215096345,"(37.15352290971728, 46.77351412871981]",q9,41.963518519218546
3749,mimic,fake,666.2903225806451,44.668359215096345,"(37.15352290971728, 46.77351412871981]",q9,41.963518519218546
3750,mine,park,592.2903225806451,144.5439770745928,"(112.2018454301963, 144.5439770745928]",q14,128.37291125239454
3751,mine,yours,608.75,56.23413251903491,"(46.77351412871981, 56.23413251903491]",q10,51.503823323877356
3752,mineral,dead,666.5483870967741,154.88166189124829,"(144.5439770745928, 199.52623149688787]",q15,172.03510428574032
3753,mineral,rock,552.8,107.1519305237607,"(87.09635899560814, 112.2018454301963]",q13,99.64910221290222
3754,minimum,low,602.2758620689655,213.79620895022325,"(199.52623149688787, 295.1209226666384]",q16,247.32357708176315
3755,minimum,unemploymen,879.4666666666667,0.001,"(0.0, 2.7542287033381663]",q0,1.3771143516690831
3756,mink,fox,659.96875,45.708818961487516,"(37.15352290971728, 46.77351412871981]",q9,41.963518519218546
3757,mink,slide,680.34375,19.952623149688787,"(17.78279410038923, 23.9883291901949]",q6,20.885561645292064
3758,minor,major,614.6666666666666,199.52623149688787,"(144.5439770745928, 199.52623149688787]",q15,172.03510428574032
3759,minor,sharp,606.8484848484849,30.199517204020193,"(29.51209226666384, 37.15352290971728]",q8,33.33280758819056
3760,mint,jelly,654.3939393939394,5.88843655355589,"(5.011872336272725, 7.244359600749899]",q2,6.128115968511311
3761,mint,yard,641.7931034482758,37.15352290971728,"(29.51209226666384, 37.15352290971728]",q8,33.33280758819056
3762,mints,enlarge,858.2666666666667,1.584893192461114,"(0.0, 2.7542287033381663]",q0,1.3771143516690831
3763,mints,green,622.6875,134.89628825916532,"(112.2018454301963, 144.5439770745928]",q14,128.37291125239454
3764,minus,plus,767.9375,89.12509381337459,"(87.09635899560814, 112.2018454301963]",q13,99.64910221290222
3765,minus,thunder,626.3548387096774,13.803842646028839,"(13.182567385564074, 17.78279410038923]",q5,15.482680742976651
3766,minute,second,653.9677419354839,426.57951880159254,"(295.1209226666384, 18620.871366628657]",q17,9457.996144647648
3767,minute,vision,630.90625,42.65795188015925,"(37.15352290971728, 46.77351412871981]",q9,41.963518519218546
3768,minutes,hours,641.2903225806451,251.18864315095823,"(199.52623149688787, 295.1209226666384]",q16,247.32357708176315
3769,minutes,lonely,675.03125,17.78279410038923,"(13.182567385564074, 17.78279410038923]",q5,15.482680742976651
3770,mirage,desert,763.96875,25.11886431509582,"(23.9883291901949, 29.51209226666384]",q7,26.75021072842937
3771,mirage,want,629.448275862069,1096.4781961431852,"(295.1209226666384, 18620.871366628657]",q17,9457.996144647648
3772,mischief,trouble,569.3225806451613,61.65950018614822,"(56.23413251903491, 70.79457843841374]",q11,63.514355478724326
3773,mischief,try,546.5151515151515,316.22776601683796,"(295.1209226666384, 18620.871366628657]",q17,9457.996144647648
3774,miss,hit,652.28125,234.42288153199226,"(199.52623149688787, 295.1209226666384]",q16,247.32357708176315
3775,miss,theory,612.96875,75.85775750291836,"(70.79457843841374, 87.09635899560814]",q12,78.94546871701094
3776,missile,dust,664.4666666666667,25.703957827688647,"(23.9883291901949, 29.51209226666384]",q7,26.75021072842937
3777,missile,rocket,674.625,20.417379446695275,"(17.78279410038923, 23.9883291901949]",q6,20.885561645292064
3778,mist,fog,605.6,7.943282347242813,"(7.244359600749899, 10.0]",q3,8.62217980037495
3779,mist,normal,614.060606060606,102.32929922807536,"(87.09635899560814, 112.2018454301963]",q13,99.64910221290222
3780,mistake,forgive,663.4666666666667,17.78279410038923,"(13.182567385564074, 17.78279410038923]",q5,15.482680742976651
3781,mistake,piano,676.5806451612904,20.417379446695275,"(17.78279410038923, 23.9883291901949]",q6,20.885561645292064
3782,mister,bread,663.6129032258065,31.622776601683793,"(29.51209226666384, 37.15352290971728]",q8,33.33280758819056
3783,mister,man,719.1,660.6934480075964,"(295.1209226666384, 18620.871366628657]",q17,9457.996144647648
3784,moat,castle,663.75,28.18382931264455,"(23.9883291901949, 29.51209226666384]",q7,26.75021072842937
3785,moat,snake,630.6333333333333,16.98243652461746,"(13.182567385564074, 17.78279410038923]",q5,15.482680742976651
3786,mob,art,664.3666666666667,194.98445997580455,"(144.5439770745928, 199.52623149688787]",q15,172.03510428574032
3787,mob,crowd,691.1935483870968,50.11872336272725,"(46.77351412871981, 56.23413251903491]",q10,51.503823323877356
3788,modern,roses,664.258064516129,10.232929922807536,"(10.0, 13.182567385564074]",q4,11.591283692782037
3789,modern,style,701.483870967742,128.82495516931348,"(112.2018454301963, 144.5439770745928]",q14,128.37291125239454
3790,moist,plan,596.21875,194.98445997580455,"(144.5439770745928, 199.52623149688787]",q15,172.03510428574032
3791,moist,wet,578.78125,34.673685045253166,"(29.51209226666384, 37.15352290971728]",q8,33.33280758819056
3792,molten,church,683.8387096774194,144.5439770745928,"(112.2018454301963, 144.5439770745928]",q14,128.37291125239454
3793,molten,rotten,713.6333333333333,6.456542290346556,"(5.011872336272725, 7.244359600749899]",q2,6.128115968511311
3794,moment,closed,619.625,79.43282347242821,"(70.79457843841374, 87.09635899560814]",q12,78.94546871701094
3795,moment,one,548.1666666666666,2951.209226666384,"(295.1209226666384, 18620.871366628657]",q17,9457.996144647648
3796,monarch,butterfly,695.1666666666666,8.511380382023768,"(7.244359600749899, 10.0]",q3,8.62217980037495
3797,monarch,disgusting,703.5625,16.98243652461746,"(13.182567385564074, 17.78279410038923]",q5,15.482680742976651
3798,monastery,eyes,746.7,162.18100973589299,"(144.5439770745928, 199.52623149688787]",q15,172.03510428574032
3799,monastery,monk,726.1290322580645,8.511380382023768,"(7.244359600749899, 10.0]",q3,8.62217980037495
3800,monday,tuesday,642.03125,42.65795188015925,"(37.15352290971728, 46.77351412871981]",q9,41.963518519218546
3801,monday,vegetable,710.0625,8.709635899560805,"(7.244359600749899, 10.0]",q3,8.62217980037495
3802,money,cash,736.8064516129032,83.17637711026708,"(70.79457843841374, 87.09635899560814]",q12,78.94546871701094
3803,money,preview,634.516129032258,9.120108393559097,"(7.244359600749899, 10.0]",q3,8.62217980037495
3804,mongoose,duck,636.0967741935484,16.218100973589298,"(13.182567385564074, 17.78279410038923]",q5,15.482680742976651
3805,mongoose,property,710.3030303030303,128.82495516931348,"(112.2018454301963, 144.5439770745928]",q14,128.37291125239454
3806,monk,expensive,682.0666666666667,48.97788193684466,"(46.77351412871981, 56.23413251903491]",q10,51.503823323877356
3807,monk,priest,921.03125,21.379620895022324,"(17.78279410038923, 23.9883291901949]",q6,20.885561645292064
3808,monkey,ape,678.1428571428571,3.019951720402016,"(2.7542287033381663, 5.011872336272725]",q1,3.8830505198054457
3809,monkey,wash,653.516129032258,28.84031503126606,"(23.9883291901949, 29.51209226666384]",q7,26.75021072842937
3810,monotonous,boring,798.78125,26.91534803926914,"(23.9883291901949, 29.51209226666384]",q7,26.75021072842937
3811,monotonous,straw,668.6875,9.772372209558112,"(7.244359600749899, 10.0]",q3,8.62217980037495
3812,monster,cancer,761.0,85.11380382023759,"(70.79457843841374, 87.09635899560814]",q12,78.94546871701094
3813,monster,frankenstein,866.7333333333333,2.1379620895022327,"(0.0, 2.7542287033381663]",q0,1.3771143516690831
3814,month,clock,608.3225806451613,26.91534803926914,"(23.9883291901949, 29.51209226666384]",q7,26.75021072842937
3815,month,day,660.46875,891.2509381337459,"(295.1209226666384, 18620.871366628657]",q17,9457.996144647648
3816,monthly,annually,724.0689655172414,14.45439770745928,"(13.182567385564074, 17.78279410038923]",q5,15.482680742976651
3817,monthly,keep,759.9333333333333,457.0881896148752,"(295.1209226666384, 18620.871366628657]",q17,9457.996144647648
3818,monument,far,713.0333333333333,316.22776601683796,"(295.1209226666384, 18620.871366628657]",q17,9457.996144647648
3819,monument,washington,749.375,120.22644346174131,"(112.2018454301963, 144.5439770745928]",q14,128.37291125239454
3820,moonlight,crops,784.6666666666666,11.220184543019629,"(10.0, 13.182567385564074]",q4,11.591283692782037
3821,moonlight,night,628.1290322580645,407.380277804113,"(295.1209226666384, 18620.871366628657]",q17,9457.996144647648
3822,moose,deer,644.3793103448276,13.182567385564074,"(10.0, 13.182567385564074]",q4,11.591283692782037
3823,moose,eye,573.0666666666667,104.71285480508985,"(87.09635899560814, 112.2018454301963]",q13,99.64910221290222
3824,mop,creator,692.2758620689655,16.218100973589298,"(13.182567385564074, 17.78279410038923]",q5,15.482680742976651
3825,mop,floor,596.8125,87.09635899560814,"(70.79457843841374, 87.09635899560814]",q12,78.94546871701094
3826,moral,fake,758.09375,44.668359215096345,"(37.15352290971728, 46.77351412871981]",q9,41.963518519218546
3827,moral,values,653.483870967742,46.77351412871981,"(37.15352290971728, 46.77351412871981]",q9,41.963518519218546
3828,morals,buffalo,688.53125,13.803842646028839,"(13.182567385564074, 17.78279410038923]",q5,15.482680742976651
3829,morals,values,604.3333333333334,46.77351412871981,"(37.15352290971728, 46.77351412871981]",q9,41.963518519218546
3830,more,less,612.71875,309.0295432513592,"(295.1209226666384, 18620.871366628657]",q17,9457.996144647648
3831,more,noodles,695.3448275862069,5.011872336272725,"(2.7542287033381663, 5.011872336272725]",q1,3.8830505198054457
3832,morning,early,602.625,269.1534803926914,"(199.52623149688787, 295.1209226666384]",q16,247.32357708176315
3833,morning,point,599.0333333333333,346.73685045253166,"(295.1209226666384, 18620.871366628657]",q17,9457.996144647648
3834,moron,idiot,742.2666666666667,24.547089156850287,"(23.9883291901949, 29.51209226666384]",q7,26.75021072842937
3835,moron,slippery,732.969696969697,4.073802778041126,"(2.7542287033381663, 5.011872336272725]",q1,3.8830505198054457
3836,morse,code,575.3333333333334,120.22644346174131,"(112.2018454301963, 144.5439770745928]",q14,128.37291125239454
3837,morse,gun,680.516129032258,91.20108393559097,"(87.09635899560814, 112.2018454301963]",q13,99.64910221290222
3838,mortgage,rent,592.4,38.018939632056124,"(37.15352290971728, 46.77351412871981]",q9,41.963518519218546
3839,mortgage,toy,635.84375,19.952623149688787,"(17.78279410038923, 23.9883291901949]",q6,20.885561645292064
3840,moss,fungus,817.7857142857143,3.388441561392024,"(2.7542287033381663, 5.011872336272725]",q1,3.8830505198054457
3841,moss,glue,637.6363636363636,6.30957344480193,"(5.011872336272725, 7.244359600749899]",q2,6.128115968511311
3842,most,all,645.46875,3311.311214825908,"(295.1209226666384, 18620.871366628657]",q17,9457.996144647648
3843,most,annually,737.551724137931,14.45439770745928,"(13.182567385564074, 17.78279410038923]",q5,15.482680742976651
3844,motel,pass,629.0,112.2018454301963,"(87.09635899560814, 112.2018454301963]",q13,99.64910221290222
3845,motel,sleep,668.483870967742,112.2018454301963,"(87.09635899560814, 112.2018454301963]",q13,99.64910221290222
3846,mother,father,611.9032258064516,181.97008586099827,"(144.5439770745928, 199.52623149688787]",q15,172.03510428574032
3847,mother,male,540.9666666666667,77.62471166286912,"(70.79457843841374, 87.09635899560814]",q12,78.94546871701094
3848,motion,defense,578.6,85.11380382023759,"(70.79457843841374, 87.09635899560814]",q12,78.94546871701094
3849,motion,movement,661.2903225806451,93.32543007969905,"(87.09635899560814, 112.2018454301963]",q13,99.64910221290222
3850,motionless,ant,690.0689655172414,7.244359600749899,"(5.011872336272725, 7.244359600749899]",q2,6.128115968511311
3851,motionless,still,628.9354838709677,831.7637711026708,"(295.1209226666384, 18620.871366628657]",q17,9457.996144647648
3852,motor,auto,617.1612903225806,30.199517204020193,"(29.51209226666384, 37.15352290971728]",q8,33.33280758819056
3853,motor,jane,732.551724137931,26.302679918953814,"(23.9883291901949, 29.51209226666384]",q7,26.75021072842937
3854,motorcycle,danger,735.7575757575758,38.904514499428046,"(37.15352290971728, 46.77351412871981]",q9,41.963518519218546
3855,motorcycle,kiss,568.9,38.018939632056124,"(37.15352290971728, 46.77351412871981]",q9,41.963518519218546
3856,mountain,situation,698.0322580645161,123.02687708123811,"(112.2018454301963, 144.5439770745928]",q14,128.37291125239454
3857,mountain,top,564.21875,371.53522909717276,"(295.1209226666384, 18620.871366628657]",q17,9457.996144647648
3858,mousse,rat,657.9666666666667,14.791083881682072,"(13.182567385564074, 17.78279410038923]",q5,15.482680742976651
3859,mousse,roof,687.2758620689655,35.481338923357534,"(29.51209226666384, 37.15352290971728]",q8,33.33280758819056
3860,move,science,648.9375,131.82567385564073,"(112.2018454301963, 144.5439770745928]",q14,128.37291125239454
3861,move,stay,588.258064516129,213.79620895022325,"(199.52623149688787, 295.1209226666384]",q16,247.32357708176315
3862,movement,fishing,585.3333333333334,29.51209226666384,"(23.9883291901949, 29.51209226666384]",q7,26.75021072842937
3863,movement,motion,596.258064516129,38.904514499428046,"(37.15352290971728, 46.77351412871981]",q9,41.963518519218546
3864,movie,film,700.6774193548387,158.48931924611142,"(144.5439770745928, 199.52623149688787]",q15,172.03510428574032
3865,movie,hunger,683.8064516129032,12.589254117941662,"(10.0, 13.182567385564074]",q4,11.591283692782037
3866,mow,lawn,602.3225806451613,9.549925860214358,"(7.244359600749899, 10.0]",q3,8.62217980037495
3867,mow,run,662.3666666666667,309.0295432513592,"(295.1209226666384, 18620.871366628657]",q17,9457.996144647648
3868,mower,bug,591.4666666666667,15.848931924611142,"(13.182567385564074, 17.78279410038923]",q5,15.482680742976651
3869,mower,cut,721.53125,173.78008287493762,"(144.5439770745928, 199.52623149688787]",q15,172.03510428574032
3870,much,homework,734.5333333333333,13.489628825916533,"(13.182567385564074, 17.78279410038923]",q5,15.482680742976651
3871,much,many,593.7666666666667,812.8305161640995,"(295.1209226666384, 18620.871366628657]",q17,9457.996144647648
3872,muffin,necklace,631.6666666666666,7.07945784384138,"(5.011872336272725, 7.244359600749899]",q2,6.128115968511311
3873,muffin,toast,600.5,9.120108393559097,"(7.244359600749899, 10.0]",q3,8.62217980037495
3874,mug,amuse,764.1538461538462,1.3182567385564075,"(0.0, 2.7542287033381663]",q0,1.3771143516690831
3875,mug,beer,693.7575757575758,50.11872336272725,"(46.77351412871981, 56.23413251903491]",q10,51.503823323877356
3876,mule,britain,924.2692307692308,52.48074602497723,"(46.77351412871981, 56.23413251903491]",q10,51.503823323877356
3877,mule,pull,699.1724137931035,66.06934480075964,"(56.23413251903491, 70.79457843841374]",q11,63.514355478724326
3878,multiply,increase,710.1290322580645,120.22644346174131,"(112.2018454301963, 144.5439770745928]",q14,128.37291125239454
3879,mummy,dad,636.5806451612904,89.12509381337459,"(87.09635899560814, 112.2018454301963]",q13,99.64910221290222
3880,mummy,daily,651.1212121212121,117.48975549395303,"(112.2018454301963, 144.5439770745928]",q14,128.37291125239454
3881,munch,chew,639.1666666666666,4.570881896148752,"(2.7542287033381663, 5.011872336272725]",q1,3.8830505198054457
3882,munch,sink,657.375,16.218100973589298,"(13.182567385564074, 17.78279410038923]",q5,15.482680742976651
3883,murderer,irregular,797.0645161290323,5.011872336272725,"(2.7542287033381663, 5.011872336272725]",q1,3.8830505198054457
3884,murderer,killer,659.84375,29.51209226666384,"(23.9883291901949, 29.51209226666384]",q7,26.75021072842937
3885,muscle,rude,674.4516129032259,17.78279410038923,"(13.182567385564074, 17.78279410038923]",q5,15.482680742976651
3886,muscle,strong,641.5,165.95869074375597,"(144.5439770745928, 199.52623149688787]",q15,172.03510428574032
3887,music,dance,607.5666666666667,85.11380382023759,"(70.79457843841374, 87.09635899560814]",q12,78.94546871701094
3888,music,willing,740.5333333333333,52.48074602497723,"(46.77351412871981, 56.23413251903491]",q10,51.503823323877356
3889,musk,brush,681.9,16.98243652461746,"(13.182567385564074, 17.78279410038923]",q5,15.482680742976651
3890,musk,cologne,677.9032258064516,3.715352290971724,"(2.7542287033381663, 5.011872336272725]",q1,3.8830505198054457
3891,must,crash,759.0666666666667,35.481338923357534,"(29.51209226666384, 37.15352290971728]",q8,33.33280758819056
3892,must,have,649.3793103448276,5128.613839913648,"(295.1209226666384, 18620.871366628657]",q17,9457.996144647648
3893,mustache,beard,647.6875,11.748975549395302,"(10.0, 13.182567385564074]",q4,11.591283692782037
3894,mustache,dolphin,699.40625,4.677351412871981,"(2.7542287033381663, 5.011872336272725]",q1,3.8830505198054457
3895,mute,deaf,649.1,9.772372209558112,"(7.244359600749899, 10.0]",q3,8.62217980037495
3896,mute,swallow,633.0967741935484,7.413102413009177,"(7.244359600749899, 10.0]",q3,8.62217980037495
3897,mutton,faith,622.9666666666667,66.06934480075964,"(56.23413251903491, 70.79457843841374]",q11,63.514355478724326
3898,mutton,lamb,614.2413793103449,10.471285480508985,"(10.0, 13.182567385564074]",q4,11.591283692782037
3899,mystery,eat,566.7096774193549,134.89628825916532,"(112.2018454301963, 144.5439770745928]",q14,128.37291125239454
3900,mystery,novel,639.7931034482758,42.65795188015925,"(37.15352290971728, 46.77351412871981]",q9,41.963518519218546
3901,myth,clock,586.5625,26.91534803926914,"(23.9883291901949, 29.51209226666384]",q7,26.75021072842937
3902,myth,legend,602.9666666666667,27.54228703338169,"(23.9883291901949, 29.51209226666384]",q7,26.75021072842937
3903,mythology,legend,702.1935483870968,27.54228703338169,"(23.9883291901949, 29.51209226666384]",q7,26.75021072842937
3904,mythology,perfume,747.4333333333333,5.623413251903491,"(5.011872336272725, 7.244359600749899]",q2,6.128115968511311
3905,nag,bother,715.9,24.547089156850287,"(23.9883291901949, 29.51209226666384]",q7,26.75021072842937
3906,nag,oven,578.5333333333333,11.220184543019629,"(10.0, 13.182567385564074]",q4,11.591283692782037
3907,nail,doe,1049.75,6.918309709189363,"(5.011872336272725, 7.244359600749899]",q2,6.128115968511311
3908,nail,polish,641.1935483870968,19.498445997580454,"(17.78279410038923, 23.9883291901949]",q6,20.885561645292064
3909,naive,innocent,726.125,28.18382931264455,"(23.9883291901949, 29.51209226666384]",q7,26.75021072842937
3910,naive,outdoors,749.3225806451613,5.1286138399136485,"(5.011872336272725, 7.244359600749899]",q2,6.128115968511311
3911,name,owl,597.9,7.413102413009177,"(7.244359600749899, 10.0]",q3,8.62217980037495
3912,name,title,687.0,125.89254117941661,"(112.2018454301963, 144.5439770745928]",q14,128.37291125239454
3913,nap,ill,663.6774193548387,52.48074602497723,"(46.77351412871981, 56.23413251903491]",q10,51.503823323877356
3914,nap,sleep,684.90625,112.2018454301963,"(87.09635899560814, 112.2018454301963]",q13,99.64910221290222
3915,napkin,class,620.6875,229.08676527677747,"(199.52623149688787, 295.1209226666384]",q16,247.32357708176315
3916,napkin,fold,663.25,12.02264434617413,"(10.0, 13.182567385564074]",q4,11.591283692782037
3917,nation,continent,826.3448275862069,11.748975549395302,"(10.0, 13.182567385564074]",q4,11.591283692782037
3918,nation,tree,616.1612903225806,70.79457843841374,"(56.23413251903491, 70.79457843841374]",q11,63.514355478724326
3919,natural,booze,779.741935483871,4.46683592150963,"(2.7542287033381663, 5.011872336272725]",q1,3.8830505198054457
3920,natural,nature,678.5333333333333,95.49925860214368,"(87.09635899560814, 112.2018454301963]",q13,99.64910221290222
3921,nature,dishes,621.3548387096774,13.489628825916533,"(13.182567385564074, 17.78279410038923]",q5,15.482680742976651
3922,nature,outdoors,803.5483870967741,5.1286138399136485,"(5.011872336272725, 7.244359600749899]",q2,6.128115968511311
3923,nausea,shine,733.15625,14.791083881682072,"(13.182567385564074, 17.78279410038923]",q5,15.482680742976651
3924,nausea,vomit,612.4666666666667,3.388441561392024,"(2.7542287033381663, 5.011872336272725]",q1,3.8830505198054457
3925,nauseous,pill,737.5483870967741,10.71519305237607,"(10.0, 13.182567385564074]",q4,11.591283692782037
3926,nauseous,stomach,612.28125,26.302679918953814,"(23.9883291901949, 29.51209226666384]",q7,26.75021072842937
3927,navigator,often,612.78125,257.03957827688646,"(199.52623149688787, 295.1209226666384]",q16,247.32357708176315
3928,navigator,pilot,665.6333333333333,33.11311214825908,"(29.51209226666384, 37.15352290971728]",q8,33.33280758819056
3929,necessary,catholic,804.0967741935484,35.481338923357534,"(29.51209226666384, 37.15352290971728]",q8,33.33280758819056
3930,necessary,need,628.7,933.2543007969905,"(295.1209226666384, 18620.871366628657]",q17,9457.996144647648
3931,neck,collar,731.483870967742,10.964781961431852,"(10.0, 13.182567385564074]",q4,11.591283692782037
3932,neck,novice,794.36,2.570395782768865,"(0.0, 2.7542287033381663]",q0,1.3771143516690831
3933,necklace,gold,554.8787878787879,147.91083881682073,"(144.5439770745928, 199.52623149688787]",q15,172.03510428574032
3934,necklace,hammer,723.7096774193549,14.45439770745928,"(13.182567385564074, 17.78279410038923]",q5,15.482680742976651
3935,needle,rare,676.8125,58.88436553555884,"(56.23413251903491, 70.79457843841374]",q11,63.514355478724326
3936,needle,thread,622.5666666666667,27.54228703338169,"(23.9883291901949, 29.51209226666384]",q7,26.75021072842937
3937,needy,child,621.0,199.52623149688787,"(144.5439770745928, 199.52623149688787]",q15,172.03510428574032
3938,needy,wednesday,653.96875,38.904514499428046,"(37.15352290971728, 46.77351412871981]",q9,41.963518519218546
3939,negative,minus,782.0689655172414,10.0,"(7.244359600749899, 10.0]",q3,8.62217980037495
3940,negative,mirror,691.0,29.51209226666384,"(23.9883291901949, 29.51209226666384]",q7,26.75021072842937
3941,negotiation,agreement,678.8709677419355,75.85775750291836,"(70.79457843841374, 87.09635899560814]",q12,78.94546871701094
3942,negotiation,sneeze,712.551724137931,1.5488166189124812,"(0.0, 2.7542287033381663]",q0,1.3771143516690831
3943,neighborhood,area,668.741935483871,288.40315031266056,"(199.52623149688787, 295.1209226666384]",q16,247.32357708176315
3944,neighborhood,frightened,758.3333333333334,5.4954087385762485,"(5.011872336272725, 7.244359600749899]",q2,6.128115968511311
3945,nephew,broken,606.2903225806451,75.85775750291836,"(70.79457843841374, 87.09635899560814]",q12,78.94546871701094
3946,nephew,uncle,587.59375,28.18382931264455,"(23.9883291901949, 29.51209226666384]",q7,26.75021072842937
3947,nerd,geek,666.0322580645161,4.073802778041126,"(2.7542287033381663, 5.011872336272725]",q1,3.8830505198054457
3948,nerd,west,738.5862068965517,194.98445997580455,"(144.5439770745928, 199.52623149688787]",q15,172.03510428574032
3949,nerve,bear,614.375,51.28613839913648,"(46.77351412871981, 56.23413251903491]",q10,51.503823323877356
3950,nerve,neuron,847.3666666666667,1.4454397707459279,"(0.0, 2.7542287033381663]",q0,1.3771143516690831
3951,nerves,deaf,676.0333333333333,9.772372209558112,"(7.244359600749899, 10.0]",q3,8.62217980037495
3952,nerves,ending,684.5625,47.863009232263806,"(46.77351412871981, 56.23413251903491]",q10,51.503823323877356
3953,net,clipper,746.3548387096774,1.1481536214968828,"(0.0, 2.7542287033381663]",q0,1.3771143516690831
3954,net,gain,636.1612903225806,64.56542290346549,"(56.23413251903491, 70.79457843841374]",q11,63.514355478724326
3955,network,news,594.5483870967741,275.4228703338169,"(199.52623149688787, 295.1209226666384]",q16,247.32357708176315
3956,network,strap,686.7307692307693,6.165950018614822,"(5.011872336272725, 7.244359600749899]",q2,6.128115968511311
3957,neutron,atom,734.9333333333333,5.248074602497728,"(5.011872336272725, 7.244359600749899]",q2,6.128115968511311
3958,neutron,square,633.0666666666667,69.18309709189363,"(56.23413251903491, 70.79457843841374]",q11,63.514355478724326
3959,never,again,619.3225806451613,501.18723362727246,"(295.1209226666384, 18620.871366628657]",q17,9457.996144647648
3960,never,son,603.0333333333333,190.54607179632484,"(144.5439770745928, 199.52623149688787]",q15,172.03510428574032
3961,new,hip,669.4074074074074,28.84031503126606,"(23.9883291901949, 29.51209226666384]",q7,26.75021072842937
3962,new,shine,703.8214285714286,14.791083881682072,"(13.182567385564074, 17.78279410038923]",q5,15.482680742976651
3963,news,government,683.2,371.53522909717276,"(295.1209226666384, 18620.871366628657]",q17,9457.996144647648
3964,news,paper,665.9354838709677,117.48975549395303,"(112.2018454301963, 144.5439770745928]",q14,128.37291125239454
3965,newspaper,have,687.7857142857143,5128.613839913648,"(295.1209226666384, 18620.871366628657]",q17,9457.996144647648
3966,newspaper,print,626.84375,34.673685045253166,"(29.51209226666384, 37.15352290971728]",q8,33.33280758819056
3967,newsstand,magazine,720.8333333333334,54.954087385762485,"(46.77351412871981, 56.23413251903491]",q10,51.503823323877356
3968,newsstand,tonic,710.2962962962963,2.454708915685031,"(0.0, 2.7542287033381663]",q0,1.3771143516690831
3969,nickel,five,718.90625,281.8382931264455,"(199.52623149688787, 295.1209226666384]",q16,247.32357708176315
3970,nickel,short,654.78125,213.79620895022325,"(199.52623149688787, 295.1209226666384]",q16,247.32357708176315
3971,nicotine,borrow,737.4375,10.0,"(7.244359600749899, 10.0]",q3,8.62217980037495
3972,nicotine,cigarette,743.8125,11.481536214968818,"(10.0, 13.182567385564074]",q4,11.591283692782037
3973,niece,hunter,708.4,23.442288153199225,"(17.78279410038923, 23.9883291901949]",q6,20.885561645292064
3974,niece,nephew,663.7666666666667,10.232929922807536,"(10.0, 13.182567385564074]",q4,11.591283692782037
3975,night,day,561.7741935483871,891.2509381337459,"(295.1209226666384, 18620.871366628657]",q17,9457.996144647648
3976,night,laugh,614.15625,45.708818961487516,"(37.15352290971728, 46.77351412871981]",q9,41.963518519218546
3977,nightgown,confess,767.8064516129032,6.6069344800759575,"(5.011872336272725, 7.244359600749899]",q2,6.128115968511311
3978,nightgown,sexy,655.59375,26.302679918953814,"(23.9883291901949, 29.51209226666384]",q7,26.75021072842937
3979,nine,ten,609.6774193548387,112.2018454301963,"(87.09635899560814, 112.2018454301963]",q13,99.64910221290222
3980,nine,you,566.59375,9549.92586021437,"(295.1209226666384, 18620.871366628657]",q17,9457.996144647648
3981,nitrogen,end,663.6206896551724,478.630092322638,"(295.1209226666384, 18620.871366628657]",q17,9457.996144647648
3982,nitrogen,oxygen,729.0666666666667,17.78279410038923,"(13.182567385564074, 17.78279410038923]",q5,15.482680742976651
3983,no,advice,676.40625,75.85775750291836,"(70.79457843841374, 87.09635899560814]",q12,78.94546871701094
3984,no,yes,632.8181818181819,316.22776601683796,"(295.1209226666384, 18620.871366628657]",q17,9457.996144647648
3985,noisy,loud,576.2903225806451,33.884415613920275,"(29.51209226666384, 37.15352290971728]",q8,33.33280758819056
3986,noisy,street,663.15625,190.54607179632484,"(144.5439770745928, 199.52623149688787]",q15,172.03510428574032
3987,nomad,homeless,745.6129032258065,18.197008586099827,"(17.78279410038923, 23.9883291901949]",q6,20.885561645292064
3988,nomad,relative,715.2424242424242,30.199517204020193,"(29.51209226666384, 37.15352290971728]",q8,33.33280758819056
3989,none,full,590.6451612903226,346.73685045253166,"(295.1209226666384, 18620.871366628657]",q17,9457.996144647648
3990,none,zero,625.28125,42.65795188015925,"(37.15352290971728, 46.77351412871981]",q9,41.963518519218546
3991,nonsense,ridiculous,792.9032258064516,28.84031503126606,"(23.9883291901949, 29.51209226666384]",q7,26.75021072842937
3992,nonsense,secret,685.5625,83.17637711026708,"(70.79457843841374, 87.09635899560814]",q12,78.94546871701094
3993,noon,lunch,625.9677419354839,45.708818961487516,"(37.15352290971728, 46.77351412871981]",q9,41.963518519218546
3994,noon,place,719.0,512.8613839913648,"(295.1209226666384, 18620.871366628657]",q17,9457.996144647648
3995,norm,average,757.3548387096774,144.5439770745928,"(112.2018454301963, 144.5439770745928]",q14,128.37291125239454
3996,norm,mirror,722.9677419354839,29.51209226666384,"(23.9883291901949, 29.51209226666384]",q7,26.75021072842937
3997,normal,abnormal,711.1333333333333,5.1286138399136485,"(5.011872336272725, 7.244359600749899]",q2,6.128115968511311
3998,normal,bum,868.88,5.623413251903491,"(5.011872336272725, 7.244359600749899]",q2,6.128115968511311
3999,north,search,688.9333333333333,91.20108393559097,"(87.09635899560814, 112.2018454301963]",q13,99.64910221290222
4000,north,south,624.6129032258065,251.18864315095823,"(199.52623149688787, 295.1209226666384]",q16,247.32357708176315
4001,nose,blow,646.3125,38.904514499428046,"(37.15352290971728, 46.77351412871981]",q9,41.963518519218546
4002,nose,drug,596.7272727272727,74.13102413009177,"(70.79457843841374, 87.09635899560814]",q12,78.94546871701094
4003,not,dad,742.483870967742,89.12509381337459,"(87.09635899560814, 112.2018454301963]",q13,99.64910221290222
4004,not,negative,762.8064516129032,61.65950018614822,"(56.23413251903491, 70.79457843841374]",q11,63.514355478724326
4005,note,knight,684.40625,19.054607179632484,"(17.78279410038923, 23.9883291901949]",q6,20.885561645292064
4006,note,letter,688.1875,89.12509381337459,"(87.09635899560814, 112.2018454301963]",q13,99.64910221290222
4007,notebook,broccoli,867.5652173913044,3.1622776601683795,"(2.7542287033381663, 5.011872336272725]",q1,3.8830505198054457
4008,notebook,folder,611.09375,5.4954087385762485,"(5.011872336272725, 7.244359600749899]",q2,6.128115968511311
4009,nothing,hat,669.3125,33.884415613920275,"(29.51209226666384, 37.15352290971728]",q8,33.33280758819056
4010,nothing,something,671.625,645.6542290346549,"(295.1209226666384, 18620.871366628657]",q17,9457.996144647648
4011,notice,see,584.7333333333333,1258.9254117941662,"(295.1209226666384, 18620.871366628657]",q17,9457.996144647648
4012,notice,string,727.65625,25.11886431509582,"(23.9883291901949, 29.51209226666384]",q7,26.75021072842937
4013,notify,alert,620.1515151515151,21.379620895022324,"(17.78279410038923, 23.9883291901949]",q6,20.885561645292064
4014,notify,english,598.3636363636364,154.88166189124829,"(144.5439770745928, 199.52623149688787]",q15,172.03510428574032
4015,noun,never,677.90625,812.8305161640995,"(295.1209226666384, 18620.871366628657]",q17,9457.996144647648
4016,noun,verb,629.1875,5.248074602497728,"(5.011872336272725, 7.244359600749899]",q2,6.128115968511311
4017,novel,part,646.9333333333333,602.5595860743581,"(295.1209226666384, 18620.871366628657]",q17,9457.996144647648
4018,novel,read,650.4193548387096,346.73685045253166,"(295.1209226666384, 18620.871366628657]",q17,9457.996144647648
4019,novice,beginner,740.3636363636364,3.311311214825911,"(2.7542287033381663, 5.011872336272725]",q1,3.8830505198054457
4020,novice,lady,621.3225806451613,89.12509381337459,"(87.09635899560814, 112.2018454301963]",q13,99.64910221290222
4021,now,account,654.875,162.18100973589299,"(144.5439770745928, 199.52623149688787]",q15,172.03510428574032
4022,now,later,704.0967741935484,309.0295432513592,"(295.1209226666384, 18620.871366628657]",q17,9457.996144647648
4023,nuclear,bomb,761.8064516129032,39.81071705534969,"(37.15352290971728, 46.77351412871981]",q9,41.963518519218546
4024,nuclear,chance,695.6333333333333,181.97008586099827,"(144.5439770745928, 199.52623149688787]",q15,172.03510428574032
4025,number,one,540.15625,2951.209226666384,"(295.1209226666384, 18620.871366628657]",q17,9457.996144647648
4026,number,pencil,717.939393939394,8.91250938133746,"(7.244359600749899, 10.0]",q3,8.62217980037495
4027,numbers,add,584.09375,123.02687708123811,"(112.2018454301963, 144.5439770745928]",q14,128.37291125239454
4028,numbers,cook,586.75,44.668359215096345,"(37.15352290971728, 46.77351412871981]",q9,41.963518519218546
4029,nun,father,605.0333333333333,181.97008586099827,"(144.5439770745928, 199.52623149688787]",q15,172.03510428574032
4030,nun,tax,657.8709677419355,138.03842646028838,"(112.2018454301963, 144.5439770745928]",q14,128.37291125239454
4031,nurse,high,608.15625,562.341325190349,"(295.1209226666384, 18620.871366628657]",q17,9457.996144647648
4032,nurse,patient,658.25,58.88436553555884,"(56.23413251903491, 70.79457843841374]",q11,63.514355478724326
4033,nut,cracker,614.4516129032259,2.818382931264455,"(2.7542287033381663, 5.011872336272725]",q1,3.8830505198054457
4034,nut,motorcycle,870.65625,11.748975549395302,"(10.0, 13.182567385564074]",q4,11.591283692782037
4035,nuts,crazy,599.2727272727273,117.48975549395303,"(112.2018454301963, 144.5439770745928]",q14,128.37291125239454
4036,nuts,news,630.4242424242424,275.4228703338169,"(199.52623149688787, 295.1209226666384]",q16,247.32357708176315
4037,nylon,hose,687.4516129032259,5.370317963702527,"(5.011872336272725, 7.244359600749899]",q2,6.128115968511311
4038,nylon,medicine,753.5483870967741,53.70317963702533,"(46.77351412871981, 56.23413251903491]",q10,51.503823323877356
4039,oasis,move,671.96875,223.87211385683378,"(199.52623149688787, 295.1209226666384]",q16,247.32357708176315
4040,oasis,thirsty,702.15625,5.4954087385762485,"(5.011872336272725, 7.244359600749899]",q2,6.128115968511311
4041,oath,promise,633.1290322580645,51.28613839913648,"(46.77351412871981, 56.23413251903491]",q10,51.503823323877356
4042,object,backward,675.258064516129,5.1286138399136485,"(5.011872336272725, 7.244359600749899]",q2,6.128115968511311
4043,object,subject,632.625,91.20108393559097,"(87.09635899560814, 112.2018454301963]",q13,99.64910221290222
4044,objective,course,607.258064516129,275.4228703338169,"(199.52623149688787, 295.1209226666384]",q16,247.32357708176315
4045,objective,green,623.3939393939394,134.89628825916532,"(112.2018454301963, 144.5439770745928]",q14,128.37291125239454
4046,obligation,duty,673.1935483870968,51.28613839913648,"(46.77351412871981, 56.23413251903491]",q10,51.503823323877356
4047,obligation,school,595.7272727272727,512.8613839913648,"(295.1209226666384, 18620.871366628657]",q17,9457.996144647648
4048,obnoxious,irritating,701.1428571428571,4.073802778041126,"(2.7542287033381663, 5.011872336272725]",q1,3.8830505198054457
4049,obnoxious,teacher,625.2903225806451,75.85775750291836,"(70.79457843841374, 87.09635899560814]",q12,78.94546871701094
4050,oboe,flute,790.0,3.311311214825911,"(2.7542287033381663, 5.011872336272725]",q1,3.8830505198054457
4051,oboe,separate,832.9310344827586,67.60829753919819,"(56.23413251903491, 70.79457843841374]",q11,63.514355478724326
4052,obscure,assistant,916.258064516129,52.48074602497723,"(46.77351412871981, 56.23413251903491]",q10,51.503823323877356
4053,obscure,unclear,811.9666666666667,8.511380382023768,"(7.244359600749899, 10.0]",q3,8.62217980037495
4054,observe,deaf,727.8333333333334,9.772372209558112,"(7.244359600749899, 10.0]",q3,8.62217980037495
4055,observe,watch,587.0666666666667,218.77616239495518,"(199.52623149688787, 295.1209226666384]",q16,247.32357708176315
4056,obsession,id,987.625,40.7380277804113,"(37.15352290971728, 46.77351412871981]",q9,41.963518519218546
4057,obsession,perfume,703.5172413793103,5.623413251903491,"(5.011872336272725, 7.244359600749899]",q2,6.128115968511311
4058,obstacle,course,646.21875,275.4228703338169,"(199.52623149688787, 295.1209226666384]",q16,247.32357708176315
4059,obstacle,robbery,634.3870967741935,9.332543007969914,"(7.244359600749899, 10.0]",q3,8.62217980037495
4060,obtain,steal,714.78125,25.703957827688647,"(23.9883291901949, 29.51209226666384]",q7,26.75021072842937
4061,obtain,warm,676.1935483870968,51.28613839913648,"(46.77351412871981, 56.23413251903491]",q10,51.503823323877356
4062,obvious,bit,670.9642857142857,234.42288153199226,"(199.52623149688787, 295.1209226666384]",q16,247.32357708176315
4063,obvious,hidden,651.3333333333334,33.884415613920275,"(29.51209226666384, 37.15352290971728]",q8,33.33280758819056
4064,occupation,money,593.0,436.51583224016565,"(295.1209226666384, 18620.871366628657]",q17,9457.996144647648
4065,occupation,race,687.483870967742,120.22644346174131,"(112.2018454301963, 144.5439770745928]",q14,128.37291125239454
4066,occupied,busy,644.3870967741935,56.23413251903491,"(46.77351412871981, 56.23413251903491]",q10,51.503823323877356
4067,occupied,shake,644.09375,21.379620895022324,"(17.78279410038923, 23.9883291901949]",q6,20.885561645292064
4068,ocean,print,651.28125,34.673685045253166,"(29.51209226666384, 37.15352290971728]",q8,33.33280758819056
4069,ocean,sea,616.6551724137931,114.81536214968817,"(112.2018454301963, 144.5439770745928]",q14,128.37291125239454
4070,octopus,arms,634.6666666666666,66.06934480075964,"(56.23413251903491, 70.79457843841374]",q11,63.514355478724326
4071,octopus,extinct,761.5806451612904,4.570881896148752,"(2.7542287033381663, 5.011872336272725]",q1,3.8830505198054457
4072,odd,baseball,719.5806451612904,34.673685045253166,"(29.51209226666384, 37.15352290971728]",q8,33.33280758819056
4073,odd,unusual,715.4827586206897,28.18382931264455,"(23.9883291901949, 29.51209226666384]",q7,26.75021072842937
4074,odds,against,666.9032258064516,478.630092322638,"(295.1209226666384, 18620.871366628657]",q17,9457.996144647648
4075,odds,wash,609.0,28.84031503126606,"(23.9883291901949, 29.51209226666384]",q7,26.75021072842937
4076,off,on,635.5666666666667,8128.305161640995,"(295.1209226666384, 18620.871366628657]",q17,9457.996144647648
4077,off,paper,642.625,117.48975549395303,"(112.2018454301963, 144.5439770745928]",q14,128.37291125239454
4078,offend,bother,635.2758620689655,24.547089156850287,"(23.9883291901949, 29.51209226666384]",q7,26.75021072842937
4079,offend,music,600.3,331.13112148259074,"(295.1209226666384, 18620.871366628657]",q17,9457.996144647648
4080,offense,defense,705.516129032258,85.11380382023759,"(70.79457843841374, 87.09635899560814]",q12,78.94546871701094
4081,offense,pill,641.8387096774194,10.71519305237607,"(10.0, 13.182567385564074]",q4,11.591283692782037
4082,office,desk,675.125,26.91534803926914,"(23.9883291901949, 29.51209226666384]",q7,26.75021072842937
4083,office,rocket,705.8387096774194,20.417379446695275,"(17.78279410038923, 23.9883291901949]",q6,20.885561645292064
4084,officer,ballet,827.6,8.91250938133746,"(7.244359600749899, 10.0]",q3,8.62217980037495
4085,officer,navy,671.8181818181819,37.15352290971728,"(29.51209226666384, 37.15352290971728]",q8,33.33280758819056
4086,official,cereal,754.3225806451613,5.4954087385762485,"(5.011872336272725, 7.244359600749899]",q2,6.128115968511311
4087,official,referee,779.5,7.244359600749899,"(5.011872336272725, 7.244359600749899]",q2,6.128115968511311
4088,often,ax,859.3636363636364,2.1877616239495516,"(0.0, 2.7542287033381663]",q0,1.3771143516690831
4089,often,enough,706.3333333333334,346.73685045253166,"(295.1209226666384, 18620.871366628657]",q17,9457.996144647648
4090,ointment,medicine,637.6,53.70317963702533,"(46.77351412871981, 56.23413251903491]",q10,51.503823323877356
4091,ointment,stone,634.65625,63.0957344480193,"(56.23413251903491, 70.79457843841374]",q11,63.514355478724326
4092,okay,alright,616.5625,26.302679918953814,"(23.9883291901949, 29.51209226666384]",q7,26.75021072842937
4093,okay,zero,640.6333333333333,42.65795188015925,"(37.15352290971728, 46.77351412871981]",q9,41.963518519218546
4094,old,new,557.75,1778.2794100389228,"(295.1209226666384, 18620.871366628657]",q17,9457.996144647648
4095,old,value,651.0,141.25375446227554,"(112.2018454301963, 144.5439770745928]",q14,128.37291125239454
4096,oligarchy,government,806.2,371.53522909717276,"(295.1209226666384, 18620.871366628657]",q17,9457.996144647648
4097,oligarchy,part,661.3870967741935,602.5595860743581,"(295.1209226666384, 18620.871366628657]",q17,9457.996144647648
4098,olympics,bicycle,644.9354838709677,9.549925860214358,"(7.244359600749899, 10.0]",q3,8.62217980037495
4099,olympics,gold,581.8064516129032,147.91083881682073,"(144.5439770745928, 199.52623149688787]",q15,172.03510428574032
4100,once,alcohol,670.4516129032259,40.7380277804113,"(37.15352290971728, 46.77351412871981]",q9,41.963518519218546
4101,once,never,722.3666666666667,812.8305161640995,"(295.1209226666384, 18620.871366628657]",q17,9457.996144647648
4102,onion,hamburger,563.9,2.818382931264455,"(2.7542287033381663, 5.011872336272725]",q1,3.8830505198054457
4103,onion,unclear,754.448275862069,8.511380382023768,"(7.244359600749899, 10.0]",q3,8.62217980037495
4104,oodles,magazine,740.71875,54.954087385762485,"(46.77351412871981, 56.23413251903491]",q10,51.503823323877356
4105,oodles,noodles,773.4074074074074,5.011872336272725,"(2.7542287033381663, 5.011872336272725]",q1,3.8830505198054457
4106,open,close,652.9666666666667,229.08676527677747,"(199.52623149688787, 295.1209226666384]",q16,247.32357708176315
4107,open,smudge,752.1428571428571,0.6456542290346556,"(0.0, 2.7542287033381663]",q0,1.3771143516690831
4108,opener,can,624.4848484848485,2884.031503126606,"(295.1209226666384, 18620.871366628657]",q17,9457.996144647648
4109,opener,cheat,638.6666666666666,11.481536214968818,"(10.0, 13.182567385564074]",q4,11.591283692782037
4110,opening,closing,638.9032258064516,28.84031503126606,"(23.9883291901949, 29.51209226666384]",q7,26.75021072842937
4111,opening,repeat,675.6451612903226,30.90295432513592,"(29.51209226666384, 37.15352290971728]",q8,33.33280758819056
4112,operation,surgery,668.25,42.65795188015925,"(37.15352290971728, 46.77351412871981]",q9,41.963518519218546
4113,operation,valuable,803.75,32.35936569296281,"(29.51209226666384, 37.15352290971728]",q8,33.33280758819056
4114,opportunity,chance,556.1212121212121,181.97008586099827,"(144.5439770745928, 199.52623149688787]",q15,172.03510428574032
4115,opportunity,modern,756.0322580645161,117.48975549395303,"(112.2018454301963, 144.5439770745928]",q14,128.37291125239454
4116,opposite,monk,776.5769230769231,8.511380382023768,"(7.244359600749899, 10.0]",q3,8.62217980037495
4117,opposite,same,597.1612903225806,630.957344480193,"(295.1209226666384, 18620.871366628657]",q17,9457.996144647648
4118,optimistic,self,622.6875,177.82794100389228,"(144.5439770745928, 199.52623149688787]",q15,172.03510428574032
4119,optimistic,view,606.7,154.88166189124829,"(144.5439770745928, 199.52623149688787]",q15,172.03510428574032
4120,option,loving,720.060606060606,29.51209226666384,"(23.9883291901949, 29.51209226666384]",q7,26.75021072842937
4121,option,open,685.8709677419355,301.9951720402019,"(295.1209226666384, 18620.871366628657]",q17,9457.996144647648
4122,orchestra,violin,695.7241379310345,5.4954087385762485,"(5.011872336272725, 7.244359600749899]",q2,6.128115968511311
4123,orchestra,wet,597.6129032258065,34.673685045253166,"(29.51209226666384, 37.15352290971728]",q8,33.33280758819056
4124,orchid,chalk,647.9333333333333,4.897788193684462,"(2.7542287033381663, 5.011872336272725]",q1,3.8830505198054457
4125,orchid,plant,642.0645161290323,77.62471166286912,"(70.79457843841374, 87.09635899560814]",q12,78.94546871701094
4126,orderly,college,599.0,186.20871366628657,"(144.5439770745928, 199.52623149688787]",q15,172.03510428574032
4127,orderly,fashion,787.53125,66.06934480075964,"(56.23413251903491, 70.79457843841374]",q11,63.514355478724326
4128,ordinary,plain,674.2666666666667,26.91534803926914,"(23.9883291901949, 29.51209226666384]",q7,26.75021072842937
4129,ordinary,swing,669.1333333333333,21.87761623949552,"(17.78279410038923, 23.9883291901949]",q6,20.885561645292064
4130,ore,iron,687.0967741935484,54.954087385762485,"(46.77351412871981, 56.23413251903491]",q10,51.503823323877356
4131,ore,near,669.030303030303,194.98445997580455,"(144.5439770745928, 199.52623149688787]",q15,172.03510428574032
4132,oregano,nut,600.4827586206897,10.964781961431852,"(10.0, 13.182567385564074]",q4,11.591283692782037
4133,oregano,spice,672.5,8.709635899560805,"(7.244359600749899, 10.0]",q3,8.62217980037495
4134,organize,flop,900.9166666666666,3.630780547701014,"(2.7542287033381663, 5.011872336272725]",q1,3.8830505198054457
4135,organize,neat,640.7586206896551,9.772372209558112,"(7.244359600749899, 10.0]",q3,8.62217980037495
4136,orient,asia,689.0370370370371,44.668359215096345,"(37.15352290971728, 46.77351412871981]",q9,41.963518519218546
4137,orient,dots,680.4285714285714,5.754399373371567,"(5.011872336272725, 7.244359600749899]",q2,6.128115968511311
4138,original,cologne,734.1481481481482,3.715352290971724,"(2.7542287033381663, 5.011872336272725]",q1,3.8830505198054457
4139,original,first,645.7096774193549,1288.249551693135,"(295.1209226666384, 18620.871366628657]",q17,9457.996144647648
4140,originate,begin,564.2666666666667,69.18309709189363,"(56.23413251903491, 70.79457843841374]",q11,63.514355478724326
4141,originate,danger,700.71875,38.904514499428046,"(37.15352290971728, 46.77351412871981]",q9,41.963518519218546
4142,ornament,shove,772.9642857142857,4.570881896148752,"(2.7542287033381663, 5.011872336272725]",q1,3.8830505198054457
4143,ornament,tree,561.9032258064516,70.79457843841374,"(56.23413251903491, 70.79457843841374]",q11,63.514355478724326
4144,otter,ghost,697.9354838709677,26.302679918953814,"(23.9883291901949, 29.51209226666384]",q7,26.75021072842937
4145,otter,lake,650.2903225806451,67.60829753919819,"(56.23413251903491, 70.79457843841374]",q11,63.514355478724326
4146,ouch,go,704.2903225806451,1071.519305237607,"(295.1209226666384, 18620.871366628657]",q17,9457.996144647648
4147,ouch,hurt,555.25,87.09635899560814,"(70.79457843841374, 87.09635899560814]",q12,78.94546871701094
4148,ounce,headache,730.3939393939394,9.332543007969914,"(7.244359600749899, 10.0]",q3,8.62217980037495
4149,ounce,pound,602.46875,20.892961308540407,"(17.78279410038923, 23.9883291901949]",q6,20.885561645292064
4150,out,cup,676.2413793103449,128.82495516931348,"(112.2018454301963, 144.5439770745928]",q14,128.37291125239454
4151,out,in,566.2258064516129,18620.871366628657,"(295.1209226666384, 18620.871366628657]",q17,9457.996144647648
4152,outcome,end,553.8214285714286,478.630092322638,"(295.1209226666384, 18620.871366628657]",q17,9457.996144647648
4153,outcome,record,674.15625,162.18100973589299,"(144.5439770745928, 199.52623149688787]",q15,172.03510428574032
4154,outdoors,indoors,599.90625,3.981071705534973,"(2.7542287033381663, 5.011872336272725]",q1,3.8830505198054457
4155,outdoors,lose,678.5172413793103,120.22644346174131,"(112.2018454301963, 144.5439770745928]",q14,128.37291125239454
4156,outgoing,extrovert,869.6666666666666,0.3715352290971724,"(0.0, 2.7542287033381663]",q0,1.3771143516690831
4157,outgoing,view,573.0625,154.88166189124829,"(144.5439770745928, 199.52623149688787]",q15,172.03510428574032
4158,outlet,attempt,678.0967741935484,70.79457843841374,"(56.23413251903491, 70.79457843841374]",q11,63.514355478724326
4159,outlet,plug,692.2258064516129,13.803842646028839,"(13.182567385564074, 17.78279410038923]",q5,15.482680742976651
4160,outrageous,funny,598.1935483870968,104.71285480508985,"(87.09635899560814, 112.2018454301963]",q13,99.64910221290222
4161,outrageous,snail,744.34375,4.677351412871981,"(2.7542287033381663, 5.011872336272725]",q1,3.8830505198054457
4162,oval,basketball,611.9375,36.3078054770101,"(29.51209226666384, 37.15352290971728]",q8,33.33280758819056
4163,oval,office,637.5333333333333,251.18864315095823,"(199.52623149688787, 295.1209226666384]",q16,247.32357708176315
4164,oven,heat,608.4516129032259,72.44359600749905,"(70.79457843841374, 87.09635899560814]",q12,78.94546871701094
4165,oven,sad,633.1818181818181,69.18309709189363,"(56.23413251903491, 70.79457843841374]",q11,63.514355478724326
4166,over,turn,653.71875,208.92961308540407,"(199.52623149688787, 295.1209226666384]",q16,247.32357708176315
4167,over,wire,739.3548387096774,26.91534803926914,"(23.9883291901949, 29.51209226666384]",q7,26.75021072842937
4168,overcome,nothing,607.1612903225806,354.8133892335753,"(295.1209226666384, 18620.871366628657]",q17,9457.996144647648
4169,overcome,obstacle,784.9655172413793,5.248074602497728,"(5.011872336272725, 7.244359600749899]",q2,6.128115968511311
4170,overflow,italian,705.2666666666667,45.708818961487516,"(37.15352290971728, 46.77351412871981]",q9,41.963518519218546
4171,overflow,spill,647.8571428571429,6.918309709189363,"(5.011872336272725, 7.244359600749899]",q2,6.128115968511311
4172,overpower,beat,608.1875,102.32929922807536,"(87.09635899560814, 112.2018454301963]",q13,99.64910221290222
4173,overpower,negative,663.6129032258065,61.65950018614822,"(56.23413251903491, 70.79457843841374]",q11,63.514355478724326
4174,overview,away,570.2333333333333,416.8693834703355,"(295.1209226666384, 18620.871366628657]",q17,9457.996144647648
4175,overview,preview,707.7741935483871,9.120108393559097,"(7.244359600749899, 10.0]",q3,8.62217980037495
4176,overwhelm,again,593.5806451612904,501.18723362727246,"(295.1209226666384, 18620.871366628657]",q17,9457.996144647648
4177,overwhelm,excited,717.1935483870968,54.954087385762485,"(46.77351412871981, 56.23413251903491]",q10,51.503823323877356
4178,owe,lend,797.1379310344828,8.317637711026709,"(7.244359600749899, 10.0]",q3,8.62217980037495
4179,owe,many,662.7931034482758,812.8305161640995,"(295.1209226666384, 18620.871366628657]",q17,9457.996144647648
4180,own,mine,708.9310344827586,109.64781961431851,"(87.09635899560814, 112.2018454301963]",q13,99.64910221290222
4181,own,yard,572.741935483871,37.15352290971728,"(29.51209226666384, 37.15352290971728]",q8,33.33280758819056
4182,owner,foreign,713.0,120.22644346174131,"(112.2018454301963, 144.5439770745928]",q14,128.37291125239454
4183,owner,seller,716.6666666666666,10.232929922807536,"(10.0, 13.182567385564074]",q4,11.591283692782037
4184,oxygen,breathe,585.4666666666667,18.197008586099827,"(17.78279410038923, 23.9883291901949]",q6,20.885561645292064
4185,oxygen,write,674.6666666666666,107.1519305237607,"(87.09635899560814, 112.2018454301963]",q13,99.64910221290222
4186,oyster,clam,678.15625,1.6595869074375613,"(0.0, 2.7542287033381663]",q0,1.3771143516690831
4187,oyster,shampoo,651.3666666666667,3.801893963205613,"(2.7542287033381663, 5.011872336272725]",q1,3.8830505198054457
4188,ozone,cabbage,697.9677419354839,3.5481338923357533,"(2.7542287033381663, 5.011872336272725]",q1,3.8830505198054457
4189,ozone,layer,619.03125,25.11886431509582,"(23.9883291901949, 29.51209226666384]",q7,26.75021072842937
4190,pack,rot,737.5,5.011872336272725,"(2.7542287033381663, 5.011872336272725]",q1,3.8830505198054457
4191,pack,six,628.5666666666667,194.98445997580455,"(144.5439770745928, 199.52623149688787]",q15,172.03510428574032
4192,package,guilt,693.7333333333333,13.489628825916533,"(13.182567385564074, 17.78279410038923]",q5,15.482680742976651
4193,package,mail,658.9333333333333,52.48074602497723,"(46.77351412871981, 56.23413251903491]",q10,51.503823323877356
4194,paddle,period,603.96875,162.18100973589299,"(144.5439770745928, 199.52623149688787]",q15,172.03510428574032
4195,paddle,punishment,784.2,21.87761623949552,"(17.78279410038923, 23.9883291901949]",q6,20.885561645292064
4196,paddy,flower,590.8387096774194,26.302679918953814,"(23.9883291901949, 29.51209226666384]",q7,26.75021072842937
4197,paddy,wagon,772.1851851851852,7.943282347242813,"(7.244359600749899, 10.0]",q3,8.62217980037495
4198,page,call,593.84375,323.5936569296281,"(295.1209226666384, 18620.871366628657]",q17,9457.996144647648
4199,page,later,761.5185185185185,309.0295432513592,"(295.1209226666384, 18620.871366628657]",q17,9457.996144647648
4200,pail,bucket,595.1666666666666,11.748975549395302,"(10.0, 13.182567385564074]",q4,11.591283692782037
4201,pail,slip,656.6551724137931,19.054607179632484,"(17.78279410038923, 23.9883291901949]",q6,20.885561645292064
4202,pain,headache,619.40625,9.332543007969914,"(7.244359600749899, 10.0]",q3,8.62217980037495
4203,pain,prince,742.3548387096774,52.48074602497723,"(46.77351412871981, 56.23413251903491]",q10,51.503823323877356
4204,pair,operation,881.5625,83.17637711026708,"(70.79457843841374, 87.09635899560814]",q12,78.94546871701094
4205,pair,two,730.78125,1258.9254117941662,"(295.1209226666384, 18620.871366628657]",q17,9457.996144647648
4206,palace,guard,702.5483870967741,53.70317963702533,"(46.77351412871981, 56.23413251903491]",q10,51.503823323877356
4207,palace,killer,753.9333333333333,29.51209226666384,"(23.9883291901949, 29.51209226666384]",q7,26.75021072842937
4208,pale,argue,670.8965517241379,28.84031503126606,"(23.9883291901949, 29.51209226666384]",q7,26.75021072842937
4209,pale,tan,642.8620689655172,10.232929922807536,"(10.0, 13.182567385564074]",q4,11.591283692782037
4210,palm,sunday,602.8666666666667,83.17637711026708,"(70.79457843841374, 87.09635899560814]",q12,78.94546871701094
4211,palm,take,574.0333333333333,831.7637711026708,"(295.1209226666384, 18620.871366628657]",q17,9457.996144647648
4212,pan,pot,727.8620689655172,25.11886431509582,"(23.9883291901949, 29.51209226666384]",q7,26.75021072842937
4213,pan,strap,801.448275862069,6.165950018614822,"(5.011872336272725, 7.244359600749899]",q2,6.128115968511311
4214,pancakes,syrup,651.2,5.754399373371567,"(5.011872336272725, 7.244359600749899]",q2,6.128115968511311
4215,pancakes,tree,599.59375,70.79457843841374,"(56.23413251903491, 70.79457843841374]",q11,63.514355478724326
4216,panel,trash,651.65625,26.302679918953814,"(23.9883291901949, 29.51209226666384]",q7,26.75021072842937
4217,panel,wood,596.2903225806451,60.25595860743581,"(56.23413251903491, 70.79457843841374]",q11,63.514355478724326
4218,pants,graduation,707.3125,11.748975549395302,"(10.0, 13.182567385564074]",q4,11.591283692782037
4219,pants,wear,623.1666666666666,83.17637711026708,"(70.79457843841374, 87.09635899560814]",q12,78.94546871701094
4220,paper,gather,607.2307692307693,17.378008287493763,"(13.182567385564074, 17.78279410038923]",q5,15.482680742976651
4221,paper,pencil,716.4193548387096,8.91250938133746,"(7.244359600749899, 10.0]",q3,8.62217980037495
4222,paperclip,staple,622.3333333333334,4.786300923226385,"(2.7542287033381663, 5.011872336272725]",q1,3.8830505198054457
4223,paperclip,winner,714.8064516129032,63.0957344480193,"(56.23413251903491, 70.79457843841374]",q11,63.514355478724326
4224,parade,arrow,599.8,13.489628825916533,"(13.182567385564074, 17.78279410038923]",q5,15.482680742976651
4225,parade,circus,626.8125,9.549925860214358,"(7.244359600749899, 10.0]",q3,8.62217980037495
4226,paradise,add,616.4193548387096,123.02687708123811,"(112.2018454301963, 144.5439770745928]",q14,128.37291125239454
4227,paradise,island,552.3666666666667,102.32929922807536,"(87.09635899560814, 112.2018454301963]",q13,99.64910221290222
4228,parcel,ask,711.8709677419355,218.77616239495518,"(199.52623149688787, 295.1209226666384]",q16,247.32357708176315
4229,parcel,package,688.5625,28.84031503126606,"(23.9883291901949, 29.51209226666384]",q7,26.75021072842937
4230,parched,backward,742.1666666666666,5.1286138399136485,"(5.011872336272725, 7.244359600749899]",q2,6.128115968511311
4231,parched,thirsty,769.9354838709677,5.4954087385762485,"(5.011872336272725, 7.244359600749899]",q2,6.128115968511311
4232,pardon,excuse,694.0625,36.3078054770101,"(29.51209226666384, 37.15352290971728]",q8,33.33280758819056
4233,pardon,soprano,914.5217391304348,2.0417379446695296,"(0.0, 2.7542287033381663]",q0,1.3771143516690831
4234,paris,france,724.0666666666667,87.09635899560814,"(70.79457843841374, 87.09635899560814]",q12,78.94546871701094
4235,paris,shoelace,748.12,0.223872113856834,"(0.0, 2.7542287033381663]",q0,1.3771143516690831
4236,park,tax,675.9354838709677,138.03842646028838,"(112.2018454301963, 144.5439770745928]",q14,128.37291125239454
4237,park,tree,594.9677419354839,70.79457843841374,"(56.23413251903491, 70.79457843841374]",q11,63.514355478724326
4238,parking,crab,702.4375,5.754399373371567,"(5.011872336272725, 7.244359600749899]",q2,6.128115968511311
4239,parking,lot,705.9310344827586,407.380277804113,"(295.1209226666384, 18620.871366628657]",q17,9457.996144647648
4240,parkway,cars,643.2666666666667,77.62471166286912,"(70.79457843841374, 87.09635899560814]",q12,78.94546871701094
4241,parkway,pull,676.9032258064516,66.06934480075964,"(56.23413251903491, 70.79457843841374]",q11,63.514355478724326
4242,parsley,party,628.6,309.0295432513592,"(295.1209226666384, 18620.871366628657]",q17,9457.996144647648
4243,parsley,spice,662.2333333333333,8.709635899560805,"(7.244359600749899, 10.0]",q3,8.62217980037495
4244,part,staple,770.125,4.786300923226385,"(2.7542287033381663, 5.011872336272725]",q1,3.8830505198054457
4245,part,whole,567.3666666666667,288.40315031266056,"(199.52623149688787, 295.1209226666384]",q16,247.32357708176315
4246,participate,guard,668.84375,53.70317963702533,"(46.77351412871981, 56.23413251903491]",q10,51.503823323877356
4247,participate,join,636.516129032258,100.0,"(87.09635899560814, 112.2018454301963]",q13,99.64910221290222
4248,party,naked,640.9677419354839,26.91534803926914,"(23.9883291901949, 29.51209226666384]",q7,26.75021072842937
4249,party,unusual,702.483870967742,28.18382931264455,"(23.9883291901949, 29.51209226666384]",q7,26.75021072842937
4250,pass,fail,599.8387096774194,40.7380277804113,"(37.15352290971728, 46.77351412871981]",q9,41.963518519218546
4251,pass,jogger,780.72,0.4677351412871981,"(0.0, 2.7542287033381663]",q0,1.3771143516690831
4252,passage,hallway,681.1612903225806,5.248074602497728,"(5.011872336272725, 7.244359600749899]",q2,6.128115968511311
4253,passage,poison,646.9,12.02264434617413,"(10.0, 13.182567385564074]",q4,11.591283692782037
4254,passive,active,709.1724137931035,85.11380382023759,"(70.79457843841374, 87.09635899560814]",q12,78.94546871701094
4255,passive,girlfriend,573.3548387096774,47.863009232263806,"(46.77351412871981, 56.23413251903491]",q10,51.503823323877356
4256,pasta,big,585.7333333333333,467.73514128719813,"(295.1209226666384, 18620.871366628657]",q17,9457.996144647648
4257,pasta,spaghetti,733.7741935483871,4.46683592150963,"(2.7542287033381663, 5.011872336272725]",q1,3.8830505198054457
4258,paste,glue,597.75,6.30957344480193,"(5.011872336272725, 7.244359600749899]",q2,6.128115968511311
4259,paste,superman,710.4333333333333,10.471285480508985,"(10.0, 13.182567385564074]",q4,11.591283692782037
4260,pastry,cough,691.8571428571429,8.91250938133746,"(7.244359600749899, 10.0]",q3,8.62217980037495
4261,pastry,doughnut,828.5862068965517,1.4791083881682072,"(0.0, 2.7542287033381663]",q0,1.3771143516690831
4262,pasture,grass,669.7,23.9883291901949,"(17.78279410038923, 23.9883291901949]",q6,20.885561645292064
4263,pasture,hog,752.08,3.715352290971724,"(2.7542287033381663, 5.011872336272725]",q1,3.8830505198054457
4264,pat,tail,704.1724137931035,21.87761623949552,"(17.78279410038923, 23.9883291901949]",q6,20.885561645292064
4265,pat,touch,687.0625,81.28305161640995,"(70.79457843841374, 87.09635899560814]",q12,78.94546871701094
4266,path,forest,648.53125,50.11872336272725,"(46.77351412871981, 56.23413251903491]",q10,51.503823323877356
4267,path,socket,806.0357142857143,3.311311214825911,"(2.7542287033381663, 5.011872336272725]",q1,3.8830505198054457
4268,patience,tuesday,728.84375,42.65795188015925,"(37.15352290971728, 46.77351412871981]",q9,41.963518519218546
4269,patience,virtue,809.2857142857143,8.709635899560805,"(7.244359600749899, 10.0]",q3,8.62217980037495
4270,patient,me,591.1818181818181,3019.951720402019,"(295.1209226666384, 18620.871366628657]",q17,9457.996144647648
4271,patient,nurse,597.2903225806451,25.11886431509582,"(23.9883291901949, 29.51209226666384]",q7,26.75021072842937
4272,patio,elevator,598.71875,8.91250938133746,"(7.244359600749899, 10.0]",q3,8.62217980037495
4273,patio,furniture,674.8333333333334,19.498445997580454,"(17.78279410038923, 23.9883291901949]",q6,20.885561645292064
4274,pattern,maze,735.3703703703703,4.46683592150963,"(2.7542287033381663, 5.011872336272725]",q1,3.8830505198054457
4275,pattern,touch,594.875,81.28305161640995,"(70.79457843841374, 87.09635899560814]",q12,78.94546871701094
4276,pay,check,567.969696969697,204.17379446695276,"(199.52623149688787, 295.1209226666384]",q16,247.32357708176315
4277,pay,turtle,571.7096774193549,8.128305161640995,"(7.244359600749899, 10.0]",q3,8.62217980037495
4278,payment,job,606.7741935483871,316.22776601683796,"(295.1209226666384, 18620.871366628657]",q17,9457.996144647648
4279,payment,mustache,721.4516129032259,2.570395782768865,"(0.0, 2.7542287033381663]",q0,1.3771143516690831
4280,peak,best,602.46875,691.8309709189363,"(295.1209226666384, 18620.871366628657]",q17,9457.996144647648
4281,peak,odd,615.3870967741935,26.302679918953814,"(23.9883291901949, 29.51209226666384]",q7,26.75021072842937
4282,peanut,bravery,737.0967741935484,3.890451449942805,"(2.7542287033381663, 5.011872336272725]",q1,3.8830505198054457
4283,peanut,butter,697.1666666666666,25.11886431509582,"(23.9883291901949, 29.51209226666384]",q7,26.75021072842937
4284,pear,peach,649.09375,5.88843655355589,"(5.011872336272725, 7.244359600749899]",q2,6.128115968511311
4285,pear,succeed,653.2903225806451,19.498445997580454,"(17.78279410038923, 23.9883291901949]",q6,20.885561645292064
4286,pearl,letter,601.34375,89.12509381337459,"(87.09635899560814, 112.2018454301963]",q13,99.64910221290222
4287,pearl,oyster,755.9285714285714,3.4673685045253166,"(2.7542287033381663, 5.011872336272725]",q1,3.8830505198054457
4288,pebble,bucket,609.0333333333333,11.748975549395302,"(10.0, 13.182567385564074]",q4,11.591283692782037
4289,pebble,rock,706.6551724137931,107.1519305237607,"(87.09635899560814, 112.2018454301963]",q13,99.64910221290222
4290,pedal,bike,548.0666666666667,33.884415613920275,"(29.51209226666384, 37.15352290971728]",q8,33.33280758819056
4291,pedal,found,688.78125,478.630092322638,"(295.1209226666384, 18620.871366628657]",q17,9457.996144647648
4292,pen,pencil,606.0,8.91250938133746,"(7.244359600749899, 10.0]",q3,8.62217980037495
4293,pen,weak,592.75,45.708818961487516,"(37.15352290971728, 46.77351412871981]",q9,41.963518519218546
4294,pendulum,hypnotize,724.3225806451613,0.34673685045253166,"(0.0, 2.7542287033381663]",q0,1.3771143516690831
4295,pendulum,what,600.1935483870968,2398.83291901949,"(295.1209226666384, 18620.871366628657]",q17,9457.996144647648
4296,penny,dime,695.1,4.570881896148752,"(2.7542287033381663, 5.011872336272725]",q1,3.8830505198054457
4297,penny,stop,660.8666666666667,331.13112148259074,"(295.1209226666384, 18620.871366628657]",q17,9457.996144647648
4298,people,place,653.0625,512.8613839913648,"(295.1209226666384, 18620.871366628657]",q17,9457.996144647648
4299,people,then,677.5,1174.8975549395302,"(295.1209226666384, 18620.871366628657]",q17,9457.996144647648
4300,pepperoni,alcohol,733.25,40.7380277804113,"(37.15352290971728, 46.77351412871981]",q9,41.963518519218546
4301,pepperoni,pizza,675.90625,26.91534803926914,"(23.9883291901949, 29.51209226666384]",q7,26.75021072842937
4302,perceive,bother,699.9354838709677,24.547089156850287,"(23.9883291901949, 29.51209226666384]",q7,26.75021072842937
4303,perceive,look,649.40625,645.6542290346549,"(295.1209226666384, 18620.871366628657]",q17,9457.996144647648
4304,percent,hundred,709.65625,51.28613839913648,"(46.77351412871981, 56.23413251903491]",q10,51.503823323877356
4305,percent,odd,623.125,26.302679918953814,"(23.9883291901949, 29.51209226666384]",q7,26.75021072842937
4306,percentage,hundred,735.9375,51.28613839913648,"(46.77351412871981, 56.23413251903491]",q10,51.503823323877356
4307,percentage,round,664.6774193548387,138.03842646028838,"(112.2018454301963, 144.5439770745928]",q14,128.37291125239454
4308,perception,sight,603.1935483870968,34.673685045253166,"(29.51209226666384, 37.15352290971728]",q8,33.33280758819056
4309,perception,values,621.2727272727273,46.77351412871981,"(37.15352290971728, 46.77351412871981]",q9,41.963518519218546
4310,perch,branch,750.9354838709677,38.018939632056124,"(37.15352290971728, 46.77351412871981]",q9,41.963518519218546
4311,perch,for,733.7096774193549,10232.929922807536,"(295.1209226666384, 18620.871366628657]",q17,9457.996144647648
4312,perform,act,619.4666666666667,199.52623149688787,"(144.5439770745928, 199.52623149688787]",q15,172.03510428574032
4313,perform,lost,585.3125,245.47089156850285,"(199.52623149688787, 295.1209226666384]",q16,247.32357708176315
4314,period,decision,737.7,123.02687708123811,"(112.2018454301963, 144.5439770745928]",q14,128.37291125239454
4315,period,sentence,690.5806451612904,38.018939632056124,"(37.15352290971728, 46.77351412871981]",q9,41.963518519218546
4316,periscope,pancakes,712.5806451612904,3.890451449942805,"(2.7542287033381663, 5.011872336272725]",q1,3.8830505198054457
4317,periscope,submarine,771.8620689655172,6.456542290346556,"(5.011872336272725, 7.244359600749899]",q2,6.128115968511311
4318,perish,disappear,731.625,12.30268770812381,"(10.0, 13.182567385564074]",q4,11.591283692782037
4319,perish,drink,588.46875,79.43282347242821,"(70.79457843841374, 87.09635899560814]",q12,78.94546871701094
4320,permit,let,589.71875,398.1071705534969,"(295.1209226666384, 18620.871366628657]",q17,9457.996144647648
4321,permit,plain,703.625,26.91534803926914,"(23.9883291901949, 29.51209226666384]",q7,26.75021072842937
4322,peroxide,blonde,697.3548387096774,10.964781961431852,"(10.0, 13.182567385564074]",q4,11.591283692782037
4323,peroxide,santa,678.6551724137931,30.90295432513592,"(29.51209226666384, 37.15352290971728]",q8,33.33280758819056
4324,personal,chest,701.4827586206897,33.11311214825908,"(29.51209226666384, 37.15352290971728]",q8,33.33280758819056
4325,personal,diary,741.4333333333333,12.30268770812381,"(10.0, 13.182567385564074]",q4,11.591283692782037
4326,personality,trait,713.9,4.897788193684462,"(2.7542287033381663, 5.011872336272725]",q1,3.8830505198054457
4327,personality,west,735.0689655172414,194.98445997580455,"(144.5439770745928, 199.52623149688787]",q15,172.03510428574032
4328,personnel,garbage,758.516129032258,15.135612484362072,"(13.182567385564074, 17.78279410038923]",q5,15.482680742976651
4329,personnel,staff,547.5862068965517,120.22644346174131,"(112.2018454301963, 144.5439770745928]",q14,128.37291125239454
4330,persuade,con,853.3636363636364,19.054607179632484,"(17.78279410038923, 23.9883291901949]",q6,20.885561645292064
4331,persuade,war,643.28125,288.40315031266056,"(199.52623149688787, 295.1209226666384]",q16,247.32357708176315
4332,pest,coke,633.7931034482758,12.02264434617413,"(10.0, 13.182567385564074]",q4,11.591283692782037
4333,pest,control,626.34375,251.18864315095823,"(199.52623149688787, 295.1209226666384]",q16,247.32357708176315
4334,petroleum,car,604.8666666666667,281.8382931264455,"(199.52623149688787, 295.1209226666384]",q16,247.32357708176315
4335,petroleum,year,627.258064516129,912.0108393559096,"(295.1209226666384, 18620.871366628657]",q17,9457.996144647648
4336,phantom,monster,716.78125,30.90295432513592,"(29.51209226666384, 37.15352290971728]",q8,33.33280758819056
4337,phantom,wheelchair,766.2666666666667,7.244359600749899,"(5.011872336272725, 7.244359600749899]",q2,6.128115968511311
4338,phase,letters,596.0645161290323,45.708818961487516,"(37.15352290971728, 46.77351412871981]",q9,41.963518519218546
4339,phase,stage,728.6666666666666,125.89254117941661,"(112.2018454301963, 144.5439770745928]",q14,128.37291125239454
4340,philosophy,need,652.2258064516129,933.2543007969905,"(295.1209226666384, 18620.871366628657]",q17,9457.996144647648
4341,philosophy,thought,680.7741935483871,389.04514499428046,"(295.1209226666384, 18620.871366628657]",q17,9457.996144647648
4342,phone,call,574.03125,323.5936569296281,"(295.1209226666384, 18620.871366628657]",q17,9457.996144647648
4343,phone,when,750.9,2344.228815319923,"(295.1209226666384, 18620.871366628657]",q17,9457.996144647648
4344,phony,false,655.1612903225806,42.65795188015925,"(37.15352290971728, 46.77351412871981]",q9,41.963518519218546
4345,phony,bubble,702.3225806451613,14.45439770745928,"(13.182567385564074, 17.78279410038923]",q5,15.482680742976651
4346,phrase,characteris,915.1875,0.001,"(0.0, 2.7542287033381663]",q0,1.3771143516690831
4347,phrase,sentence,730.53125,38.018939632056124,"(37.15352290971728, 46.77351412871981]",q9,41.963518519218546
4348,physical,doctor,547.0322580645161,79.43282347242821,"(70.79457843841374, 87.09635899560814]",q12,78.94546871701094
4349,physical,slip,651.6428571428571,19.054607179632484,"(17.78279410038923, 23.9883291901949]",q6,20.885561645292064
4350,physician,needle,659.516129032258,9.549925860214358,"(7.244359600749899, 10.0]",q3,8.62217980037495
4351,physician,sweet,634.7666666666667,81.28305161640995,"(70.79457843841374, 87.09635899560814]",q12,78.94546871701094
4352,physics,motion,640.2333333333333,38.904514499428046,"(37.15352290971728, 46.77351412871981]",q9,41.963518519218546
4353,physics,picket,996.6666666666666,1.8620871366628675,"(0.0, 2.7542287033381663]",q0,1.3771143516690831
4354,physiology,body,722.28125,251.18864315095823,"(199.52623149688787, 295.1209226666384]",q16,247.32357708176315
4355,physiology,specific,809.1612903225806,107.1519305237607,"(87.09635899560814, 112.2018454301963]",q13,99.64910221290222
4356,piano,key,577.875,131.82567385564073,"(112.2018454301963, 144.5439770745928]",q14,128.37291125239454
4357,piano,question,667.0,223.87211385683378,"(199.52623149688787, 295.1209226666384]",q16,247.32357708176315
4358,pick,carrot,671.0322580645161,4.168693834703355,"(2.7542287033381663, 5.011872336272725]",q1,3.8830505198054457
4359,pick,choose,570.09375,81.28305161640995,"(70.79457843841374, 87.09635899560814]",q12,78.94546871701094
4360,picket,cause,643.0666666666667,223.87211385683378,"(199.52623149688787, 295.1209226666384]",q16,247.32357708176315
4361,picket,seek,703.0967741935484,40.7380277804113,"(37.15352290971728, 46.77351412871981]",q9,41.963518519218546
4362,pickle,dill,658.3103448275862,1.2882495516931336,"(0.0, 2.7542287033381663]",q0,1.3771143516690831
4363,pickle,swear,581.6551724137931,32.35936569296281,"(29.51209226666384, 37.15352290971728]",q8,33.33280758819056
4364,pickles,dill,744.25,1.2882495516931336,"(0.0, 2.7542287033381663]",q0,1.3771143516690831
4365,pickles,sexy,642.0645161290323,26.302679918953814,"(23.9883291901949, 29.51209226666384]",q7,26.75021072842937
4366,picnic,lunch,669.3,45.708818961487516,"(37.15352290971728, 46.77351412871981]",q9,41.963518519218546
4367,picture,driving,693.1,79.43282347242821,"(70.79457843841374, 87.09635899560814]",q12,78.94546871701094
4368,picture,frame,609.25,38.018939632056124,"(37.15352290971728, 46.77351412871981]",q9,41.963518519218546
4369,pie,apple,653.5625,57.543993733715666,"(56.23413251903491, 70.79457843841374]",q11,63.514355478724326
4370,pie,relative,661.1,30.199517204020193,"(29.51209226666384, 37.15352290971728]",q8,33.33280758819056
4371,piece,business,738.2903225806451,363.078054770101,"(295.1209226666384, 18620.871366628657]",q17,9457.996144647648
4372,piece,pie,659.1935483870968,15.488166189124827,"(13.182567385564074, 17.78279410038923]",q5,15.482680742976651
4373,pieces,earth,602.0625,114.81536214968817,"(112.2018454301963, 144.5439770745928]",q14,128.37291125239454
4374,pieces,puzzle,671.9666666666667,9.120108393559097,"(7.244359600749899, 10.0]",q3,8.62217980037495
4375,pig,hog,686.4,3.715352290971724,"(2.7542287033381663, 5.011872336272725]",q1,3.8830505198054457
4376,pig,radio,648.9375,102.32929922807536,"(87.09635899560814, 112.2018454301963]",q13,99.64910221290222
4377,pike,nail,611.5806451612904,16.218100973589298,"(13.182567385564074, 17.78279410038923]",q5,15.482680742976651
4378,pike,peak,719.0666666666667,33.884415613920275,"(29.51209226666384, 37.15352290971728]",q8,33.33280758819056
4379,pile,stack,626.3870967741935,11.220184543019629,"(10.0, 13.182567385564074]",q4,11.591283692782037
4380,pile,tiger,668.741935483871,19.952623149688787,"(17.78279410038923, 23.9883291901949]",q6,20.885561645292064
4381,pillow,blanket,595.5,11.748975549395302,"(10.0, 13.182567385564074]",q4,11.591283692782037
4382,pillow,salad,633.9333333333333,14.125375446227554,"(13.182567385564074, 17.78279410038923]",q5,15.482680742976651
4383,pimple,furniture,734.8666666666667,19.498445997580454,"(17.78279410038923, 23.9883291901949]",q6,20.885561645292064
4384,pimple,zit,800.2333333333333,0.25118864315095796,"(0.0, 2.7542287033381663]",q0,1.3771143516690831
4385,pin,fire,663.5625,199.52623149688787,"(144.5439770745928, 199.52623149688787]",q15,172.03510428574032
4386,pin,sharp,582.9655172413793,30.199517204020193,"(29.51209226666384, 37.15352290971728]",q8,33.33280758819056
4387,pint,card,631.6,109.64781961431851,"(87.09635899560814, 112.2018454301963]",q13,99.64910221290222
4388,pint,quart,686.9677419354839,1.0232929922807537,"(0.0, 2.7542287033381663]",q0,1.3771143516690831
4389,pious,holy,729.7,75.85775750291836,"(70.79457843841374, 87.09635899560814]",q12,78.94546871701094
4390,pious,secret,783.6551724137931,83.17637711026708,"(70.79457843841374, 87.09635899560814]",q12,78.94546871701094
4391,pipe,cleaner,629.125,7.943282347242813,"(7.244359600749899, 10.0]",q3,8.62217980037495
4392,pipe,rotten,777.6451612903226,6.456542290346556,"(5.011872336272725, 7.244359600749899]",q2,6.128115968511311
4393,pissed,mad,636.1,54.954087385762485,"(46.77351412871981, 56.23413251903491]",q10,51.503823323877356
4394,pissed,upstairs,723.9,7.413102413009177,"(7.244359600749899, 10.0]",q3,8.62217980037495
4395,pit,hell,603.1666666666666,125.89254117941661,"(112.2018454301963, 144.5439770745928]",q14,128.37291125239454
4396,pit,rocket,655.2,20.417379446695275,"(17.78279410038923, 23.9883291901949]",q6,20.885561645292064
4397,pitcher,girls,691.9354838709677,147.91083881682073,"(144.5439770745928, 199.52623149688787]",q15,172.03510428574032
4398,pitcher,tea,694.6,53.70317963702533,"(46.77351412871981, 56.23413251903491]",q10,51.503823323877356
4399,pitchfork,chalk,752.9666666666667,4.897788193684462,"(2.7542287033381663, 5.011872336272725]",q1,3.8830505198054457
4400,pitchfork,hay,728.5,8.128305161640995,"(7.244359600749899, 10.0]",q3,8.62217980037495
4401,pity,shame,763.2666666666667,35.481338923357534,"(29.51209226666384, 37.15352290971728]",q8,33.33280758819056
4402,pity,valuable,725.0,32.35936569296281,"(29.51209226666384, 37.15352290971728]",q8,33.33280758819056
4403,plaid,socket,704.2142857142857,3.311311214825911,"(2.7542287033381663, 5.011872336272725]",q1,3.8830505198054457
4404,plaid,stripe,722.4444444444445,3.235936569296281,"(2.7542287033381663, 5.011872336272725]",q1,3.8830505198054457
4405,plain,simple,606.71875,120.22644346174131,"(112.2018454301963, 144.5439770745928]",q14,128.37291125239454
4406,plain,unclear,781.2,8.511380382023768,"(7.244359600749899, 10.0]",q3,8.62217980037495
4407,plane,crash,611.25,35.481338923357534,"(29.51209226666384, 37.15352290971728]",q8,33.33280758819056
4408,plane,future,617.1818181818181,213.79620895022325,"(199.52623149688787, 295.1209226666384]",q16,247.32357708176315
4409,planning,happy,621.5454545454545,223.87211385683378,"(199.52623149688787, 295.1209226666384]",q16,247.32357708176315
4410,planning,organize,742.34375,9.549925860214358,"(7.244359600749899, 10.0]",q3,8.62217980037495
4411,plant,bush,745.4,30.90295432513592,"(29.51209226666384, 37.15352290971728]",q8,33.33280758819056
4412,plant,helper,739.6071428571429,2.570395782768865,"(0.0, 2.7542287033381663]",q0,1.3771143516690831
4413,plants,flowers,674.9333333333333,43.65158322401656,"(37.15352290971728, 46.77351412871981]",q9,41.963518519218546
4414,plants,partner,822.5806451612904,69.18309709189363,"(56.23413251903491, 70.79457843841374]",q11,63.514355478724326
4415,plaque,steal,641.6774193548387,25.703957827688647,"(23.9883291901949, 29.51209226666384]",q7,26.75021072842937
4416,plaque,trophy,788.1379310344828,14.791083881682072,"(13.182567385564074, 17.78279410038923]",q5,15.482680742976651
4417,plaster,strange,804.2903225806451,43.65158322401656,"(37.15352290971728, 46.77351412871981]",q9,41.963518519218546
4418,plaster,wall,649.0625,109.64781961431851,"(87.09635899560814, 112.2018454301963]",q13,99.64910221290222
4419,plastic,open,569.0322580645161,301.9951720402019,"(295.1209226666384, 18620.871366628657]",q17,9457.996144647648
4420,plastic,tupperware,868.1304347826087,0.5754399373371566,"(0.0, 2.7542287033381663]",q0,1.3771143516690831
4421,plate,saucer,754.7666666666667,1.1481536214968828,"(0.0, 2.7542287033381663]",q0,1.3771143516690831
4422,plate,stay,694.0333333333333,213.79620895022325,"(199.52623149688787, 295.1209226666384]",q16,247.32357708176315
4423,plates,dishes,655.46875,13.489628825916533,"(13.182567385564074, 17.78279410038923]",q5,15.482680742976651
4424,plates,tart,899.6818181818181,2.344228815319923,"(0.0, 2.7542287033381663]",q0,1.3771143516690831
4425,platform,liberty,637.969696969697,21.87761623949552,"(17.78279410038923, 23.9883291901949]",q6,20.885561645292064
4426,platform,stage,662.03125,125.89254117941661,"(112.2018454301963, 144.5439770745928]",q14,128.37291125239454
4427,player,stick,699.516129032258,57.543993733715666,"(56.23413251903491, 70.79457843841374]",q11,63.514355478724326
4428,player,tennis,571.2903225806451,22.38721138568338,"(17.78279410038923, 23.9883291901949]",q6,20.885561645292064
4429,playground,gum,815.1034482758621,8.709635899560805,"(7.244359600749899, 10.0]",q3,8.62217980037495
4430,playground,slide,689.3030303030303,19.952623149688787,"(17.78279410038923, 23.9883291901949]",q6,20.885561645292064
4431,playing,carrot,635.625,4.168693834703355,"(2.7542287033381663, 5.011872336272725]",q1,3.8830505198054457
4432,playing,kids,603.25,190.54607179632484,"(144.5439770745928, 199.52623149688787]",q15,172.03510428574032
4433,plaything,aware,609.21875,60.25595860743581,"(56.23413251903491, 70.79457843841374]",q11,63.514355478724326
4434,plaything,toy,638.2258064516129,19.952623149688787,"(17.78279410038923, 23.9883291901949]",q6,20.885561645292064
4435,plaza,mall,574.741935483871,19.498445997580454,"(17.78279410038923, 23.9883291901949]",q6,20.885561645292064
4436,plaza,twelve,632.6875,22.38721138568338,"(17.78279410038923, 23.9883291901949]",q6,20.885561645292064
4437,plead,beg,738.6666666666666,11.220184543019629,"(10.0, 13.182567385564074]",q4,11.591283692782037
4438,plead,item,683.3548387096774,37.15352290971728,"(29.51209226666384, 37.15352290971728]",q8,33.33280758819056
4439,please,thanks,674.75,269.1534803926914,"(199.52623149688787, 295.1209226666384]",q16,247.32357708176315
4440,please,whole,609.9333333333333,288.40315031266056,"(199.52623149688787, 295.1209226666384]",q16,247.32357708176315
4441,pledge,honor,616.8666666666667,48.97788193684466,"(46.77351412871981, 56.23413251903491]",q10,51.503823323877356
4442,pledge,marker,659.7741935483871,7.413102413009177,"(7.244359600749899, 10.0]",q3,8.62217980037495
4443,plenty,enough,630.3225806451613,346.73685045253166,"(295.1209226666384, 18620.871366628657]",q17,9457.996144647648
4444,plenty,thousand,693.483870967742,43.65158322401656,"(37.15352290971728, 46.77351412871981]",q9,41.963518519218546
4445,pliers,company,708.65625,398.1071705534969,"(295.1209226666384, 18620.871366628657]",q17,9457.996144647648
4446,pliers,tool,570.7096774193549,36.3078054770101,"(29.51209226666384, 37.15352290971728]",q8,33.33280758819056
4447,plot,pig,631.21875,13.803842646028839,"(13.182567385564074, 17.78279410038923]",q5,15.482680742976651
4448,plot,summary,750.3548387096774,23.442288153199225,"(17.78279410038923, 23.9883291901949]",q6,20.885561645292064
4449,plug,socket,725.5416666666666,3.311311214825911,"(2.7542287033381663, 5.011872336272725]",q1,3.8830505198054457
4450,plug,spinach,795.8518518518518,3.019951720402016,"(2.7542287033381663, 5.011872336272725]",q1,3.8830505198054457
4451,plum,pudding,685.8,4.073802778041126,"(2.7542287033381663, 5.011872336272725]",q1,3.8830505198054457
4452,plum,weekend,638.875,85.11380382023759,"(70.79457843841374, 87.09635899560814]",q12,78.94546871701094
4453,plumber,drain,702.7,11.748975549395302,"(10.0, 13.182567385564074]",q4,11.591283692782037
4454,plumber,sound,667.8064516129032,141.25375446227554,"(112.2018454301963, 144.5439770745928]",q14,128.37291125239454
4455,plus,jump,705.0,48.97788193684466,"(46.77351412871981, 56.23413251903491]",q10,51.503823323877356
4456,plus,minus,649.1612903225806,10.0,"(7.244359600749899, 10.0]",q3,8.62217980037495
4457,plush,carpet,615.8125,15.135612484362072,"(13.182567385564074, 17.78279410038923]",q5,15.482680742976651
4458,plush,tiger,716.03125,19.952623149688787,"(17.78279410038923, 23.9883291901949]",q6,20.885561645292064
4459,pluto,defense,683.3793103448276,85.11380382023759,"(70.79457843841374, 87.09635899560814]",q12,78.94546871701094
4460,pluto,dog,535.0645161290323,125.89254117941661,"(112.2018454301963, 144.5439770745928]",q14,128.37291125239454
4461,pocket,jeans,587.25,12.30268770812381,"(10.0, 13.182567385564074]",q4,11.591283692782037
4462,pocket,there,772.875,2041.7379446695275,"(295.1209226666384, 18620.871366628657]",q17,9457.996144647648
4463,pocketbook,newspaper,740.0,39.81071705534969,"(37.15352290971728, 46.77351412871981]",q9,41.963518519218546
4464,pocketbook,purse,609.4516129032259,8.91250938133746,"(7.244359600749899, 10.0]",q3,8.62217980037495
4465,poem,rhyme,874.6785714285714,3.630780547701014,"(2.7542287033381663, 5.011872336272725]",q1,3.8830505198054457
4466,poem,staple,695.6206896551724,4.786300923226385,"(2.7542287033381663, 5.011872336272725]",q1,3.8830505198054457
4467,poet,fat,621.5483870967741,70.79457843841374,"(56.23413251903491, 70.79457843841374]",q11,63.514355478724326
4468,poet,writer,628.969696969697,48.97788193684466,"(46.77351412871981, 56.23413251903491]",q10,51.503823323877356
4469,poetry,beam,799.0,13.803842646028839,"(13.182567385564074, 17.78279410038923]",q5,15.482680742976651
4470,poetry,poem,610.8064516129032,17.78279410038923,"(13.182567385564074, 17.78279410038923]",q5,15.482680742976651
4471,point,direct,580.6363636363636,81.28305161640995,"(70.79457843841374, 87.09635899560814]",q12,78.94546871701094
4472,point,spoon,647.84375,7.585775750291836,"(7.244359600749899, 10.0]",q3,8.62217980037495
4473,poison,evil,605.4516129032259,54.954087385762485,"(46.77351412871981, 56.23413251903491]",q10,51.503823323877356
4474,poison,snake,591.4516129032259,16.98243652461746,"(13.182567385564074, 17.78279410038923]",q5,15.482680742976651
4475,poker,first,657.2424242424242,1288.249551693135,"(295.1209226666384, 18620.871366628657]",q17,9457.996144647648
4476,poker,gamble,703.4193548387096,6.165950018614822,"(5.011872336272725, 7.244359600749899]",q2,6.128115968511311
4477,pole,game,597.90625,524.8074602497722,"(295.1209226666384, 18620.871366628657]",q17,9457.996144647648
4478,pole,vault,698.7,7.943282347242813,"(7.244359600749899, 10.0]",q3,8.62217980037495
4479,policeman,cop,559.21875,23.442288153199225,"(17.78279410038923, 23.9883291901949]",q6,20.885561645292064
4480,policeman,wine,624.9333333333333,54.954087385762485,"(46.77351412871981, 56.23413251903491]",q10,51.503823323877356
4481,policy,decay,754.7142857142857,6.760829753919819,"(5.011872336272725, 7.244359600749899]",q2,6.128115968511311
4482,policy,rule,605.0625,87.09635899560814,"(70.79457843841374, 87.09635899560814]",q12,78.94546871701094
4483,polish,luck,644.1333333333333,81.28305161640995,"(70.79457843841374, 87.09635899560814]",q12,78.94546871701094
4484,polish,shine,780.0689655172414,14.791083881682072,"(13.182567385564074, 17.78279410038923]",q5,15.482680742976651
4485,politician,encourage,823.28125,28.18382931264455,"(23.9883291901949, 29.51209226666384]",q7,26.75021072842937
4486,politician,liar,669.3461538461538,10.471285480508985,"(10.0, 13.182567385564074]",q4,11.591283692782037
4487,politics,groceries,738.7741935483871,4.677351412871981,"(2.7542287033381663, 5.011872336272725]",q1,3.8830505198054457
4488,politics,republican,824.6206896551724,50.11872336272725,"(46.77351412871981, 56.23413251903491]",q10,51.503823323877356
4489,pollution,environment,713.6451612903226,74.13102413009177,"(70.79457843841374, 87.09635899560814]",q12,78.94546871701094
4490,pollution,washington,745.516129032258,120.22644346174131,"(112.2018454301963, 144.5439770745928]",q14,128.37291125239454
4491,polyester,cotton,640.1290322580645,22.38721138568338,"(17.78279410038923, 23.9883291901949]",q6,20.885561645292064
4492,polyester,fright,772.2,1.9952623149688788,"(0.0, 2.7542287033381663]",q0,1.3771143516690831
4493,pond,dark,701.6129032258065,109.64781961431851,"(87.09635899560814, 112.2018454301963]",q13,99.64910221290222
4494,pond,lake,584.59375,67.60829753919819,"(56.23413251903491, 70.79457843841374]",q11,63.514355478724326
4495,pool,hall,648.1515151515151,74.13102413009177,"(70.79457843841374, 87.09635899560814]",q12,78.94546871701094
4496,pool,steel,789.4193548387096,51.28613839913648,"(46.77351412871981, 56.23413251903491]",q10,51.503823323877356
4497,poor,dinosaur,794.5925925925926,5.88843655355589,"(5.011872336272725, 7.244359600749899]",q2,6.128115968511311
4498,poor,lonely,618.3125,17.78279410038923,"(13.182567385564074, 17.78279410038923]",q5,15.482680742976651
4499,pop,promise,751.4666666666667,51.28613839913648,"(46.77351412871981, 56.23413251903491]",q10,51.503823323877356
4500,pop,soda,625.6451612903226,10.964781961431852,"(10.0, 13.182567385564074]",q4,11.591283692782037
4501,popcorn,butter,717.5806451612904,25.11886431509582,"(23.9883291901949, 29.51209226666384]",q7,26.75021072842937
4502,popcorn,slave,632.6363636363636,20.417379446695275,"(17.78279410038923, 23.9883291901949]",q6,20.885561645292064
4503,pope,god,728.6060606060606,371.53522909717276,"(295.1209226666384, 18620.871366628657]",q17,9457.996144647648
4504,pope,like,705.1,2570.3957827688646,"(295.1209226666384, 18620.871366628657]",q17,9457.996144647648
4505,popeye,shoot,640.09375,53.70317963702533,"(46.77351412871981, 56.23413251903491]",q10,51.503823323877356
4506,popeye,spinach,775.5806451612904,3.019951720402016,"(2.7542287033381663, 5.011872336272725]",q1,3.8830505198054457
4507,population,explosion,855.0322580645161,16.595869074375596,"(13.182567385564074, 17.78279410038923]",q5,15.482680742976651
4508,population,sword,704.3030303030303,23.442288153199225,"(17.78279410038923, 23.9883291901949]",q6,20.885561645292064
4509,porcelain,doll,646.0909090909091,11.481536214968818,"(10.0, 13.182567385564074]",q4,11.591283692782037
4510,porcelain,start,620.0,363.078054770101,"(295.1209226666384, 18620.871366628657]",q17,9457.996144647648
4511,porch,monkey,554.5,11.748975549395302,"(10.0, 13.182567385564074]",q4,11.591283692782037
4512,pork,bacon,626.84375,14.125375446227554,"(13.182567385564074, 17.78279410038923]",q5,15.482680742976651
4513,pork,belief,701.75,28.84031503126606,"(23.9883291901949, 29.51209226666384]",q7,26.75021072842937
4514,port,grandma,931.1071428571428,12.88249551693135,"(10.0, 13.182567385564074]",q4,11.591283692782037
4515,port,ship,578.6129032258065,85.11380382023759,"(70.79457843841374, 87.09635899560814]",q12,78.94546871701094
4516,portion,monkey,645.5625,11.748975549395302,"(10.0, 13.182567385564074]",q4,11.591283692782037
4517,portion,sample,633.2258064516129,33.884415613920275,"(29.51209226666384, 37.15352290971728]",q8,33.33280758819056
4518,portray,neutron,856.1481481481482,2.7542287033381663,"(0.0, 2.7542287033381663]",q0,1.3771143516690831
4519,portray,paint,587.0,33.11311214825908,"(29.51209226666384, 37.15352290971728]",q8,33.33280758819056
4520,position,cash,642.4,83.17637711026708,"(70.79457843841374, 87.09635899560814]",q12,78.94546871701094
4521,position,place,728.0625,512.8613839913648,"(295.1209226666384, 18620.871366628657]",q17,9457.996144647648
4522,positive,always,578.6060606060606,575.4399373371566,"(295.1209226666384, 18620.871366628657]",q17,9457.996144647648
4523,positive,negative,690.8387096774194,61.65950018614822,"(56.23413251903491, 70.79457843841374]",q11,63.514355478724326
4524,possess,couch,704.5333333333333,14.791083881682072,"(13.182567385564074, 17.78279410038923]",q5,15.482680742976651
4525,possess,take,618.0967741935484,831.7637711026708,"(295.1209226666384, 18620.871366628657]",q17,9457.996144647648
4526,possible,castle,731.0,28.18382931264455,"(23.9883291901949, 29.51209226666384]",q7,26.75021072842937
4527,possible,dream,605.9090909090909,81.28305161640995,"(70.79457843841374, 87.09635899560814]",q12,78.94546871701094
4528,post,crayon,771.0625,1.122018454301963,"(0.0, 2.7542287033381663]",q0,1.3771143516690831
4529,post,office,603.1212121212121,251.18864315095823,"(199.52623149688787, 295.1209226666384]",q16,247.32357708176315
4530,postage,above,683.0,158.48931924611142,"(144.5439770745928, 199.52623149688787]",q15,172.03510428574032
4531,postage,stamp,570.060606060606,12.88249551693135,"(10.0, 13.182567385564074]",q4,11.591283692782037
4532,potato,salad,587.516129032258,14.125375446227554,"(13.182567385564074, 17.78279410038923]",q5,15.482680742976651
4533,potato,trade,596.7666666666667,131.82567385564073,"(112.2018454301963, 144.5439770745928]",q14,128.37291125239454
4534,pottery,clay,652.8387096774194,19.498445997580454,"(17.78279410038923, 23.9883291901949]",q6,20.885561645292064
4535,pottery,knee,626.9375,21.379620895022324,"(17.78279410038923, 23.9883291901949]",q6,20.885561645292064
4536,pounce,cause,650.40625,223.87211385683378,"(199.52623149688787, 295.1209226666384]",q16,247.32357708176315
4537,pounce,hit,591.375,234.42288153199226,"(199.52623149688787, 295.1209226666384]",q16,247.32357708176315
4538,pound,dollar,755.6666666666666,38.904514499428046,"(37.15352290971728, 46.77351412871981]",q9,41.963518519218546
4539,pound,left,710.9666666666667,416.8693834703355,"(295.1209226666384, 18620.871366628657]",q17,9457.996144647648
4540,pour,pot,670.741935483871,25.11886431509582,"(23.9883291901949, 29.51209226666384]",q7,26.75021072842937
4541,pour,spill,688.483870967742,6.918309709189363,"(5.011872336272725, 7.244359600749899]",q2,6.128115968511311
4542,powder,face,554.9375,281.8382931264455,"(199.52623149688787, 295.1209226666384]",q16,247.32357708176315
4543,powder,milk,568.21875,45.708818961487516,"(37.15352290971728, 46.77351412871981]",q9,41.963518519218546
4544,powerful,strong,633.3548387096774,165.95869074375597,"(144.5439770745928, 199.52623149688787]",q15,172.03510428574032
4545,powerful,suffocate,696.9285714285714,0.7244359600749899,"(0.0, 2.7542287033381663]",q0,1.3771143516690831
4546,practice,data,721.4193548387096,218.77616239495518,"(199.52623149688787, 295.1209226666384]",q16,247.32357708176315
4547,practice,perfect,722.5,158.48931924611142,"(144.5439770745928, 199.52623149688787]",q15,172.03510428574032
4548,praise,comfortable,680.1818181818181,45.708818961487516,"(37.15352290971728, 46.77351412871981]",q9,41.963518519218546
4549,praise,glory,627.5806451612904,22.90867652767775,"(17.78279410038923, 23.9883291901949]",q6,20.885561645292064
4550,prank,cry,702.15625,38.904514499428046,"(37.15352290971728, 46.77351412871981]",q9,41.963518519218546
4551,prank,joke,630.59375,47.863009232263806,"(46.77351412871981, 56.23413251903491]",q10,51.503823323877356
4552,pray,ask,592.6666666666666,218.77616239495518,"(199.52623149688787, 295.1209226666384]",q16,247.32357708176315
4553,prayer,hands,585.3333333333334,144.5439770745928,"(112.2018454301963, 144.5439770745928]",q14,128.37291125239454
4554,prayer,octopus,737.3666666666667,2.8840315031266055,"(2.7542287033381663, 5.011872336272725]",q1,3.8830505198054457
4555,precious,crooked,808.0526315789474,4.265795188015925,"(2.7542287033381663, 5.011872336272725]",q1,3.8830505198054457
4556,precious,valuable,734.5454545454545,32.35936569296281,"(29.51209226666384, 37.15352290971728]",q8,33.33280758819056
4557,precipice,cool,635.71875,141.25375446227554,"(112.2018454301963, 144.5439770745928]",q14,128.37291125239454
4558,precipice,recipe,748.3928571428571,16.98243652461746,"(13.182567385564074, 17.78279410038923]",q5,15.482680742976651
4559,precise,exact,720.2333333333333,32.35936569296281,"(29.51209226666384, 37.15352290971728]",q8,33.33280758819056
4560,precise,leader,661.53125,89.12509381337459,"(87.09635899560814, 112.2018454301963]",q13,99.64910221290222
4561,predator,continent,759.8076923076923,11.748975549395302,"(10.0, 13.182567385564074]",q4,11.591283692782037
4562,predator,hunter,642.4193548387096,23.442288153199225,"(17.78279410038923, 23.9883291901949]",q6,20.885561645292064
4563,prefer,choose,629.060606060606,81.28305161640995,"(70.79457843841374, 87.09635899560814]",q12,78.94546871701094
4564,prefer,two,617.8125,1258.9254117941662,"(295.1209226666384, 18620.871366628657]",q17,9457.996144647648
4565,premises,moon,779.2068965517242,50.11872336272725,"(46.77351412871981, 56.23413251903491]",q10,51.503823323877356
4566,premises,property,639.483870967742,128.82495516931348,"(112.2018454301963, 144.5439770745928]",q14,128.37291125239454
4567,prepare,cheap,675.3666666666667,51.28613839913648,"(46.77351412871981, 56.23413251903491]",q10,51.503823323877356
4568,prepare,ready,607.9375,190.54607179632484,"(144.5439770745928, 199.52623149688787]",q15,172.03510428574032
4569,presence,fear,628.6,89.12509381337459,"(87.09635899560814, 112.2018454301963]",q13,99.64910221290222
4570,presence,there,608.84375,2041.7379446695275,"(295.1209226666384, 18620.871366628657]",q17,9457.996144647648
4571,present,gift,662.7666666666667,60.25595860743581,"(56.23413251903491, 70.79457843841374]",q11,63.514355478724326
4572,present,picture,585.9666666666667,134.89628825916532,"(112.2018454301963, 144.5439770745928]",q14,128.37291125239454
4573,presentation,paint,687.7241379310345,33.11311214825908,"(29.51209226666384, 37.15352290971728]",q8,33.33280758819056
4574,presentation,speech,636.1333333333333,70.79457843841374,"(56.23413251903491, 70.79457843841374]",q11,63.514355478724326
4575,president,force,626.1935483870968,169.8243652461746,"(144.5439770745928, 199.52623149688787]",q15,172.03510428574032
4576,president,usa,886.75,61.65950018614822,"(56.23413251903491, 70.79457843841374]",q11,63.514355478724326
4577,press,conference,805.1724137931035,102.32929922807536,"(87.09635899560814, 112.2018454301963]",q13,99.64910221290222
4578,press,grab,682.4827586206897,33.11311214825908,"(29.51209226666384, 37.15352290971728]",q8,33.33280758819056
4579,prestige,check,562.2903225806451,204.17379446695276,"(199.52623149688787, 295.1209226666384]",q16,247.32357708176315
4580,prestige,honor,578.5,48.97788193684466,"(46.77351412871981, 56.23413251903491]",q10,51.503823323877356
4581,presume,assume,662.5,37.15352290971728,"(29.51209226666384, 37.15352290971728]",q8,33.33280758819056
4582,presume,referee,733.9666666666667,7.244359600749899,"(5.011872336272725, 7.244359600749899]",q2,6.128115968511311
4583,pretend,act,645.0,199.52623149688787,"(144.5439770745928, 199.52623149688787]",q15,172.03510428574032
4584,pretend,higher,587.6129032258065,151.3561248436207,"(144.5439770745928, 199.52623149688787]",q15,172.03510428574032
4585,price,amount,720.7575757575758,134.89628825916532,"(112.2018454301963, 144.5439770745928]",q14,128.37291125239454
4586,price,writing,693.8,117.48975549395303,"(112.2018454301963, 144.5439770745928]",q14,128.37291125239454
4587,priceless,slippery,743.6666666666666,4.073802778041126,"(2.7542287033381663, 5.011872336272725]",q1,3.8830505198054457
4588,priceless,valuable,662.5,32.35936569296281,"(29.51209226666384, 37.15352290971728]",q8,33.33280758819056
4589,prickly,cactus,705.7096774193549,2.5118864315095797,"(0.0, 2.7542287033381663]",q0,1.3771143516690831
4590,prickly,together,581.5862068965517,288.40315031266056,"(199.52623149688787, 295.1209226666384]",q16,247.32357708176315
4591,pride,patient,685.0322580645161,58.88436553555884,"(56.23413251903491, 70.79457843841374]",q11,63.514355478724326
4592,pride,prejudice,634.2,6.165950018614822,"(5.011872336272725, 7.244359600749899]",q2,6.128115968511311
4593,primate,bear,574.3225806451613,51.28613839913648,"(46.77351412871981, 56.23413251903491]",q10,51.503823323877356
4594,primate,monkey,590.6875,11.748975549395302,"(10.0, 13.182567385564074]",q4,11.591283692782037
4595,prime,dirt,597.1612903225806,17.378008287493763,"(13.182567385564074, 17.78279410038923]",q5,15.482680742976651
4596,prime,ribs,627.1515151515151,6.30957344480193,"(5.011872336272725, 7.244359600749899]",q2,6.128115968511311
4597,prince,navy,775.1428571428571,37.15352290971728,"(29.51209226666384, 37.15352290971728]",q8,33.33280758819056
4598,prince,princess,669.5,33.884415613920275,"(29.51209226666384, 37.15352290971728]",q8,33.33280758819056
4599,princess,pledge,797.4666666666667,10.0,"(7.244359600749899, 10.0]",q3,8.62217980037495
4600,princess,prince,720.5333333333333,52.48074602497723,"(46.77351412871981, 56.23413251903491]",q10,51.503823323877356
4601,printer,copy,656.741935483871,58.88436553555884,"(56.23413251903491, 70.79457843841374]",q11,63.514355478724326
4602,printer,fishing,657.0344827586207,29.51209226666384,"(23.9883291901949, 29.51209226666384]",q7,26.75021072842937
4603,prisoner,jail,619.3333333333334,41.68693834703355,"(37.15352290971728, 46.77351412871981]",q9,41.963518519218546
4604,prisoner,marriage,700.53125,81.28305161640995,"(70.79457843841374, 87.09635899560814]",q12,78.94546871701094
4605,private,public,736.3870967741935,371.53522909717276,"(295.1209226666384, 18620.871366628657]",q17,9457.996144647648
4606,private,watch,557.9666666666667,218.77616239495518,"(199.52623149688787, 295.1209226666384]",q16,247.32357708176315
4607,pro,agreement,700.1612903225806,75.85775750291836,"(70.79457843841374, 87.09635899560814]",q12,78.94546871701094
4608,pro,con,874.1481481481482,19.054607179632484,"(17.78279410038923, 23.9883291901949]",q6,20.885561645292064
4609,procedure,asleep,851.3,22.90867652767775,"(17.78279410038923, 23.9883291901949]",q6,20.885561645292064
4610,procedure,experiment,673.0967741935484,23.9883291901949,"(17.78279410038923, 23.9883291901949]",q6,20.885561645292064
4611,process,beg,734.7241379310345,11.220184543019629,"(10.0, 13.182567385564074]",q4,11.591283692782037
4612,process,system,652.9677419354839,363.078054770101,"(295.1209226666384, 18620.871366628657]",q17,9457.996144647648
4613,producer,maker,688.0909090909091,16.98243652461746,"(13.182567385564074, 17.78279410038923]",q5,15.482680742976651
4614,producer,multiply,725.2258064516129,3.1622776601683795,"(2.7542287033381663, 5.011872336272725]",q1,3.8830505198054457
4615,product,country,690.1379310344828,301.9951720402019,"(295.1209226666384, 18620.871366628657]",q17,9457.996144647648
4616,product,item,613.9677419354839,37.15352290971728,"(29.51209226666384, 37.15352290971728]",q8,33.33280758819056
4617,production,movie,593.2727272727273,144.5439770745928,"(112.2018454301963, 144.5439770745928]",q14,128.37291125239454
4618,production,prince,760.9655172413793,52.48074602497723,"(46.77351412871981, 56.23413251903491]",q10,51.503823323877356
4619,professional,begin,573.741935483871,69.18309709189363,"(56.23413251903491, 70.79457843841374]",q11,63.514355478724326
4620,professional,lawyer,645.15625,46.77351412871981,"(37.15352290971728, 46.77351412871981]",q9,41.963518519218546
4621,professor,age,644.2424242424242,208.92961308540407,"(199.52623149688787, 295.1209226666384]",q16,247.32357708176315
4622,professor,teach,665.9677419354839,46.77351412871981,"(37.15352290971728, 46.77351412871981]",q9,41.963518519218546
4623,prom,fun,597.8333333333334,199.52623149688787,"(144.5439770745928, 199.52623149688787]",q15,172.03510428574032
4624,prom,sports,658.3666666666667,87.09635899560814,"(70.79457843841374, 87.09635899560814]",q12,78.94546871701094
4625,promise,broken,637.2413793103449,75.85775750291836,"(70.79457843841374, 87.09635899560814]",q12,78.94546871701094
4626,promise,magic,614.7931034482758,57.543993733715666,"(56.23413251903491, 70.79457843841374]",q11,63.514355478724326
4627,pronoun,adjective,686.1935483870968,2.1877616239495516,"(0.0, 2.7542287033381663]",q0,1.3771143516690831
4628,pronoun,butter,717.1212121212121,25.11886431509582,"(23.9883291901949, 29.51209226666384]",q7,26.75021072842937
4629,proof,evidence,701.1290322580645,138.03842646028838,"(112.2018454301963, 144.5439770745928]",q14,128.37291125239454
4630,proof,ledge,759.7931034482758,2.570395782768865,"(0.0, 2.7542287033381663]",q0,1.3771143516690831
4631,property,flop,790.96,3.630780547701014,"(2.7542287033381663, 5.011872336272725]",q1,3.8830505198054457
4632,property,tax,618.4516129032259,138.03842646028838,"(112.2018454301963, 144.5439770745928]",q14,128.37291125239454
4633,proprietor,owner,655.4827586206897,67.60829753919819,"(56.23413251903491, 70.79457843841374]",q11,63.514355478724326
4634,proprietor,thaw,930.05,1.5135612484362087,"(0.0, 2.7542287033381663]",q0,1.3771143516690831
4635,prose,plug,695.6774193548387,13.803842646028839,"(13.182567385564074, 17.78279410038923]",q5,15.482680742976651
4636,prose,poetry,712.9333333333333,25.11886431509582,"(23.9883291901949, 29.51209226666384]",q7,26.75021072842937
4637,protect,fantasy,643.3125,33.11311214825908,"(29.51209226666384, 37.15352290971728]",q8,33.33280758819056
4638,protect,secure,765.0322580645161,43.65158322401656,"(37.15352290971728, 46.77351412871981]",q9,41.963518519218546
4639,protection,condom,713.8275862068965,3.981071705534973,"(2.7542287033381663, 5.011872336272725]",q1,3.8830505198054457
4640,protection,jewish,693.3,40.7380277804113,"(37.15352290971728, 46.77351412871981]",q9,41.963518519218546
4641,protein,accuse,829.75,5.1286138399136485,"(5.011872336272725, 7.244359600749899]",q2,6.128115968511311
4642,protein,egg,640.516129032258,28.84031503126606,"(23.9883291901949, 29.51209226666384]",q7,26.75021072842937
4643,protestant,catholic,818.9333333333333,35.481338923357534,"(29.51209226666384, 37.15352290971728]",q8,33.33280758819056
4644,protestant,hypnotize,829.3333333333334,0.34673685045253166,"(0.0, 2.7542287033381663]",q0,1.3771143516690831
4645,proud,arrogant,894.8620689655172,5.4954087385762485,"(5.011872336272725, 7.244359600749899]",q2,6.128115968511311
4646,proud,treat,632.8666666666667,56.23413251903491,"(46.77351412871981, 56.23413251903491]",q10,51.503823323877356
4647,prove,dusk,722.2068965517242,2.7542287033381663,"(0.0, 2.7542287033381663]",q0,1.3771143516690831
4648,prove,theory,636.8387096774194,75.85775750291836,"(70.79457843841374, 87.09635899560814]",q12,78.94546871701094
4649,proverb,bible,691.6774193548387,34.673685045253166,"(29.51209226666384, 37.15352290971728]",q8,33.33280758819056
4650,proverb,silly,622.3125,24.547089156850287,"(23.9883291901949, 29.51209226666384]",q7,26.75021072842937
4651,provision,abandon,894.3793103448276,10.471285480508985,"(10.0, 13.182567385564074]",q4,11.591283692782037
4652,provision,food,628.75,251.18864315095823,"(199.52623149688787, 295.1209226666384]",q16,247.32357708176315
4653,prune,child,675.5483870967741,199.52623149688787,"(144.5439770745928, 199.52623149688787]",q15,172.03510428574032
4654,prune,juice,717.34375,22.90867652767775,"(17.78279410038923, 23.9883291901949]",q6,20.885561645292064
4655,psychology,hurricane,735.96875,12.589254117941662,"(10.0, 13.182567385564074]",q4,11.591283692782037
4656,psychology,mind,612.0,257.03957827688646,"(199.52623149688787, 295.1209226666384]",q16,247.32357708176315
4657,pub,restaurant,747.0,47.863009232263806,"(46.77351412871981, 56.23413251903491]",q10,51.503823323877356
4658,pub,staff,657.6774193548387,120.22644346174131,"(112.2018454301963, 144.5439770745928]",q14,128.37291125239454
4659,puberty,adolescent,693.1612903225806,3.801893963205613,"(2.7542287033381663, 5.011872336272725]",q1,3.8830505198054457
4660,puberty,daring,774.9333333333333,5.011872336272725,"(2.7542287033381663, 5.011872336272725]",q1,3.8830505198054457
4661,public,private,694.25,154.88166189124829,"(144.5439770745928, 199.52623149688787]",q15,172.03510428574032
4662,public,win,638.7,245.47089156850285,"(199.52623149688787, 295.1209226666384]",q16,247.32357708176315
4663,publication,public,661.5483870967741,371.53522909717276,"(295.1209226666384, 18620.871366628657]",q17,9457.996144647648
4664,publication,span,941.4736842105264,11.748975549395302,"(10.0, 13.182567385564074]",q4,11.591283692782037
4665,publisher,company,641.96875,398.1071705534969,"(295.1209226666384, 18620.871366628657]",q17,9457.996144647648
4666,publisher,lid,858.75,6.456542290346556,"(5.011872336272725, 7.244359600749899]",q2,6.128115968511311
4667,pudding,chocolate,636.6451612903226,30.90295432513592,"(29.51209226666384, 37.15352290971728]",q8,33.33280758819056
4668,pudding,stiff,733.9642857142857,7.943282347242813,"(7.244359600749899, 10.0]",q3,8.62217980037495
4669,puke,terrible,693.75,51.28613839913648,"(46.77351412871981, 56.23413251903491]",q10,51.503823323877356
4670,puke,vomit,634.9375,3.388441561392024,"(2.7542287033381663, 5.011872336272725]",q1,3.8830505198054457
4671,pull,cheese,580.6129032258065,37.15352290971728,"(29.51209226666384, 37.15352290971728]",q8,33.33280758819056
4672,pull,shove,734.8064516129032,4.570881896148752,"(2.7542287033381663, 5.011872336272725]",q1,3.8830505198054457
4673,pump,bra,645.6296296296297,7.07945784384138,"(5.011872336272725, 7.244359600749899]",q2,6.128115968511311
4674,pump,tire,658.2333333333333,10.471285480508985,"(10.0, 13.182567385564074]",q4,11.591283692782037
4675,pumpkin,halloween,604.625,14.45439770745928,"(13.182567385564074, 17.78279410038923]",q5,15.482680742976651
4676,pumpkin,shopping,654.5483870967741,47.863009232263806,"(46.77351412871981, 56.23413251903491]",q10,51.503823323877356
4677,punctuation,kitchen,632.741935483871,44.668359215096345,"(37.15352290971728, 46.77351412871981]",q9,41.963518519218546
4678,punctuation,period,659.3870967741935,162.18100973589299,"(144.5439770745928, 199.52623149688787]",q15,172.03510428574032
4679,purchase,capability,823.3548387096774,11.748975549395302,"(10.0, 13.182567385564074]",q4,11.591283692782037
4680,purchase,mall,651.875,19.498445997580454,"(17.78279410038923, 23.9883291901949]",q6,20.885561645292064
4681,purpose,boss,731.3666666666667,57.543993733715666,"(56.23413251903491, 70.79457843841374]",q11,63.514355478724326
4682,purpose,reason,688.2258064516129,208.92961308540407,"(199.52623149688787, 295.1209226666384]",q16,247.32357708176315
4683,push,congress,804.5625,79.43282347242821,"(70.79457843841374, 87.09635899560814]",q12,78.94546871701094
4684,push,shove,664.1034482758621,4.570881896148752,"(2.7542287033381663, 5.011872336272725]",q1,3.8830505198054457
4685,pushy,annoying,720.75,25.11886431509582,"(23.9883291901949, 29.51209226666384]",q7,26.75021072842937
4686,pushy,chaos,870.2592592592592,18.620871366628656,"(17.78279410038923, 23.9883291901949]",q6,20.885561645292064
4687,put,away,585.9354838709677,416.8693834703355,"(295.1209226666384, 18620.871366628657]",q17,9457.996144647648
4688,put,beast,776.5,19.498445997580454,"(17.78279410038923, 23.9883291901949]",q6,20.885561645292064
4689,pyramid,egypt,687.1724137931035,28.18382931264455,"(23.9883291901949, 29.51209226666384]",q7,26.75021072842937
4690,pyramid,object,640.875,36.3078054770101,"(29.51209226666384, 37.15352290971728]",q8,33.33280758819056
4691,quack,duck,686.8333333333334,16.218100973589298,"(13.182567385564074, 17.78279410038923]",q5,15.482680742976651
4692,quack,tear,699.1290322580645,22.38721138568338,"(17.78279410038923, 23.9883291901949]",q6,20.885561645292064
4693,quality,characteris,998.3793103448276,0.001,"(0.0, 2.7542287033381663]",q0,1.3771143516690831
4694,quality,ridiculous,841.5806451612904,28.84031503126606,"(23.9883291901949, 29.51209226666384]",q7,26.75021072842937
4695,quantity,amount,623.96875,134.89628825916532,"(112.2018454301963, 144.5439770745928]",q14,128.37291125239454
4696,quantity,messy,850.0344827586207,7.413102413009177,"(7.244359600749899, 10.0]",q3,8.62217980037495
4697,quart,oil,622.1,125.89254117941661,"(112.2018454301963, 144.5439770745928]",q14,128.37291125239454
4698,quart,rice,618.09375,35.481338923357534,"(29.51209226666384, 37.15352290971728]",q8,33.33280758819056
4699,quarter,asia,708.3103448275862,44.668359215096345,"(37.15352290971728, 46.77351412871981]",q9,41.963518519218546
4700,quarter,dime,700.483870967742,4.570881896148752,"(2.7542287033381663, 5.011872336272725]",q1,3.8830505198054457
4701,quench,know,606.3793103448276,1258.9254117941662,"(295.1209226666384, 18620.871366628657]",q17,9457.996144647648
4702,quench,thirst,626.75,4.365158322401661,"(2.7542287033381663, 5.011872336272725]",q1,3.8830505198054457
4703,quest,couch,740.5357142857143,14.791083881682072,"(13.182567385564074, 17.78279410038923]",q5,15.482680742976651
4704,quest,journey,562.7741935483871,44.668359215096345,"(37.15352290971728, 46.77351412871981]",q9,41.963518519218546
4705,question,dollar,611.90625,38.904514499428046,"(37.15352290971728, 46.77351412871981]",q9,41.963518519218546
4706,question,test,669.0,154.88166189124829,"(144.5439770745928, 199.52623149688787]",q15,172.03510428574032
4707,quick,hurry,627.2,13.803842646028839,"(13.182567385564074, 17.78279410038923]",q5,15.482680742976651
4708,quick,thaw,817.3809523809524,1.5135612484362087,"(0.0, 2.7542287033381663]",q0,1.3771143516690831
4709,quill,pen,605.258064516129,23.9883291901949,"(17.78279410038923, 23.9883291901949]",q6,20.885561645292064
4710,quill,public,634.258064516129,371.53522909717276,"(295.1209226666384, 18620.871366628657]",q17,9457.996144647648
4711,quilt,blanket,592.9677419354839,11.748975549395302,"(10.0, 13.182567385564074]",q4,11.591283692782037
4712,quilt,head,571.09375,323.5936569296281,"(295.1209226666384, 18620.871366628657]",q17,9457.996144647648
4713,quiz,dagger,938.2727272727273,3.4673685045253166,"(2.7542287033381663, 5.011872336272725]",q1,3.8830505198054457
4714,quiz,test,560.9375,154.88166189124829,"(144.5439770745928, 199.52623149688787]",q15,172.03510428574032
4715,quotient,ant,672.8571428571429,7.244359600749899,"(5.011872336272725, 7.244359600749899]",q2,6.128115968511311
4716,quotient,divide,720.483870967742,13.182567385564074,"(10.0, 13.182567385564074]",q4,11.591283692782037
4717,rabbi,jewish,756.2,40.7380277804113,"(37.15352290971728, 46.77351412871981]",q9,41.963518519218546
4718,rabbi,toothbrush,793.0967741935484,2.39883291901949,"(0.0, 2.7542287033381663]",q0,1.3771143516690831
4719,raccoon,copy,645.030303030303,58.88436553555884,"(56.23413251903491, 70.79457843841374]",q11,63.514355478724326
4720,raccoon,squirrel,699.3636363636364,4.897788193684462,"(2.7542287033381663, 5.011872336272725]",q1,3.8830505198054457
4721,race,failure,743.741935483871,52.48074602497723,"(46.77351412871981, 56.23413251903491]",q10,51.503823323877356
4722,race,human,681.5666666666667,223.87211385683378,"(199.52623149688787, 295.1209226666384]",q16,247.32357708176315
4723,rack,bike,635.6875,33.884415613920275,"(29.51209226666384, 37.15352290971728]",q8,33.33280758819056
4724,rack,tart,831.6666666666666,2.344228815319923,"(0.0, 2.7542287033381663]",q0,1.3771143516690831
4725,racket,polite,694.9375,8.317637711026709,"(7.244359600749899, 10.0]",q3,8.62217980037495
4726,racket,tennis,556.4666666666667,22.38721138568338,"(17.78279410038923, 23.9883291901949]",q6,20.885561645292064
4727,radiator,sister,611.2258064516129,89.12509381337459,"(87.09635899560814, 112.2018454301963]",q13,99.64910221290222
4728,radiator,warm,558.5625,51.28613839913648,"(46.77351412871981, 56.23413251903491]",q10,51.503823323877356
4729,radish,call,672.3548387096774,323.5936569296281,"(295.1209226666384, 18620.871366628657]",q17,9457.996144647648
4730,radish,vegetable,713.0689655172414,8.709635899560805,"(7.244359600749899, 10.0]",q3,8.62217980037495
4731,raft,float,686.516129032258,8.709635899560805,"(7.244359600749899, 10.0]",q3,8.62217980037495
4732,raft,tighten,685.2413793103449,3.235936569296281,"(2.7542287033381663, 5.011872336272725]",q1,3.8830505198054457
4733,rag,cloth,654.6206896551724,10.71519305237607,"(10.0, 13.182567385564074]",q4,11.591283692782037
4734,rag,dangerous,728.40625,61.65950018614822,"(56.23413251903491, 70.79457843841374]",q11,63.514355478724326
4735,rain,shoelace,900.5454545454545,0.223872113856834,"(0.0, 2.7542287033381663]",q0,1.3771143516690831
4736,rain,thunder,717.7096774193549,13.803842646028839,"(13.182567385564074, 17.78279410038923]",q5,15.482680742976651
4737,rainy,pledge,627.0322580645161,10.0,"(7.244359600749899, 10.0]",q3,8.62217980037495
4738,rainy,weather,638.6666666666666,74.13102413009177,"(70.79457843841374, 87.09635899560814]",q12,78.94546871701094
4739,raisin,clue,541.7666666666667,15.135612484362072,"(13.182567385564074, 17.78279410038923]",q5,15.482680742976651
4740,raisin,grape,638.9354838709677,5.011872336272725,"(2.7542287033381663, 5.011872336272725]",q1,3.8830505198054457
4741,rake,leaves,598.741935483871,61.65950018614822,"(56.23413251903491, 70.79457843841374]",q11,63.514355478724326
4742,rake,prisoner,644.6333333333333,15.848931924611142,"(13.182567385564074, 17.78279410038923]",q5,15.482680742976651
4743,ram,make,632.3870967741935,1202.2644346174131,"(295.1209226666384, 18620.871366628657]",q17,9457.996144647648
4744,ram,sheep,628.5,15.488166189124827,"(13.182567385564074, 17.78279410038923]",q5,15.482680742976651
4745,range,shoot,543.9310344827586,53.70317963702533,"(46.77351412871981, 56.23413251903491]",q10,51.503823323877356
4746,range,tan,629.3333333333334,10.232929922807536,"(10.0, 13.182567385564074]",q4,11.591283692782037
4747,rap,quart,833.5652173913044,1.0232929922807537,"(0.0, 2.7542287033381663]",q0,1.3771143516690831
4748,rap,rhyme,903.7407407407408,3.630780547701014,"(2.7542287033381663, 5.011872336272725]",q1,3.8830505198054457
4749,rape,crime,612.53125,77.62471166286912,"(70.79457843841374, 87.09635899560814]",q12,78.94546871701094
4750,rape,orgasm,783.9655172413793,4.677351412871981,"(2.7542287033381663, 5.011872336272725]",q1,3.8830505198054457
4751,rare,thirst,656.3793103448276,4.365158322401661,"(2.7542287033381663, 5.011872336272725]",q1,3.8830505198054457
4752,rare,uncommon,744.6875,7.413102413009177,"(7.244359600749899, 10.0]",q3,8.62217980037495
4753,rash,ditch,853.9545454545455,7.943282347242813,"(7.244359600749899, 10.0]",q3,8.62217980037495
4754,rash,itch,701.0645161290323,2.2908676527677723,"(0.0, 2.7542287033381663]",q0,1.3771143516690831
4755,raspberry,bike,657.9666666666667,33.884415613920275,"(29.51209226666384, 37.15352290971728]",q8,33.33280758819056
4756,raspberry,tart,836.12,2.344228815319923,"(0.0, 2.7542287033381663]",q0,1.3771143516690831
4757,rat,cat,541.9032258064516,60.25595860743581,"(56.23413251903491, 70.79457843841374]",q11,63.514355478724326
4758,rat,stiff,756.2142857142857,7.943282347242813,"(7.244359600749899, 10.0]",q3,8.62217980037495
4759,rationalize,lock,730.6774193548387,32.35936569296281,"(29.51209226666384, 37.15352290971728]",q8,33.33280758819056
4760,rationalize,think,623.258064516129,1202.2644346174131,"(295.1209226666384, 18620.871366628657]",q17,9457.996144647648
4761,raw,kill,637.75,123.02687708123811,"(112.2018454301963, 144.5439770745928]",q14,128.37291125239454
4762,raw,meat,698.25,42.65795188015925,"(37.15352290971728, 46.77351412871981]",q9,41.963518519218546
4763,rays,fortune,613.28125,19.952623149688787,"(17.78279410038923, 23.9883291901949]",q6,20.885561645292064
4764,rays,sun,644.3333333333334,93.32543007969905,"(87.09635899560814, 112.2018454301963]",q13,99.64910221290222
4765,razor,sharp,597.6969696969697,30.199517204020193,"(29.51209226666384, 37.15352290971728]",q8,33.33280758819056
4766,razor,weather,661.9354838709677,74.13102413009177,"(70.79457843841374, 87.09635899560814]",q12,78.94546871701094
4767,reach,grasp,789.78125,9.332543007969914,"(7.244359600749899, 10.0]",q3,8.62217980037495
4768,reach,vegetable,723.96875,8.709635899560805,"(7.244359600749899, 10.0]",q3,8.62217980037495
4769,reaction,action,670.5806451612904,177.82794100389228,"(144.5439770745928, 199.52623149688787]",q15,172.03510428574032
4770,reaction,peach,664.0,5.88843655355589,"(5.011872336272725, 7.244359600749899]",q2,6.128115968511311
4771,ready,not,641.0344827586207,4897.788193684466,"(295.1209226666384, 18620.871366628657]",q17,9457.996144647648
4772,ready,thirsty,677.0909090909091,5.4954087385762485,"(5.011872336272725, 7.244359600749899]",q2,6.128115968511311
4773,real,people,569.8709677419355,1778.2794100389228,"(295.1209226666384, 18620.871366628657]",q17,9457.996144647648
4774,real,spine,737.5862068965517,8.511380382023768,"(7.244359600749899, 10.0]",q3,8.62217980037495
4775,reality,fantasy,666.0333333333333,33.11311214825908,"(29.51209226666384, 37.15352290971728]",q8,33.33280758819056
4776,reality,tasty,665.21875,6.918309709189363,"(5.011872336272725, 7.244359600749899]",q2,6.128115968511311
4777,realize,proof,624.25,50.11872336272725,"(46.77351412871981, 56.23413251903491]",q10,51.503823323877356
4778,realize,understand,599.4193548387096,234.42288153199226,"(199.52623149688787, 295.1209226666384]",q16,247.32357708176315
4779,reap,harvest,712.0,10.71519305237607,"(10.0, 13.182567385564074]",q4,11.591283692782037
4780,reap,log,623.3333333333334,23.442288153199225,"(17.78279410038923, 23.9883291901949]",q6,20.885561645292064
4781,reappear,alert,682.2258064516129,21.379620895022324,"(17.78279410038923, 23.9883291901949]",q6,20.885561645292064
4782,reappear,disappear,693.8387096774194,12.30268770812381,"(10.0, 13.182567385564074]",q4,11.591283692782037
4783,rear,front,693.8387096774194,190.54607179632484,"(144.5439770745928, 199.52623149688787]",q15,172.03510428574032
4784,rear,out,531.0645161290323,2398.83291901949,"(295.1209226666384, 18620.871366628657]",q17,9457.996144647648
4785,rearrange,cereal,753.9,5.4954087385762485,"(5.011872336272725, 7.244359600749899]",q2,6.128115968511311
4786,rearrange,organize,787.3548387096774,9.549925860214358,"(7.244359600749899, 10.0]",q3,8.62217980037495
4787,rebel,persuade,747.28125,6.6069344800759575,"(5.011872336272725, 7.244359600749899]",q2,6.128115968511311
4788,rebel,wild,644.03125,63.0957344480193,"(56.23413251903491, 70.79457843841374]",q11,63.514355478724326
4789,reckless,driving,614.9354838709677,79.43282347242821,"(70.79457843841374, 87.09635899560814]",q12,78.94546871701094
4790,reckless,keeper,666.7142857142857,10.471285480508985,"(10.0, 13.182567385564074]",q4,11.591283692782037
4791,recliner,chair,575.3125,48.97788193684466,"(46.77351412871981, 56.23413251903491]",q10,51.503823323877356
4792,recliner,usa,900.4705882352941,61.65950018614822,"(56.23413251903491, 70.79457843841374]",q11,63.514355478724326
4793,recognition,office,624.09375,251.18864315095823,"(199.52623149688787, 295.1209226666384]",q16,247.32357708176315
4794,recognition,pride,672.3870967741935,30.90295432513592,"(29.51209226666384, 37.15352290971728]",q8,33.33280758819056
4795,recommend,encourage,689.1379310344828,28.18382931264455,"(23.9883291901949, 29.51209226666384]",q7,26.75021072842937
4796,recommend,police,662.0625,213.79620895022325,"(199.52623149688787, 295.1209226666384]",q16,247.32357708176315
4797,record,listen,623.21875,114.81536214968817,"(112.2018454301963, 144.5439770745928]",q14,128.37291125239454
4798,record,turn,709.5,208.92961308540407,"(199.52623149688787, 295.1209226666384]",q16,247.32357708176315
4799,recycle,cans,602.4193548387096,6.30957344480193,"(5.011872336272725, 7.244359600749899]",q2,6.128115968511311
4800,recycle,rude,708.2068965517242,17.78279410038923,"(13.182567385564074, 17.78279410038923]",q5,15.482680742976651
4801,reef,apart,689.1612903225806,60.25595860743581,"(56.23413251903491, 70.79457843841374]",q11,63.514355478724326
4802,reef,coral,671.59375,7.244359600749899,"(5.011872336272725, 7.244359600749899]",q2,6.128115968511311
4803,reel,film,610.875,158.48931924611142,"(144.5439770745928, 199.52623149688787]",q15,172.03510428574032
4804,reel,rattle,710.2962962962963,2.23872113856834,"(0.0, 2.7542287033381663]",q0,1.3771143516690831
4805,referee,bath,698.2,27.54228703338169,"(23.9883291901949, 29.51209226666384]",q7,26.75021072842937
4806,referee,sports,682.9,87.09635899560814,"(70.79457843841374, 87.09635899560814]",q12,78.94546871701094
4807,reflect,light,596.8333333333334,213.79620895022325,"(199.52623149688787, 295.1209226666384]",q16,247.32357708176315
4808,reflect,opening,678.90625,87.09635899560814,"(70.79457843841374, 87.09635899560814]",q12,78.94546871701094
4809,reflection,ache,713.68,2.691534803926917,"(0.0, 2.7542287033381663]",q0,1.3771143516690831
4810,reflection,mirror,709.258064516129,29.51209226666384,"(23.9883291901949, 29.51209226666384]",q7,26.75021072842937
4811,refrain,follower,808.1333333333333,3.630780547701014,"(2.7542287033381663, 5.011872336272725]",q1,3.8830505198054457
4812,refrain,talking,632.5757575757576,194.98445997580455,"(144.5439770745928, 199.52623149688787]",q15,172.03510428574032
4813,refreshing,argument,701.6666666666666,43.65158322401656,"(37.15352290971728, 46.77351412871981]",q9,41.963518519218546
4814,refreshing,cool,568.2258064516129,141.25375446227554,"(112.2018454301963, 144.5439770745928]",q14,128.37291125239454
4815,refrigerator,meeting,676.5806451612904,141.25375446227554,"(112.2018454301963, 144.5439770745928]",q14,128.37291125239454
4816,refrigerator,oven,698.3214285714286,11.220184543019629,"(10.0, 13.182567385564074]",q4,11.591283692782037
4817,refuse,evil,616.03125,54.954087385762485,"(46.77351412871981, 56.23413251903491]",q10,51.503823323877356
4818,refuse,no,569.2258064516129,2238.7211385683377,"(295.1209226666384, 18620.871366628657]",q17,9457.996144647648
4819,region,area,721.8709677419355,288.40315031266056,"(199.52623149688787, 295.1209226666384]",q16,247.32357708176315
4820,region,loving,615.8666666666667,29.51209226666384,"(23.9883291901949, 29.51209226666384]",q7,26.75021072842937
4821,regret,sorry,598.7096774193549,151.3561248436207,"(144.5439770745928, 199.52623149688787]",q15,172.03510428574032
4822,regret,speed,539.1,100.0,"(87.09635899560814, 112.2018454301963]",q13,99.64910221290222
4823,regular,copy,668.6206896551724,58.88436553555884,"(56.23413251903491, 70.79457843841374]",q11,63.514355478724326
4824,regular,irregular,761.7741935483871,5.011872336272725,"(2.7542287033381663, 5.011872336272725]",q1,3.8830505198054457
4825,reindeer,christmas,815.59375,81.28305161640995,"(70.79457843841374, 87.09635899560814]",q12,78.94546871701094
4826,reindeer,direct,752.2903225806451,81.28305161640995,"(70.79457843841374, 87.09635899560814]",q12,78.94546871701094
4827,reject,accept,656.0,70.79457843841374,"(56.23413251903491, 70.79457843841374]",q11,63.514355478724326
4828,reject,bored,563.1935483870968,15.848931924611142,"(13.182567385564074, 17.78279410038923]",q5,15.482680742976651
4829,relative,aunt,734.9333333333333,14.45439770745928,"(13.182567385564074, 17.78279410038923]",q5,15.482680742976651
4830,relative,ballet,747.448275862069,8.91250938133746,"(7.244359600749899, 10.0]",q3,8.62217980037495
4831,relativity,breakfast,677.8387096774194,40.7380277804113,"(37.15352290971728, 46.77351412871981]",q9,41.963518519218546
4832,relativity,theory,591.8064516129032,75.85775750291836,"(70.79457843841374, 87.09635899560814]",q12,78.94546871701094
4833,relax,smooth,680.0322580645161,25.11886431509582,"(23.9883291901949, 29.51209226666384]",q7,26.75021072842937
4834,relax,tense,702.9333333333333,8.91250938133746,"(7.244359600749899, 10.0]",q3,8.62217980037495
4835,release,grab,750.59375,33.11311214825908,"(29.51209226666384, 37.15352290971728]",q8,33.33280758819056
4836,release,noodles,645.4516129032259,5.011872336272725,"(2.7542287033381663, 5.011872336272725]",q1,3.8830505198054457
4837,reliable,dependable,685.7586206896551,1.7782794100389228,"(0.0, 2.7542287033381663]",q0,1.3771143516690831
4838,reliable,water,619.3225806451613,331.13112148259074,"(295.1209226666384, 18620.871366628657]",q17,9457.996144647648
4839,religious,bible,728.25,34.673685045253166,"(29.51209226666384, 37.15352290971728]",q8,33.33280758819056
4840,religious,lost,621.90625,245.47089156850285,"(199.52623149688787, 295.1209226666384]",q16,247.32357708176315
4841,relish,ketchup,629.4827586206897,2.8840315031266055,"(2.7542287033381663, 5.011872336272725]",q1,3.8830505198054457
4842,relish,speed,588.3666666666667,100.0,"(87.09635899560814, 112.2018454301963]",q13,99.64910221290222
4843,remain,basic,608.8666666666667,77.62471166286912,"(70.79457843841374, 87.09635899560814]",q12,78.94546871701094
4844,remain,stay,597.5,213.79620895022325,"(199.52623149688787, 295.1209226666384]",q16,247.32357708176315
4845,remark,true,591.9354838709677,251.18864315095823,"(199.52623149688787, 295.1209226666384]",q16,247.32357708176315
4846,remark,comment,765.3928571428571,75.85775750291836,"(70.79457843841374, 87.09635899560814]",q12,78.94546871701094
4847,remedy,conceited,799.4545454545455,0.7585775750291835,"(0.0, 2.7542287033381663]",q0,1.3771143516690831
4848,remedy,ill,659.0322580645161,52.48074602497723,"(46.77351412871981, 56.23413251903491]",q10,51.503823323877356
4849,remember,dull,705.8275862068965,8.709635899560805,"(7.244359600749899, 10.0]",q3,8.62217980037495
4850,remember,think,670.8333333333334,1202.2644346174131,"(295.1209226666384, 18620.871366628657]",q17,9457.996144647648
4851,remind,confusion,622.6129032258065,15.488166189124827,"(13.182567385564074, 17.78279410038923]",q5,15.482680742976651
4852,remind,remember,604.4375,239.88329190194898,"(199.52623149688787, 295.1209226666384]",q16,247.32357708176315
4853,reminiscence,coat,695.3,22.90867652767775,"(17.78279410038923, 23.9883291901949]",q6,20.885561645292064
4854,reminiscence,remember,666.3125,239.88329190194898,"(199.52623149688787, 295.1209226666384]",q16,247.32357708176315
4855,remorse,sorrow,753.3870967741935,5.370317963702527,"(5.011872336272725, 7.244359600749899]",q2,6.128115968511311
4856,remorse,sour,718.3333333333334,7.585775750291836,"(7.244359600749899, 10.0]",q3,8.62217980037495
4857,remove,court,684.03125,257.03957827688646,"(199.52623149688787, 295.1209226666384]",q16,247.32357708176315
4858,remove,take,595.875,831.7637711026708,"(295.1209226666384, 18620.871366628657]",q17,9457.996144647648
4859,remover,disease,665.3125,79.43282347242821,"(70.79457843841374, 87.09635899560814]",q12,78.94546871701094
4860,remover,nail,620.0333333333333,16.218100973589298,"(13.182567385564074, 17.78279410038923]",q5,15.482680742976651
4861,rent,apartment,677.6129032258065,44.668359215096345,"(37.15352290971728, 46.77351412871981]",q9,41.963518519218546
4862,rent,thread,721.6774193548387,27.54228703338169,"(23.9883291901949, 29.51209226666384]",q7,26.75021072842937
4863,repair,fix,576.75,56.23413251903491,"(46.77351412871981, 56.23413251903491]",q10,51.503823323877356
4864,repair,move,601.9333333333333,223.87211385683378,"(199.52623149688787, 295.1209226666384]",q16,247.32357708176315
4865,repeat,again,686.258064516129,501.18723362727246,"(295.1209226666384, 18620.871366628657]",q17,9457.996144647648
4866,repeat,inhale,674.5555555555555,1.7782794100389228,"(0.0, 2.7542287033381663]",q0,1.3771143516690831
4867,repentance,forgive,658.6774193548387,17.78279410038923,"(13.182567385564074, 17.78279410038923]",q5,15.482680742976651
4868,repentance,point,619.0,346.73685045253166,"(295.1209226666384, 18620.871366628657]",q17,9457.996144647648
4869,replace,judge,638.4333333333333,89.12509381337459,"(87.09635899560814, 112.2018454301963]",q13,99.64910221290222
4870,replace,loose,582.4193548387096,28.84031503126606,"(23.9883291901949, 29.51209226666384]",q7,26.75021072842937
4871,reply,log,687.0333333333333,23.442288153199225,"(17.78279410038923, 23.9883291901949]",q6,20.885561645292064
4872,reply,speak,627.6,107.1519305237607,"(87.09635899560814, 112.2018454301963]",q13,99.64910221290222
4873,reprimand,girls,608.4193548387096,147.91083881682073,"(144.5439770745928, 199.52623149688787]",q15,172.03510428574032
4874,reprimand,punishment,785.34375,21.87761623949552,"(17.78279410038923, 23.9883291901949]",q6,20.885561645292064
4875,reproduce,face,626.5483870967741,281.8382931264455,"(199.52623149688787, 295.1209226666384]",q16,247.32357708176315
4876,reproduce,sex,591.5151515151515,165.95869074375597,"(144.5439770745928, 199.52623149688787]",q15,172.03510428574032
4877,republic,country,630.5806451612904,301.9951720402019,"(295.1209226666384, 18620.871366628657]",q17,9457.996144647648
4878,republic,disease,754.9354838709677,79.43282347242821,"(70.79457843841374, 87.09635899560814]",q12,78.94546871701094
4879,republican,conservative,688.2666666666667,40.7380277804113,"(37.15352290971728, 46.77351412871981]",q9,41.963518519218546
4880,republican,sick,708.516129032258,75.85775750291836,"(70.79457843841374, 87.09635899560814]",q12,78.94546871701094
4881,rescue,ambulance,798.28125,11.481536214968818,"(10.0, 13.182567385564074]",q4,11.591283692782037
4882,rescue,ledge,678.7407407407408,2.570395782768865,"(0.0, 2.7542287033381663]",q0,1.3771143516690831
4883,research,expensive,696.6666666666666,48.97788193684466,"(46.77351412871981, 56.23413251903491]",q10,51.503823323877356
4884,research,paper,741.1612903225806,117.48975549395303,"(112.2018454301963, 144.5439770745928]",q14,128.37291125239454
4885,reservation,save,716.3548387096774,138.03842646028838,"(112.2018454301963, 144.5439770745928]",q14,128.37291125239454
4886,reservation,skill,735.6875,26.302679918953814,"(23.9883291901949, 29.51209226666384]",q7,26.75021072842937
4887,resort,gin,868.1428571428571,4.786300923226385,"(2.7542287033381663, 5.011872336272725]",q1,3.8830505198054457
4888,resort,vacation,725.8125,25.11886431509582,"(23.9883291901949, 29.51209226666384]",q7,26.75021072842937
4889,respect,communism,805.8965517241379,6.30957344480193,"(5.011872336272725, 7.244359600749899]",q2,6.128115968511311
4890,respect,parent,610.4375,37.15352290971728,"(29.51209226666384, 37.15352290971728]",q8,33.33280758819056
4891,respond,ignore,626.96875,30.199517204020193,"(29.51209226666384, 37.15352290971728]",q8,33.33280758819056
4892,respond,syrup,801.1379310344828,5.754399373371567,"(5.011872336272725, 7.244359600749899]",q2,6.128115968511311
4893,response,girl,563.6129032258065,239.88329190194898,"(199.52623149688787, 295.1209226666384]",q16,247.32357708176315
4894,response,question,674.9677419354839,223.87211385683378,"(199.52623149688787, 295.1209226666384]",q16,247.32357708176315
4895,responsibilit,divide,779.2666666666667,13.182567385564074,"(10.0, 13.182567385564074]",q4,11.591283692782037
4896,responsibilit,duty,827.0357142857143,51.28613839913648,"(46.77351412871981, 56.23413251903491]",q10,51.503823323877356
4897,responsible,dependable,1009.8928571428572,1.7782794100389228,"(0.0, 2.7542287033381663]",q0,1.3771143516690831
4898,responsible,throw,626.1666666666666,67.60829753919819,"(56.23413251903491, 70.79457843841374]",q11,63.514355478724326
4899,restaurant,bar,623.0645161290323,87.09635899560814,"(70.79457843841374, 87.09635899560814]",q12,78.94546871701094
4900,restaurant,man,553.375,660.6934480075964,"(295.1209226666384, 18620.871366628657]",q17,9457.996144647648
4901,restriction,lot,644.5483870967741,407.380277804113,"(295.1209226666384, 18620.871366628657]",q17,9457.996144647648
4902,restriction,rules,668.6666666666666,114.81536214968817,"(112.2018454301963, 144.5439770745928]",q14,128.37291125239454
4903,retain,drugs,635.5483870967741,58.88436553555884,"(56.23413251903491, 70.79457843841374]",q11,63.514355478724326
4904,retain,have,594.6896551724138,5128.613839913648,"(295.1209226666384, 18620.871366628657]",q17,9457.996144647648
4905,retreat,back,714.6071428571429,1096.4781961431852,"(295.1209226666384, 18620.871366628657]",q17,9457.996144647648
4906,retreat,multiply,727.53125,3.1622776601683795,"(2.7542287033381663, 5.011872336272725]",q1,3.8830505198054457
4907,return,give,637.2727272727273,512.8613839913648,"(295.1209226666384, 18620.871366628657]",q17,9457.996144647648
4908,return,robbery,729.4516129032259,9.332543007969914,"(7.244359600749899, 10.0]",q3,8.62217980037495
4909,revenge,crime,817.8666666666667,77.62471166286912,"(70.79457843841374, 87.09635899560814]",q12,78.94546871701094
4910,revenge,kill,609.78125,123.02687708123811,"(112.2018454301963, 144.5439770745928]",q14,128.37291125239454
4911,revival,subject,626.7241379310345,91.20108393559097,"(87.09635899560814, 112.2018454301963]",q13,99.64910221290222
4912,revival,tent,706.53125,11.220184543019629,"(10.0, 13.182567385564074]",q4,11.591283692782037
4913,revolution,american,771.3225806451613,309.0295432513592,"(295.1209226666384, 18620.871366628657]",q17,9457.996144647648
4914,revolution,fair,738.3225806451613,97.72372209558111,"(87.09635899560814, 112.2018454301963]",q13,99.64910221290222
4915,rhythm,beat,654.0,102.32929922807536,"(87.09635899560814, 112.2018454301963]",q13,99.64910221290222
4916,rhythm,outdoors,670.741935483871,5.1286138399136485,"(5.011872336272725, 7.244359600749899]",q2,6.128115968511311
4917,ribs,broken,560.3333333333334,75.85775750291836,"(70.79457843841374, 87.09635899560814]",q12,78.94546871701094
4918,ribs,marriage,670.71875,81.28305161640995,"(70.79457843841374, 87.09635899560814]",q12,78.94546871701094
4919,rich,choice,604.2903225806451,120.22644346174131,"(112.2018454301963, 144.5439770745928]",q14,128.37291125239454
4920,rich,luck,669.6451612903226,81.28305161640995,"(70.79457843841374, 87.09635899560814]",q12,78.94546871701094
4921,ride,bicycle,602.0,9.549925860214358,"(7.244359600749899, 10.0]",q3,8.62217980037495
4922,ride,modern,676.1111111111111,117.48975549395303,"(112.2018454301963, 144.5439770745928]",q14,128.37291125239454
4923,rider,cowboy,640.8125,7.07945784384138,"(5.011872336272725, 7.244359600749899]",q2,6.128115968511311
4924,rider,ladder,642.0,10.71519305237607,"(10.0, 13.182567385564074]",q4,11.591283692782037
4925,ridicule,blame,720.4193548387096,42.65795188015925,"(37.15352290971728, 46.77351412871981]",q9,41.963518519218546
4926,ridicule,employer,802.0,16.595869074375596,"(13.182567385564074, 17.78279410038923]",q5,15.482680742976651
4927,ridiculous,more,627.5483870967741,2290.867652767775,"(295.1209226666384, 18620.871366628657]",q17,9457.996144647648
4928,ridiculous,silly,722.7741935483871,24.547089156850287,"(23.9883291901949, 29.51209226666384]",q7,26.75021072842937
4929,righteous,brothers,707.5,48.97788193684466,"(46.77351412871981, 56.23413251903491]",q10,51.503823323877356
4930,righteous,soap,679.125,15.135612484362072,"(13.182567385564074, 17.78279410038923]",q5,15.482680742976651
4931,righteousness,conservative,978.9,40.7380277804113,"(37.15352290971728, 46.77351412871981]",q9,41.963518519218546
4932,righteousness,good,562.6666666666666,1318.2567385564075,"(295.1209226666384, 18620.871366628657]",q17,9457.996144647648
4933,rights,law,575.8125,288.40315031266056,"(199.52623149688787, 295.1209226666384]",q16,247.32357708176315
4934,rights,station,662.0,102.32929922807536,"(87.09635899560814, 112.2018454301963]",q13,99.64910221290222
4935,rigid,belief,620.15625,28.84031503126606,"(23.9883291901949, 29.51209226666384]",q7,26.75021072842937
4936,rigid,stiff,679.0357142857143,7.943282347242813,"(7.244359600749899, 10.0]",q3,8.62217980037495
4937,ring,bell,550.060606060606,38.904514499428046,"(37.15352290971728, 46.77351412871981]",q9,41.963518519218546
4938,ring,soprano,996.608695652174,2.0417379446695296,"(0.0, 2.7542287033381663]",q0,1.3771143516690831
4939,rinse,dish,688.2413793103449,16.218100973589298,"(13.182567385564074, 17.78279410038923]",q5,15.482680742976651
4940,rinse,winter,534.3548387096774,77.62471166286912,"(70.79457843841374, 87.09635899560814]",q12,78.94546871701094
4941,riot,crowd,623.6129032258065,50.11872336272725,"(46.77351412871981, 56.23413251903491]",q10,51.503823323877356
4942,riot,small,593.7,323.5936569296281,"(295.1209226666384, 18620.871366628657]",q17,9457.996144647648
4943,rip,age,643.78125,208.92961308540407,"(199.52623149688787, 295.1209226666384]",q16,247.32357708176315
4944,rip,tear,584.483870967742,22.38721138568338,"(17.78279410038923, 23.9883291901949]",q6,20.885561645292064
4945,ritual,ceremony,650.3,26.302679918953814,"(23.9883291901949, 29.51209226666384]",q7,26.75021072842937
4946,ritual,cuddle,672.3793103448276,2.5118864315095797,"(0.0, 2.7542287033381663]",q0,1.3771143516690831
4947,roach,dog,621.65625,125.89254117941661,"(112.2018454301963, 144.5439770745928]",q14,128.37291125239454
4948,roach,motel,639.4285714285714,4.073802778041126,"(2.7542287033381663, 5.011872336272725]",q1,3.8830505198054457
4949,roam,healthy,673.6666666666666,63.0957344480193,"(56.23413251903491, 70.79457843841374]",q11,63.514355478724326
4950,roam,wander,748.4193548387096,4.677351412871981,"(2.7542287033381663, 5.011872336272725]",q1,3.8830505198054457
4951,roar,dependent,723.6875,19.054607179632484,"(17.78279410038923, 23.9883291901949]",q6,20.885561645292064
4952,roar,lion,652.516129032258,17.78279410038923,"(13.182567385564074, 17.78279410038923]",q5,15.482680742976651
4953,roast,beef,666.7333333333333,19.498445997580454,"(17.78279410038923, 23.9883291901949]",q6,20.885561645292064
4954,roast,cats,683.8387096774194,28.84031503126606,"(23.9883291901949, 29.51209226666384]",q7,26.75021072842937
4955,rob,sew,740.25,2.818382931264455,"(2.7542287033381663, 5.011872336272725]",q1,3.8830505198054457
4956,rob,thief,624.28125,7.585775750291836,"(7.244359600749899, 10.0]",q3,8.62217980037495
4957,robe,bath,605.21875,27.54228703338169,"(23.9883291901949, 29.51209226666384]",q7,26.75021072842937
4958,robe,most,656.9354838709677,1000.0,"(295.1209226666384, 18620.871366628657]",q17,9457.996144647648
4959,rock,bike,623.448275862069,33.884415613920275,"(29.51209226666384, 37.15352290971728]",q8,33.33280758819056
4960,rock,stone,688.8275862068965,63.0957344480193,"(56.23413251903491, 70.79457843841374]",q11,63.514355478724326
4961,rocket,healthy,610.375,63.0957344480193,"(56.23413251903491, 70.79457843841374]",q11,63.514355478724326
4962,rocket,sky,611.6363636363636,52.48074602497723,"(46.77351412871981, 56.23413251903491]",q10,51.503823323877356
4963,rocks,mountain,649.4193548387096,53.70317963702533,"(46.77351412871981, 56.23413251903491]",q10,51.503823323877356
4964,rocks,oxygen,715.2666666666667,17.78279410038923,"(13.182567385564074, 17.78279410038923]",q5,15.482680742976651
4965,rod,novice,811.0,2.570395782768865,"(0.0, 2.7542287033381663]",q0,1.3771143516690831
4966,rod,reel,735.1785714285714,4.786300923226385,"(2.7542287033381663, 5.011872336272725]",q1,3.8830505198054457
4967,rodent,bug,655.0344827586207,15.848931924611142,"(13.182567385564074, 17.78279410038923]",q5,15.482680742976651
4968,rodent,flirt,671.09375,3.311311214825911,"(2.7542287033381663, 5.011872336272725]",q1,3.8830505198054457
4969,roman,empire,707.9375,34.673685045253166,"(29.51209226666384, 37.15352290971728]",q8,33.33280758819056
4970,roman,tire,624.6451612903226,10.471285480508985,"(10.0, 13.182567385564074]",q4,11.591283692782037
4971,romance,center,615.53125,154.88166189124829,"(144.5439770745928, 199.52623149688787]",q15,172.03510428574032
4972,romance,kiss,596.25,38.018939632056124,"(37.15352290971728, 46.77351412871981]",q9,41.963518519218546
4973,roof,diary,705.8214285714286,12.30268770812381,"(10.0, 13.182567385564074]",q4,11.591283692782037
4974,roof,tile,611.551724137931,5.248074602497728,"(5.011872336272725, 7.244359600749899]",q2,6.128115968511311
4975,room,bedroom,635.875,28.84031503126606,"(23.9883291901949, 29.51209226666384]",q7,26.75021072842937
4976,room,trophy,722.2413793103449,14.791083881682072,"(13.182567385564074, 17.78279410038923]",q5,15.482680742976651
4977,roommate,bitch,684.65625,57.543993733715666,"(56.23413251903491, 70.79457843841374]",q11,63.514355478724326
4978,roommate,blue,557.969696969697,134.89628825916532,"(112.2018454301963, 144.5439770745928]",q14,128.37291125239454
4979,roost,chicken,582.40625,42.65795188015925,"(37.15352290971728, 46.77351412871981]",q9,41.963518519218546
4980,roost,toy,605.03125,19.952623149688787,"(17.78279410038923, 23.9883291901949]",q6,20.885561645292064
4981,rooster,dollars,727.40625,60.25595860743581,"(56.23413251903491, 70.79457843841374]",q11,63.514355478724326
4982,rooster,farm,646.1290322580645,56.23413251903491,"(46.77351412871981, 56.23413251903491]",q10,51.503823323877356
4983,rope,ladder,744.625,10.71519305237607,"(10.0, 13.182567385564074]",q4,11.591283692782037
4984,rope,virtue,840.2307692307693,8.709635899560805,"(7.244359600749899, 10.0]",q3,8.62217980037495
4985,rotten,listen,733.53125,114.81536214968817,"(112.2018454301963, 144.5439770745928]",q14,128.37291125239454
4986,rotten,spoiled,836.0322580645161,6.456542290346556,"(5.011872336272725, 7.244359600749899]",q2,6.128115968511311
4987,rough,fork,788.3,10.71519305237607,"(10.0, 13.182567385564074]",q4,11.591283692782037
4988,rough,smooth,588.1612903225806,25.11886431509582,"(23.9883291901949, 29.51209226666384]",q7,26.75021072842937
4989,routine,daily,648.875,117.48975549395303,"(112.2018454301963, 144.5439770745928]",q14,128.37291125239454
4990,routine,frog,730.9032258064516,7.76247116628692,"(7.244359600749899, 10.0]",q3,8.62217980037495
4991,row,eggs,589.9666666666667,31.622776601683793,"(29.51209226666384, 37.15352290971728]",q8,33.33280758819056
4992,row,lonely,700.1666666666666,17.78279410038923,"(13.182567385564074, 17.78279410038923]",q5,15.482680742976651
4993,royal,england,655.78125,131.82567385564073,"(112.2018454301963, 144.5439770745928]",q14,128.37291125239454
4994,royal,evidence,726.6774193548387,138.03842646028838,"(112.2018454301963, 144.5439770745928]",q14,128.37291125239454
4995,rub,gamble,768.36,6.165950018614822,"(5.011872336272725, 7.244359600749899]",q2,6.128115968511311
4996,rub,massage,805.741935483871,10.232929922807536,"(10.0, 13.182567385564074]",q4,11.591283692782037
4997,rubber,band,691.258064516129,83.17637711026708,"(70.79457843841374, 87.09635899560814]",q12,78.94546871701094
4998,rubber,pain,640.03125,107.1519305237607,"(87.09635899560814, 112.2018454301963]",q13,99.64910221290222
4999,rude,key,621.46875,131.82567385564073,"(112.2018454301963, 144.5439770745928]",q14,128.37291125239454
5000,rude,polite,649.5,8.317637711026709,"(7.244359600749899, 10.0]",q3,8.62217980037495
5001,rug,carpet,730.1875,15.135612484362072,"(13.182567385564074, 17.78279410038923]",q5,15.482680742976651
5002,rug,spoiled,715.1875,6.456542290346556,"(5.011872336272725, 7.244359600749899]",q2,6.128115968511311
5003,ruler,child,713.6774193548387,199.52623149688787,"(144.5439770745928, 199.52623149688787]",q15,172.03510428574032
5004,ruler,straight,680.0645161290323,109.64781961431851,"(87.09635899560814, 112.2018454301963]",q13,99.64910221290222
5005,rules,game,546.6451612903226,524.8074602497722,"(295.1209226666384, 18620.871366628657]",q17,9457.996144647648
5006,rules,yours,725.53125,56.23413251903491,"(46.77351412871981, 56.23413251903491]",q10,51.503823323877356
5007,rum,coke,605.0645161290323,12.02264434617413,"(10.0, 13.182567385564074]",q4,11.591283692782037
5008,rum,meeting,602.90625,141.25375446227554,"(112.2018454301963, 144.5439770745928]",q14,128.37291125239454
5009,rumor,neuron,907.6363636363636,1.4454397707459279,"(0.0, 2.7542287033381663]",q0,1.3771143516690831
5010,rumor,talk,626.34375,263.02679918953817,"(199.52623149688787, 295.1209226666384]",q16,247.32357708176315
5011,rung,false,669.1935483870968,42.65795188015925,"(37.15352290971728, 46.77351412871981]",q9,41.963518519218546
5012,rung,ladder,744.7,10.71519305237607,"(10.0, 13.182567385564074]",q4,11.591283692782037
5013,runner,bicycle,659.3939393939394,9.549925860214358,"(7.244359600749899, 10.0]",q3,8.62217980037495
5014,runner,jogger,630.6451612903226,0.4677351412871981,"(0.0, 2.7542287033381663]",q0,1.3771143516690831
5015,running,calculate,704.78125,7.413102413009177,"(7.244359600749899, 10.0]",q3,8.62217980037495
5016,running,sweat,668.2,13.803842646028839,"(13.182567385564074, 17.78279410038923]",q5,15.482680742976651
5017,rural,sympathetic,728.741935483871,6.456542290346556,"(5.011872336272725, 7.244359600749899]",q2,6.128115968511311
5018,rural,town,601.375,173.78008287493762,"(144.5439770745928, 199.52623149688787]",q15,172.03510428574032
5019,rush,hurry,603.7333333333333,13.803842646028839,"(13.182567385564074, 17.78279410038923]",q5,15.482680742976651
5020,rush,partner,747.875,69.18309709189363,"(56.23413251903491, 70.79457843841374]",q11,63.514355478724326
5021,russia,communist,781.8387096774194,20.892961308540407,"(17.78279410038923, 23.9883291901949]",q6,20.885561645292064
5022,russia,conceited,828.4285714285714,0.7585775750291835,"(0.0, 2.7542287033381663]",q0,1.3771143516690831
5023,rye,nervous,708.6129032258065,26.302679918953814,"(23.9883291901949, 29.51209226666384]",q7,26.75021072842937
5024,rye,wheat,633.09375,10.232929922807536,"(10.0, 13.182567385564074]",q4,11.591283692782037
5025,saber,rock,668.4,107.1519305237607,"(87.09635899560814, 112.2018454301963]",q13,99.64910221290222
5026,saber,sword,691.9375,23.442288153199225,"(17.78279410038923, 23.9883291901949]",q6,20.885561645292064
5027,sack,bag,607.1612903225806,61.65950018614822,"(56.23413251903491, 70.79457843841374]",q11,63.514355478724326
5028,sack,clam,870.8666666666667,1.6595869074375613,"(0.0, 2.7542287033381663]",q0,1.3771143516690831
5029,sacred,clown,691.3125,8.511380382023768,"(7.244359600749899, 10.0]",q3,8.62217980037495
5030,sacred,frightened,697.6774193548387,5.4954087385762485,"(5.011872336272725, 7.244359600749899]",q2,6.128115968511311
5031,saddle,boys,537.2727272727273,107.1519305237607,"(87.09635899560814, 112.2018454301963]",q13,99.64910221290222
5032,saddle,ride,549.3225806451613,70.79457843841374,"(56.23413251903491, 70.79457843841374]",q11,63.514355478724326
5033,safari,behind,634.9090909090909,194.98445997580455,"(144.5439770745928, 199.52623149688787]",q15,172.03510428574032
5034,safari,jungle,638.7666666666667,13.182567385564074,"(10.0, 13.182567385564074]",q4,11.591283692782037
5035,safe,driver,655.6,56.23413251903491,"(46.77351412871981, 56.23413251903491]",q10,51.503823323877356
5036,safe,protect,676.40625,83.17637711026708,"(70.79457843841374, 87.09635899560814]",q12,78.94546871701094
5037,sailing,dangerous,741.5625,61.65950018614822,"(56.23413251903491, 70.79457843841374]",q11,63.514355478724326
5038,sailing,fishing,605.6451612903226,29.51209226666384,"(23.9883291901949, 29.51209226666384]",q7,26.75021072842937
5039,sailor,chocolate,671.2258064516129,30.90295432513592,"(29.51209226666384, 37.15352290971728]",q8,33.33280758819056
5040,sailor,sea,618.1935483870968,114.81536214968817,"(112.2018454301963, 144.5439770745928]",q14,128.37291125239454
5041,saint,angel,560.3125,28.18382931264455,"(23.9883291901949, 29.51209226666384]",q7,26.75021072842937
5042,saint,state,687.3333333333334,602.5595860743581,"(295.1209226666384, 18620.871366628657]",q17,9457.996144647648
5043,salad,fragile,695.0322580645161,7.244359600749899,"(5.011872336272725, 7.244359600749899]",q2,6.128115968511311
5044,salad,lettuce,632.46875,3.630780547701014,"(2.7542287033381663, 5.011872336272725]",q1,3.8830505198054457
5045,sale,bargain,752.6875,8.91250938133746,"(7.244359600749899, 10.0]",q3,8.62217980037495
5046,sale,guilty,719.9666666666667,40.7380277804113,"(37.15352290971728, 46.77351412871981]",q9,41.963518519218546
5047,sales,store,727.3939393939394,104.71285480508985,"(87.09635899560814, 112.2018454301963]",q13,99.64910221290222
5048,sales,when,662.0322580645161,2344.228815319923,"(295.1209226666384, 18620.871366628657]",q17,9457.996144647648
5049,salesman,annoy,780.8275862068965,2.8840315031266055,"(2.7542287033381663, 5.011872336272725]",q1,3.8830505198054457
5050,salesman,tent,612.8787878787879,11.220184543019629,"(10.0, 13.182567385564074]",q4,11.591283692782037
5051,saliva,hoop,646.6666666666666,2.570395782768865,"(0.0, 2.7542287033381663]",q0,1.3771143516690831
5052,saliva,spit,769.75,7.07945784384138,"(5.011872336272725, 7.244359600749899]",q2,6.128115968511311
5053,saloon,bar,612.78125,87.09635899560814,"(70.79457843841374, 87.09635899560814]",q12,78.94546871701094
5054,saloon,general,622.1875,295.1209226666384,"(199.52623149688787, 295.1209226666384]",q16,247.32357708176315
5055,salt,pepper,606.7741935483871,13.803842646028839,"(13.182567385564074, 17.78279410038923]",q5,15.482680742976651
5056,salt,teacher,616.7741935483871,75.85775750291836,"(70.79457843841374, 87.09635899560814]",q12,78.94546871701094
5057,saltine,cracker,600.9354838709677,2.818382931264455,"(2.7542287033381663, 5.011872336272725]",q1,3.8830505198054457
5058,saltine,mustache,692.1785714285714,2.570395782768865,"(0.0, 2.7542287033381663]",q0,1.3771143516690831
5059,salute,ocean,617.65625,50.11872336272725,"(46.77351412871981, 56.23413251903491]",q10,51.503823323877356
5060,salute,pledge,752.1935483870968,10.0,"(7.244359600749899, 10.0]",q3,8.62217980037495
5061,sample,example,690.0645161290323,186.20871366628657,"(144.5439770745928, 199.52623149688787]",q15,172.03510428574032
5062,sample,murderer,814.8461538461538,6.6069344800759575,"(5.011872336272725, 7.244359600749899]",q2,6.128115968511311
5063,sand,boat,609.2903225806451,51.28613839913648,"(46.77351412871981, 56.23413251903491]",q10,51.503823323877356
5064,sand,castle,660.9375,28.18382931264455,"(23.9883291901949, 29.51209226666384]",q7,26.75021072842937
5065,sandpaper,luggage,758.25,6.30957344480193,"(5.011872336272725, 7.244359600749899]",q2,6.128115968511311
5066,sandpaper,rough,640.375,30.90295432513592,"(29.51209226666384, 37.15352290971728]",q8,33.33280758819056
5067,sandwich,hungry,608.3548387096774,28.18382931264455,"(23.9883291901949, 29.51209226666384]",q7,26.75021072842937
5068,sandwich,wedding,609.03125,67.60829753919819,"(56.23413251903491, 70.79457843841374]",q11,63.514355478724326
5069,sap,syrup,672.2666666666667,5.754399373371567,"(5.011872336272725, 7.244359600749899]",q2,6.128115968511311
5070,sap,together,647.0,288.40315031266056,"(199.52623149688787, 295.1209226666384]",q16,247.32357708176315
5071,sapphire,aunt,864.9354838709677,14.45439770745928,"(13.182567385564074, 17.78279410038923]",q5,15.482680742976651
5072,sapphire,blue,561.8965517241379,134.89628825916532,"(112.2018454301963, 144.5439770745928]",q14,128.37291125239454
5073,sash,belt,660.5333333333333,26.302679918953814,"(23.9883291901949, 29.51209226666384]",q7,26.75021072842937
5074,sash,subtract,799.551724137931,1.2589254117941675,"(0.0, 2.7542287033381663]",q0,1.3771143516690831
5075,satan,kill,631.9375,123.02687708123811,"(112.2018454301963, 144.5439770745928]",q14,128.37291125239454
5076,satan,silk,674.0645161290323,12.88249551693135,"(10.0, 13.182567385564074]",q4,11.591283692782037
5077,satin,enemy,740.9032258064516,50.11872336272725,"(46.77351412871981, 56.23413251903491]",q10,51.503823323877356
5078,satin,silk,643.1,12.88249551693135,"(10.0, 13.182567385564074]",q4,11.591283692782037
5079,sauce,apple,587.0322580645161,57.543993733715666,"(56.23413251903491, 70.79457843841374]",q11,63.514355478724326
5080,sauce,body,634.46875,251.18864315095823,"(199.52623149688787, 295.1209226666384]",q16,247.32357708176315
5081,saucer,cup,573.258064516129,128.82495516931348,"(112.2018454301963, 144.5439770745928]",q14,128.37291125239454
5082,saucer,decide,654.9354838709677,60.25595860743581,"(56.23413251903491, 70.79457843841374]",q11,63.514355478724326
5083,sausage,front,711.6551724137931,190.54607179632484,"(144.5439770745928, 199.52623149688787]",q15,172.03510428574032
5084,sausage,italian,761.90625,45.708818961487516,"(37.15352290971728, 46.77351412871981]",q9,41.963518519218546
5085,save,confess,709.1818181818181,6.6069344800759575,"(5.011872336272725, 7.244359600749899]",q2,6.128115968511311
5086,save,keep,600.5,457.0881896148752,"(295.1209226666384, 18620.871366628657]",q17,9457.996144647648
5087,savior,hammer,751.3,14.45439770745928,"(13.182567385564074, 17.78279410038923]",q5,15.482680742976651
5088,savior,taste,559.5806451612904,53.70317963702533,"(46.77351412871981, 56.23413251903491]",q10,51.503823323877356
5089,say,fright,847.875,1.9952623149688788,"(0.0, 2.7542287033381663]",q0,1.3771143516690831
5090,say,something,622.6875,645.6542290346549,"(295.1209226666384, 18620.871366628657]",q17,9457.996144647648
5091,saying,extrovert,999.3636363636364,0.3715352290971724,"(0.0, 2.7542287033381663]",q0,1.3771143516690831
5092,saying,talking,751.5483870967741,194.98445997580455,"(144.5439770745928, 199.52623149688787]",q15,172.03510428574032
5093,scale,tumble,701.0967741935484,2.570395782768865,"(0.0, 2.7542287033381663]",q0,1.3771143516690831
5094,scale,weight,650.6451612903226,104.71285480508985,"(87.09635899560814, 112.2018454301963]",q13,99.64910221290222
5095,scales,china,678.3225806451613,125.89254117941661,"(112.2018454301963, 144.5439770745928]",q14,128.37291125239454
5096,scales,reptile,757.2857142857143,1.7782794100389228,"(0.0, 2.7542287033381663]",q0,1.3771143516690831
5097,scalpel,account,666.2424242424242,162.18100973589299,"(144.5439770745928, 199.52623149688787]",q15,172.03510428574032
5098,scalpel,operation,748.96875,83.17637711026708,"(70.79457843841374, 87.09635899560814]",q12,78.94546871701094
5099,scapegoat,blame,652.516129032258,42.65795188015925,"(37.15352290971728, 46.77351412871981]",q9,41.963518519218546
5100,scapegoat,building,661.8484848484849,194.98445997580455,"(144.5439770745928, 199.52623149688787]",q15,172.03510428574032
5101,scar,empire,744.8387096774194,34.673685045253166,"(29.51209226666384, 37.15352290971728]",q8,33.33280758819056
5102,scar,fight,732.0645161290323,169.8243652461746,"(144.5439770745928, 199.52623149688787]",q15,172.03510428574032
5103,scarcity,neighborhood,682.6451612903226,31.622776601683793,"(29.51209226666384, 37.15352290971728]",q8,33.33280758819056
5104,scarcity,rare,661.2903225806451,58.88436553555884,"(56.23413251903491, 70.79457843841374]",q11,63.514355478724326
5105,scare,fright,773.8214285714286,1.9952623149688788,"(0.0, 2.7542287033381663]",q0,1.3771143516690831
5106,scare,jail,619.4375,41.68693834703355,"(37.15352290971728, 46.77351412871981]",q9,41.963518519218546
5107,scared,dancer,612.65625,9.772372209558112,"(7.244359600749899, 10.0]",q3,8.62217980037495
5108,scared,frightened,860.1875,5.4954087385762485,"(5.011872336272725, 7.244359600749899]",q2,6.128115968511311
5109,scarf,neck,632.7741935483871,42.65795188015925,"(37.15352290971728, 46.77351412871981]",q9,41.963518519218546
5110,scarf,turn,635.5625,208.92961308540407,"(199.52623149688787, 295.1209226666384]",q16,247.32357708176315
5111,scenery,boyfriend,692.8387096774194,38.904514499428046,"(37.15352290971728, 46.77351412871981]",q9,41.963518519218546
5112,scenery,view,637.78125,154.88166189124829,"(144.5439770745928, 199.52623149688787]",q15,172.03510428574032
5113,scent,comment,717.5483870967741,75.85775750291836,"(70.79457843841374, 87.09635899560814]",q12,78.94546871701094
5114,scent,perfume,586.2258064516129,5.623413251903491,"(5.011872336272725, 7.244359600749899]",q2,6.128115968511311
5115,scheme,attic,688.7391304347826,4.265795188015925,"(2.7542287033381663, 5.011872336272725]",q1,3.8830505198054457
5116,scheme,idea,638.90625,229.08676527677747,"(199.52623149688787, 295.1209226666384]",q16,247.32357708176315
5117,scholarship,school,664.483870967742,512.8613839913648,"(295.1209226666384, 18620.871366628657]",q17,9457.996144647648
5118,scholarship,secure,755.5806451612904,43.65158322401656,"(37.15352290971728, 46.77351412871981]",q9,41.963518519218546
5119,school,brick,705.53125,17.78279410038923,"(13.182567385564074, 17.78279410038923]",q5,15.482680742976651
5120,school,work,561.4516129032259,912.0108393559096,"(295.1209226666384, 18620.871366628657]",q17,9457.996144647648
5121,science,biology,736.1612903225806,16.595869074375596,"(13.182567385564074, 17.78279410038923]",q5,15.482680742976651
5122,science,branch,718.5666666666667,38.018939632056124,"(37.15352290971728, 46.77351412871981]",q9,41.963518519218546
5123,scientist,direction,705.4666666666667,85.11380382023759,"(70.79457843841374, 87.09635899560814]",q12,78.94546871701094
5124,scientist,science,676.25,131.82567385564073,"(112.2018454301963, 144.5439770745928]",q14,128.37291125239454
5125,scold,slide,631.9310344827586,19.952623149688787,"(17.78279410038923, 23.9883291901949]",q6,20.885561645292064
5126,scold,yell,652.53125,7.07945784384138,"(5.011872336272725, 7.244359600749899]",q2,6.128115968511311
5127,scoop,graph,708.5333333333333,11.220184543019629,"(10.0, 13.182567385564074]",q4,11.591283692782037
5128,scoop,shovel,780.3870967741935,3.1622776601683795,"(2.7542287033381663, 5.011872336272725]",q1,3.8830505198054457
5129,scotch,tape,597.5625,27.54228703338169,"(23.9883291901949, 29.51209226666384]",q7,26.75021072842937
5130,scotch,whale,665.8064516129032,9.549925860214358,"(7.244359600749899, 10.0]",q3,8.62217980037495
5131,scrambled,letters,613.71875,45.708818961487516,"(37.15352290971728, 46.77351412871981]",q9,41.963518519218546
5132,scrambled,pain,588.0666666666667,107.1519305237607,"(87.09635899560814, 112.2018454301963]",q13,99.64910221290222
5133,scrap,bit,614.8709677419355,234.42288153199226,"(199.52623149688787, 295.1209226666384]",q16,247.32357708176315
5134,scrap,mile,740.5625,38.904514499428046,"(37.15352290971728, 46.77351412871981]",q9,41.963518519218546
5135,scratch,bite,653.4333333333333,20.417379446695275,"(17.78279410038923, 23.9883291901949]",q6,20.885561645292064
5136,scratch,spill,733.448275862069,6.918309709189363,"(5.011872336272725, 7.244359600749899]",q2,6.128115968511311
5137,scream,base,661.15625,112.2018454301963,"(87.09635899560814, 112.2018454301963]",q13,99.64910221290222
5138,scream,fear,590.2666666666667,89.12509381337459,"(87.09635899560814, 112.2018454301963]",q13,99.64910221290222
5139,screen,mountain,641.9375,53.70317963702533,"(46.77351412871981, 56.23413251903491]",q10,51.503823323877356
5140,screen,window,659.1935483870968,63.0957344480193,"(56.23413251903491, 70.79457843841374]",q11,63.514355478724326
5141,screw,driver,636.3333333333334,56.23413251903491,"(46.77351412871981, 56.23413251903491]",q10,51.503823323877356
5142,screw,protect,704.3103448275862,83.17637711026708,"(70.79457843841374, 87.09635899560814]",q12,78.94546871701094
5143,scrub,dishes,641.516129032258,13.489628825916533,"(13.182567385564074, 17.78279410038923]",q5,15.482680742976651
5144,scrub,road,627.7096774193549,173.78008287493762,"(144.5439770745928, 199.52623149688787]",q15,172.03510428574032
5145,scuba,dive,571.40625,13.182567385564074,"(10.0, 13.182567385564074]",q4,11.591283692782037
5146,scuba,fail,673.8333333333334,40.7380277804113,"(37.15352290971728, 46.77351412871981]",q9,41.963518519218546
5147,sculpture,art,666.0967741935484,194.98445997580455,"(144.5439770745928, 199.52623149688787]",q15,172.03510428574032
5148,sculpture,float,695.0645161290323,8.709635899560805,"(7.244359600749899, 10.0]",q3,8.62217980037495
5149,sea,ocean,662.1612903225806,50.11872336272725,"(46.77351412871981, 56.23413251903491]",q10,51.503823323877356
5150,sea,tears,638.6333333333333,29.51209226666384,"(23.9883291901949, 29.51209226666384]",q7,26.75021072842937
5151,seafood,crab,589.030303030303,5.754399373371567,"(5.011872336272725, 7.244359600749899]",q2,6.128115968511311
5152,seafood,peace,608.15625,104.71285480508985,"(87.09635899560814, 112.2018454301963]",q13,99.64910221290222
5153,seam,disagreement,798.0666666666667,4.570881896148752,"(2.7542287033381663, 5.011872336272725]",q1,3.8830505198054457
5154,seam,thread,691.0,27.54228703338169,"(23.9883291901949, 29.51209226666384]",q7,26.75021072842937
5155,search,seek,651.3666666666667,40.7380277804113,"(37.15352290971728, 46.77351412871981]",q9,41.963518519218546
5156,search,web,635.6333333333333,54.954087385762485,"(46.77351412871981, 56.23413251903491]",q10,51.503823323877356
5157,seashore,cracker,623.9354838709677,2.818382931264455,"(2.7542287033381663, 5.011872336272725]",q1,3.8830505198054457
5158,seashore,shell,599.4,24.547089156850287,"(23.9883291901949, 29.51209226666384]",q7,26.75021072842937
5159,seasoning,definition,788.2258064516129,38.018939632056124,"(37.15352290971728, 46.77351412871981]",q9,41.963518519218546
5160,seasoning,salt,653.4074074074074,39.81071705534969,"(37.15352290971728, 46.77351412871981]",q9,41.963518519218546
5161,seat,life,648.1,776.2471166286912,"(295.1209226666384, 18620.871366628657]",q17,9457.996144647648
5162,seat,table,584.551724137931,112.2018454301963,"(87.09635899560814, 112.2018454301963]",q13,99.64910221290222
5163,seatbelt,protection,655.4193548387096,70.79457843841374,"(56.23413251903491, 70.79457843841374]",q11,63.514355478724326
5164,seatbelt,straw,653.7333333333333,9.772372209558112,"(7.244359600749899, 10.0]",q3,8.62217980037495
5165,secluded,beach,675.1290322580645,83.17637711026708,"(70.79457843841374, 87.09635899560814]",q12,78.94546871701094
5166,secluded,now,586.5862068965517,1513.5612484362073,"(295.1209226666384, 18620.871366628657]",q17,9457.996144647648
5167,second,minute,623.3333333333334,95.49925860214368,"(87.09635899560814, 112.2018454301963]",q13,99.64910221290222
5168,second,stove,675.25,5.1286138399136485,"(5.011872336272725, 7.244359600749899]",q2,6.128115968511311
5169,secret,deodorant,838.3333333333334,1.3182567385564075,"(0.0, 2.7542287033381663]",q0,1.3771143516690831
5170,secret,organize,652.8387096774194,9.549925860214358,"(7.244359600749899, 10.0]",q3,8.62217980037495
5171,secretary,boss,602.4516129032259,57.543993733715666,"(56.23413251903491, 70.79457843841374]",q11,63.514355478724326
5172,secretary,wall,572.59375,109.64781961431851,"(87.09635899560814, 112.2018454301963]",q13,99.64910221290222
5173,secretive,fence,795.3,16.218100973589298,"(13.182567385564074, 17.78279410038923]",q5,15.482680742976651
5174,secretive,quiet,672.9032258064516,44.668359215096345,"(37.15352290971728, 46.77351412871981]",q9,41.963518519218546
5175,section,eight,669.030303030303,104.71285480508985,"(87.09635899560814, 112.2018454301963]",q13,99.64910221290222
5176,section,newspaper,763.03125,39.81071705534969,"(37.15352290971728, 46.77351412871981]",q9,41.963518519218546
5177,secure,maid,619.4516129032259,7.244359600749899,"(5.011872336272725, 7.244359600749899]",q2,6.128115968511311
5178,secure,safe,586.46875,117.48975549395303,"(112.2018454301963, 144.5439770745928]",q14,128.37291125239454
5179,security,there,666.9,2041.7379446695275,"(295.1209226666384, 18620.871366628657]",q17,9457.996144647648
5180,security,tight,586.9090909090909,37.15352290971728,"(29.51209226666384, 37.15352290971728]",q8,33.33280758819056
5181,sedative,freedom,690.3225806451613,72.44359600749905,"(70.79457843841374, 87.09635899560814]",q12,78.94546871701094
5182,sedative,pill,732.4333333333333,10.71519305237607,"(10.0, 13.182567385564074]",q4,11.591283692782037
5183,see,dark,659.8387096774194,109.64781961431851,"(87.09635899560814, 112.2018454301963]",q13,99.64910221290222
5184,see,hear,593.0322580645161,169.8243652461746,"(144.5439770745928, 199.52623149688787]",q15,172.03510428574032
5185,seed,plant,665.9666666666667,77.62471166286912,"(70.79457843841374, 87.09635899560814]",q12,78.94546871701094
5186,seed,squirrel,702.0689655172414,4.897788193684462,"(2.7542287033381663, 5.011872336272725]",q1,3.8830505198054457
5187,seek,hay,743.48,8.128305161640995,"(7.244359600749899, 10.0]",q3,8.62217980037495
5188,seek,search,706.1333333333333,91.20108393559097,"(87.09635899560814, 112.2018454301963]",q13,99.64910221290222
5189,seem,appear,631.9333333333333,70.79457843841374,"(56.23413251903491, 70.79457843841374]",q11,63.514355478724326
5190,seem,gander,1088.4666666666667,0.776247116628692,"(0.0, 2.7542287033381663]",q0,1.3771143516690831
5191,selection,black,632.6451612903226,288.40315031266056,"(199.52623149688787, 295.1209226666384]",q16,247.32357708176315
5192,selection,choice,566.7741935483871,120.22644346174131,"(112.2018454301963, 144.5439770745928]",q14,128.37291125239454
5193,self,class,676.9032258064516,229.08676527677747,"(199.52623149688787, 295.1209226666384]",q16,247.32357708176315
5194,self,me,599.71875,3019.951720402019,"(295.1209226666384, 18620.871366628657]",q17,9457.996144647648
5195,selfish,dive,740.6129032258065,13.182567385564074,"(10.0, 13.182567385564074]",q4,11.591283692782037
5196,selfish,greed,654.4,5.370317963702527,"(5.011872336272725, 7.244359600749899]",q2,6.128115968511311
5197,sell,borrow,696.8709677419355,10.0,"(7.244359600749899, 10.0]",q3,8.62217980037495
5198,sell,rough,715.21875,30.90295432513592,"(29.51209226666384, 37.15352290971728]",q8,33.33280758819056
5199,semester,hours,701.6666666666666,251.18864315095823,"(199.52623149688787, 295.1209226666384]",q16,247.32357708176315
5200,semester,mold,717.0333333333333,5.88843655355589,"(5.011872336272725, 7.244359600749899]",q2,6.128115968511311
5201,senate,congress,634.4516129032259,79.43282347242821,"(70.79457843841374, 87.09635899560814]",q12,78.94546871701094
5202,senate,open,672.3,301.9951720402019,"(295.1209226666384, 18620.871366628657]",q17,9457.996144647648
5203,senator,politics,690.78125,74.13102413009177,"(70.79457843841374, 87.09635899560814]",q12,78.94546871701094
5204,senator,rocks,653.6451612903226,23.9883291901949,"(17.78279410038923, 23.9883291901949]",q6,20.885561645292064
5205,sensitive,shy,631.3125,14.45439770745928,"(13.182567385564074, 17.78279410038923]",q5,15.482680742976651
5206,sensitive,thought,618.1612903225806,389.04514499428046,"(295.1209226666384, 18620.871366628657]",q17,9457.996144647648
5207,sentence,aluminum,886.7037037037037,10.232929922807536,"(10.0, 13.182567385564074]",q4,11.591283692782037
5208,sentence,period,591.375,162.18100973589299,"(144.5439770745928, 199.52623149688787]",q15,172.03510428574032
5209,sentry,guard,690.7857142857143,53.70317963702533,"(46.77351412871981, 56.23413251903491]",q10,51.503823323877356
5210,sentry,higher,621.5806451612904,151.3561248436207,"(144.5439770745928, 199.52623149688787]",q15,172.03510428574032
5211,separate,divide,687.03125,13.182567385564074,"(10.0, 13.182567385564074]",q4,11.591283692782037
5212,separate,left,658.28125,416.8693834703355,"(295.1209226666384, 18620.871366628657]",q17,9457.996144647648
5213,serious,pretty,696.3125,239.88329190194898,"(199.52623149688787, 295.1209226666384]",q16,247.32357708176315
5214,serious,student,633.7096774193549,104.71285480508985,"(87.09635899560814, 112.2018454301963]",q13,99.64910221290222
5215,server,continent,870.8125,11.748975549395302,"(10.0, 13.182567385564074]",q4,11.591283692782037
5216,server,waiter,672.1935483870968,4.073802778041126,"(2.7542287033381663, 5.011872336272725]",q1,3.8830505198054457
5217,service,stack,695.3125,11.220184543019629,"(10.0, 13.182567385564074]",q4,11.591283692782037
5218,service,station,670.3225806451613,102.32929922807536,"(87.09635899560814, 112.2018454301963]",q13,99.64910221290222
5219,set,hot,663.40625,144.5439770745928,"(112.2018454301963, 144.5439770745928]",q14,128.37291125239454
5220,set,television,663.3103448275862,61.65950018614822,"(56.23413251903491, 70.79457843841374]",q11,63.514355478724326
5221,seven,eleven,646.1875,13.182567385564074,"(10.0, 13.182567385564074]",q4,11.591283692782037
5222,seven,plead,820.3461538461538,4.265795188015925,"(2.7542287033381663, 5.011872336272725]",q1,3.8830505198054457
5223,several,submarine,783.030303030303,6.456542290346556,"(5.011872336272725, 7.244359600749899]",q2,6.128115968511311
5224,several,thousand,603.71875,43.65158322401656,"(37.15352290971728, 46.77351412871981]",q9,41.963518519218546
5225,sew,florida,714.0,57.543993733715666,"(56.23413251903491, 70.79457843841374]",q11,63.514355478724326
5226,sew,knit,768.4666666666667,4.570881896148752,"(2.7542287033381663, 5.011872336272725]",q1,3.8830505198054457
5227,sex,female,627.4516129032259,100.0,"(87.09635899560814, 112.2018454301963]",q13,99.64910221290222
5228,sex,folder,697.4444444444445,5.4954087385762485,"(5.011872336272725, 7.244359600749899]",q2,6.128115968511311
5229,shade,glasses,768.4642857142857,21.87761623949552,"(17.78279410038923, 23.9883291901949]",q6,20.885561645292064
5230,shade,orange,620.741935483871,41.68693834703355,"(37.15352290971728, 46.77351412871981]",q9,41.963518519218546
5231,shake,boring,679.375,26.91534803926914,"(23.9883291901949, 29.51209226666384]",q7,26.75021072842937
5232,shake,rattle,712.3333333333334,2.23872113856834,"(0.0, 2.7542287033381663]",q0,1.3771143516690831
5233,shallow,deep,602.2903225806451,112.2018454301963,"(87.09635899560814, 112.2018454301963]",q13,99.64910221290222
5234,shallow,sauce,769.7,19.952623149688787,"(17.78279410038923, 23.9883291901949]",q6,20.885561645292064
5235,shame,guilt,656.5806451612904,13.489628825916533,"(13.182567385564074, 17.78279410038923]",q5,15.482680742976651
5236,shame,heavy,648.2903225806451,91.20108393559097,"(87.09635899560814, 112.2018454301963]",q13,99.64910221290222
5237,shape,mold,658.5,5.88843655355589,"(5.011872336272725, 7.244359600749899]",q2,6.128115968511311
5238,shape,smile,590.2333333333333,43.65158322401656,"(37.15352290971728, 46.77351412871981]",q9,41.963518519218546
5239,sharp,point,613.0,346.73685045253166,"(295.1209226666384, 18620.871366628657]",q17,9457.996144647648
5240,sharp,sing,702.7333333333333,34.673685045253166,"(29.51209226666384, 37.15352290971728]",q8,33.33280758819056
5241,shatter,bomb,601.6969696969697,39.81071705534969,"(37.15352290971728, 46.77351412871981]",q9,41.963518519218546
5242,shatter,break,651.8125,151.3561248436207,"(144.5439770745928, 199.52623149688787]",q15,172.03510428574032
5243,shave,beard,624.15625,11.748975549395302,"(10.0, 13.182567385564074]",q4,11.591283692782037
5244,shave,supper,721.6428571428571,5.4954087385762485,"(5.011872336272725, 7.244359600749899]",q2,6.128115968511311
5245,she,her,645.4666666666667,1995.2623149688789,"(295.1209226666384, 18620.871366628657]",q17,9457.996144647648
5246,she,name,723.483870967742,407.380277804113,"(295.1209226666384, 18620.871366628657]",q17,9457.996144647648
5247,shears,band,654.0645161290323,83.17637711026708,"(70.79457843841374, 87.09635899560814]",q12,78.94546871701094
5248,shears,scissors,631.5483870967741,3.801893963205613,"(2.7542287033381663, 5.011872336272725]",q1,3.8830505198054457
5249,sheep,england,715.2903225806451,131.82567385564073,"(112.2018454301963, 144.5439770745928]",q14,128.37291125239454
5250,sheep,wool,576.7931034482758,8.128305161640995,"(7.244359600749899, 10.0]",q3,8.62217980037495
5251,sheet,dolphin,835.2333333333333,4.677351412871981,"(2.7542287033381663, 5.011872336272725]",q1,3.8830505198054457
5252,sheet,white,581.21875,323.5936569296281,"(295.1209226666384, 18620.871366628657]",q17,9457.996144647648
5253,sheets,rhyme,805.4814814814815,3.630780547701014,"(2.7542287033381663, 5.011872336272725]",q1,3.8830505198054457
5254,sheets,satin,820.7407407407408,2.454708915685031,"(0.0, 2.7542287033381663]",q0,1.3771143516690831
5255,shelf,desk,705.1333333333333,26.91534803926914,"(23.9883291901949, 29.51209226666384]",q7,26.75021072842937
5256,shelf,even,613.8064516129032,977.2372209558112,"(295.1209226666384, 18620.871366628657]",q17,9457.996144647648
5257,shell,clam,779.2307692307693,1.6595869074375613,"(0.0, 2.7542287033381663]",q0,1.3771143516690831
5258,shell,garden,685.53125,58.88436553555884,"(56.23413251903491, 70.79457843841374]",q11,63.514355478724326
5259,shield,crafts,724.1724137931035,5.370317963702527,"(5.011872336272725, 7.244359600749899]",q2,6.128115968511311
5260,shield,protection,712.0625,70.79457843841374,"(56.23413251903491, 70.79457843841374]",q11,63.514355478724326
5261,shift,here,750.46875,933.2543007969905,"(295.1209226666384, 18620.871366628657]",q17,9457.996144647648
5262,shift,move,711.516129032258,223.87211385683378,"(199.52623149688787, 295.1209226666384]",q16,247.32357708176315
5263,shingle,roof,619.9032258064516,35.481338923357534,"(29.51209226666384, 37.15352290971728]",q8,33.33280758819056
5264,shingle,wood,586.8965517241379,60.25595860743581,"(56.23413251903491, 70.79457843841374]",q11,63.514355478724326
5265,ship,cloth,663.03125,10.71519305237607,"(10.0, 13.182567385564074]",q4,11.591283692782037
5266,ship,sink,720.8275862068965,16.218100973589298,"(13.182567385564074, 17.78279410038923]",q5,15.482680742976651
5267,shiver,immature,927.8,4.570881896148752,"(2.7542287033381663, 5.011872336272725]",q1,3.8830505198054457
5268,shiver,shake,693.9032258064516,21.379620895022324,"(17.78279410038923, 23.9883291901949]",q6,20.885561645292064
5269,shock,capability,769.2,11.748975549395302,"(10.0, 13.182567385564074]",q4,11.591283692782037
5270,shock,electric,711.71875,52.48074602497723,"(46.77351412871981, 56.23413251903491]",q10,51.503823323877356
5271,shoe,lace,743.483870967742,6.6069344800759575,"(5.011872336272725, 7.244359600749899]",q2,6.128115968511311
5272,shoe,save,768.5769230769231,138.03842646028838,"(112.2018454301963, 144.5439770745928]",q14,128.37291125239454
5273,shoot,horn,651.7586206896551,13.803842646028839,"(13.182567385564074, 17.78279410038923]",q5,15.482680742976651
5274,shoot,shot,635.5454545454545,165.95869074375597,"(144.5439770745928, 199.52623149688787]",q15,172.03510428574032
5275,shop,keeper,707.4545454545455,10.471285480508985,"(10.0, 13.182567385564074]",q4,11.591283692782037
5276,shop,lose,657.3870967741935,120.22644346174131,"(112.2018454301963, 144.5439770745928]",q14,128.37291125239454
5277,shore,line,640.375,309.0295432513592,"(295.1209226666384, 18620.871366628657]",q17,9457.996144647648
5278,shore,motel,720.96,4.073802778041126,"(2.7542287033381663, 5.011872336272725]",q1,3.8830505198054457
5279,shortcake,strawberry,611.8064516129032,5.248074602497728,"(5.011872336272725, 7.244359600749899]",q2,6.128115968511311
5280,shortcake,wagon,736.2142857142857,7.943282347242813,"(7.244359600749899, 10.0]",q3,8.62217980037495
5281,shorts,legs,621.6,46.77351412871981,"(37.15352290971728, 46.77351412871981]",q9,41.963518519218546
5282,shorts,square,714.4375,69.18309709189363,"(56.23413251903491, 70.79457843841374]",q11,63.514355478724326
5283,shoulder,ankle,679.1612903225806,9.332543007969914,"(7.244359600749899, 10.0]",q3,8.62217980037495
5284,shoulder,arm,622.09375,53.70317963702533,"(46.77351412871981, 56.23413251903491]",q10,51.503823323877356
5285,shove,egypt,702.5666666666667,28.18382931264455,"(23.9883291901949, 29.51209226666384]",q7,26.75021072842937
5286,shove,push,529.4375,66.06934480075964,"(56.23413251903491, 70.79457843841374]",q11,63.514355478724326
5287,shovel,magazine,634.9354838709677,54.954087385762485,"(46.77351412871981, 56.23413251903491]",q10,51.503823323877356
5288,shovel,sand,590.5172413793103,27.54228703338169,"(23.9883291901949, 29.51209226666384]",q7,26.75021072842937
5289,show,clipper,887.7407407407408,1.1481536214968828,"(0.0, 2.7542287033381663]",q0,1.3771143516690831
5290,show,tell,554.4242424242424,338.84415613920277,"(295.1209226666384, 18620.871366628657]",q17,9457.996144647648
5291,shower,clean,600.625,93.32543007969905,"(87.09635899560814, 112.2018454301963]",q13,99.64910221290222
5292,shower,number,716.0625,416.8693834703355,"(295.1209226666384, 18620.871366628657]",q17,9457.996144647648
5293,shrimp,cow,688.3548387096774,13.803842646028839,"(13.182567385564074, 17.78279410038923]",q5,15.482680742976651
5294,shrimp,lobster,623.6774193548387,4.46683592150963,"(2.7542287033381663, 5.011872336272725]",q1,3.8830505198054457
5295,shrine,circus,665.1333333333333,9.549925860214358,"(7.244359600749899, 10.0]",q3,8.62217980037495
5296,shrine,temple,644.34375,28.18382931264455,"(23.9883291901949, 29.51209226666384]",q7,26.75021072842937
5297,shrink,grow,620.516129032258,79.43282347242821,"(70.79457843841374, 87.09635899560814]",q12,78.94546871701094
5298,shrink,wine,562.71875,54.954087385762485,"(46.77351412871981, 56.23413251903491]",q10,51.503823323877356
5299,shrub,bush,630.4333333333333,30.90295432513592,"(29.51209226666384, 37.15352290971728]",q8,33.33280758819056
5300,shrub,judge,619.6774193548387,89.12509381337459,"(87.09635899560814, 112.2018454301963]",q13,99.64910221290222
5301,sibling,brother,571.8,128.82495516931348,"(112.2018454301963, 144.5439770745928]",q14,128.37291125239454
5302,sibling,shake,605.258064516129,21.379620895022324,"(17.78279410038923, 23.9883291901949]",q6,20.885561645292064
5303,sick,ill,622.6774193548387,52.48074602497723,"(46.77351412871981, 56.23413251903491]",q10,51.503823323877356
5304,sick,student,601.1,104.71285480508985,"(87.09635899560814, 112.2018454301963]",q13,99.64910221290222
5305,sickle,bra,712.1212121212121,7.07945784384138,"(5.011872336272725, 7.244359600749899]",q2,6.128115968511311
5306,sickle,cell,663.125,74.13102413009177,"(70.79457843841374, 87.09635899560814]",q12,78.94546871701094
5307,side,bite,705.8571428571429,20.417379446695275,"(17.78279410038923, 23.9883291901949]",q6,20.885561645292064
5308,side,front,646.59375,190.54607179632484,"(144.5439770745928, 199.52623149688787]",q15,172.03510428574032
5309,sidewalk,teach,623.7096774193549,46.77351412871981,"(37.15352290971728, 46.77351412871981]",q9,41.963518519218546
5310,sidewalk,walkway,617.84375,1.4454397707459279,"(0.0, 2.7542287033381663]",q0,1.3771143516690831
5311,sight,indoors,658.6333333333333,3.981071705534973,"(2.7542287033381663, 5.011872336272725]",q1,3.8830505198054457
5312,sight,vision,662.9354838709677,42.65795188015925,"(37.15352290971728, 46.77351412871981]",q9,41.963518519218546
5313,sign,language,609.25,125.89254117941661,"(112.2018454301963, 144.5439770745928]",q14,128.37291125239454
5314,sign,truth,647.4375,112.2018454301963,"(87.09635899560814, 112.2018454301963]",q13,99.64910221290222
5315,silent,slut,664.5862068965517,5.754399373371567,"(5.011872336272725, 7.244359600749899]",q2,6.128115968511311
5316,silent,still,621.0,831.7637711026708,"(295.1209226666384, 18620.871366628657]",q17,9457.996144647648
5317,silk,circle,709.0645161290323,35.481338923357534,"(29.51209226666384, 37.15352290971728]",q8,33.33280758819056
5318,silk,satin,782.2857142857143,2.454708915685031,"(0.0, 2.7542287033381663]",q0,1.3771143516690831
5319,silly,crazy,619.59375,117.48975549395303,"(112.2018454301963, 144.5439770745928]",q14,128.37291125239454
5320,silly,soap,731.9375,15.135612484362072,"(13.182567385564074, 17.78279410038923]",q5,15.482680742976651
5321,simple,easy,587.2258064516129,194.98445997580455,"(144.5439770745928, 199.52623149688787]",q15,172.03510428574032
5322,simple,guess,685.9677419354839,147.91083881682073,"(144.5439770745928, 199.52623149688787]",q15,172.03510428574032
5323,since,bubble,723.7333333333333,14.45439770745928,"(13.182567385564074, 17.78279410038923]",q5,15.482680742976651
5324,since,then,610.8387096774194,1174.8975549395302,"(295.1209226666384, 18620.871366628657]",q17,9457.996144647648
5325,singer,dancer,601.9,9.772372209558112,"(7.244359600749899, 10.0]",q3,8.62217980037495
5326,singer,habit,664.4827586206897,17.378008287493763,"(13.182567385564074, 17.78279410038923]",q5,15.482680742976651
5327,single,marry,595.7878787878788,25.11886431509582,"(23.9883291901949, 29.51209226666384]",q7,26.75021072842937
5328,single,sight,676.516129032258,34.673685045253166,"(29.51209226666384, 37.15352290971728]",q8,33.33280758819056
5329,sinker,fishing,647.5333333333333,29.51209226666384,"(23.9883291901949, 29.51209226666384]",q7,26.75021072842937
5330,sinker,trick,713.7741935483871,30.199517204020193,"(29.51209226666384, 37.15352290971728]",q8,33.33280758819056
5331,sip,king,627.0,147.91083881682073,"(144.5439770745928, 199.52623149688787]",q15,172.03510428574032
5332,sip,straw,712.1515151515151,9.772372209558112,"(7.244359600749899, 10.0]",q3,8.62217980037495
5333,siren,emergency,707.34375,52.48074602497723,"(46.77351412871981, 56.23413251903491]",q10,51.503823323877356
5334,siren,frankenstein,893.6785714285714,2.1379620895022327,"(0.0, 2.7542287033381663]",q0,1.3771143516690831
5335,sister,brother,584.6666666666666,128.82495516931348,"(112.2018454301963, 144.5439770745928]",q14,128.37291125239454
5336,sister,hula,1065.0,1.0232929922807537,"(0.0, 2.7542287033381663]",q0,1.3771143516690831
5337,six,meet,690.0357142857143,186.20871366628657,"(144.5439770745928, 199.52623149688787]",q15,172.03510428574032
5338,six,seven,619.40625,120.22644346174131,"(112.2018454301963, 144.5439770745928]",q14,128.37291125239454
5339,sketch,draw,607.7575757575758,64.56542290346549,"(56.23413251903491, 70.79457843841374]",q11,63.514355478724326
5340,sketch,right,614.375,912.0108393559096,"(295.1209226666384, 18620.871366628657]",q17,9457.996144647648
5341,ski,bell,673.4545454545455,38.904514499428046,"(37.15352290971728, 46.77351412871981]",q9,41.963518519218546
5342,ski,jump,642.0,48.97788193684466,"(46.77351412871981, 56.23413251903491]",q10,51.503823323877356
5343,skill,number,689.3666666666667,416.8693834703355,"(295.1209226666384, 18620.871366628657]",q17,9457.996144647648
5344,skill,saw,684.9333333333333,218.77616239495518,"(199.52623149688787, 295.1209226666384]",q16,247.32357708176315
5345,skiller,donkey,612.0714285714286,4.168693834703355,"(2.7542287033381663, 5.011872336272725]",q1,3.8830505198054457
5346,skillet,pan,676.8,24.547089156850287,"(23.9883291901949, 29.51209226666384]",q7,26.75021072842937
5347,skinny,fat,621.9090909090909,70.79457843841374,"(56.23413251903491, 70.79457843841374]",q11,63.514355478724326
5348,skinny,pizza,623.7586206896551,26.91534803926914,"(23.9883291901949, 29.51209226666384]",q7,26.75021072842937
5349,skip,jump,623.4827586206897,48.97788193684466,"(46.77351412871981, 56.23413251903491]",q10,51.503823323877356
5350,skip,mix,611.5806451612904,51.28613839913648,"(46.77351412871981, 56.23413251903491]",q10,51.503823323877356
5351,sky,cold,606.9333333333333,104.71285480508985,"(87.09635899560814, 112.2018454301963]",q13,99.64910221290222
5352,sky,heaven,660.0322580645161,38.018939632056124,"(37.15352290971728, 46.77351412871981]",q9,41.963518519218546
5353,slab,brothers,617.96875,48.97788193684466,"(46.77351412871981, 56.23413251903491]",q10,51.503823323877356
5354,slab,concrete,779.258064516129,27.54228703338169,"(23.9883291901949, 29.51209226666384]",q7,26.75021072842937
5355,slacks,pants,664.15625,30.199517204020193,"(29.51209226666384, 37.15352290971728]",q8,33.33280758819056
5356,slacks,sympathetic,839.9677419354839,6.456542290346556,"(5.011872336272725, 7.244359600749899]",q2,6.128115968511311
5357,slander,lie,631.0322580645161,69.18309709189363,"(56.23413251903491, 70.79457843841374]",q11,63.514355478724326
5358,slander,rough,596.6129032258065,30.90295432513592,"(29.51209226666384, 37.15352290971728]",q8,33.33280758819056
5359,slave,owner,736.9677419354839,67.60829753919819,"(56.23413251903491, 70.79457843841374]",q11,63.514355478724326
5360,slave,sorority,892.1481481481482,1.8197008586099825,"(0.0, 2.7542287033381663]",q0,1.3771143516690831
5361,slay,kill,615.6969696969697,123.02687708123811,"(112.2018454301963, 144.5439770745928]",q14,128.37291125239454
5362,slay,schedule,623.2258064516129,46.77351412871981,"(37.15352290971728, 46.77351412871981]",q9,41.963518519218546
5363,sleep,dream,593.5483870967741,81.28305161640995,"(70.79457843841374, 87.09635899560814]",q12,78.94546871701094
5364,sleep,thirsty,630.6129032258065,5.4954087385762485,"(5.011872336272725, 7.244359600749899]",q2,6.128115968511311
5365,sleeve,short,585.6451612903226,213.79620895022325,"(199.52623149688787, 295.1209226666384]",q16,247.32357708176315
5366,sleeve,values,755.28125,46.77351412871981,"(37.15352290971728, 46.77351412871981]",q9,41.963518519218546
5367,sleigh,choice,586.3548387096774,120.22644346174131,"(112.2018454301963, 144.5439770745928]",q14,128.37291125239454
5368,sleigh,snow,570.0,45.708818961487516,"(37.15352290971728, 46.77351412871981]",q9,41.963518519218546
5369,slender,four,592.0625,338.84415613920277,"(295.1209226666384, 18620.871366628657]",q17,9457.996144647648
5370,slender,skinny,616.59375,9.772372209558112,"(7.244359600749899, 10.0]",q3,8.62217980037495
5371,slice,smart,632.6129032258065,67.60829753919819,"(56.23413251903491, 70.79457843841374]",q11,63.514355478724326
5372,slice,soda,601.2758620689655,10.964781961431852,"(10.0, 13.182567385564074]",q4,11.591283692782037
5373,slick,dog,602.28125,125.89254117941661,"(112.2018454301963, 144.5439770745928]",q14,128.37291125239454
5374,slick,slippery,727.9032258064516,4.073802778041126,"(2.7542287033381663, 5.011872336272725]",q1,3.8830505198054457
5375,slide,drain,637.1071428571429,11.748975549395302,"(10.0, 13.182567385564074]",q4,11.591283692782037
5376,slide,slip,689.5333333333333,19.054607179632484,"(17.78279410038923, 23.9883291901949]",q6,20.885561645292064
5377,slime,goo,916.5238095238096,2.570395782768865,"(0.0, 2.7542287033381663]",q0,1.3771143516690831
5378,slime,house,617.28125,512.8613839913648,"(295.1209226666384, 18620.871366628657]",q17,9457.996144647648
5379,slimy,goo,766.2666666666667,2.570395782768865,"(0.0, 2.7542287033381663]",q0,1.3771143516690831
5380,slimy,pimple,832.5769230769231,0.6760829753919819,"(0.0, 2.7542287033381663]",q0,1.3771143516690831
5381,sling,cute,634.9333333333333,44.668359215096345,"(37.15352290971728, 46.77351412871981]",q9,41.963518519218546
5382,sling,shot,567.0645161290323,165.95869074375597,"(144.5439770745928, 199.52623149688787]",q15,172.03510428574032
5383,sliver,criminal,795.7096774193549,56.23413251903491,"(46.77351412871981, 56.23413251903491]",q10,51.503823323877356
5384,sliver,piece,623.6551724137931,109.64781961431851,"(87.09635899560814, 112.2018454301963]",q13,99.64910221290222
5385,slob,film,727.5,158.48931924611142,"(144.5439770745928, 199.52623149688787]",q15,172.03510428574032
5386,slob,messy,698.0,7.413102413009177,"(7.244359600749899, 10.0]",q3,8.62217980037495
5387,slope,nun,797.1481481481482,4.365158322401661,"(2.7542287033381663, 5.011872336272725]",q1,3.8830505198054457
5388,slope,ski,641.4137931034483,13.489628825916533,"(13.182567385564074, 17.78279410038923]",q5,15.482680742976651
5389,slug,defeat,766.258064516129,32.35936569296281,"(29.51209226666384, 37.15352290971728]",q8,33.33280758819056
5390,slug,gross,709.6875,28.18382931264455,"(23.9883291901949, 29.51209226666384]",q7,26.75021072842937
5391,slum,city,563.1,407.380277804113,"(295.1209226666384, 18620.871366628657]",q17,9457.996144647648
5392,slum,fun,645.7666666666667,199.52623149688787,"(144.5439770745928, 199.52623149688787]",q15,172.03510428574032
5393,slurp,center,648.2,154.88166189124829,"(144.5439770745928, 199.52623149688787]",q15,172.03510428574032
5394,slurp,drink,585.40625,79.43282347242821,"(70.79457843841374, 87.09635899560814]",q12,78.94546871701094
5395,sly,fox,605.65625,45.708818961487516,"(37.15352290971728, 46.77351412871981]",q9,41.963518519218546
5396,sly,note,638.5666666666667,109.64781961431851,"(87.09635899560814, 112.2018454301963]",q13,99.64910221290222
5397,small,little,619.1666666666666,562.341325190349,"(295.1209226666384, 18620.871366628657]",q17,9457.996144647648
5398,small,tasty,612.7931034482758,6.918309709189363,"(5.011872336272725, 7.244359600749899]",q2,6.128115968511311
5399,smart,dumb,646.7931034482758,34.673685045253166,"(29.51209226666384, 37.15352290971728]",q8,33.33280758819056
5400,smart,past,604.4,229.08676527677747,"(199.52623149688787, 295.1209226666384]",q16,247.32357708176315
5401,smash,choose,612.030303030303,81.28305161640995,"(70.79457843841374, 87.09635899560814]",q12,78.94546871701094
5402,smash,glass,573.6774193548387,70.79457843841374,"(56.23413251903491, 70.79457843841374]",q11,63.514355478724326
5403,smear,smudge,837.3,0.6456542290346556,"(0.0, 2.7542287033381663]",q0,1.3771143516690831
5404,smear,vacation,649.9677419354839,25.11886431509582,"(23.9883291901949, 29.51209226666384]",q7,26.75021072842937
5405,smell,positive,667.4516129032259,97.72372209558111,"(87.09635899560814, 112.2018454301963]",q13,99.64910221290222
5406,smell,taste,570.3939393939394,53.70317963702533,"(46.77351412871981, 56.23413251903491]",q10,51.503823323877356
5407,smoky,mountains,700.6,31.622776601683793,"(29.51209226666384, 37.15352290971728]",q8,33.33280758819056
5408,smoky,reef,815.125,6.760829753919819,"(5.011872336272725, 7.244359600749899]",q2,6.128115968511311
5409,smooth,path,559.1,51.28613839913648,"(46.77351412871981, 56.23413251903491]",q10,51.503823323877356
5410,smooth,skin,587.0,81.28305161640995,"(70.79457843841374, 87.09635899560814]",q12,78.94546871701094
5411,smother,pilot,656.9375,33.11311214825908,"(29.51209226666384, 37.15352290971728]",q8,33.33280758819056
5412,smother,suffocate,852.0967741935484,0.7244359600749899,"(0.0, 2.7542287033381663]",q0,1.3771143516690831
5413,snack,attack,660.1666666666666,123.02687708123811,"(112.2018454301963, 144.5439770745928]",q14,128.37291125239454
5414,snack,orgasm,842.0344827586207,4.677351412871981,"(2.7542287033381663, 5.011872336272725]",q1,3.8830505198054457
5415,snail,cell,771.7741935483871,74.13102413009177,"(70.79457843841374, 87.09635899560814]",q12,78.94546871701094
5416,snail,shell,739.2758620689655,24.547089156850287,"(23.9883291901949, 29.51209226666384]",q7,26.75021072842937
5417,snake,band,715.5666666666667,83.17637711026708,"(70.79457843841374, 87.09635899560814]",q12,78.94546871701094
5418,snake,rattle,737.3793103448276,2.23872113856834,"(0.0, 2.7542287033381663]",q0,1.3771143516690831
5419,snap,crackle,697.4242424242424,0.6025595860743574,"(0.0, 2.7542287033381663]",q0,1.3771143516690831
5420,snap,environment,863.9310344827586,74.13102413009177,"(70.79457843841374, 87.09635899560814]",q12,78.94546871701094
5421,sneak,preview,559.9677419354839,9.120108393559097,"(7.244359600749899, 10.0]",q3,8.62217980037495
5422,sneak,sick,757.4666666666667,75.85775750291836,"(70.79457843841374, 87.09635899560814]",q12,78.94546871701094
5423,sneakers,smell,659.3870967741935,30.90295432513592,"(29.51209226666384, 37.15352290971728]",q8,33.33280758819056
5424,sneakers,tire,709.8125,10.471285480508985,"(10.0, 13.182567385564074]",q4,11.591283692782037
5425,sneaky,beautiful,684.3030303030303,165.95869074375597,"(144.5439770745928, 199.52623149688787]",q15,172.03510428574032
5426,sneaky,sly,664.3666666666667,2.5118864315095797,"(0.0, 2.7542287033381663]",q0,1.3771143516690831
5427,sneeze,cough,646.5483870967741,8.91250938133746,"(7.244359600749899, 10.0]",q3,8.62217980037495
5428,sneeze,naked,636.0,26.91534803926914,"(23.9883291901949, 29.51209226666384]",q7,26.75021072842937
5429,snob,bitch,596.46875,57.543993733715666,"(56.23413251903491, 70.79457843841374]",q11,63.514355478724326
5430,snob,coral,863.3076923076923,7.244359600749899,"(5.011872336272725, 7.244359600749899]",q2,6.128115968511311
5431,snooze,clock,623.7878787878788,26.91534803926914,"(23.9883291901949, 29.51209226666384]",q7,26.75021072842937
5432,snooze,thousand,661.0,43.65158322401656,"(37.15352290971728, 46.77351412871981]",q9,41.963518519218546
5433,snot,grab,634.7878787878788,33.11311214825908,"(29.51209226666384, 37.15352290971728]",q8,33.33280758819056
5434,snot,nose,698.3030303030303,32.35936569296281,"(29.51209226666384, 37.15352290971728]",q8,33.33280758819056
5435,snotty,roses,761.0,10.232929922807536,"(10.0, 13.182567385564074]",q4,11.591283692782037
5436,snotty,snob,739.4285714285714,0.9120108393559097,"(0.0, 2.7542287033381663]",q0,1.3771143516690831
5437,snow,fruit,657.3548387096774,37.15352290971728,"(29.51209226666384, 37.15352290971728]",q8,33.33280758819056
5438,snow,ski,633.0,13.489628825916533,"(13.182567385564074, 17.78279410038923]",q5,15.482680742976651
5439,snuggle,blue,554.3125,134.89628825916532,"(112.2018454301963, 144.5439770745928]",q14,128.37291125239454
5440,snuggle,cuddle,604.6451612903226,2.5118864315095797,"(0.0, 2.7542287033381663]",q0,1.3771143516690831
5441,soak,doctor,568.40625,79.43282347242821,"(70.79457843841374, 87.09635899560814]",q12,78.94546871701094
5442,soak,wash,573.2727272727273,28.84031503126606,"(23.9883291901949, 29.51209226666384]",q7,26.75021072842937
5443,soap,bubble,671.4375,14.45439770745928,"(13.182567385564074, 17.78279410038923]",q5,15.482680742976651
5444,soap,ground,635.8064516129032,141.25375446227554,"(112.2018454301963, 144.5439770745928]",q14,128.37291125239454
5445,sober,bored,669.0,15.848931924611142,"(13.182567385564074, 17.78279410038923]",q5,15.482680742976651
5446,sober,normal,615.0,102.32929922807536,"(87.09635899560814, 112.2018454301963]",q13,99.64910221290222
5447,society,eight,661.3870967741935,104.71285480508985,"(87.09635899560814, 112.2018454301963]",q13,99.64910221290222
5448,society,people,629.5625,1778.2794100389228,"(295.1209226666384, 18620.871366628657]",q17,9457.996144647648
5449,sock,beast,705.0333333333333,19.498445997580454,"(17.78279410038923, 23.9883291901949]",q6,20.885561645292064
5450,sock,shoe,694.3,17.378008287493763,"(13.182567385564074, 17.78279410038923]",q5,15.482680742976651
5451,socket,abnormal,813.741935483871,5.1286138399136485,"(5.011872336272725, 7.244359600749899]",q2,6.128115968511311
5452,socket,plug,699.9375,13.803842646028839,"(13.182567385564074, 17.78279410038923]",q5,15.482680742976651
5453,socks,sad,565.9032258064516,69.18309709189363,"(56.23413251903491, 70.79457843841374]",q11,63.514355478724326
5454,socks,shoes,698.40625,46.77351412871981,"(37.15352290971728, 46.77351412871981]",q9,41.963518519218546
5455,soda,apart,692.2,60.25595860743581,"(56.23413251903491, 70.79457843841374]",q11,63.514355478724326
5456,soda,pepsi,771.5,2.7542287033381663,"(0.0, 2.7542287033381663]",q0,1.3771143516690831
5457,sofa,bed,625.5806451612904,117.48975549395303,"(112.2018454301963, 144.5439770745928]",q14,128.37291125239454
5458,sofa,chicken,599.0,42.65795188015925,"(37.15352290971728, 46.77351412871981]",q9,41.963518519218546
5459,soft,cotton,637.8666666666667,22.38721138568338,"(17.78279410038923, 23.9883291901949]",q6,20.885561645292064
5460,soft,package,619.6,28.84031503126606,"(23.9883291901949, 29.51209226666384]",q7,26.75021072842937
5461,softball,girls,623.258064516129,147.91083881682073,"(144.5439770745928, 199.52623149688787]",q15,172.03510428574032
5462,softball,world,571.3125,776.2471166286912,"(295.1209226666384, 18620.871366628657]",q17,9457.996144647648
5463,soil,dirt,563.5,17.378008287493763,"(13.182567385564074, 17.78279410038923]",q5,15.482680742976651
5464,soil,marry,665.7586206896551,25.11886431509582,"(23.9883291901949, 29.51209226666384]",q7,26.75021072842937
5465,soldier,brave,656.8620689655172,21.379620895022324,"(17.78279410038923, 23.9883291901949]",q6,20.885561645292064
5466,soldier,goose,702.0333333333333,6.918309709189363,"(5.011872336272725, 7.244359600749899]",q2,6.128115968511311
5467,solid,questions,716.9310344827586,141.25375446227554,"(112.2018454301963, 144.5439770745928]",q14,128.37291125239454
5468,solid,stripe,703.9,3.235936569296281,"(2.7542287033381663, 5.011872336272725]",q1,3.8830505198054457
5469,solo,course,695.59375,275.4228703338169,"(199.52623149688787, 295.1209226666384]",q16,247.32357708176315
5470,solo,self,625.2068965517242,177.82794100389228,"(144.5439770745928, 199.52623149688787]",q15,172.03510428574032
5471,solution,encourage,720.0909090909091,28.18382931264455,"(23.9883291901949, 29.51209226666384]",q7,26.75021072842937
5472,solution,problem,623.0,251.18864315095823,"(199.52623149688787, 295.1209226666384]",q16,247.32357708176315
5473,some,paint,614.25,33.11311214825908,"(29.51209226666384, 37.15352290971728]",q8,33.33280758819056
5474,some,thing,591.625,524.8074602497722,"(295.1209226666384, 18620.871366628657]",q17,9457.996144647648
5475,something,good,585.7878787878788,1318.2567385564075,"(295.1209226666384, 18620.871366628657]",q17,9457.996144647648
5476,something,tuesday,760.3333333333334,42.65795188015925,"(37.15352290971728, 46.77351412871981]",q9,41.963518519218546
5477,sometimes,often,588.8,257.03957827688646,"(199.52623149688787, 295.1209226666384]",q16,247.32357708176315
5478,sometimes,trick,647.53125,30.199517204020193,"(29.51209226666384, 37.15352290971728]",q8,33.33280758819056
5479,son,butterfly,835.8709677419355,8.511380382023768,"(7.244359600749899, 10.0]",q3,8.62217980037495
5480,son,dad,630.7,89.12509381337459,"(87.09635899560814, 112.2018454301963]",q13,99.64910221290222
5481,song,sing,618.90625,34.673685045253166,"(29.51209226666384, 37.15352290971728]",q8,33.33280758819056
5482,song,tie,557.8148148148148,32.35936569296281,"(29.51209226666384, 37.15352290971728]",q8,33.33280758819056
5483,sonic,camp,705.4827586206897,61.65950018614822,"(56.23413251903491, 70.79457843841374]",q11,63.514355478724326
5484,sonic,sound,642.0645161290323,141.25375446227554,"(112.2018454301963, 144.5439770745928]",q14,128.37291125239454
5485,sonnet,candle,666.3870967741935,7.585775750291836,"(7.244359600749899, 10.0]",q3,8.62217980037495
5486,sonnet,poem,723.7777777777778,17.78279410038923,"(13.182567385564074, 17.78279410038923]",q5,15.482680742976651
5487,soon,general,704.84375,295.1209226666384,"(199.52623149688787, 295.1209226666384]",q16,247.32357708176315
5488,soon,late,640.78125,218.77616239495518,"(199.52623149688787, 295.1209226666384]",q16,247.32357708176315
5489,soot,black,670.8181818181819,288.40315031266056,"(199.52623149688787, 295.1209226666384]",q16,247.32357708176315
5490,soot,mad,684.8333333333334,54.954087385762485,"(46.77351412871981, 56.23413251903491]",q10,51.503823323877356
5491,soothe,calm,632.5333333333333,34.673685045253166,"(29.51209226666384, 37.15352290971728]",q8,33.33280758819056
5492,soothe,flag,661.4193548387096,38.018939632056124,"(37.15352290971728, 46.77351412871981]",q9,41.963518519218546
5493,sorority,clear,712.1935483870968,177.82794100389228,"(144.5439770745928, 199.52623149688787]",q15,172.03510428574032
5494,sorority,women,649.5483870967741,371.53522909717276,"(295.1209226666384, 18620.871366628657]",q17,9457.996144647648
5495,sorry,apology,691.4242424242424,11.220184543019629,"(10.0, 13.182567385564074]",q4,11.591283692782037
5496,sorry,town,586.1612903225806,173.78008287493762,"(144.5439770745928, 199.52623149688787]",q15,172.03510428574032
5497,sound,human,600.258064516129,223.87211385683378,"(199.52623149688787, 295.1209226666384]",q16,247.32357708176315
5498,sound,noise,639.78125,35.481338923357534,"(29.51209226666384, 37.15352290971728]",q8,33.33280758819056
5499,soup,monster,763.8387096774194,30.90295432513592,"(29.51209226666384, 37.15352290971728]",q8,33.33280758819056
5500,soup,vegetables,677.8387096774194,14.125375446227554,"(13.182567385564074, 17.78279410038923]",q5,15.482680742976651
5501,sour,lady,598.4375,89.12509381337459,"(87.09635899560814, 112.2018454301963]",q13,99.64910221290222
5502,sour,lemon,641.5333333333333,12.589254117941662,"(10.0, 13.182567385564074]",q4,11.591283692782037
5503,south,bake,668.448275862069,8.128305161640995,"(7.244359600749899, 10.0]",q3,8.62217980037495
5504,south,west,669.8125,194.98445997580455,"(144.5439770745928, 199.52623149688787]",q15,172.03510428574032
5505,southern,place,637.5806451612904,512.8613839913648,"(295.1209226666384, 18620.871366628657]",q17,9457.996144647648
5506,southern,states,645.3939393939394,331.13112148259074,"(295.1209226666384, 18620.871366628657]",q17,9457.996144647648
5507,sow,blame,605.0,42.65795188015925,"(37.15352290971728, 46.77351412871981]",q9,41.963518519218546
5508,sow,pig,658.0322580645161,13.803842646028839,"(13.182567385564074, 17.78279410038923]",q5,15.482680742976651
5509,spaghetti,hint,701.1428571428571,11.748975549395302,"(10.0, 13.182567385564074]",q4,11.591283692782037
5510,spaghetti,sauce,623.4516129032259,19.952623149688787,"(17.78279410038923, 23.9883291901949]",q6,20.885561645292064
5511,span,forest,712.0714285714286,50.11872336272725,"(46.77351412871981, 56.23413251903491]",q10,51.503823323877356
5512,span,wide,634.3870967741935,91.20108393559097,"(87.09635899560814, 112.2018454301963]",q13,99.64910221290222
5513,spanish,language,622.8032786885246,125.89254117941661,"(112.2018454301963, 144.5439770745928]",q14,128.37291125239454
5514,spank,cry,643.09375,38.904514499428046,"(37.15352290971728, 46.77351412871981]",q9,41.963518519218546
5515,spank,spread,670.1290322580645,64.56542290346549,"(56.23413251903491, 70.79457843841374]",q11,63.514355478724326
5516,spare,parts,653.5151515151515,117.48975549395303,"(112.2018454301963, 144.5439770745928]",q14,128.37291125239454
5517,spare,wool,644.7931034482758,8.128305161640995,"(7.244359600749899, 10.0]",q3,8.62217980037495
5518,spatula,fork,606.0625,10.71519305237607,"(10.0, 13.182567385564074]",q4,11.591283692782037
5519,spatula,student,681.4193548387096,104.71285480508985,"(87.09635899560814, 112.2018454301963]",q13,99.64910221290222
5520,special,important,794.34375,275.4228703338169,"(199.52623149688787, 295.1209226666384]",q16,247.32357708176315
5521,special,weird,628.0666666666667,64.56542290346549,"(56.23413251903491, 70.79457843841374]",q11,63.514355478724326
5522,specific,general,667.1379310344828,295.1209226666384,"(199.52623149688787, 295.1209226666384]",q16,247.32357708176315
5523,specific,gin,882.6111111111111,4.786300923226385,"(2.7542287033381663, 5.011872336272725]",q1,3.8830505198054457
5524,speed,fast,528.78125,134.89628825916532,"(112.2018454301963, 144.5439770745928]",q14,128.37291125239454
5525,speed,stop,644.3548387096774,331.13112148259074,"(295.1209226666384, 18620.871366628657]",q17,9457.996144647648
5526,spell,feet,569.34375,97.72372209558111,"(87.09635899560814, 112.2018454301963]",q13,99.64910221290222
5527,spell,magic,626.6,57.543993733715666,"(56.23413251903491, 70.79457843841374]",q11,63.514355478724326
5528,spend,purpose,668.40625,75.85775750291836,"(70.79457843841374, 87.09635899560814]",q12,78.94546871701094
5529,spend,shopping,621.6551724137931,47.863009232263806,"(46.77351412871981, 56.23413251903491]",q10,51.503823323877356
5530,sphinx,folder,641.9333333333333,5.4954087385762485,"(5.011872336272725, 7.244359600749899]",q2,6.128115968511311
5531,sphinx,pyramid,738.483870967742,5.623413251903491,"(5.011872336272725, 7.244359600749899]",q2,6.128115968511311
5532,spicy,pepper,614.90625,13.803842646028839,"(13.182567385564074, 17.78279410038923]",q5,15.482680742976651
5533,spicy,spring,764.09375,83.17637711026708,"(70.79457843841374, 87.09635899560814]",q12,78.94546871701094
5534,spider,soda,647.9,10.964781961431852,"(10.0, 13.182567385564074]",q4,11.591283692782037
5535,spider,web,660.2258064516129,54.954087385762485,"(46.77351412871981, 56.23413251903491]",q10,51.503823323877356
5536,spill,drop,670.53125,97.72372209558111,"(87.09635899560814, 112.2018454301963]",q13,99.64910221290222
5537,spill,her,652.5625,1995.2623149688789,"(295.1209226666384, 18620.871366628657]",q17,9457.996144647648
5538,spin,circle,650.1515151515151,35.481338923357534,"(29.51209226666384, 37.15352290971728]",q8,33.33280758819056
5539,spin,daring,732.3870967741935,5.011872336272725,"(2.7542287033381663, 5.011872336272725]",q1,3.8830505198054457
5540,spinach,cabbage,681.4848484848485,3.5481338923357533,"(2.7542287033381663, 5.011872336272725]",q1,3.8830505198054457
5541,spinach,cats,686.9354838709677,28.84031503126606,"(23.9883291901949, 29.51209226666384]",q7,26.75021072842937
5542,spine,lace,735.3928571428571,6.6069344800759575,"(5.011872336272725, 7.244359600749899]",q2,6.128115968511311
5543,spine,less,636.40625,309.0295432513592,"(295.1209226666384, 18620.871366628657]",q17,9457.996144647648
5544,spit,fat,590.5625,70.79457843841374,"(56.23413251903491, 70.79457843841374]",q11,63.514355478724326
5545,spit,mouth,666.96875,67.60829753919819,"(56.23413251903491, 70.79457843841374]",q11,63.514355478724326
5546,splinter,foot,624.0,74.13102413009177,"(70.79457843841374, 87.09635899560814]",q12,78.94546871701094
5547,splinter,okay,599.0666666666667,114.81536214968817,"(112.2018454301963, 144.5439770745928]",q14,128.37291125239454
5548,split,operation,786.0967741935484,83.17637711026708,"(70.79457843841374, 87.09635899560814]",q12,78.94546871701094
5549,split,second,615.0625,426.57951880159254,"(295.1209226666384, 18620.871366628657]",q17,9457.996144647648
5550,spoiled,cloudy,685.59375,3.5481338923357533,"(2.7542287033381663, 5.011872336272725]",q1,3.8830505198054457
5551,spoiled,rotten,794.6774193548387,6.456542290346556,"(5.011872336272725, 7.244359600749899]",q2,6.128115968511311
5552,sponge,monthly,805.7586206896551,31.622776601683793,"(29.51209226666384, 37.15352290971728]",q8,33.33280758819056
5553,sponge,ocean,690.1333333333333,50.11872336272725,"(46.77351412871981, 56.23413251903491]",q10,51.503823323877356
5554,spontaneous,doe,955.1666666666666,6.918309709189363,"(5.011872336272725, 7.244359600749899]",q2,6.128115968511311
5555,spontaneous,quick,606.4516129032259,95.49925860214368,"(87.09635899560814, 112.2018454301963]",q13,99.64910221290222
5556,spool,sew,620.6296296296297,2.818382931264455,"(2.7542287033381663, 5.011872336272725]",q1,3.8830505198054457
5557,spool,shell,669.71875,24.547089156850287,"(23.9883291901949, 29.51209226666384]",q7,26.75021072842937
5558,spot,stain,724.4642857142857,5.011872336272725,"(2.7542287033381663, 5.011872336272725]",q1,3.8830505198054457
5559,spot,stick,708.4193548387096,57.543993733715666,"(56.23413251903491, 70.79457843841374]",q11,63.514355478724326
5560,spotless,pot,743.78125,25.11886431509582,"(23.9883291901949, 29.51209226666384]",q7,26.75021072842937
5561,spotless,spot,705.6875,77.62471166286912,"(70.79457843841374, 87.09635899560814]",q12,78.94546871701094
5562,spots,dime,757.925925925926,4.570881896148752,"(2.7542287033381663, 5.011872336272725]",q1,3.8830505198054457
5563,spots,dots,696.72,5.754399373371567,"(5.011872336272725, 7.244359600749899]",q2,6.128115968511311
5564,spouse,husband,629.2903225806451,100.0,"(87.09635899560814, 112.2018454301963]",q13,99.64910221290222
5565,spouse,toes,738.9354838709677,9.120108393559097,"(7.244359600749899, 10.0]",q3,8.62217980037495
5566,sprain,ankle,610.5333333333333,9.332543007969914,"(7.244359600749899, 10.0]",q3,8.62217980037495
5567,sprain,like,617.1612903225806,2570.3957827688646,"(295.1209226666384, 18620.871366628657]",q17,9457.996144647648
5568,spray,children,635.9354838709677,295.1209226666384,"(199.52623149688787, 295.1209226666384]",q16,247.32357708176315
5569,spray,hair,583.8666666666667,120.22644346174131,"(112.2018454301963, 144.5439770745928]",q14,128.37291125239454
5570,spread,apart,663.9375,60.25595860743581,"(56.23413251903491, 70.79457843841374]",q11,63.514355478724326
5571,spread,grasp,862.7083333333334,9.332543007969914,"(7.244359600749899, 10.0]",q3,8.62217980037495
5572,spree,pants,687.1290322580645,30.199517204020193,"(29.51209226666384, 37.15352290971728]",q8,33.33280758819056
5573,spree,shopping,678.2727272727273,47.863009232263806,"(46.77351412871981, 56.23413251903491]",q10,51.503823323877356
5574,spring,newton,887.1818181818181,8.709635899560805,"(7.244359600749899, 10.0]",q3,8.62217980037495
5575,spring,summer,651.3548387096774,169.8243652461746,"(144.5439770745928, 199.52623149688787]",q15,172.03510428574032
5576,sprinkle,chocolate,636.9032258064516,30.90295432513592,"(29.51209226666384, 37.15352290971728]",q8,33.33280758819056
5577,sprinkle,lie,675.0645161290323,69.18309709189363,"(56.23413251903491, 70.79457843841374]",q11,63.514355478724326
5578,squad,police,583.1333333333333,213.79620895022325,"(199.52623149688787, 295.1209226666384]",q16,247.32357708176315
5579,squad,straight,685.0625,109.64781961431851,"(87.09635899560814, 112.2018454301963]",q13,99.64910221290222
5580,square,bomb,773.21875,39.81071705534969,"(37.15352290971728, 46.77351412871981]",q9,41.963518519218546
5581,square,box,610.5806451612904,109.64781961431851,"(87.09635899560814, 112.2018454301963]",q13,99.64910221290222
5582,squash,reef,882.1153846153846,6.760829753919819,"(5.011872336272725, 7.244359600749899]",q2,6.128115968511311
5583,squash,tomato,698.7333333333333,7.07945784384138,"(5.011872336272725, 7.244359600749899]",q2,6.128115968511311
5584,squeak,hear,617.7586206896551,169.8243652461746,"(144.5439770745928, 199.52623149688787]",q15,172.03510428574032
5585,squeak,mouse,596.2903225806451,20.417379446695275,"(17.78279410038923, 23.9883291901949]",q6,20.885561645292064
5586,squeal,pig,620.9354838709677,13.803842646028839,"(13.182567385564074, 17.78279410038923]",q5,15.482680742976651
5587,squeal,teeth,665.7096774193549,38.018939632056124,"(37.15352290971728, 46.77351412871981]",q9,41.963518519218546
5588,squid,octopus,737.4516129032259,2.8840315031266055,"(2.7542287033381663, 5.011872336272725]",q1,3.8830505198054457
5589,squid,stream,680.28125,41.68693834703355,"(37.15352290971728, 46.77351412871981]",q9,41.963518519218546
5590,squint,eye,591.9375,104.71285480508985,"(87.09635899560814, 112.2018454301963]",q13,99.64910221290222
5591,squint,mother,617.9090909090909,173.78008287493762,"(144.5439770745928, 199.52623149688787]",q15,172.03510428574032
5592,stable,concert,627.1612903225806,35.481338923357534,"(29.51209226666384, 37.15352290971728]",q8,33.33280758819056
5593,stable,okay,670.1290322580645,114.81536214968817,"(112.2018454301963, 144.5439770745928]",q14,128.37291125239454
5594,stack,pancakes,704.0,3.890451449942805,"(2.7542287033381663, 5.011872336272725]",q1,3.8830505198054457
5595,stack,wait,625.3548387096774,223.87211385683378,"(199.52623149688787, 295.1209226666384]",q16,247.32357708176315
5596,stadium,card,588.8965517241379,109.64781961431851,"(87.09635899560814, 112.2018454301963]",q13,99.64910221290222
5597,stadium,concert,699.0645161290323,35.481338923357534,"(29.51209226666384, 37.15352290971728]",q8,33.33280758819056
5598,stag,doe,762.1428571428571,6.918309709189363,"(5.011872336272725, 7.244359600749899]",q2,6.128115968511311
5599,stag,id,953.0833333333334,40.7380277804113,"(37.15352290971728, 46.77351412871981]",q9,41.963518519218546
5600,stain,artist,672.28125,63.0957344480193,"(56.23413251903491, 70.79457843841374]",q11,63.514355478724326
5601,stain,spot,684.3870967741935,77.62471166286912,"(70.79457843841374, 87.09635899560814]",q12,78.94546871701094
5602,stair,grand,690.8709677419355,81.28305161640995,"(70.79457843841374, 87.09635899560814]",q12,78.94546871701094
5603,stair,way,685.65625,1023.2929922807537,"(295.1209226666384, 18620.871366628657]",q17,9457.996144647648
5604,stairs,climb,708.0322580645161,16.595869074375596,"(13.182567385564074, 17.78279410038923]",q5,15.482680742976651
5605,stairs,wind,619.9354838709677,69.18309709189363,"(56.23413251903491, 70.79457843841374]",q11,63.514355478724326
5606,stairway,embarrass,756.3333333333334,2.570395782768865,"(0.0, 2.7542287033381663]",q0,1.3771143516690831
5607,stairway,stairs,632.03125,13.803842646028839,"(13.182567385564074, 17.78279410038923]",q5,15.482680742976651
5608,stale,bread,714.5333333333333,31.622776601683793,"(29.51209226666384, 37.15352290971728]",q8,33.33280758819056
5609,stale,first,626.125,1288.249551693135,"(295.1209226666384, 18620.871366628657]",q17,9457.996144647648
5610,stalk,bean,674.09375,9.549925860214358,"(7.244359600749899, 10.0]",q3,8.62217980037495
5611,stalk,fight,732.5,169.8243652461746,"(144.5439770745928, 199.52623149688787]",q15,172.03510428574032
5612,stall,hold,680.9666666666667,154.88166189124829,"(144.5439770745928, 199.52623149688787]",q15,172.03510428574032
5613,stall,satin,867.6086956521739,2.454708915685031,"(0.0, 2.7542287033381663]",q0,1.3771143516690831
5614,stamp,below,691.1379310344828,112.2018454301963,"(87.09635899560814, 112.2018454301963]",q13,99.64910221290222
5615,stamp,card,651.7,109.64781961431851,"(87.09635899560814, 112.2018454301963]",q13,99.64910221290222
5616,stand,danger,597.4375,38.904514499428046,"(37.15352290971728, 46.77351412871981]",q9,41.963518519218546
5617,stand,fall,559.483870967742,134.89628825916532,"(112.2018454301963, 144.5439770745928]",q14,128.37291125239454
5618,standard,anger,612.483870967742,26.302679918953814,"(23.9883291901949, 29.51209226666384]",q7,26.75021072842937
5619,standard,normal,674.1935483870968,102.32929922807536,"(87.09635899560814, 112.2018454301963]",q13,99.64910221290222
5620,stapler,self,642.40625,177.82794100389228,"(144.5439770745928, 199.52623149688787]",q15,172.03510428574032
5621,stapler,staple,670.84375,4.786300923226385,"(2.7542287033381663, 5.011872336272725]",q1,3.8830505198054457
5622,starch,australia,815.0,114.81536214968817,"(112.2018454301963, 144.5439770745928]",q14,128.37291125239454
5623,starch,bleach,683.0,3.235936569296281,"(2.7542287033381663, 5.011872336272725]",q1,3.8830505198054457
5624,start,begin,686.1612903225806,69.18309709189363,"(56.23413251903491, 70.79457843841374]",q11,63.514355478724326
5625,start,princess,706.1612903225806,33.884415613920275,"(29.51209226666384, 37.15352290971728]",q8,33.33280758819056
5626,starving,hungry,569.6774193548387,28.18382931264455,"(23.9883291901949, 29.51209226666384]",q7,26.75021072842937
5627,starving,lend,770.44,8.317637711026709,"(7.244359600749899, 10.0]",q3,8.62217980037495
5628,state,florida,672.3333333333334,57.543993733715666,"(56.23413251903491, 70.79457843841374]",q11,63.514355478724326
5629,state,quiet,623.6875,44.668359215096345,"(37.15352290971728, 46.77351412871981]",q9,41.963518519218546
5630,station,bake,663.9642857142857,8.128305161640995,"(7.244359600749899, 10.0]",q3,8.62217980037495
5631,station,train,677.6129032258065,91.20108393559097,"(87.09635899560814, 112.2018454301963]",q13,99.64910221290222
5632,statistics,business,909.548387096774,363.078054770101,"(295.1209226666384, 18620.871366628657]",q17,9457.996144647648
5633,statistics,days,597.6875,407.380277804113,"(295.1209226666384, 18620.871366628657]",q17,9457.996144647648
5634,statue,liberty,601.7931034482758,21.87761623949552,"(17.78279410038923, 23.9883291901949]",q6,20.885561645292064
5635,statue,sentence,727.2666666666667,38.018939632056124,"(37.15352290971728, 46.77351412871981]",q9,41.963518519218546
5636,steak,fiction,742.0666666666667,27.54228703338169,"(23.9883291901949, 29.51209226666384]",q7,26.75021072842937
5637,steak,fries,655.1666666666666,6.456542290346556,"(5.011872336272725, 7.244359600749899]",q2,6.128115968511311
5638,steal,beg,737.2333333333333,11.220184543019629,"(10.0, 13.182567385564074]",q4,11.591283692782037
5639,steal,island,581.7741935483871,102.32929922807536,"(87.09635899560814, 112.2018454301963]",q13,99.64910221290222
5640,steam,gas,574.9375,102.32929922807536,"(87.09635899560814, 112.2018454301963]",q13,99.64910221290222
5641,steam,lettuce,929.0714285714286,3.630780547701014,"(2.7542287033381663, 5.011872336272725]",q1,3.8830505198054457
5642,steel,metal,695.9333333333333,66.06934480075964,"(56.23413251903491, 70.79457843841374]",q11,63.514355478724326
5643,steel,obstacle,886.9666666666667,5.248074602497728,"(5.011872336272725, 7.244359600749899]",q2,6.128115968511311
5644,steep,hill,694.6333333333333,66.06934480075964,"(56.23413251903491, 70.79457843841374]",q11,63.514355478724326
5645,steep,jelly,584.5806451612904,5.88843655355589,"(5.011872336272725, 7.244359600749899]",q2,6.128115968511311
5646,steeple,point,630.0645161290323,346.73685045253166,"(295.1209226666384, 18620.871366628657]",q17,9457.996144647648
5647,steeple,tie,717.7666666666667,32.35936569296281,"(29.51209226666384, 37.15352290971728]",q8,33.33280758819056
5648,steer,drive,718.6451612903226,134.89628825916532,"(112.2018454301963, 144.5439770745928]",q14,128.37291125239454
5649,steer,red,568.4333333333333,208.92961308540407,"(199.52623149688787, 295.1209226666384]",q16,247.32357708176315
5650,stench,slut,719.074074074074,5.754399373371567,"(5.011872336272725, 7.244359600749899]",q2,6.128115968511311
5651,stench,smell,614.0967741935484,30.90295432513592,"(29.51209226666384, 37.15352290971728]",q8,33.33280758819056
5652,step,motion,704.6451612903226,38.904514499428046,"(37.15352290971728, 46.77351412871981]",q9,41.963518519218546
5653,step,stair,617.9,1.8197008586099825,"(0.0, 2.7542287033381663]",q0,1.3771143516690831
5654,steps,guilt,698.3333333333334,13.489628825916533,"(13.182567385564074, 17.78279410038923]",q5,15.482680742976651
5655,steps,stairs,602.1212121212121,13.803842646028839,"(13.182567385564074, 17.78279410038923]",q5,15.482680742976651
5656,stereotype,prejudice,678.59375,6.165950018614822,"(5.011872336272725, 7.244359600749899]",q2,6.128115968511311
5657,stereotype,virgin,692.6774193548387,22.38721138568338,"(17.78279410038923, 23.9883291901949]",q6,20.885561645292064
5658,stew,salt,706.4666666666667,39.81071705534969,"(37.15352290971728, 46.77351412871981]",q9,41.963518519218546
5659,stew,soup,641.25,14.125375446227554,"(13.182567385564074, 17.78279410038923]",q5,15.482680742976651
5660,stewardess,east,698.7931034482758,144.5439770745928,"(112.2018454301963, 144.5439770745928]",q14,128.37291125239454
5661,stewardess,hostess,785.7741935483871,2.23872113856834,"(0.0, 2.7542287033381663]",q0,1.3771143516690831
5662,stick,stone,768.8888888888889,63.0957344480193,"(56.23413251903491, 70.79457843841374]",q11,63.514355478724326
5663,stick,sunday,592.59375,83.17637711026708,"(70.79457843841374, 87.09635899560814]",q12,78.94546871701094
5664,sticker,clean,660.34375,93.32543007969905,"(87.09635899560814, 112.2018454301963]",q13,99.64910221290222
5665,sticker,glue,735.3125,6.30957344480193,"(5.011872336272725, 7.244359600749899]",q2,6.128115968511311
5666,still,quiet,591.28125,44.668359215096345,"(37.15352290971728, 46.77351412871981]",q9,41.963518519218546
5667,still,similar,827.258064516129,162.18100973589299,"(144.5439770745928, 199.52623149688787]",q15,172.03510428574032
5668,stimulus,monk,810.7241379310345,8.511380382023768,"(7.244359600749899, 10.0]",q3,8.62217980037495
5669,stimulus,reaction,617.7096774193549,53.70317963702533,"(46.77351412871981, 56.23413251903491]",q10,51.503823323877356
5670,sting,exit,709.5,22.38721138568338,"(17.78279410038923, 23.9883291901949]",q6,20.885561645292064
5671,sting,police,663.1290322580645,213.79620895022325,"(199.52623149688787, 295.1209226666384]",q16,247.32357708176315
5672,stir,ignore,669.9310344827586,30.199517204020193,"(29.51209226666384, 37.15352290971728]",q8,33.33280758819056
5673,stir,spoon,626.9333333333333,7.585775750291836,"(7.244359600749899, 10.0]",q3,8.62217980037495
5674,stitch,lesson,641.5806451612904,29.51209226666384,"(23.9883291901949, 29.51209226666384]",q7,26.75021072842937
5675,stitch,wound,662.09375,17.378008287493763,"(13.182567385564074, 17.78279410038923]",q5,15.482680742976651
5676,stock,lawsuit,679.2258064516129,12.30268770812381,"(10.0, 13.182567385564074]",q4,11.591283692782037
5677,stock,market,650.6875,194.98445997580455,"(144.5439770745928, 199.52623149688787]",q15,172.03510428574032
5678,stocking,hose,720.0,5.370317963702527,"(5.011872336272725, 7.244359600749899]",q2,6.128115968511311
5679,stocking,writer,691.3,48.97788193684466,"(46.77351412871981, 56.23413251903491]",q10,51.503823323877356
5680,stolen,film,698.483870967742,158.48931924611142,"(144.5439770745928, 199.52623149688787]",q15,172.03510428574032
5681,stolen,property,704.3333333333334,128.82495516931348,"(112.2018454301963, 144.5439770745928]",q14,128.37291125239454
5682,stomach,ache,657.6551724137931,2.691534803926917,"(0.0, 2.7542287033381663]",q0,1.3771143516690831
5683,stomach,protection,774.448275862069,70.79457843841374,"(56.23413251903491, 70.79457843841374]",q11,63.514355478724326
5684,stoned,drunk,634.516129032258,40.7380277804113,"(37.15352290971728, 46.77351412871981]",q9,41.963518519218546
5685,stoned,sauce,759.6451612903226,19.952623149688787,"(17.78279410038923, 23.9883291901949]",q6,20.885561645292064
5686,stool,republican,775.5806451612904,50.11872336272725,"(46.77351412871981, 56.23413251903491]",q10,51.503823323877356
5687,stool,sit,671.0666666666667,79.43282347242821,"(70.79457843841374, 87.09635899560814]",q12,78.94546871701094
5688,stopper,hate,659.09375,128.82495516931348,"(112.2018454301963, 144.5439770745928]",q14,128.37291125239454
5689,stopper,lid,708.5555555555555,6.456542290346556,"(5.011872336272725, 7.244359600749899]",q2,6.128115968511311
5690,storage,emotion,611.5483870967741,15.488166189124827,"(13.182567385564074, 17.78279410038923]",q5,15.482680742976651
5691,storage,keep,698.40625,457.0881896148752,"(295.1209226666384, 18620.871366628657]",q17,9457.996144647648
5692,store,groceries,799.7142857142857,4.677351412871981,"(2.7542287033381663, 5.011872336272725]",q1,3.8830505198054457
5693,store,pool,585.3125,46.77351412871981,"(37.15352290971728, 46.77351412871981]",q9,41.963518519218546
5694,storm,ashtray,943.809523809524,0.5248074602497729,"(0.0, 2.7542287033381663]",q0,1.3771143516690831
5695,storm,lightning,628.6774193548387,16.595869074375596,"(13.182567385564074, 17.78279410038923]",q5,15.482680742976651
5696,stove,kitchen,593.53125,44.668359215096345,"(37.15352290971728, 46.77351412871981]",q9,41.963518519218546
5697,stove,shape,679.5483870967741,52.48074602497723,"(46.77351412871981, 56.23413251903491]",q10,51.503823323877356
5698,straight,africa,696.6666666666666,83.17637711026708,"(70.79457843841374, 87.09635899560814]",q12,78.94546871701094
5699,straight,narrow,643.3448275862069,24.547089156850287,"(23.9883291901949, 29.51209226666384]",q7,26.75021072842937
5700,strain,back,613.84375,1096.4781961431852,"(295.1209226666384, 18620.871366628657]",q17,9457.996144647648
5701,strain,cup,669.9032258064516,128.82495516931348,"(112.2018454301963, 144.5439770745928]",q14,128.37291125239454
5702,strand,string,656.3870967741935,25.11886431509582,"(23.9883291901949, 29.51209226666384]",q7,26.75021072842937
5703,strand,unfair,723.3793103448276,14.791083881682072,"(13.182567385564074, 17.78279410038923]",q5,15.482680742976651
5704,strategy,plan,631.75,194.98445997580455,"(144.5439770745928, 199.52623149688787]",q15,172.03510428574032
5705,strategy,separate,730.5,67.60829753919819,"(56.23413251903491, 70.79457843841374]",q11,63.514355478724326
5706,stream,keep,635.9655172413793,457.0881896148752,"(295.1209226666384, 18620.871366628657]",q17,9457.996144647648
5707,stream,river,632.9666666666667,107.1519305237607,"(87.09635899560814, 112.2018454301963]",q13,99.64910221290222
5708,street,health,716.875,275.4228703338169,"(199.52623149688787, 295.1209226666384]",q16,247.32357708176315
5709,street,road,700.2121212121212,173.78008287493762,"(144.5439770745928, 199.52623149688787]",q15,172.03510428574032
5710,stress,anxiety,775.1290322580645,28.18382931264455,"(23.9883291901949, 29.51209226666384]",q7,26.75021072842937
5711,stress,vegetables,737.0666666666667,14.125375446227554,"(13.182567385564074, 17.78279410038923]",q5,15.482680742976651
5712,stretch,exercise,705.2903225806451,47.863009232263806,"(46.77351412871981, 56.23413251903491]",q10,51.503823323877356
5713,strike,nothing,672.75,354.8133892335753,"(295.1209226666384, 18620.871366628657]",q17,9457.996144647648
5714,strike,picket,911.4444444444443,1.8620871366628675,"(0.0, 2.7542287033381663]",q0,1.3771143516690831
5715,string,sing,690.4333333333333,34.673685045253166,"(29.51209226666384, 37.15352290971728]",q8,33.33280758819056
5716,string,tie,629.8064516129032,32.35936569296281,"(29.51209226666384, 37.15352290971728]",q8,33.33280758819056
5717,strip,course,730.9666666666667,275.4228703338169,"(199.52623149688787, 295.1209226666384]",q16,247.32357708176315
5718,strip,naked,667.1612903225806,26.91534803926914,"(23.9883291901949, 29.51209226666384]",q7,26.75021072842937
5719,stripes,chemistry,802.3225806451613,22.38721138568338,"(17.78279410038923, 23.9883291901949]",q6,20.885561645292064
5720,stripes,shirt,652.2258064516129,42.65795188015925,"(37.15352290971728, 46.77351412871981]",q9,41.963518519218546
5721,strive,achieve,686.0666666666667,37.15352290971728,"(29.51209226666384, 37.15352290971728]",q8,33.33280758819056
5722,strive,reel,1031.5625,4.786300923226385,"(2.7542287033381663, 5.011872336272725]",q1,3.8830505198054457
5723,stroke,feel,669.0333333333333,467.73514128719813,"(295.1209226666384, 18620.871366628657]",q17,9457.996144647648
5724,stroke,forgive,576.6333333333333,17.78279410038923,"(13.182567385564074, 17.78279410038923]",q5,15.482680742976651
5725,strong,arm,657.3793103448276,53.70317963702533,"(46.77351412871981, 56.23413251903491]",q10,51.503823323877356
5726,strong,narrow,771.3333333333334,24.547089156850287,"(23.9883291901949, 29.51209226666384]",q7,26.75021072842937
5727,stub,same,728.4642857142857,630.957344480193,"(295.1209226666384, 18620.871366628657]",q17,9457.996144647648
5728,stub,toe,657.25,11.748975549395302,"(10.0, 13.182567385564074]",q4,11.591283692782037
5729,stuck,mud,711.3448275862069,13.489628825916533,"(13.182567385564074, 17.78279410038923]",q5,15.482680742976651
5730,stuck,swallow,708.9666666666667,7.413102413009177,"(7.244359600749899, 10.0]",q3,8.62217980037495
5731,student,jeans,658.6129032258065,12.30268770812381,"(10.0, 13.182567385564074]",q4,11.591283692782037
5732,student,teacher,558.125,75.85775750291836,"(70.79457843841374, 87.09635899560814]",q12,78.94546871701094
5733,study,catholic,779.46875,35.481338923357534,"(29.51209226666384, 37.15352290971728]",q8,33.33280758819056
5734,study,work,576.8387096774194,912.0108393559096,"(295.1209226666384, 18620.871366628657]",q17,9457.996144647648
5735,stuff,relax,658.5,19.498445997580454,"(17.78279410038923, 23.9883291901949]",q6,20.885561645292064
5736,stuff,trash,629.8125,26.302679918953814,"(23.9883291901949, 29.51209226666384]",q7,26.75021072842937
5737,stumble,let,666.75,398.1071705534969,"(295.1209226666384, 18620.871366628657]",q17,9457.996144647648
5738,stumble,trip,646.2121212121212,79.43282347242821,"(70.79457843841374, 87.09635899560814]",q12,78.94546871701094
5739,stump,billy,844.0,21.379620895022324,"(17.78279410038923, 23.9883291901949]",q6,20.885561645292064
5740,stump,puzzle,571.90625,9.120108393559097,"(7.244359600749899, 10.0]",q3,8.62217980037495
5741,sty,knight,762.3,19.054607179632484,"(17.78279410038923, 23.9883291901949]",q6,20.885561645292064
5742,sty,sly,736.4666666666667,2.5118864315095797,"(0.0, 2.7542287033381663]",q0,1.3771143516690831
5743,style,family,646.0322580645161,457.0881896148752,"(295.1209226666384, 18620.871366628657]",q17,9457.996144647648
5744,style,personality,630.8709677419355,35.481338923357534,"(29.51209226666384, 37.15352290971728]",q8,33.33280758819056
5745,sub,needle,661.0967741935484,9.549925860214358,"(7.244359600749899, 10.0]",q3,8.62217980037495
5746,sub,sandwich,555.3225806451613,13.489628825916533,"(13.182567385564074, 17.78279410038923]",q5,15.482680742976651
5747,subject,class,655.4,229.08676527677747,"(199.52623149688787, 295.1209226666384]",q16,247.32357708176315
5748,subject,vomit,776.5,3.388441561392024,"(2.7542287033381663, 5.011872336272725]",q1,3.8830505198054457
5749,substance,chemistry,598.4193548387096,22.38721138568338,"(17.78279410038923, 23.9883291901949]",q6,20.885561645292064
5750,substance,legs,681.4666666666667,46.77351412871981,"(37.15352290971728, 46.77351412871981]",q9,41.963518519218546
5751,subtle,hint,643.2758620689655,11.748975549395302,"(10.0, 13.182567385564074]",q4,11.591283692782037
5752,subtle,mud,657.0,13.489628825916533,"(13.182567385564074, 17.78279410038923]",q5,15.482680742976651
5753,subtract,men,631.1818181818181,323.5936569296281,"(295.1209226666384, 18620.871366628657]",q17,9457.996144647648
5754,subtract,multiply,803.3548387096774,3.1622776601683795,"(2.7542287033381663, 5.011872336272725]",q1,3.8830505198054457
5755,subtraction,addition,729.4516129032259,102.32929922807536,"(87.09635899560814, 112.2018454301963]",q13,99.64910221290222
5756,subtraction,metal,658.6333333333333,66.06934480075964,"(56.23413251903491, 70.79457843841374]",q11,63.514355478724326
5757,suburb,near,615.1612903225806,194.98445997580455,"(144.5439770745928, 199.52623149688787]",q15,172.03510428574032
5758,suburb,neighborhood,837.75,31.622776601683793,"(29.51209226666384, 37.15352290971728]",q8,33.33280758819056
5759,success,failure,712.1666666666666,52.48074602497723,"(46.77351412871981, 56.23413251903491]",q10,51.503823323877356
5760,success,find,655.8125,575.4399373371566,"(295.1209226666384, 18620.871366628657]",q17,9457.996144647648
5761,suck,spit,809.5666666666667,7.07945784384138,"(5.011872336272725, 7.244359600749899]",q2,6.128115968511311
5762,suck,three,600.8787878787879,602.5595860743581,"(295.1209226666384, 18620.871366628657]",q17,9457.996144647648
5763,suds,bath,621.3548387096774,27.54228703338169,"(23.9883291901949, 29.51209226666384]",q7,26.75021072842937
5764,suds,dirty,735.6333333333333,35.481338923357534,"(29.51209226666384, 37.15352290971728]",q8,33.33280758819056
5765,suede,leather,620.2666666666667,22.38721138568338,"(17.78279410038923, 23.9883291901949]",q6,20.885561645292064
5766,suede,unemploymen,910.896551724138,0.001,"(0.0, 2.7542287033381663]",q0,1.3771143516690831
5767,suffocate,die,681.483870967742,117.48975549395303,"(112.2018454301963, 144.5439770745928]",q14,128.37291125239454
5768,suffocate,women,606.2666666666667,371.53522909717276,"(295.1209226666384, 18620.871366628657]",q17,9457.996144647648
5769,sugar,coffee,597.09375,72.44359600749905,"(70.79457843841374, 87.09635899560814]",q12,78.94546871701094
5770,sugar,law,608.2666666666667,288.40315031266056,"(199.52623149688787, 295.1209226666384]",q16,247.32357708176315
5771,suggest,advice,600.9375,75.85775750291836,"(70.79457843841374, 87.09635899560814]",q12,78.94546871701094
5772,suggest,misunderstand,1007.09375,1.412537544622754,"(0.0, 2.7542287033381663]",q0,1.3771143516690831
5773,suggestion,idea,591.7096774193549,229.08676527677747,"(199.52623149688787, 295.1209226666384]",q16,247.32357708176315
5774,suggestion,storm,686.1875,45.708818961487516,"(37.15352290971728, 46.77351412871981]",q9,41.963518519218546
5775,suitcase,hypnotize,895.5333333333333,0.34673685045253166,"(0.0, 2.7542287033381663]",q0,1.3771143516690831
5776,suitcase,luggage,635.5454545454545,6.30957344480193,"(5.011872336272725, 7.244359600749899]",q2,6.128115968511311
5777,suite,desk,651.9310344827586,26.91534803926914,"(23.9883291901949, 29.51209226666384]",q7,26.75021072842937
5778,suite,hotel,656.8387096774194,89.12509381337459,"(87.09635899560814, 112.2018454301963]",q13,99.64910221290222
5779,sum,accuse,745.7857142857143,5.1286138399136485,"(5.011872336272725, 7.244359600749899]",q2,6.128115968511311
5780,sum,add,635.3,123.02687708123811,"(112.2018454301963, 144.5439770745928]",q14,128.37291125239454
5781,summary,end,636.0666666666667,478.630092322638,"(295.1209226666384, 18620.871366628657]",q17,9457.996144647648
5782,summary,new,687.2258064516129,1778.2794100389228,"(295.1209226666384, 18620.871366628657]",q17,9457.996144647648
5783,summer,middle,682.5,151.3561248436207,"(144.5439770745928, 199.52623149688787]",q15,172.03510428574032
5784,summer,winter,671.7575757575758,77.62471166286912,"(70.79457843841374, 87.09635899560814]",q12,78.94546871701094
5785,summit,destroy,637.40625,33.11311214825908,"(29.51209226666384, 37.15352290971728]",q8,33.33280758819056
5786,summit,peak,642.96875,33.884415613920275,"(29.51209226666384, 37.15352290971728]",q8,33.33280758819056
5787,sun,tan,641.448275862069,10.232929922807536,"(10.0, 13.182567385564074]",q4,11.591283692782037
5788,sun,zit,793.25,0.25118864315095796,"(0.0, 2.7542287033381663]",q0,1.3771143516690831
5789,sunday,home,729.9,645.6542290346549,"(295.1209226666384, 18620.871366628657]",q17,9457.996144647648
5790,sunday,weekend,576.483870967742,85.11380382023759,"(70.79457843841374, 87.09635899560814]",q12,78.94546871701094
5791,sunny,cloudy,679.03125,3.5481338923357533,"(2.7542287033381663, 5.011872336272725]",q1,3.8830505198054457
5792,sunny,computer,665.8181818181819,93.32543007969905,"(87.09635899560814, 112.2018454301963]",q13,99.64910221290222
5793,sunrise,sunset,692.483870967742,10.964781961431852,"(10.0, 13.182567385564074]",q4,11.591283692782037
5794,sunrise,trait,852.0,4.897788193684462,"(2.7542287033381663, 5.011872336272725]",q1,3.8830505198054457
5795,sunset,moon,698.375,50.11872336272725,"(46.77351412871981, 56.23413251903491]",q10,51.503823323877356
5796,sunset,title,711.9032258064516,125.89254117941661,"(112.2018454301963, 144.5439770745928]",q14,128.37291125239454
5797,super,alone,793.9666666666667,144.5439770745928,"(112.2018454301963, 144.5439770745928]",q14,128.37291125239454
5798,super,me,601.5806451612904,3019.951720402019,"(295.1209226666384, 18620.871366628657]",q17,9457.996144647648
5799,superior,inferior,639.1290322580645,6.456542290346556,"(5.011872336272725, 7.244359600749899]",q2,6.128115968511311
5800,superior,tall,608.5862068965517,33.11311214825908,"(29.51209226666384, 37.15352290971728]",q8,33.33280758819056
5801,superstition,belief,734.59375,28.84031503126606,"(23.9883291901949, 29.51209226666384]",q7,26.75021072842937
5802,superstition,rule,575.258064516129,87.09635899560814,"(70.79457843841374, 87.09635899560814]",q12,78.94546871701094
5803,supervisor,snow,664.4827586206897,45.708818961487516,"(37.15352290971728, 46.77351412871981]",q9,41.963518519218546
5804,supervisor,teacher,651.9090909090909,75.85775750291836,"(70.79457843841374, 87.09635899560814]",q12,78.94546871701094
5805,support,beam,736.59375,13.803842646028839,"(13.182567385564074, 17.78279410038923]",q5,15.482680742976651
5806,support,chip,687.6774193548387,20.417379446695275,"(17.78279410038923, 23.9883291901949]",q6,20.885561645292064
5807,suppose,assume,623.78125,37.15352290971728,"(29.51209226666384, 37.15352290971728]",q8,33.33280758819056
5808,suppose,tumble,770.952380952381,2.570395782768865,"(0.0, 2.7542287033381663]",q0,1.3771143516690831
5809,sure,positive,661.6774193548387,97.72372209558111,"(87.09635899560814, 112.2018454301963]",q13,99.64910221290222
5810,sure,steal,736.2413793103449,25.703957827688647,"(23.9883291901949, 29.51209226666384]",q7,26.75021072842937
5811,surface,people,641.1290322580645,1778.2794100389228,"(295.1209226666384, 18620.871366628657]",q17,9457.996144647648
5812,surface,top,638.5666666666667,371.53522909717276,"(295.1209226666384, 18620.871366628657]",q17,9457.996144647648
5813,surgeon,surgery,784.40625,42.65795188015925,"(37.15352290971728, 46.77351412871981]",q9,41.963518519218546
5814,surgeon,trailer,731.2333333333333,20.892961308540407,"(17.78279410038923, 23.9883291901949]",q6,20.885561645292064
5815,surgery,hall,744.4333333333333,74.13102413009177,"(70.79457843841374, 87.09635899560814]",q12,78.94546871701094
5816,surgery,operation,665.28125,83.17637711026708,"(70.79457843841374, 87.09635899560814]",q12,78.94546871701094
5817,surprise,field,641.551724137931,173.78008287493762,"(144.5439770745928, 199.52623149688787]",q15,172.03510428574032
5818,surprise,shock,715.9666666666667,28.84031503126606,"(23.9883291901949, 29.51209226666384]",q7,26.75021072842937
5819,surrounding,arm,639.7666666666667,53.70317963702533,"(46.77351412871981, 56.23413251903491]",q10,51.503823323877356
5820,surrounding,around,624.59375,588.8436553555883,"(295.1209226666384, 18620.871366628657]",q17,9457.996144647648
5821,surroundings,ball,580.65625,109.64781961431851,"(87.09635899560814, 112.2018454301963]",q13,99.64910221290222
5822,surroundings,environment,748.875,74.13102413009177,"(70.79457843841374, 87.09635899560814]",q12,78.94546871701094
5823,survey,immature,777.7,4.570881896148752,"(2.7542287033381663, 5.011872336272725]",q1,3.8830505198054457
5824,survey,questions,653.6875,141.25375446227554,"(112.2018454301963, 144.5439770745928]",q14,128.37291125239454
5825,survive,live,592.21875,346.73685045253166,"(295.1209226666384, 18620.871366628657]",q17,9457.996144647648
5826,survive,tomato,697.2666666666667,7.07945784384138,"(5.011872336272725, 7.244359600749899]",q2,6.128115968511311
5827,suspect,jail,633.741935483871,41.68693834703355,"(37.15352290971728, 46.77351412871981]",q9,41.963518519218546
5828,suspect,sell,587.0333333333333,95.49925860214368,"(87.09635899560814, 112.2018454301963]",q13,99.64910221290222
5829,swamp,alligator,701.1724137931035,2.0892961308540388,"(0.0, 2.7542287033381663]",q0,1.3771143516690831
5830,swamp,medicine,609.4516129032259,53.70317963702533,"(46.77351412871981, 56.23413251903491]",q10,51.503823323877356
5831,swan,dive,661.1481481481482,13.182567385564074,"(10.0, 13.182567385564074]",q4,11.591283692782037
5832,swan,machine,708.9032258064516,79.43282347242821,"(70.79457843841374, 87.09635899560814]",q12,78.94546871701094
5833,swap,boys,628.5625,107.1519305237607,"(87.09635899560814, 112.2018454301963]",q13,99.64910221290222
5834,swap,trade,606.1851851851852,131.82567385564073,"(112.2018454301963, 144.5439770745928]",q14,128.37291125239454
5835,swatter,bat,744.5625,19.952623149688787,"(17.78279410038923, 23.9883291901949]",q6,20.885561645292064
5836,swatter,drip,785.03125,3.801893963205613,"(2.7542287033381663, 5.011872336272725]",q1,3.8830505198054457
5837,swear,pencil,628.0625,8.91250938133746,"(7.244359600749899, 10.0]",q3,8.62217980037495
5838,swear,promise,644.8666666666667,51.28613839913648,"(46.77351412871981, 56.23413251903491]",q10,51.503823323877356
5839,sweater,assume,665.2903225806451,37.15352290971728,"(29.51209226666384, 37.15352290971728]",q8,33.33280758819056
5840,sweater,jacket,710.78125,20.892961308540407,"(17.78279410038923, 23.9883291901949]",q6,20.885561645292064
5841,sweet,chief,629.8275862068965,128.82495516931348,"(112.2018454301963, 144.5439770745928]",q14,128.37291125239454
5842,sweet,sour,632.875,7.585775750291836,"(7.244359600749899, 10.0]",q3,8.62217980037495
5843,sweetheart,energy,709.125,169.8243652461746,"(144.5439770745928, 199.52623149688787]",q15,172.03510428574032
5844,sweetheart,girlfriend,749.25,47.863009232263806,"(46.77351412871981, 56.23413251903491]",q10,51.503823323877356
5845,swift,bar,599.1935483870968,87.09635899560814,"(70.79457843841374, 87.09635899560814]",q12,78.94546871701094
5846,swift,move,625.4545454545455,223.87211385683378,"(199.52623149688787, 295.1209226666384]",q16,247.32357708176315
5847,swimmer,jogger,737.2857142857143,0.4677351412871981,"(0.0, 2.7542287033381663]",q0,1.3771143516690831
5848,swimmer,ribs,681.0,6.30957344480193,"(5.011872336272725, 7.244359600749899]",q2,6.128115968511311
5849,swing,hundred,665.3793103448276,51.28613839913648,"(46.77351412871981, 56.23413251903491]",q10,51.503823323877356
5850,swing,park,584.8965517241379,144.5439770745928,"(112.2018454301963, 144.5439770745928]",q14,128.37291125239454
5851,swiss,bar,696.6774193548387,87.09635899560814,"(70.79457843841374, 87.09635899560814]",q12,78.94546871701094
5852,swiss,cheese,571.34375,37.15352290971728,"(29.51209226666384, 37.15352290971728]",q8,33.33280758819056
5853,swoon,billy,911.2068965517242,21.379620895022324,"(17.78279410038923, 23.9883291901949]",q6,20.885561645292064
5854,swoon,faint,736.75,6.025595860743575,"(5.011872336272725, 7.244359600749899]",q2,6.128115968511311
5855,sword,bathroom,596.3,34.673685045253166,"(29.51209226666384, 37.15352290971728]",q8,33.33280758819056
5856,sword,knight,610.1935483870968,19.054607179632484,"(17.78279410038923, 23.9883291901949]",q6,20.885561645292064
5857,sympathy,sorrow,647.15625,5.370317963702527,"(5.011872336272725, 7.244359600749899]",q2,6.128115968511311
5858,sympathy,sour,678.8333333333334,7.585775750291836,"(7.244359600749899, 10.0]",q3,8.62217980037495
5859,symphony,boring,656.40625,26.91534803926914,"(23.9883291901949, 29.51209226666384]",q7,26.75021072842937
5860,symphony,code,655.3870967741935,120.22644346174131,"(112.2018454301963, 144.5439770745928]",q14,128.37291125239454
5861,synagogue,night,544.2413793103449,407.380277804113,"(295.1209226666384, 18620.871366628657]",q17,9457.996144647648
5862,synagogue,temple,677.2333333333333,28.18382931264455,"(23.9883291901949, 29.51209226666384]",q7,26.75021072842937
5863,synopsis,dad,660.741935483871,89.12509381337459,"(87.09635899560814, 112.2018454301963]",q13,99.64910221290222
5864,synopsis,summary,712.15625,23.442288153199225,"(17.78279410038923, 23.9883291901949]",q6,20.885561645292064
5865,syrup,brain,694.6333333333333,87.09635899560814,"(70.79457843841374, 87.09635899560814]",q12,78.94546871701094
5866,syrup,pancakes,682.0,3.890451449942805,"(2.7542287033381663, 5.011872336272725]",q1,3.8830505198054457
5867,system,beer,643.0666666666667,50.11872336272725,"(46.77351412871981, 56.23413251903491]",q10,51.503823323877356
5868,system,computer,613.375,93.32543007969905,"(87.09635899560814, 112.2018454301963]",q13,99.64910221290222
5869,tablet,pill,677.8709677419355,10.71519305237607,"(10.0, 13.182567385564074]",q4,11.591283692782037
5870,tablet,warm,639.3636363636364,51.28613839913648,"(46.77351412871981, 56.23413251903491]",q10,51.503823323877356
5871,tablet,yes,586.9666666666667,316.22776601683796,"(295.1209226666384, 18620.871366628657]",q17,9457.996144647648
5872,tack,great,622.2666666666667,758.5775750291835,"(295.1209226666384, 18620.871366628657]",q17,9457.996144647648
5873,tack,nail,648.5862068965517,16.218100973589298,"(13.182567385564074, 17.78279410038923]",q5,15.482680742976651
5874,tackle,defense,727.8387096774194,85.11380382023759,"(70.79457843841374, 87.09635899560814]",q12,78.94546871701094
5875,tackle,on,759.3666666666667,8128.305161640995,"(295.1209226666384, 18620.871366628657]",q17,9457.996144647648
5876,tactful,careful,647.7931034482758,38.904514499428046,"(37.15352290971728, 46.77351412871981]",q9,41.963518519218546
5877,tactful,something,623.125,645.6542290346549,"(295.1209226666384, 18620.871366628657]",q17,9457.996144647648
5878,tag,grab,663.6923076923077,33.11311214825908,"(29.51209226666384, 37.15352290971728]",q8,33.33280758819056
5879,tag,wednesday,650.09375,38.904514499428046,"(37.15352290971728, 46.77351412871981]",q9,41.963518519218546
5880,talent,record,652.1333333333333,162.18100973589299,"(144.5439770745928, 199.52623149688787]",q15,172.03510428574032
5881,talent,skill,652.6129032258065,26.302679918953814,"(23.9883291901949, 29.51209226666384]",q7,26.75021072842937
5882,talk,rabbit,646.71875,11.220184543019629,"(10.0, 13.182567385564074]",q4,11.591283692782037
5883,talk,speak,671.7,107.1519305237607,"(87.09635899560814, 112.2018454301963]",q13,99.64910221290222
5884,tall,flute,700.2666666666667,3.311311214825911,"(2.7542287033381663, 5.011872336272725]",q1,3.8830505198054457
5885,tall,short,696.4,213.79620895022325,"(199.52623149688787, 295.1209226666384]",q16,247.32357708176315
5886,tame,plate,807.741935483871,35.481338923357534,"(29.51209226666384, 37.15352290971728]",q8,33.33280758819056
5887,tame,wild,716.09375,63.0957344480193,"(56.23413251903491, 70.79457843841374]",q11,63.514355478724326
5888,tan,code,633.7741935483871,120.22644346174131,"(112.2018454301963, 144.5439770745928]",q14,128.37291125239454
5889,tan,dark,611.15625,109.64781961431851,"(87.09635899560814, 112.2018454301963]",q13,99.64910221290222
5890,tangerine,money,539.7741935483871,436.51583224016565,"(295.1209226666384, 18620.871366628657]",q17,9457.996144647648
5891,tangerine,orange,607.34375,41.68693834703355,"(37.15352290971728, 46.77351412871981]",q9,41.963518519218546
5892,tangy,strict,715.5,16.98243652461746,"(13.182567385564074, 17.78279410038923]",q5,15.482680742976651
5893,tangy,tart,675.4782608695652,2.344228815319923,"(0.0, 2.7542287033381663]",q0,1.3771143516690831
5894,tank,bump,739.5806451612904,9.549925860214358,"(7.244359600749899, 10.0]",q3,8.62217980037495
5895,tank,war,754.8709677419355,288.40315031266056,"(199.52623149688787, 295.1209226666384]",q16,247.32357708176315
5896,tape,health,618.2258064516129,275.4228703338169,"(199.52623149688787, 295.1209226666384]",q16,247.32357708176315
5897,tape,record,645.8387096774194,162.18100973589299,"(144.5439770745928, 199.52623149688787]",q15,172.03510428574032
5898,tar,explain,679.3225806451613,77.62471166286912,"(70.79457843841374, 87.09635899560814]",q12,78.94546871701094
5899,tar,roof,596.1612903225806,35.481338923357534,"(29.51209226666384, 37.15352290971728]",q8,33.33280758819056
5900,tardy,ear,666.53125,26.91534803926914,"(23.9883291901949, 29.51209226666384]",q7,26.75021072842937
5901,tardy,late,626.0,218.77616239495518,"(199.52623149688787, 295.1209226666384]",q16,247.32357708176315
5902,tarnish,dull,707.4074074074074,8.709635899560805,"(7.244359600749899, 10.0]",q3,8.62217980037495
5903,tarnish,heavy,584.9032258064516,91.20108393559097,"(87.09635899560814, 112.2018454301963]",q13,99.64910221290222
5904,tart,candy,604.34375,19.498445997580454,"(17.78279410038923, 23.9883291901949]",q6,20.885561645292064
5905,tart,welcome,644.6875,97.72372209558111,"(87.09635899560814, 112.2018454301963]",q13,99.64910221290222
5906,tarzan,basket,677.59375,11.748975549395302,"(10.0, 13.182567385564074]",q4,11.591283692782037
5907,tarzan,jane,650.1,26.302679918953814,"(23.9883291901949, 29.51209226666384]",q7,26.75021072842937
5908,task,halloween,665.6969696969697,14.45439770745928,"(13.182567385564074, 17.78279410038923]",q5,15.482680742976651
5909,task,job,577.3225806451613,316.22776601683796,"(295.1209226666384, 18620.871366628657]",q17,9457.996144647648
5910,taste,achieve,677.1612903225806,37.15352290971728,"(29.51209226666384, 37.15352290971728]",q8,33.33280758819056
5911,taste,sour,735.2758620689655,7.585775750291836,"(7.244359600749899, 10.0]",q3,8.62217980037495
5912,tasty,scared,716.0333333333333,39.81071705534969,"(37.15352290971728, 46.77351412871981]",q9,41.963518519218546
5913,tasty,treat,613.9677419354839,56.23413251903491,"(46.77351412871981, 56.23413251903491]",q10,51.503823323877356
5914,tax,government,772.0645161290323,371.53522909717276,"(295.1209226666384, 18620.871366628657]",q17,9457.996144647648
5915,tax,sample,682.8214285714286,33.884415613920275,"(29.51209226666384, 37.15352290971728]",q8,33.33280758819056
5916,taxi,cab,645.7,8.91250938133746,"(7.244359600749899, 10.0]",q3,8.62217980037495
5917,taxi,shoes,625.96875,46.77351412871981,"(37.15352290971728, 46.77351412871981]",q9,41.963518519218546
5918,teach,learn,738.5,147.91083881682073,"(144.5439770745928, 199.52623149688787]",q15,172.03510428574032
5919,teach,loud,553.15625,33.884415613920275,"(29.51209226666384, 37.15352290971728]",q8,33.33280758819056
5920,teacher,chief,587.78125,128.82495516931348,"(112.2018454301963, 144.5439770745928]",q14,128.37291125239454
5921,teacher,smart,669.6,67.60829753919819,"(56.23413251903491, 70.79457843841374]",q11,63.514355478724326
5922,team,baseball,701.060606060606,34.673685045253166,"(29.51209226666384, 37.15352290971728]",q8,33.33280758819056
5923,team,naked,677.0625,26.91534803926914,"(23.9883291901949, 29.51209226666384]",q7,26.75021072842937
5924,tear,fungus,850.9230769230769,3.388441561392024,"(2.7542287033381663, 5.011872336272725]",q1,3.8830505198054457
5925,tear,rip,734.25,18.197008586099827,"(17.78279410038923, 23.9883291901949]",q6,20.885561645292064
5926,tears,rip,756.8888888888889,18.197008586099827,"(17.78279410038923, 23.9883291901949]",q6,20.885561645292064
5927,tears,woman,575.0645161290323,223.87211385683378,"(199.52623149688787, 295.1209226666384]",q16,247.32357708176315
5928,tease,assistant,689.3870967741935,52.48074602497723,"(46.77351412871981, 56.23413251903491]",q10,51.503823323877356
5929,tease,flirt,606.6129032258065,3.311311214825911,"(2.7542287033381663, 5.011872336272725]",q1,3.8830505198054457
5930,technique,style,682.7666666666667,128.82495516931348,"(112.2018454301963, 144.5439770745928]",q14,128.37291125239454
5931,technique,touch,695.125,81.28305161640995,"(70.79457843841374, 87.09635899560814]",q12,78.94546871701094
5932,technology,dream,661.9677419354839,81.28305161640995,"(70.79457843841374, 87.09635899560814]",q12,78.94546871701094
5933,technology,future,711.8,213.79620895022325,"(199.52623149688787, 295.1209226666384]",q16,247.32357708176315
5934,teenager,adolescent,682.1,3.801893963205613,"(2.7542287033381663, 5.011872336272725]",q1,3.8830505198054457
5935,teenager,back,716.741935483871,1096.4781961431852,"(295.1209226666384, 18620.871366628657]",q17,9457.996144647648
5936,television,radio,596.59375,102.32929922807536,"(87.09635899560814, 112.2018454301963]",q13,99.64910221290222
5937,television,trees,695.2258064516129,48.97788193684466,"(46.77351412871981, 56.23413251903491]",q10,51.503823323877356
5938,tell,purple,618.2727272727273,20.892961308540407,"(17.78279410038923, 23.9883291901949]",q6,20.885561645292064
5939,tell,say,566.4516129032259,776.2471166286912,"(295.1209226666384, 18620.871366628657]",q17,9457.996144647648
5940,teller,bank,607.9655172413793,144.5439770745928,"(112.2018454301963, 144.5439770745928]",q14,128.37291125239454
5941,teller,sweat,757.3333333333334,13.803842646028839,"(13.182567385564074, 17.78279410038923]",q5,15.482680742976651
5942,temper,tantrum,894.2857142857143,1.3489628825916533,"(0.0, 2.7542287033381663]",q0,1.3771143516690831
5943,temper,wander,790.7857142857143,4.677351412871981,"(2.7542287033381663, 5.011872336272725]",q1,3.8830505198054457
5944,temperature,climate,647.6060606060606,51.28613839913648,"(46.77351412871981, 56.23413251903491]",q10,51.503823323877356
5945,temperature,homeless,751.03125,18.197008586099827,"(17.78279410038923, 23.9883291901949]",q6,20.885561645292064
5946,temple,church,547.6129032258065,144.5439770745928,"(112.2018454301963, 144.5439770745928]",q14,128.37291125239454
5947,temple,rotten,791.8275862068965,6.456542290346556,"(5.011872336272725, 7.244359600749899]",q2,6.128115968511311
5948,ten,eleven,764.5483870967741,13.182567385564074,"(10.0, 13.182567385564074]",q4,11.591283692782037
5949,ten,sheep,764.8387096774194,15.488166189124827,"(13.182567385564074, 17.78279410038923]",q5,15.482680742976651
5950,tend,society,594.46875,147.91083881682073,"(144.5439770745928, 199.52623149688787]",q15,172.03510428574032
5951,tend,watch,586.34375,218.77616239495518,"(199.52623149688787, 295.1209226666384]",q16,247.32357708176315
5952,tendency,grill,665.7096774193549,6.918309709189363,"(5.011872336272725, 7.244359600749899]",q2,6.128115968511311
5953,tendency,habit,670.741935483871,17.378008287493763,"(13.182567385564074, 17.78279410038923]",q5,15.482680742976651
5954,tenor,cancer,672.7,85.11380382023759,"(70.79457843841374, 87.09635899560814]",q12,78.94546871701094
5955,tenor,soprano,885.4814814814815,2.0417379446695296,"(0.0, 2.7542287033381663]",q0,1.3771143516690831
5956,tense,book,638.0,269.1534803926914,"(199.52623149688787, 295.1209226666384]",q16,247.32357708176315
5957,tense,situation,684.3333333333334,123.02687708123811,"(112.2018454301963, 144.5439770745928]",q14,128.37291125239454
5958,tension,dry,589.84375,54.954087385762485,"(46.77351412871981, 56.23413251903491]",q10,51.503823323877356
5959,tension,stress,606.741935483871,53.70317963702533,"(46.77351412871981, 56.23413251903491]",q10,51.503823323877356
5960,tent,area,636.8965517241379,288.40315031266056,"(199.52623149688787, 295.1209226666384]",q16,247.32357708176315
5961,tent,camp,597.0333333333333,61.65950018614822,"(56.23413251903491, 70.79457843841374]",q11,63.514355478724326
5962,term,ankle,637.939393939394,9.332543007969914,"(7.244359600749899, 10.0]",q3,8.62217980037495
5963,term,definition,733.7666666666667,38.018939632056124,"(37.15352290971728, 46.77351412871981]",q9,41.963518519218546
5964,terrible,specific,777.0,107.1519305237607,"(87.09635899560814, 112.2018454301963]",q13,99.64910221290222
5965,terrible,two,630.1612903225806,1258.9254117941662,"(295.1209226666384, 18620.871366628657]",q17,9457.996144647648
5966,terror,fear,545.96875,89.12509381337459,"(87.09635899560814, 112.2018454301963]",q13,99.64910221290222
5967,terror,tight,674.6,37.15352290971728,"(29.51209226666384, 37.15352290971728]",q8,33.33280758819056
5968,testify,clam,777.76,1.6595869074375613,"(0.0, 2.7542287033381663]",q0,1.3771143516690831
5969,testify,confess,742.8666666666667,6.6069344800759575,"(5.011872336272725, 7.244359600749899]",q2,6.128115968511311
5970,text,advice,705.4516129032259,75.85775750291836,"(70.79457843841374, 87.09635899560814]",q12,78.94546871701094
5971,text,expensive,732.46875,48.97788193684466,"(46.77351412871981, 56.23413251903491]",q10,51.503823323877356
5972,thanks,succeed,657.3125,19.498445997580454,"(17.78279410038923, 23.9883291901949]",q6,20.885561645292064
5973,thanks,welcome,638.6774193548387,97.72372209558111,"(87.09635899560814, 112.2018454301963]",q13,99.64910221290222
5974,theorem,fortune,776.1034482758621,19.952623149688787,"(17.78279410038923, 23.9883291901949]",q6,20.885561645292064
5975,theorem,guess,676.4516129032259,147.91083881682073,"(144.5439770745928, 199.52623149688787]",q15,172.03510428574032
5976,therapy,massage,767.96875,10.232929922807536,"(10.0, 13.182567385564074]",q4,11.591283692782037
5977,therapy,offense,697.6206896551724,18.197008586099827,"(17.78279410038923, 23.9883291901949]",q6,20.885561645292064
5978,there,chocolate,698.84375,30.90295432513592,"(29.51209226666384, 37.15352290971728]",q8,33.33280758819056
5979,there,here,678.5806451612904,933.2543007969905,"(295.1209226666384, 18620.871366628657]",q17,9457.996144647648
5980,thermometer,eat,627.875,134.89628825916532,"(112.2018454301963, 144.5439770745928]",q14,128.37291125239454
5981,thermometer,hot,664.15625,144.5439770745928,"(112.2018454301963, 144.5439770745928]",q14,128.37291125239454
5982,thesaurus,animal,608.5714285714286,64.56542290346549,"(56.23413251903491, 70.79457843841374]",q11,63.514355478724326
5983,thesaurus,words,612.3666666666667,177.82794100389228,"(144.5439770745928, 199.52623149688787]",q15,172.03510428574032
5984,thick,insurance,879.8,87.09635899560814,"(70.79457843841374, 87.09635899560814]",q12,78.94546871701094
5985,thick,thin,623.1333333333333,29.51209226666384,"(23.9883291901949, 29.51209226666384]",q7,26.75021072842937
5986,thief,box,565.1935483870968,109.64781961431851,"(87.09635899560814, 112.2018454301963]",q13,99.64910221290222
5987,thief,steal,643.46875,25.703957827688647,"(23.9883291901949, 29.51209226666384]",q7,26.75021072842937
5988,thigh,hip,698.2758620689655,28.84031503126606,"(23.9883291901949, 29.51209226666384]",q7,26.75021072842937
5989,thigh,pepper,635.8064516129032,13.803842646028839,"(13.182567385564074, 17.78279410038923]",q5,15.482680742976651
5990,thimble,shame,688.1,35.481338923357534,"(29.51209226666384, 37.15352290971728]",q8,33.33280758819056
5991,thimble,thumb,605.4516129032259,10.232929922807536,"(10.0, 13.182567385564074]",q4,11.591283692782037
5992,thin,run,616.8125,309.0295432513592,"(295.1209226666384, 18620.871366628657]",q17,9457.996144647648
5993,thin,small,664.25,323.5936569296281,"(295.1209226666384, 18620.871366628657]",q17,9457.996144647648
5994,thing,object,676.0333333333333,36.3078054770101,"(29.51209226666384, 37.15352290971728]",q8,33.33280758819056
5995,thing,ribs,679.7096774193549,6.30957344480193,"(5.011872336272725, 7.244359600749899]",q2,6.128115968511311
5996,think,bucket,644.2258064516129,11.748975549395302,"(10.0, 13.182567385564074]",q4,11.591283692782037
5997,think,know,583.15625,1258.9254117941662,"(295.1209226666384, 18620.871366628657]",q17,9457.996144647648
5998,thinking,brain,652.28125,87.09635899560814,"(70.79457843841374, 87.09635899560814]",q12,78.94546871701094
5999,thinking,nephew,781.8571428571429,10.232929922807536,"(10.0, 13.182567385564074]",q4,11.591283692782037
6000,third,cars,594.3870967741935,77.62471166286912,"(70.79457843841374, 87.09635899560814]",q12,78.94546871701094
6001,third,three,605.40625,602.5595860743581,"(295.1209226666384, 18620.871366628657]",q17,9457.996144647648
6002,thirsty,constructio,765.0645161290323,0.01513561248436208,"(0.0, 2.7542287033381663]",q0,1.3771143516690831
6003,thirsty,dry,579.6875,54.954087385762485,"(46.77351412871981, 56.23413251903491]",q10,51.503823323877356
6004,thought,stomach,653.9655172413793,26.302679918953814,"(23.9883291901949, 29.51209226666384]",q7,26.75021072842937
6005,thought,time,645.5625,1949.8445997580454,"(295.1209226666384, 18620.871366628657]",q17,9457.996144647648
6006,threat,africa,791.0322580645161,83.17637711026708,"(70.79457843841374, 87.09635899560814]",q12,78.94546871701094
6007,threat,scare,805.1290322580645,11.748975549395302,"(10.0, 13.182567385564074]",q4,11.591283692782037
6008,three,four,776.516129032258,338.84415613920277,"(295.1209226666384, 18620.871366628657]",q17,9457.996144647648
6009,three,what,663.7741935483871,2398.83291901949,"(295.1209226666384, 18620.871366628657]",q17,9457.996144647648
6010,threshold,mail,621.4,52.48074602497723,"(46.77351412871981, 56.23413251903491]",q10,51.503823323877356
6011,threshold,marriage,608.5,81.28305161640995,"(70.79457843841374, 87.09635899560814]",q12,78.94546871701094
6012,thrift,heaven,640.71875,38.018939632056124,"(37.15352290971728, 46.77351412871981]",q9,41.963518519218546
6013,thrift,save,653.5483870967741,138.03842646028838,"(112.2018454301963, 144.5439770745928]",q14,128.37291125239454
6014,throat,cash,666.625,83.17637711026708,"(70.79457843841374, 87.09635899560814]",q12,78.94546871701094
6015,throat,cough,617.71875,8.91250938133746,"(7.244359600749899, 10.0]",q3,8.62217980037495
6016,throne,king,549.6071428571429,147.91083881682073,"(144.5439770745928, 199.52623149688787]",q15,172.03510428574032
6017,throne,mad,621.9333333333333,54.954087385762485,"(46.77351412871981, 56.23413251903491]",q10,51.503823323877356
6018,through,finished,707.2068965517242,87.09635899560814,"(70.79457843841374, 87.09635899560814]",q12,78.94546871701094
6019,through,long,771.09375,645.6542290346549,"(295.1209226666384, 18620.871366628657]",q17,9457.996144647648
6020,thumb,hitchhike,910.5,0.15135612484362088,"(0.0, 2.7542287033381663]",q0,1.3771143516690831
6021,thumb,onion,662.3666666666667,7.76247116628692,"(7.244359600749899, 10.0]",q3,8.62217980037495
6022,thunder,done,621.46875,380.1893963205613,"(295.1209226666384, 18620.871366628657]",q17,9457.996144647648
6023,thunder,lightning,683.5,16.595869074375596,"(13.182567385564074, 17.78279410038923]",q5,15.482680742976651
6024,ticket,below,681.9310344827586,112.2018454301963,"(87.09635899560814, 112.2018454301963]",q13,99.64910221290222
6025,ticket,concert,667.0645161290323,35.481338923357534,"(29.51209226666384, 37.15352290971728]",q8,33.33280758819056
6026,tiger,beach,665.71875,83.17637711026708,"(70.79457843841374, 87.09635899560814]",q12,78.94546871701094
6027,tiger,orange,726.6875,41.68693834703355,"(37.15352290971728, 46.77351412871981]",q9,41.963518519218546
6028,tight,create,675.4137931034483,104.71285480508985,"(87.09635899560814, 112.2018454301963]",q13,99.64910221290222
6029,tight,loose,620.8787878787879,28.84031503126606,"(23.9883291901949, 29.51209226666384]",q7,26.75021072842937
6030,till,layer,662.9642857142857,25.11886431509582,"(23.9883291901949, 29.51209226666384]",q7,26.75021072842937
6031,till,then,629.5,1174.8975549395302,"(295.1209226666384, 18620.871366628657]",q17,9457.996144647648
6032,time,angry,658.7741935483871,45.708818961487516,"(37.15352290971728, 46.77351412871981]",q9,41.963518519218546
6033,time,clock,676.7,26.91534803926914,"(23.9883291901949, 29.51209226666384]",q7,26.75021072842937
6034,times,days,714.6875,407.380277804113,"(295.1209226666384, 18620.871366628657]",q17,9457.996144647648
6035,times,sand,605.1290322580645,27.54228703338169,"(23.9883291901949, 29.51209226666384]",q7,26.75021072842937
6036,tired,asleep,685.4375,22.90867652767775,"(17.78279410038923, 23.9883291901949]",q6,20.885561645292064
6037,tired,deep,612.6875,112.2018454301963,"(87.09635899560814, 112.2018454301963]",q13,99.64910221290222
6038,title,insurance,703.7931034482758,87.09635899560814,"(70.79457843841374, 87.09635899560814]",q12,78.94546871701094
6039,title,strawberry,760.0,5.248074602497728,"(5.011872336272725, 7.244359600749899]",q2,6.128115968511311
6040,toad,frog,618.28125,7.76247116628692,"(7.244359600749899, 10.0]",q3,8.62217980037495
6041,toad,tape,650.9310344827586,27.54228703338169,"(23.9883291901949, 29.51209226666384]",q7,26.75021072842937
6042,today,messy,765.7931034482758,7.413102413009177,"(7.244359600749899, 10.0]",q3,8.62217980037495
6043,today,tuesday,645.5483870967741,42.65795188015925,"(37.15352290971728, 46.77351412871981]",q9,41.963518519218546
6044,toe,foot,597.5806451612904,74.13102413009177,"(70.79457843841374, 87.09635899560814]",q12,78.94546871701094
6045,toe,ride,744.9677419354839,70.79457843841374,"(56.23413251903491, 70.79457843841374]",q11,63.514355478724326
6046,toenail,clipper,673.8965517241379,1.1481536214968828,"(0.0, 2.7542287033381663]",q0,1.3771143516690831
6047,toenail,six,625.9032258064516,194.98445997580455,"(144.5439770745928, 199.52623149688787]",q15,172.03510428574032
6048,toes,squirrel,775.2666666666667,4.897788193684462,"(2.7542287033381663, 5.011872336272725]",q1,3.8830505198054457
6049,toes,ten,646.6774193548387,112.2018454301963,"(87.09635899560814, 112.2018454301963]",q13,99.64910221290222
6050,together,apart,721.71875,60.25595860743581,"(56.23413251903491, 70.79457843841374]",q11,63.514355478724326
6051,together,scratch,780.0,14.45439770745928,"(13.182567385564074, 17.78279410038923]",q5,15.482680742976651
6052,toilet,bathroom,588.7878787878788,34.673685045253166,"(29.51209226666384, 37.15352290971728]",q8,33.33280758819056
6053,toilet,greed,682.2666666666667,5.370317963702527,"(5.011872336272725, 7.244359600749899]",q2,6.128115968511311
6054,tomato,out,653.78125,2398.83291901949,"(295.1209226666384, 18620.871366628657]",q17,9457.996144647648
6055,tomato,vegetables,677.5625,14.125375446227554,"(13.182567385564074, 17.78279410038923]",q5,15.482680742976651
6056,tomb,cave,689.3793103448276,15.848931924611142,"(13.182567385564074, 17.78279410038923]",q5,15.482680742976651
6057,tomb,grave,681.0,20.417379446695275,"(17.78279410038923, 23.9883291901949]",q6,20.885561645292064
6058,tomorrow,cracker,694.4642857142857,2.818382931264455,"(2.7542287033381663, 5.011872336272725]",q1,3.8830505198054457
6059,tomorrow,wednesday,646.78125,38.904514499428046,"(37.15352290971728, 46.77351412871981]",q9,41.963518519218546
6060,ton,act,630.1935483870968,199.52623149688787,"(144.5439770745928, 199.52623149688787]",q15,172.03510428574032
6061,ton,lots,762.8275862068965,75.85775750291836,"(70.79457843841374, 87.09635899560814]",q12,78.94546871701094
6062,tone,hard,609.3333333333334,338.84415613920277,"(295.1209226666384, 18620.871366628657]",q17,9457.996144647648
6063,tone,sound,615.625,141.25375446227554,"(112.2018454301963, 144.5439770745928]",q14,128.37291125239454
6064,tonic,gin,703.75,4.786300923226385,"(2.7542287033381663, 5.011872336272725]",q1,3.8830505198054457
6065,tonic,skinny,619.1935483870968,9.772372209558112,"(7.244359600749899, 10.0]",q3,8.62217980037495
6066,tools,garden,578.1666666666666,58.88436553555884,"(56.23413251903491, 70.79457843841374]",q11,63.514355478724326
6067,tools,hammer,655.258064516129,14.45439770745928,"(13.182567385564074, 17.78279410038923]",q5,15.482680742976651
6068,toothpaste,fighter,707.5862068965517,20.892961308540407,"(17.78279410038923, 23.9883291901949]",q6,20.885561645292064
6069,toothpaste,toothbrush,701.2333333333333,2.39883291901949,"(0.0, 2.7542287033381663]",q0,1.3771143516690831
6070,top,board,678.71875,173.78008287493762,"(144.5439770745928, 199.52623149688787]",q15,172.03510428574032
6071,top,cover,618.3,120.22644346174131,"(112.2018454301963, 144.5439770745928]",q14,128.37291125239454
6072,topic,dream,608.46875,81.28305161640995,"(70.79457843841374, 87.09635899560814]",q12,78.94546871701094
6073,topic,subject,639.0,91.20108393559097,"(87.09635899560814, 112.2018454301963]",q13,99.64910221290222
6074,topping,bend,576.3870967741935,13.489628825916533,"(13.182567385564074, 17.78279410038923]",q5,15.482680742976651
6075,topping,fudge,695.8064516129032,2.1379620895022327,"(0.0, 2.7542287033381663]",q0,1.3771143516690831
6076,torch,fire,592.3125,199.52623149688787,"(144.5439770745928, 199.52623149688787]",q15,172.03510428574032
6077,torch,loser,744.5,10.232929922807536,"(10.0, 13.182567385564074]",q4,11.591283692782037
6078,torn,apple,588.8064516129032,57.543993733715666,"(56.23413251903491, 70.79457843841374]",q11,63.514355478724326
6079,torn,hole,646.5454545454545,45.708818961487516,"(37.15352290971728, 46.77351412871981]",q9,41.963518519218546
6080,tortoise,syrup,741.4137931034483,5.754399373371567,"(5.011872336272725, 7.244359600749899]",q2,6.128115968511311
6081,tortoise,turtle,639.03125,8.128305161640995,"(7.244359600749899, 10.0]",q3,8.62217980037495
6082,torture,abuse,665.3666666666667,45.708818961487516,"(37.15352290971728, 46.77351412871981]",q9,41.963518519218546
6083,torture,angry,590.2121212121212,45.708818961487516,"(37.15352290971728, 46.77351412871981]",q9,41.963518519218546
6084,toss,builder,761.3548387096774,7.07945784384138,"(5.011872336272725, 7.244359600749899]",q2,6.128115968511311
6085,toss,throw,547.9666666666667,67.60829753919819,"(56.23413251903491, 70.79457843841374]",q11,63.514355478724326
6086,total,all,686.84375,3311.311214825908,"(295.1209226666384, 18620.871366628657]",q17,9457.996144647648
6087,total,zone,734.5806451612904,52.48074602497723,"(46.77351412871981, 56.23413251903491]",q10,51.503823323877356
6088,touch,feel,585.25,467.73514128719813,"(295.1209226666384, 18620.871366628657]",q17,9457.996144647648
6089,touch,finish,655.5483870967741,81.28305161640995,"(70.79457843841374, 87.09635899560814]",q12,78.94546871701094
6090,touchdown,scissors,727.6875,3.801893963205613,"(2.7542287033381663, 5.011872336272725]",q1,3.8830505198054457
6091,touchdown,seven,678.8709677419355,120.22644346174131,"(112.2018454301963, 144.5439770745928]",q14,128.37291125239454
6092,tour,france,701.2,87.09635899560814,"(70.79457843841374, 87.09635899560814]",q12,78.94546871701094
6093,tour,love,592.5483870967741,660.6934480075964,"(295.1209226666384, 18620.871366628657]",q17,9457.996144647648
6094,tourist,camera,748.8333333333334,74.13102413009177,"(70.79457843841374, 87.09635899560814]",q12,78.94546871701094
6095,tourist,lemon,722.1935483870968,12.589254117941662,"(10.0, 13.182567385564074]",q4,11.591283692782037
6096,tow,carry,616.8333333333334,77.62471166286912,"(70.79457843841374, 87.09635899560814]",q12,78.94546871701094
6097,tow,government,842.78125,371.53522909717276,"(295.1209226666384, 18620.871366628657]",q17,9457.996144647648
6098,towel,cloth,621.34375,10.71519305237607,"(10.0, 13.182567385564074]",q4,11.591283692782037
6099,towel,trait,735.3333333333334,4.897788193684462,"(2.7542287033381663, 5.011872336272725]",q1,3.8830505198054457
6100,toy,chain,711.03125,44.668359215096345,"(37.15352290971728, 46.77351412871981]",q9,41.963518519218546
6101,toy,doll,561.8214285714286,11.481536214968818,"(10.0, 13.182567385564074]",q4,11.591283692782037
6102,toys,children,611.9375,295.1209226666384,"(199.52623149688787, 295.1209226666384]",q16,247.32357708176315
6103,toys,five,643.030303030303,281.8382931264455,"(199.52623149688787, 295.1209226666384]",q16,247.32357708176315
6104,trace,conservative,714.741935483871,40.7380277804113,"(37.15352290971728, 46.77351412871981]",q9,41.963518519218546
6105,trace,evidence,676.59375,138.03842646028838,"(112.2018454301963, 144.5439770745928]",q14,128.37291125239454
6106,tractor,arms,668.40625,66.06934480075964,"(56.23413251903491, 70.79457843841374]",q11,63.514355478724326
6107,tractor,trailer,592.8387096774194,20.892961308540407,"(17.78279410038923, 23.9883291901949]",q6,20.885561645292064
6108,trade,action,657.375,177.82794100389228,"(144.5439770745928, 199.52623149688787]",q15,172.03510428574032
6109,trade,wind,616.5151515151515,69.18309709189363,"(56.23413251903491, 70.79457843841374]",q11,63.514355478724326
6110,tradition,always,619.9333333333333,575.4399373371566,"(295.1209226666384, 18620.871366628657]",q17,9457.996144647648
6111,tradition,deer,720.3793103448276,13.182567385564074,"(10.0, 13.182567385564074]",q4,11.591283692782037
6112,traffic,liar,653.7586206896551,10.471285480508985,"(10.0, 13.182567385564074]",q4,11.591283692782037
6113,traffic,sign,688.9655172413793,120.22644346174131,"(112.2018454301963, 144.5439770745928]",q14,128.37291125239454
6114,trail,minor,767.9032258064516,41.68693834703355,"(37.15352290971728, 46.77351412871981]",q9,41.963518519218546
6115,trail,path,767.34375,51.28613839913648,"(46.77351412871981, 56.23413251903491]",q10,51.503823323877356
6116,train,shallow,830.71875,10.964781961431852,"(10.0, 13.182567385564074]",q4,11.591283692782037
6117,train,station,678.40625,102.32929922807536,"(87.09635899560814, 112.2018454301963]",q13,99.64910221290222
6118,trait,build,648.5,109.64781961431851,"(87.09635899560814, 112.2018454301963]",q13,99.64910221290222
6119,trait,characteris,884.741935483871,0.001,"(0.0, 2.7542287033381663]",q0,1.3771143516690831
6120,traitor,explain,692.8387096774194,77.62471166286912,"(70.79457843841374, 87.09635899560814]",q12,78.94546871701094
6121,traitor,liar,683.96875,10.471285480508985,"(10.0, 13.182567385564074]",q4,11.591283692782037
6122,tramp,homework,773.15625,13.489628825916533,"(13.182567385564074, 17.78279410038923]",q5,15.482680742976651
6123,tramp,slut,632.78125,5.754399373371567,"(5.011872336272725, 7.244359600749899]",q2,6.128115968511311
6124,trance,explosion,748.5333333333333,16.595869074375596,"(13.182567385564074, 17.78279410038923]",q5,15.482680742976651
6125,trance,hypnotize,764.9655172413793,0.34673685045253166,"(0.0, 2.7542287033381663]",q0,1.3771143516690831
6126,tranquil,easy,638.65625,194.98445997580455,"(144.5439770745928, 199.52623149688787]",q15,172.03510428574032
6127,tranquil,here,615.5151515151515,933.2543007969905,"(295.1209226666384, 18620.871366628657]",q17,9457.996144647648
6128,transparent,goo,917.1538461538462,2.570395782768865,"(0.0, 2.7542287033381663]",q0,1.3771143516690831
6129,transparent,tape,578.75,27.54228703338169,"(23.9883291901949, 29.51209226666384]",q7,26.75021072842937
6130,transplant,heart,610.0322580645161,204.17379446695276,"(199.52623149688787, 295.1209226666384]",q16,247.32357708176315
6131,transplant,last,685.46875,724.4359600749906,"(295.1209226666384, 18620.871366628657]",q17,9457.996144647648
6132,transportation,train,660.8095238095239,91.20108393559097,"(87.09635899560814, 112.2018454301963]",q13,99.64910221290222
6133,trauma,home,704.516129032258,645.6542290346549,"(295.1209226666384, 18620.871366628657]",q17,9457.996144647648
6134,trauma,shock,648.1034482758621,28.84031503126606,"(23.9883291901949, 29.51209226666384]",q7,26.75021072842937
6135,travel,cheap,677.6206896551724,51.28613839913648,"(46.77351412871981, 56.23413251903491]",q10,51.503823323877356
6136,travel,fly,586.4193548387096,56.23413251903491,"(46.77351412871981, 56.23413251903491]",q10,51.503823323877356
6137,tread,float,784.7741935483871,8.709635899560805,"(7.244359600749899, 10.0]",q3,8.62217980037495
6138,tread,speak,659.78125,107.1519305237607,"(87.09635899560814, 112.2018454301963]",q13,99.64910221290222
6139,treasure,argue,772.0689655172414,28.84031503126606,"(23.9883291901949, 29.51209226666384]",q7,26.75021072842937
6140,treasure,chest,702.5625,33.11311214825908,"(29.51209226666384, 37.15352290971728]",q8,33.33280758819056
6141,treatment,disease,713.2,79.43282347242821,"(70.79457843841374, 87.09635899560814]",q12,78.94546871701094
6142,treatment,eight,713.7096774193549,104.71285480508985,"(87.09635899560814, 112.2018454301963]",q13,99.64910221290222
6143,treble,bass,651.4375,19.054607179632484,"(17.78279410038923, 23.9883291901949]",q6,20.885561645292064
6144,treble,oil,665.0967741935484,125.89254117941661,"(112.2018454301963, 144.5439770745928]",q14,128.37291125239454
6145,tree,atom,740.1071428571429,5.248074602497728,"(5.011872336272725, 7.244359600749899]",q2,6.128115968511311
6146,tree,leaf,648.78125,16.595869074375596,"(13.182567385564074, 17.78279410038923]",q5,15.482680742976651
6147,trees,big,654.483870967742,467.73514128719813,"(295.1209226666384, 18620.871366628657]",q17,9457.996144647648
6148,trees,booze,703.1923076923077,4.46683592150963,"(2.7542287033381663, 5.011872336272725]",q1,3.8830505198054457
6149,trench,coat,592.9677419354839,22.90867652767775,"(17.78279410038923, 23.9883291901949]",q6,20.885561645292064
6150,trench,order,585.96875,309.0295432513592,"(295.1209226666384, 18620.871366628657]",q17,9457.996144647648
6151,trend,fad,737.3076923076923,1.8197008586099825,"(0.0, 2.7542287033381663]",q0,1.3771143516690831
6152,trend,wire,624.483870967742,26.91534803926914,"(23.9883291901949, 29.51209226666384]",q7,26.75021072842937
6153,tribe,indian,865.3125,81.28305161640995,"(70.79457843841374, 87.09635899560814]",q12,78.94546871701094
6154,tribe,refrigerator,845.0967741935484,4.073802778041126,"(2.7542287033381663, 5.011872336272725]",q1,3.8830505198054457
6155,trick,eggs,604.741935483871,31.622776601683793,"(29.51209226666384, 37.15352290971728]",q8,33.33280758819056
6156,trick,treat,618.6060606060606,56.23413251903491,"(46.77351412871981, 56.23413251903491]",q10,51.503823323877356
6157,tricycle,bicycle,596.8709677419355,9.549925860214358,"(7.244359600749899, 10.0]",q3,8.62217980037495
6158,tricycle,under,632.8064516129032,537.0317963702532,"(295.1209226666384, 18620.871366628657]",q17,9457.996144647648
6159,trip,exact,702.4827586206897,32.35936569296281,"(29.51209226666384, 37.15352290971728]",q8,33.33280758819056
6160,trip,vacation,716.1666666666666,25.11886431509582,"(23.9883291901949, 29.51209226666384]",q7,26.75021072842937
6161,triumph,strawberry,697.2903225806451,5.248074602497728,"(5.011872336272725, 7.244359600749899]",q2,6.128115968511311
6162,triumph,win,647.0333333333333,245.47089156850285,"(199.52623149688787, 295.1209226666384]",q16,247.32357708176315
6163,trombone,band,614.09375,83.17637711026708,"(70.79457843841374, 87.09635899560814]",q12,78.94546871701094
6164,trombone,head,693.59375,323.5936569296281,"(295.1209226666384, 18620.871366628657]",q17,9457.996144647648
6165,tropical,neighborhood,708.741935483871,31.622776601683793,"(29.51209226666384, 37.15352290971728]",q8,33.33280758819056
6166,tropical,storm,623.9,45.708818961487516,"(37.15352290971728, 46.77351412871981]",q9,41.963518519218546
6167,trot,horse,700.1333333333333,57.543993733715666,"(56.23413251903491, 70.79457843841374]",q11,63.514355478724326
6168,trot,leave,627.8125,218.77616239495518,"(199.52623149688787, 295.1209226666384]",q16,247.32357708176315
6169,truce,even,710.0967741935484,977.2372209558112,"(295.1209226666384, 18620.871366628657]",q17,9457.996144647648
6170,truce,simple,605.875,120.22644346174131,"(112.2018454301963, 144.5439770745928]",q14,128.37291125239454
6171,truck,driver,635.4242424242424,56.23413251903491,"(46.77351412871981, 56.23413251903491]",q10,51.503823323877356
6172,truck,system,607.551724137931,363.078054770101,"(295.1209226666384, 18620.871366628657]",q17,9457.996144647648
6173,trunk,scientist,745.4,16.218100973589298,"(13.182567385564074, 17.78279410038923]",q5,15.482680742976651
6174,trunk,storage,596.0967741935484,37.15352290971728,"(29.51209226666384, 37.15352290971728]",q8,33.33280758819056
6175,trust,cloudy,702.9310344827586,3.5481338923357533,"(2.7542287033381663, 5.011872336272725]",q1,3.8830505198054457
6176,trust,faith,689.1290322580645,66.06934480075964,"(56.23413251903491, 70.79457843841374]",q11,63.514355478724326
6177,trustworthy,friend,596.96875,234.42288153199226,"(199.52623149688787, 295.1209226666384]",q16,247.32357708176315
6178,trustworthy,stare,695.9677419354839,8.128305161640995,"(7.244359600749899, 10.0]",q3,8.62217980037495
6179,truthful,honest,560.1875,53.70317963702533,"(46.77351412871981, 56.23413251903491]",q10,51.503823323877356
6180,truthful,leaf,628.6774193548387,16.595869074375596,"(13.182567385564074, 17.78279410038923]",q5,15.482680742976651
6181,try,attempt,556.3666666666667,70.79457843841374,"(56.23413251903491, 70.79457843841374]",q11,63.514355478724326
6182,try,truth,731.1,112.2018454301963,"(87.09635899560814, 112.2018454301963]",q13,99.64910221290222
6183,tub,bucket,616.8965517241379,11.748975549395302,"(10.0, 13.182567385564074]",q4,11.591283692782037
6184,tub,guess,578.1290322580645,147.91083881682073,"(144.5439770745928, 199.52623149688787]",q15,172.03510428574032
6185,tuba,directions,778.2,16.98243652461746,"(13.182567385564074, 17.78279410038923]",q5,15.482680742976651
6186,tuba,instrument,659.4074074074074,18.197008586099827,"(17.78279410038923, 23.9883291901949]",q6,20.885561645292064
6187,tube,america,737.8666666666667,165.95869074375597,"(144.5439770745928, 199.52623149688787]",q15,172.03510428574032
6188,tube,toothpaste,734.0645161290323,2.344228815319923,"(0.0, 2.7542287033381663]",q0,1.3771143516690831
6189,tuesday,basketball,701.2727272727273,36.3078054770101,"(29.51209226666384, 37.15352290971728]",q8,33.33280758819056
6190,tuesday,wednesday,657.78125,38.904514499428046,"(37.15352290971728, 46.77351412871981]",q9,41.963518519218546
6191,tulip,flower,567.3666666666667,26.302679918953814,"(23.9883291901949, 29.51209226666384]",q7,26.75021072842937
6192,tulip,poetry,637.7,25.11886431509582,"(23.9883291901949, 29.51209226666384]",q7,26.75021072842937
6193,tumble,down,629.09375,758.5775750291835,"(295.1209226666384, 18620.871366628657]",q17,9457.996144647648
6194,tumble,fist,701.4827586206897,7.76247116628692,"(7.244359600749899, 10.0]",q3,8.62217980037495
6195,tumor,bad,649.71875,338.84415613920277,"(295.1209226666384, 18620.871366628657]",q17,9457.996144647648
6196,tumor,cancer,631.84375,85.11380382023759,"(70.79457843841374, 87.09635899560814]",q12,78.94546871701094
6197,tuna,sandwich,701.2333333333333,13.489628825916533,"(13.182567385564074, 17.78279410038923]",q5,15.482680742976651
6198,tuna,shot,602.78125,165.95869074375597,"(144.5439770745928, 199.52623149688787]",q15,172.03510428574032
6199,tune,before,680.741935483871,851.1380382023759,"(295.1209226666384, 18620.871366628657]",q17,9457.996144647648
6200,tune,music,573.0967741935484,331.13112148259074,"(295.1209226666384, 18620.871366628657]",q17,9457.996144647648
6201,tunnel,elephant,629.3333333333334,12.02264434617413,"(10.0, 13.182567385564074]",q4,11.591283692782037
6202,tunnel,under,665.1290322580645,537.0317963702532,"(295.1209226666384, 18620.871366628657]",q17,9457.996144647648
6203,tupperware,criminal,802.625,56.23413251903491,"(46.77351412871981, 56.23413251903491]",q10,51.503823323877356
6204,tupperware,plastic,657.65625,32.35936569296281,"(29.51209226666384, 37.15352290971728]",q8,33.33280758819056
6205,turn,off,639.3939393939394,851.1380382023759,"(295.1209226666384, 18620.871366628657]",q17,9457.996144647648
6206,turn,say,602.8064516129032,776.2471166286912,"(295.1209226666384, 18620.871366628657]",q17,9457.996144647648
6207,turnip,bitch,664.969696969697,57.543993733715666,"(56.23413251903491, 70.79457843841374]",q11,63.514355478724326
6208,turnip,carrot,631.78125,4.168693834703355,"(2.7542287033381663, 5.011872336272725]",q1,3.8830505198054457
6209,tusk,elephant,677.1935483870968,12.02264434617413,"(10.0, 13.182567385564074]",q4,11.591283692782037
6210,tusk,mold,741.6666666666666,5.88843655355589,"(5.011872336272725, 7.244359600749899]",q2,6.128115968511311
6211,tutu,april,649.5666666666667,154.88166189124829,"(144.5439770745928, 199.52623149688787]",q15,172.03510428574032
6212,tutu,ballet,772.15625,8.91250938133746,"(7.244359600749899, 10.0]",q3,8.62217980037495
6213,tuxedo,growth,863.6333333333333,107.1519305237607,"(87.09635899560814, 112.2018454301963]",q13,99.64910221290222
6214,tuxedo,prom,736.1428571428571,6.025595860743575,"(5.011872336272725, 7.244359600749899]",q2,6.128115968511311
6215,twice,horse,667.258064516129,57.543993733715666,"(56.23413251903491, 70.79457843841374]",q11,63.514355478724326
6216,twice,once,588.3548387096774,338.84415613920277,"(295.1209226666384, 18620.871366628657]",q17,9457.996144647648
6217,twig,branch,724.3225806451613,38.018939632056124,"(37.15352290971728, 46.77351412871981]",q9,41.963518519218546
6218,twig,crack,701.125,25.703957827688647,"(23.9883291901949, 29.51209226666384]",q7,26.75021072842937
6219,twilight,being,594.46875,891.2509381337459,"(295.1209226666384, 18620.871366628657]",q17,9457.996144647648
6220,twilight,zone,660.3666666666667,52.48074602497723,"(46.77351412871981, 56.23413251903491]",q10,51.503823323877356
6221,twin,short,641.6,213.79620895022325,"(199.52623149688787, 295.1209226666384]",q16,247.32357708176315
6222,twin,sister,568.34375,89.12509381337459,"(87.09635899560814, 112.2018454301963]",q13,99.64910221290222
6223,twinkle,excited,770.09375,54.954087385762485,"(46.77351412871981, 56.23413251903491]",q10,51.503823323877356
6224,twinkle,star,653.1935483870968,154.88166189124829,"(144.5439770745928, 199.52623149688787]",q15,172.03510428574032
6225,twist,treat,700.1333333333333,56.23413251903491,"(46.77351412871981, 56.23413251903491]",q10,51.503823323877356
6226,twist,turn,625.59375,208.92961308540407,"(199.52623149688787, 295.1209226666384]",q16,247.32357708176315
6227,twister,concrete,742.0,27.54228703338169,"(23.9883291901949, 29.51209226666384]",q7,26.75021072842937
6228,twister,movie,601.0322580645161,144.5439770745928,"(112.2018454301963, 144.5439770745928]",q14,128.37291125239454
6229,two,precise,648.3793103448276,13.489628825916533,"(13.182567385564074, 17.78279410038923]",q5,15.482680742976651
6230,two,three,613.9354838709677,602.5595860743581,"(295.1209226666384, 18620.871366628657]",q17,9457.996144647648
6231,type,kind,724.34375,281.8382931264455,"(199.52623149688787, 295.1209226666384]",q16,247.32357708176315
6232,type,swamp,836.1333333333333,6.918309709189363,"(5.011872336272725, 7.244359600749899]",q2,6.128115968511311
6233,typhoon,hurricane,652.375,12.589254117941662,"(10.0, 13.182567385564074]",q4,11.591283692782037
6234,typhoon,ship,646.8333333333334,85.11380382023759,"(70.79457843841374, 87.09635899560814]",q12,78.94546871701094
6235,typist,france,705.8333333333334,87.09635899560814,"(70.79457843841374, 87.09635899560814]",q12,78.94546871701094
6236,typist,secretary,840.0,89.12509381337459,"(87.09635899560814, 112.2018454301963]",q13,99.64910221290222
6237,umbrella,rain,573.0625,51.28613839913648,"(46.77351412871981, 56.23413251903491]",q10,51.503823323877356
6238,umbrella,sorority,841.5862068965517,1.8197008586099825,"(0.0, 2.7542287033381663]",q0,1.3771143516690831
6239,umpire,puke,724.8928571428571,1.9054607179632463,"(0.0, 2.7542287033381663]",q0,1.3771143516690831
6240,umpire,referee,776.9354838709677,7.244359600749899,"(5.011872336272725, 7.244359600749899]",q2,6.128115968511311
6241,unaware,aware,673.9032258064516,60.25595860743581,"(56.23413251903491, 70.79457843841374]",q11,63.514355478724326
6242,unaware,gold,581.5483870967741,147.91083881682073,"(144.5439770745928, 199.52623149688787]",q15,172.03510428574032
6243,unclear,fog,669.2903225806451,7.943282347242813,"(7.244359600749899, 10.0]",q3,8.62217980037495
6244,unclear,mind,650.15625,257.03957827688646,"(199.52623149688787, 295.1209226666384]",q16,247.32357708176315
6245,uncommon,cologne,783.0,3.715352290971724,"(2.7542287033381663, 5.011872336272725]",q1,3.8830505198054457
6246,uncommon,weird,589.6666666666666,64.56542290346549,"(56.23413251903491, 70.79457843841374]",q11,63.514355478724326
6247,unconscious,asleep,711.6,22.90867652767775,"(17.78279410038923, 23.9883291901949]",q6,20.885561645292064
6248,unconscious,live,589.9090909090909,346.73685045253166,"(295.1209226666384, 18620.871366628657]",q17,9457.996144647648
6249,uncooked,gift,646.5172413793103,60.25595860743581,"(56.23413251903491, 70.79457843841374]",q11,63.514355478724326
6250,uncooked,raw,623.8181818181819,33.884415613920275,"(29.51209226666384, 37.15352290971728]",q8,33.33280758819056
6251,undecided,unknown,652.1379310344828,33.884415613920275,"(29.51209226666384, 37.15352290971728]",q8,33.33280758819056
6252,undecided,vacation,653.7272727272727,25.11886431509582,"(23.9883291901949, 29.51209226666384]",q7,26.75021072842937
6253,under,australia,956.7741935483872,114.81536214968817,"(112.2018454301963, 144.5439770745928]",q14,128.37291125239454
6254,under,cabin,806.5806451612904,13.489628825916533,"(13.182567385564074, 17.78279410038923]",q5,15.482680742976651
6255,underground,guard,681.625,53.70317963702533,"(46.77351412871981, 56.23413251903491]",q10,51.503823323877356
6256,underground,music,560.3125,331.13112148259074,"(295.1209226666384, 18620.871366628657]",q17,9457.996144647648
6257,understand,knit,931.6,4.570881896148752,"(2.7542287033381663, 5.011872336272725]",q1,3.8830505198054457
6258,understand,misunderstand,876.8709677419355,1.412537544622754,"(0.0, 2.7542287033381663]",q0,1.3771143516690831
6259,understanding,journey,633.9677419354839,44.668359215096345,"(37.15352290971728, 46.77351412871981]",q9,41.963518519218546
6260,understanding,sympathetic,825.1666666666666,6.456542290346556,"(5.011872336272725, 7.244359600749899]",q2,6.128115968511311
6261,underwear,bra,664.8484848484849,7.07945784384138,"(5.011872336272725, 7.244359600749899]",q2,6.128115968511311
6262,underwear,girl,573.46875,239.88329190194898,"(199.52623149688787, 295.1209226666384]",q16,247.32357708176315
6263,unequal,cabinet,674.65625,30.90295432513592,"(29.51209226666384, 37.15352290971728]",q8,33.33280758819056
6264,unequal,unfair,579.46875,14.791083881682072,"(13.182567385564074, 17.78279410038923]",q5,15.482680742976651
6265,uneven,crooked,722.6296296296297,4.265795188015925,"(2.7542287033381663, 5.011872336272725]",q1,3.8830505198054457
6266,uneven,legs,544.0967741935484,46.77351412871981,"(37.15352290971728, 46.77351412871981]",q9,41.963518519218546
6267,unhappy,knee,767.0333333333333,21.379620895022324,"(17.78279410038923, 23.9883291901949]",q6,20.885561645292064
6268,unhappy,worry,643.96875,69.18309709189363,"(56.23413251903491, 70.79457843841374]",q11,63.514355478724326
6269,uniform,nurse,551.8125,25.11886431509582,"(23.9883291901949, 29.51209226666384]",q7,26.75021072842937
6270,uniform,shop,560.28125,75.85775750291836,"(70.79457843841374, 87.09635899560814]",q12,78.94546871701094
6271,unique,gas,690.741935483871,102.32929922807536,"(87.09635899560814, 112.2018454301963]",q13,99.64910221290222
6272,unique,odd,686.6428571428571,26.302679918953814,"(23.9883291901949, 29.51209226666384]",q7,26.75021072842937
6273,unit,part,748.6129032258065,602.5595860743581,"(295.1209226666384, 18620.871366628657]",q17,9457.996144647648
6274,unit,shirt,670.0666666666667,42.65795188015925,"(37.15352290971728, 46.77351412871981]",q9,41.963518519218546
6275,united,amount,738.9310344827586,134.89628825916532,"(112.2018454301963, 144.5439770745928]",q14,128.37291125239454
6276,united,states,646.5625,331.13112148259074,"(295.1209226666384, 18620.871366628657]",q17,9457.996144647648
6277,university,descend,815.8928571428571,3.235936569296281,"(2.7542287033381663, 5.011872336272725]",q1,3.8830505198054457
6278,university,learn,631.28125,147.91083881682073,"(144.5439770745928, 199.52623149688787]",q15,172.03510428574032
6279,unjust,poor,618.0645161290323,123.02687708123811,"(112.2018454301963, 144.5439770745928]",q14,128.37291125239454
6280,unjust,unfair,683.741935483871,14.791083881682072,"(13.182567385564074, 17.78279410038923]",q5,15.482680742976651
6281,unload,load,599.25,38.018939632056124,"(37.15352290971728, 46.77351412871981]",q9,41.963518519218546
6282,unload,rich,670.03125,81.28305161640995,"(70.79457843841374, 87.09635899560814]",q12,78.94546871701094
6283,unnatural,fake,630.53125,44.668359215096345,"(37.15352290971728, 46.77351412871981]",q9,41.963518519218546
6284,unnatural,harvest,676.8,10.71519305237607,"(10.0, 13.182567385564074]",q4,11.591283692782037
6285,unseen,hidden,628.6,33.884415613920275,"(29.51209226666384, 37.15352290971728]",q8,33.33280758819056
6286,unseen,sleep,623.25,112.2018454301963,"(87.09635899560814, 112.2018454301963]",q13,99.64910221290222
6287,unsolved,behind,744.0689655172414,194.98445997580455,"(144.5439770745928, 199.52623149688787]",q15,172.03510428574032
6288,unsolved,questions,645.7096774193549,141.25375446227554,"(112.2018454301963, 144.5439770745928]",q14,128.37291125239454
6289,unsure,increase,700.5,120.22644346174131,"(112.2018454301963, 144.5439770745928]",q14,128.37291125239454
6290,unsure,maybe,605.8064516129032,281.8382931264455,"(199.52623149688787, 295.1209226666384]",q16,247.32357708176315
6291,untrue,false,669.40625,42.65795188015925,"(37.15352290971728, 46.77351412871981]",q9,41.963518519218546
6292,untrue,brave,631.6333333333333,21.379620895022324,"(17.78279410038923, 23.9883291901949]",q6,20.885561645292064
6293,untruthful,private,693.0645161290323,154.88166189124829,"(144.5439770745928, 199.52623149688787]",q15,172.03510428574032
6294,untruthful,truth,588.8709677419355,112.2018454301963,"(87.09635899560814, 112.2018454301963]",q13,99.64910221290222
6295,unusual,irregular,753.8571428571429,5.011872336272725,"(2.7542287033381663, 5.011872336272725]",q1,3.8830505198054457
6296,unusual,south,640.9090909090909,251.18864315095823,"(199.52623149688787, 295.1209226666384]",q16,247.32357708176315
6297,up,elevator,603.7741935483871,8.91250938133746,"(7.244359600749899, 10.0]",q3,8.62217980037495
6298,up,rent,688.34375,38.018939632056124,"(37.15352290971728, 46.77351412871981]",q9,41.963518519218546
6299,update,news,569.0,275.4228703338169,"(199.52623149688787, 295.1209226666384]",q16,247.32357708176315
6300,update,understand,715.5333333333333,234.42288153199226,"(199.52623149688787, 295.1209226666384]",q16,247.32357708176315
6301,upstairs,above,615.28125,158.48931924611142,"(144.5439770745928, 199.52623149688787]",q15,172.03510428574032
6302,upstairs,experiment,692.75,23.9883291901949,"(17.78279410038923, 23.9883291901949]",q6,20.885561645292064
6303,upstream,murderer,780.0967741935484,6.6069344800759575,"(5.011872336272725, 7.244359600749899]",q2,6.128115968511311
6304,upstream,water,646.375,331.13112148259074,"(295.1209226666384, 18620.871366628657]",q17,9457.996144647648
6305,uptight,patience,746.90625,15.848931924611142,"(13.182567385564074, 17.78279410038923]",q5,15.482680742976651
6306,uptight,tense,616.8666666666667,8.91250938133746,"(7.244359600749899, 10.0]",q3,8.62217980037495
6307,urge,bible,732.2758620689655,34.673685045253166,"(29.51209226666384, 37.15352290971728]",q8,33.33280758819056
6308,urge,want,579.15625,1096.4781961431852,"(295.1209226666384, 18620.871366628657]",q17,9457.996144647648
6309,usa,america,663.4375,165.95869074375597,"(144.5439770745928, 199.52623149688787]",q15,172.03510428574032
6310,usa,room,580.4,245.47089156850285,"(199.52623149688787, 295.1209226666384]",q16,247.32357708176315
6311,use,abuse,694.3666666666667,45.708818961487516,"(37.15352290971728, 46.77351412871981]",q9,41.963518519218546
6312,use,explode,741.2857142857143,6.30957344480193,"(5.011872336272725, 7.244359600749899]",q2,6.128115968511311
6313,usual,steel,724.4,51.28613839913648,"(46.77351412871981, 56.23413251903491]",q10,51.503823323877356
6314,usual,unusual,762.7333333333333,28.18382931264455,"(23.9883291901949, 29.51209226666384]",q7,26.75021072842937
6315,vacancy,believe,616.483870967742,323.5936569296281,"(295.1209226666384, 18620.871366628657]",q17,9457.996144647648
6316,vacancy,empty,576.3333333333334,38.904514499428046,"(37.15352290971728, 46.77351412871981]",q9,41.963518519218546
6317,vacate,leave,617.21875,218.77616239495518,"(199.52623149688787, 295.1209226666384]",q16,247.32357708176315
6318,vacate,mind,607.65625,257.03957827688646,"(199.52623149688787, 295.1209226666384]",q16,247.32357708176315
6319,vacuum,cleaner,610.4545454545455,7.943282347242813,"(7.244359600749899, 10.0]",q3,8.62217980037495
6320,vacuum,exit,647.65625,22.38721138568338,"(17.78279410038923, 23.9883291901949]",q6,20.885561645292064
6321,vain,conceited,714.7586206896551,0.7585775750291835,"(0.0, 2.7542287033381663]",q0,1.3771143516690831
6322,vain,deep,606.8787878787879,112.2018454301963,"(87.09635899560814, 112.2018454301963]",q13,99.64910221290222
6323,valentine,addition,713.2424242424242,102.32929922807536,"(87.09635899560814, 112.2018454301963]",q13,99.64910221290222
6324,valentine,love,628.8125,660.6934480075964,"(295.1209226666384, 18620.871366628657]",q17,9457.996144647648
6325,valor,bravery,702.2,3.890451449942805,"(2.7542287033381663, 5.011872336272725]",q1,3.8830505198054457
6326,valor,penny,626.0645161290323,11.748975549395302,"(10.0, 13.182567385564074]",q4,11.591283692782037
6327,valuable,expensive,755.40625,48.97788193684466,"(46.77351412871981, 56.23413251903491]",q10,51.503823323877356
6328,valuable,table,582.96875,112.2018454301963,"(87.09635899560814, 112.2018454301963]",q13,99.64910221290222
6329,value,bargain,793.5384615384615,8.91250938133746,"(7.244359600749899, 10.0]",q3,8.62217980037495
6330,value,hidden,739.09375,33.884415613920275,"(29.51209226666384, 37.15352290971728]",q8,33.33280758819056
6331,valve,car,620.6333333333333,281.8382931264455,"(199.52623149688787, 295.1209226666384]",q16,247.32357708176315
6332,valve,hotel,607.1875,89.12509381337459,"(87.09635899560814, 112.2018454301963]",q13,99.64910221290222
6333,vampire,court,656.9354838709677,257.03957827688646,"(199.52623149688787, 295.1209226666384]",q16,247.32357708176315
6334,vampire,teeth,608.9333333333333,38.018939632056124,"(37.15352290971728, 46.77351412871981]",q9,41.963518519218546
6335,van,bend,646.3666666666667,13.489628825916533,"(13.182567385564074, 17.78279410038923]",q5,15.482680742976651
6336,van,drive,677.21875,134.89628825916532,"(112.2018454301963, 144.5439770745928]",q14,128.37291125239454
6337,vanilla,check,583.483870967742,204.17379446695276,"(199.52623149688787, 295.1209226666384]",q16,247.32357708176315
6338,vanilla,fudge,626.7096774193549,2.1379620895022327,"(0.0, 2.7542287033381663]",q0,1.3771143516690831
6339,vanish,appear,664.40625,70.79457843841374,"(56.23413251903491, 70.79457843841374]",q11,63.514355478724326
6340,vanish,play,714.0,407.380277804113,"(295.1209226666384, 18620.871366628657]",q17,9457.996144647648
6341,variety,empire,723.448275862069,34.673685045253166,"(29.51209226666384, 37.15352290971728]",q8,33.33280758819056
6342,variety,many,746.875,812.8305161640995,"(295.1209226666384, 18620.871366628657]",q17,9457.996144647648
6343,vaseline,lion,592.258064516129,17.78279410038923,"(13.182567385564074, 17.78279410038923]",q5,15.482680742976651
6344,vaseline,slippery,730.1,4.073802778041126,"(2.7542287033381663, 5.011872336272725]",q1,3.8830505198054457
6345,vast,easy,637.65625,194.98445997580455,"(144.5439770745928, 199.52623149688787]",q15,172.03510428574032
6346,vast,large,735.6451612903226,245.47089156850285,"(199.52623149688787, 295.1209226666384]",q16,247.32357708176315
6347,vault,group,594.6129032258065,371.53522909717276,"(295.1209226666384, 18620.871366628657]",q17,9457.996144647648
6348,vault,lock,618.8064516129032,32.35936569296281,"(29.51209226666384, 37.15352290971728]",q8,33.33280758819056
6349,veal,die,691.4333333333333,117.48975549395303,"(112.2018454301963, 144.5439770745928]",q14,128.37291125239454
6350,veal,steak,669.2727272727273,9.332543007969914,"(7.244359600749899, 10.0]",q3,8.62217980037495
6351,veer,better,671.1935483870968,575.4399373371566,"(295.1209226666384, 18620.871366628657]",q17,9457.996144647648
6352,veer,right,659.8064516129032,912.0108393559096,"(295.1209226666384, 18620.871366628657]",q17,9457.996144647648
6353,vegetable,coat,689.0370370370371,22.90867652767775,"(17.78279410038923, 23.9883291901949]",q6,20.885561645292064
6354,vegetable,food,606.9375,251.18864315095823,"(199.52623149688787, 295.1209226666384]",q16,247.32357708176315
6355,vegetables,broccoli,830.1428571428571,3.1622776601683795,"(2.7542287033381663, 5.011872336272725]",q1,3.8830505198054457
6356,vegetables,country,708.0967741935484,301.9951720402019,"(295.1209226666384, 18620.871366628657]",q17,9457.996144647648
6357,vehicle,exercise,737.4666666666667,47.863009232263806,"(46.77351412871981, 56.23413251903491]",q10,51.503823323877356
6358,vehicle,speed,548.6666666666666,100.0,"(87.09635899560814, 112.2018454301963]",q13,99.64910221290222
6359,vent,anger,571.7666666666667,26.302679918953814,"(23.9883291901949, 29.51209226666384]",q7,26.75021072842937
6360,vent,loser,622.6875,10.232929922807536,"(10.0, 13.182567385564074]",q4,11.591283692782037
6361,venus,cure,673.9354838709677,20.892961308540407,"(17.78279410038923, 23.9883291901949]",q6,20.885561645292064
6362,venus,planet,634.6129032258065,47.863009232263806,"(46.77351412871981, 56.23413251903491]",q10,51.503823323877356
6363,verse,song,566.1212121212121,181.97008586099827,"(144.5439770745928, 199.52623149688787]",q15,172.03510428574032
6364,verse,thumb,696.8484848484849,10.232929922807536,"(10.0, 13.182567385564074]",q4,11.591283692782037
6365,vessel,fudge,714.741935483871,2.1379620895022327,"(0.0, 2.7542287033381663]",q0,1.3771143516690831
6366,vessel,submarine,725.3793103448276,6.456542290346556,"(5.011872336272725, 7.244359600749899]",q2,6.128115968511311
6367,vest,hands,619.15625,144.5439770745928,"(112.2018454301963, 144.5439770745928]",q14,128.37291125239454
6368,vest,jacket,599.8125,20.892961308540407,"(17.78279410038923, 23.9883291901949]",q6,20.885561645292064
6369,veteran,old,572.0645161290323,562.341325190349,"(295.1209226666384, 18620.871366628657]",q17,9457.996144647648
6370,veteran,plastic,591.5666666666667,32.35936569296281,"(29.51209226666384, 37.15352290971728]",q8,33.33280758819056
6371,vice,bleach,868.8888888888889,3.235936569296281,"(2.7542287033381663, 5.011872336272725]",q1,3.8830505198054457
6372,vice,president,613.3125,281.8382931264455,"(199.52623149688787, 295.1209226666384]",q16,247.32357708176315
6373,victim,dependable,739.5806451612904,1.7782794100389228,"(0.0, 2.7542287033381663]",q0,1.3771143516690831
6374,victim,murderer,572.3,6.6069344800759575,"(5.011872336272725, 7.244359600749899]",q2,6.128115968511311
6375,victor,crazy,656.15625,117.48975549395303,"(112.2018454301963, 144.5439770745928]",q14,128.37291125239454
6376,victor,loser,591.78125,10.232929922807536,"(10.0, 13.182567385564074]",q4,11.591283692782037
6377,victory,blanket,652.5,11.748975549395302,"(10.0, 13.182567385564074]",q4,11.591283692782037
6378,victory,winner,610.0645161290323,63.0957344480193,"(56.23413251903491, 70.79457843841374]",q11,63.514355478724326
6379,viking,ceremony,671.90625,26.302679918953814,"(23.9883291901949, 29.51209226666384]",q7,26.75021072842937
6380,viking,princess,662.84375,33.884415613920275,"(29.51209226666384, 37.15352290971728]",q8,33.33280758819056
6381,village,roof,672.0,35.481338923357534,"(29.51209226666384, 37.15352290971728]",q8,33.33280758819056
6382,village,town,589.9375,173.78008287493762,"(144.5439770745928, 199.52623149688787]",q15,172.03510428574032
6383,villain,bad,603.5,338.84415613920277,"(295.1209226666384, 18620.871366628657]",q17,9457.996144647648
6384,villain,sympathy,747.6129032258065,10.232929922807536,"(10.0, 13.182567385564074]",q4,11.591283692782037
6385,vine,parts,614.3333333333334,117.48975549395303,"(112.2018454301963, 144.5439770745928]",q14,128.37291125239454
6386,vine,wine,601.3939393939394,54.954087385762485,"(46.77351412871981, 56.23413251903491]",q10,51.503823323877356
6387,viola,cut,618.9310344827586,173.78008287493762,"(144.5439770745928, 199.52623149688787]",q15,172.03510428574032
6388,viola,violin,814.6451612903226,5.4954087385762485,"(5.011872336272725, 7.244359600749899]",q2,6.128115968511311
6389,violence,grasp,794.9615384615385,9.332543007969914,"(7.244359600749899, 10.0]",q3,8.62217980037495
6390,violence,gun,557.90625,91.20108393559097,"(87.09635899560814, 112.2018454301963]",q13,99.64910221290222
6391,violent,elevator,712.741935483871,8.91250938133746,"(7.244359600749899, 10.0]",q3,8.62217980037495
6392,violent,purple,812.2258064516129,20.892961308540407,"(17.78279410038923, 23.9883291901949]",q6,20.885561645292064
6393,violet,purple,596.375,20.892961308540407,"(17.78279410038923, 23.9883291901949]",q6,20.885561645292064
6394,violet,toothpaste,710.4516129032259,2.344228815319923,"(0.0, 2.7542287033381663]",q0,1.3771143516690831
6395,violin,bow,713.75,19.952623149688787,"(17.78279410038923, 23.9883291901949]",q6,20.885561645292064
6396,violin,hurt,698.3225806451613,87.09635899560814,"(70.79457843841374, 87.09635899560814]",q12,78.94546871701094
6397,virgin,live,625.6333333333333,346.73685045253166,"(295.1209226666384, 18620.871366628657]",q17,9457.996144647648
6398,virgin,slut,791.5806451612904,5.754399373371567,"(5.011872336272725, 7.244359600749899]",q2,6.128115968511311
6399,virtue,active,752.516129032258,85.11380382023759,"(70.79457843841374, 87.09635899560814]",q12,78.94546871701094
6400,virtue,patience,770.875,15.848931924611142,"(13.182567385564074, 17.78279410038923]",q5,15.482680742976651
6401,vision,see,606.4242424242424,1258.9254117941662,"(295.1209226666384, 18620.871366628657]",q17,9457.996144647648
6402,vision,walkway,631.7666666666667,1.4454397707459279,"(0.0, 2.7542287033381663]",q0,1.3771143516690831
6403,visit,fix,635.7741935483871,56.23413251903491,"(46.77351412871981, 56.23413251903491]",q10,51.503823323877356
6404,visit,hello,642.6666666666666,52.48074602497723,"(46.77351412871981, 56.23413251903491]",q10,51.503823323877356
6405,visitor,hospital,682.0,117.48975549395303,"(112.2018454301963, 144.5439770745928]",q14,128.37291125239454
6406,visitor,plan,578.09375,194.98445997580455,"(144.5439770745928, 199.52623149688787]",q15,172.03510428574032
6407,vivid,begin,737.6774193548387,69.18309709189363,"(56.23413251903491, 70.79457843841374]",q11,63.514355478724326
6408,vivid,clear,574.9032258064516,177.82794100389228,"(144.5439770745928, 199.52623149688787]",q15,172.03510428574032
6409,vocabulary,large,701.2258064516129,245.47089156850285,"(199.52623149688787, 295.1209226666384]",q16,247.32357708176315
6410,vocabulary,laugh,596.4848484848485,45.708818961487516,"(37.15352290971728, 46.77351412871981]",q9,41.963518519218546
6411,vodka,forward,570.1935483870968,131.82567385564073,"(112.2018454301963, 144.5439770745928]",q14,128.37291125239454
6412,vodka,tonic,714.2,2.454708915685031,"(0.0, 2.7542287033381663]",q0,1.3771143516690831
6413,volcano,base,681.9375,112.2018454301963,"(87.09635899560814, 112.2018454301963]",q13,99.64910221290222
6414,volcano,erupt,644.9629629629629,0.9332543007969915,"(0.0, 2.7542287033381663]",q0,1.3771143516690831
6415,vomit,city,682.96875,407.380277804113,"(295.1209226666384, 18620.871366628657]",q17,9457.996144647648
6416,vomit,puke,593.4,1.9054607179632463,"(0.0, 2.7542287033381663]",q0,1.3771143516690831
6417,vote,elect,648.0,10.71519305237607,"(10.0, 13.182567385564074]",q4,11.591283692782037
6418,vote,trouble,660.0333333333333,61.65950018614822,"(56.23413251903491, 70.79457843841374]",q11,63.514355478724326
6419,vulnerable,sit,705.1,79.43282347242821,"(70.79457843841374, 87.09635899560814]",q12,78.94546871701094
6420,vulnerable,weak,624.6451612903226,45.708818961487516,"(37.15352290971728, 46.77351412871981]",q9,41.963518519218546
6421,wag,tail,685.3125,21.87761623949552,"(17.78279410038923, 23.9883291901949]",q6,20.885561645292064
6422,wag,welcome,681.25,97.72372209558111,"(87.09635899560814, 112.2018454301963]",q13,99.64910221290222
6423,wage,minimum,831.0,48.97788193684466,"(46.77351412871981, 56.23413251903491]",q10,51.503823323877356
6424,wage,stain,692.6,5.011872336272725,"(2.7542287033381663, 5.011872336272725]",q1,3.8830505198054457
6425,wagon,five,563.1935483870968,281.8382931264455,"(199.52623149688787, 295.1209226666384]",q16,247.32357708176315
6426,wagon,toy,578.8666666666667,19.952623149688787,"(17.78279410038923, 23.9883291901949]",q6,20.885561645292064
6427,waist,hip,643.5666666666667,28.84031503126606,"(23.9883291901949, 29.51209226666384]",q7,26.75021072842937
6428,waist,hound,720.3571428571429,2.691534803926917,"(0.0, 2.7542287033381663]",q0,1.3771143516690831
6429,wait,long,611.625,645.6542290346549,"(295.1209226666384, 18620.871366628657]",q17,9457.996144647648
6430,wait,patience,662.5483870967741,15.848931924611142,"(13.182567385564074, 17.78279410038923]",q5,15.482680742976651
6431,wake,eyes,623.1333333333333,162.18100973589299,"(144.5439770745928, 199.52623149688787]",q15,172.03510428574032
6432,wake,study,581.4516129032259,181.97008586099827,"(144.5439770745928, 199.52623149688787]",q15,172.03510428574032
6433,walkway,hear,702.3225806451613,169.8243652461746,"(144.5439770745928, 199.52623149688787]",q15,172.03510428574032
6434,walkway,path,652.1212121212121,51.28613839913648,"(46.77351412871981, 56.23413251903491]",q10,51.503823323877356
6435,wall,furniture,714.4193548387096,19.498445997580454,"(17.78279410038923, 23.9883291901949]",q6,20.885561645292064
6436,wall,picture,617.5625,134.89628825916532,"(112.2018454301963, 144.5439770745928]",q14,128.37291125239454
6437,wallet,conference,760.9333333333333,102.32929922807536,"(87.09635899560814, 112.2018454301963]",q13,99.64910221290222
6438,wallet,money,573.21875,436.51583224016565,"(295.1209226666384, 18620.871366628657]",q17,9457.996144647648
6439,walnut,crack,715.3125,25.703957827688647,"(23.9883291901949, 29.51209226666384]",q7,26.75021072842937
6440,walnut,who,630.8387096774194,2187.761623949552,"(295.1209226666384, 18620.871366628657]",q17,9457.996144647648
6441,war,peace,559.1290322580645,104.71285480508985,"(87.09635899560814, 112.2018454301963]",q13,99.64910221290222
6442,war,subject,552.483870967742,91.20108393559097,"(87.09635899560814, 112.2018454301963]",q13,99.64910221290222
6443,warehouse,scientist,887.3448275862069,16.218100973589298,"(13.182567385564074, 17.78279410038923]",q5,15.482680742976651
6444,warehouse,storage,628.2666666666667,37.15352290971728,"(29.51209226666384, 37.15352290971728]",q8,33.33280758819056
6445,warmth,heat,632.875,72.44359600749905,"(70.79457843841374, 87.09635899560814]",q12,78.94546871701094
6446,warmth,ketchup,650.2413793103449,2.8840315031266055,"(2.7542287033381663, 5.011872336272725]",q1,3.8830505198054457
6447,warning,cop,586.0689655172414,23.442288153199225,"(17.78279410038923, 23.9883291901949]",q6,20.885561645292064
6448,warning,stop,602.875,331.13112148259074,"(295.1209226666384, 18620.871366628657]",q17,9457.996144647648
6449,warrior,fighter,620.5,20.892961308540407,"(17.78279410038923, 23.9883291901949]",q6,20.885561645292064
6450,warrior,slow,596.4333333333333,70.79457843841374,"(56.23413251903491, 70.79457843841374]",q11,63.514355478724326
6451,wart,mistake,791.5,46.77351412871981,"(37.15352290971728, 46.77351412871981]",q9,41.963518519218546
6452,wart,ugly,654.6774193548387,26.302679918953814,"(23.9883291901949, 29.51209226666384]",q7,26.75021072842937
6453,wary,adventure,760.9333333333333,28.84031503126606,"(23.9883291901949, 29.51209226666384]",q7,26.75021072842937
6454,wary,tired,641.6,51.28613839913648,"(46.77351412871981, 56.23413251903491]",q10,51.503823323877356
6455,washcloth,anxiety,757.5,28.18382931264455,"(23.9883291901949, 29.51209226666384]",q7,26.75021072842937
6456,washcloth,towel,648.3125,8.709635899560805,"(7.244359600749899, 10.0]",q3,8.62217980037495
6457,wasp,bee,561.28125,12.30268770812381,"(10.0, 13.182567385564074]",q4,11.591283692782037
6458,wasp,watch,621.0,218.77616239495518,"(199.52623149688787, 295.1209226666384]",q16,247.32357708176315
6459,waste,basket,645.6129032258065,11.748975549395302,"(10.0, 13.182567385564074]",q4,11.591283692782037
6460,waste,emergency,680.9666666666667,52.48074602497723,"(46.77351412871981, 56.23413251903491]",q10,51.503823323877356
6461,wasted,actor,626.483870967742,44.668359215096345,"(37.15352290971728, 46.77351412871981]",q9,41.963518519218546
6462,wasted,garbage,708.15625,15.135612484362072,"(13.182567385564074, 17.78279410038923]",q5,15.482680742976651
6463,watch,plane,626.6060606060606,52.48074602497723,"(46.77351412871981, 56.23413251903491]",q10,51.503823323877356
6464,watch,stare,685.2413793103449,8.128305161640995,"(7.244359600749899, 10.0]",q3,8.62217980037495
6465,waterfall,beautiful,654.25,165.95869074375597,"(144.5439770745928, 199.52623149688787]",q15,172.03510428574032
6466,waterfall,builder,742.03125,7.07945784384138,"(5.011872336272725, 7.244359600749899]",q2,6.128115968511311
6467,way,hurry,663.0625,13.803842646028839,"(13.182567385564074, 17.78279410038923]",q5,15.482680742976651
6468,way,wrong,580.483870967742,245.47089156850285,"(199.52623149688787, 295.1209226666384]",q16,247.32357708176315
6469,weak,extinct,933.2,4.570881896148752,"(2.7542287033381663, 5.011872336272725]",q1,3.8830505198054457
6470,weak,wimp,725.2916666666666,0.5248074602497729,"(0.0, 2.7542287033381663]",q0,1.3771143516690831
6471,weakness,pound,683.53125,20.892961308540407,"(17.78279410038923, 23.9883291901949]",q6,20.885561645292064
6472,weakness,strength,674.1034482758621,63.0957344480193,"(56.23413251903491, 70.79457843841374]",q11,63.514355478724326
6473,wealth,artist,758.741935483871,63.0957344480193,"(56.23413251903491, 70.79457843841374]",q11,63.514355478724326
6474,wealth,none,594.40625,85.11380382023759,"(70.79457843841374, 87.09635899560814]",q12,78.94546871701094
6475,wear,dress,614.1,57.543993733715666,"(56.23413251903491, 70.79457843841374]",q11,63.514355478724326
6476,wear,exact,728.34375,32.35936569296281,"(29.51209226666384, 37.15352290971728]",q8,33.33280758819056
6477,weather,climate,601.6875,51.28613839913648,"(46.77351412871981, 56.23413251903491]",q10,51.503823323877356
6478,weather,lunch,593.6666666666666,45.708818961487516,"(37.15352290971728, 46.77351412871981]",q9,41.963518519218546
6479,weave,mouth,646.030303030303,67.60829753919819,"(56.23413251903491, 70.79457843841374]",q11,63.514355478724326
6480,weave,sew,741.3214285714286,2.818382931264455,"(2.7542287033381663, 5.011872336272725]",q1,3.8830505198054457
6481,web,feet,622.9677419354839,97.72372209558111,"(87.09635899560814, 112.2018454301963]",q13,99.64910221290222
6482,web,floor,565.7666666666667,87.09635899560814,"(70.79457843841374, 87.09635899560814]",q12,78.94546871701094
6483,wed,idiot,665.4193548387096,24.547089156850287,"(23.9883291901949, 29.51209226666384]",q7,26.75021072842937
6484,wed,thursday,693.375,41.68693834703355,"(37.15352290971728, 46.77351412871981]",q9,41.963518519218546
6485,wedding,bride,613.03125,12.02264434617413,"(10.0, 13.182567385564074]",q4,11.591283692782037
6486,wedding,direct,621.741935483871,81.28305161640995,"(70.79457843841374, 87.09635899560814]",q12,78.94546871701094
6487,wednesday,motel,643.5333333333333,4.073802778041126,"(2.7542287033381663, 5.011872336272725]",q1,3.8830505198054457
6488,wednesday,thursday,641.0909090909091,41.68693834703355,"(37.15352290971728, 46.77351412871981]",q9,41.963518519218546
6489,weed,grass,639.5,23.9883291901949,"(17.78279410038923, 23.9883291901949]",q6,20.885561645292064
6490,weed,song,580.71875,181.97008586099827,"(144.5439770745928, 199.52623149688787]",q15,172.03510428574032
6491,week,armor,743.5357142857143,9.332543007969914,"(7.244359600749899, 10.0]",q3,8.62217980037495
6492,week,year,591.3125,912.0108393559096,"(295.1209226666384, 18620.871366628657]",q17,9457.996144647648
6493,weekend,front,701.8620689655172,190.54607179632484,"(144.5439770745928, 199.52623149688787]",q15,172.03510428574032
6494,weekend,fun,635.0,199.52623149688787,"(144.5439770745928, 199.52623149688787]",q15,172.03510428574032
6495,weekly,fog,721.875,7.943282347242813,"(7.244359600749899, 10.0]",q3,8.62217980037495
6496,weekly,monthly,676.1935483870968,31.622776601683793,"(29.51209226666384, 37.15352290971728]",q8,33.33280758819056
6497,weigh,closing,667.6451612903226,28.84031503126606,"(23.9883291901949, 29.51209226666384]",q7,26.75021072842937
6498,weigh,fat,666.741935483871,70.79457843841374,"(56.23413251903491, 70.79457843841374]",q11,63.514355478724326
6499,weights,beard,724.2068965517242,11.748975549395302,"(10.0, 13.182567385564074]",q4,11.591283692782037
6500,weights,workout,629.7741935483871,10.471285480508985,"(10.0, 13.182567385564074]",q4,11.591283692782037
6501,weird,spoon,722.0,7.585775750291836,"(7.244359600749899, 10.0]",q3,8.62217980037495
6502,weird,strange,646.9354838709677,43.65158322401656,"(37.15352290971728, 46.77351412871981]",q9,41.963518519218546
6503,welcome,fly,593.9677419354839,56.23413251903491,"(46.77351412871981, 56.23413251903491]",q10,51.503823323877356
6504,welcome,home,653.09375,645.6542290346549,"(295.1209226666384, 18620.871366628657]",q17,9457.996144647648
6505,well,earthquake,648.3548387096774,14.125375446227554,"(13.182567385564074, 17.78279410038923]",q5,15.482680742976651
6506,well,sick,667.6774193548387,75.85775750291836,"(70.79457843841374, 87.09635899560814]",q12,78.94546871701094
6507,west,east,590.3333333333334,144.5439770745928,"(112.2018454301963, 144.5439770745928]",q14,128.37291125239454
6508,west,person,590.4193548387096,354.8133892335753,"(295.1209226666384, 18620.871366628657]",q17,9457.996144647648
6509,wet,care,605.2258064516129,363.078054770101,"(295.1209226666384, 18620.871366628657]",q17,9457.996144647648
6510,wet,dry,589.5483870967741,54.954087385762485,"(46.77351412871981, 56.23413251903491]",q10,51.503823323877356
6511,what,building,587.6,194.98445997580455,"(144.5439770745928, 199.52623149688787]",q15,172.03510428574032
6512,what,where,816.3333333333334,1000.0,"(295.1209226666384, 18620.871366628657]",q17,9457.996144647648
6513,wheat,hay,896.1428571428571,8.128305161640995,"(7.244359600749899, 10.0]",q3,8.62217980037495
6514,wheat,you,613.65625,9549.92586021437,"(295.1209226666384, 18620.871366628657]",q17,9457.996144647648
6515,wheel,insurance,734.53125,87.09635899560814,"(70.79457843841374, 87.09635899560814]",q12,78.94546871701094
6516,wheel,wagon,640.2068965517242,7.943282347242813,"(7.244359600749899, 10.0]",q3,8.62217980037495
6517,when,shell,696.7666666666667,24.547089156850287,"(23.9883291901949, 29.51209226666384]",q7,26.75021072842937
6518,when,where,632.0,1000.0,"(295.1209226666384, 18620.871366628657]",q17,9457.996144647648
6519,where,baby,637.5,181.97008586099827,"(144.5439770745928, 199.52623149688787]",q15,172.03510428574032
6520,where,when,729.7333333333333,2344.228815319923,"(295.1209226666384, 18620.871366628657]",q17,9457.996144647648
6521,whiskey,booze,684.6,4.46683592150963,"(2.7542287033381663, 5.011872336272725]",q1,3.8830505198054457
6522,whiskey,study,668.34375,181.97008586099827,"(144.5439770745928, 199.52623149688787]",q15,172.03510428574032
6523,whistle,blow,659.2258064516129,38.904514499428046,"(37.15352290971728, 46.77351412871981]",q9,41.963518519218546
6524,whistle,plus,615.21875,89.12509381337459,"(87.09635899560814, 112.2018454301963]",q13,99.64910221290222
6525,white,black,553.21875,288.40315031266056,"(199.52623149688787, 295.1209226666384]",q16,247.32357708176315
6526,white,store,659.8064516129032,104.71285480508985,"(87.09635899560814, 112.2018454301963]",q13,99.64910221290222
6527,who,rice,641.0,35.481338923357534,"(29.51209226666384, 37.15352290971728]",q8,33.33280758819056
6528,who,what,703.8387096774194,2398.83291901949,"(295.1209226666384, 18620.871366628657]",q17,9457.996144647648
6529,whom,carpet,668.75,15.135612484362072,"(13.182567385564074, 17.78279410038923]",q5,15.482680742976651
6530,whom,who,606.2666666666667,2187.761623949552,"(295.1209226666384, 18620.871366628657]",q17,9457.996144647648
6531,why,thanks,658.9375,269.1534803926914,"(199.52623149688787, 295.1209226666384]",q16,247.32357708176315
6532,why,when,610.2962962962963,2344.228815319923,"(295.1209226666384, 18620.871366628657]",q17,9457.996144647648
6533,wick,candle,635.3548387096774,7.585775750291836,"(7.244359600749899, 10.0]",q3,8.62217980037495
6534,wick,hill,675.1379310344828,66.06934480075964,"(56.23413251903491, 70.79457843841374]",q11,63.514355478724326
6535,wicker,basket,608.1875,11.748975549395302,"(10.0, 13.182567385564074]",q4,11.591283692782037
6536,wicker,hand,598.1379310344828,257.03957827688646,"(199.52623149688787, 295.1209226666384]",q16,247.32357708176315
6537,wide,book,605.9354838709677,269.1534803926914,"(199.52623149688787, 295.1209226666384]",q16,247.32357708176315
6538,wide,narrow,660.3333333333334,24.547089156850287,"(23.9883291901949, 29.51209226666384]",q7,26.75021072842937
6539,width,learn,646.258064516129,147.91083881682073,"(144.5439770745928, 199.52623149688787]",q15,172.03510428574032
6540,width,length,610.90625,58.88436553555884,"(56.23413251903491, 70.79457843841374]",q11,63.514355478724326
6541,wife,alive,692.0,57.543993733715666,"(56.23413251903491, 70.79457843841374]",q11,63.514355478724326
6542,wife,marry,592.6875,25.11886431509582,"(23.9883291901949, 29.51209226666384]",q7,26.75021072842937
6543,wilderness,forest,677.7741935483871,50.11872336272725,"(46.77351412871981, 56.23413251903491]",q10,51.503823323877356
6544,wilderness,prejudice,808.4666666666667,6.165950018614822,"(5.011872336272725, 7.244359600749899]",q2,6.128115968511311
6545,will,drain,740.6551724137931,11.748975549395302,"(10.0, 13.182567385564074]",q4,11.591283692782037
6546,will,power,568.5666666666667,331.13112148259074,"(295.1209226666384, 18620.871366628657]",q17,9457.996144647648
6547,willing,halloween,669.0625,14.45439770745928,"(13.182567385564074, 17.78279410038923]",q5,15.482680742976651
6548,willing,ready,635.28125,190.54607179632484,"(144.5439770745928, 199.52623149688787]",q15,172.03510428574032
6549,win,fast,702.9666666666667,134.89628825916532,"(112.2018454301963, 144.5439770745928]",q14,128.37291125239454
6550,win,lose,592.84375,120.22644346174131,"(112.2018454301963, 144.5439770745928]",q14,128.37291125239454
6551,wind,heaven,621.53125,38.018939632056124,"(37.15352290971728, 46.77351412871981]",q9,41.963518519218546
6552,wind,rain,631.7586206896551,51.28613839913648,"(46.77351412871981, 56.23413251903491]",q10,51.503823323877356
6553,winding,closing,775.6,28.84031503126606,"(23.9883291901949, 29.51209226666384]",q7,26.75021072842937
6554,winding,sport,636.90625,53.70317963702533,"(46.77351412871981, 56.23413251903491]",q10,51.503823323877356
6555,window,glass,578.25,70.79457843841374,"(56.23413251903491, 70.79457843841374]",q11,63.514355478724326
6556,window,owl,640.2,7.413102413009177,"(7.244359600749899, 10.0]",q3,8.62217980037495
6557,wings,bird,528.25,42.65795188015925,"(37.15352290971728, 46.77351412871981]",q9,41.963518519218546
6558,wings,stress,626.4333333333333,53.70317963702533,"(46.77351412871981, 56.23413251903491]",q10,51.503823323877356
6559,winner,jacket,653.4,20.892961308540407,"(17.78279410038923, 23.9883291901949]",q6,20.885561645292064
6560,winner,loser,551.1612903225806,10.232929922807536,"(10.0, 13.182567385564074]",q4,11.591283692782037
6561,wipe,ass,707.625,100.0,"(87.09635899560814, 112.2018454301963]",q13,99.64910221290222
6562,wipe,tupperware,909.1333333333332,0.5754399373371566,"(0.0, 2.7542287033381663]",q0,1.3771143516690831
6563,wisdom,beef,629.5483870967741,19.498445997580454,"(17.78279410038923, 23.9883291901949]",q6,20.885561645292064
6564,wisdom,owl,659.15625,7.413102413009177,"(7.244359600749899, 10.0]",q3,8.62217980037495
6565,wit,round,732.9375,138.03842646028838,"(112.2018454301963, 144.5439770745928]",q14,128.37291125239454
6566,wit,smart,634.78125,67.60829753919819,"(56.23413251903491, 70.79457843841374]",q11,63.514355478724326
6567,witch,apology,669.8181818181819,11.220184543019629,"(10.0, 13.182567385564074]",q4,11.591283692782037
6568,witch,halloween,656.5,14.45439770745928,"(13.182567385564074, 17.78279410038923]",q5,15.482680742976651
6569,with,comment,773.5625,75.85775750291836,"(70.79457843841374, 87.09635899560814]",q12,78.94546871701094
6570,with,together,638.4375,288.40315031266056,"(199.52623149688787, 295.1209226666384]",q16,247.32357708176315
6571,without,crops,831.2307692307693,11.220184543019629,"(10.0, 13.182567385564074]",q4,11.591283692782037
6572,without,empty,749.3125,38.904514499428046,"(37.15352290971728, 46.77351412871981]",q9,41.963518519218546
6573,women,bank,651.8387096774194,144.5439770745928,"(112.2018454301963, 144.5439770745928]",q14,128.37291125239454
6574,women,men,605.551724137931,323.5936569296281,"(295.1209226666384, 18620.871366628657]",q17,9457.996144647648
6575,wood,dill,643.421052631579,1.2882495516931336,"(0.0, 2.7542287033381663]",q0,1.3771143516690831
6576,wood,log,618.09375,23.442288153199225,"(17.78279410038923, 23.9883291901949]",q6,20.885561645292064
6577,woods,aunt,715.78125,14.45439770745928,"(13.182567385564074, 17.78279410038923]",q5,15.482680742976651
6578,woods,dark,645.483870967742,109.64781961431851,"(87.09635899560814, 112.2018454301963]",q13,99.64910221290222
6579,wool,itch,698.8928571428571,2.2908676527677723,"(0.0, 2.7542287033381663]",q0,1.3771143516690831
6580,wool,know,596.0909090909091,1258.9254117941662,"(295.1209226666384, 18620.871366628657]",q17,9457.996144647648
6581,word,hours,782.4137931034483,251.18864315095823,"(199.52623149688787, 295.1209226666384]",q16,247.32357708176315
6582,word,letter,658.46875,89.12509381337459,"(87.09635899560814, 112.2018454301963]",q13,99.64910221290222
6583,world,earth,617.6774193548387,114.81536214968817,"(112.2018454301963, 144.5439770745928]",q14,128.37291125239454
6584,world,gross,737.0322580645161,28.18382931264455,"(23.9883291901949, 29.51209226666384]",q7,26.75021072842937
6585,worse,better,580.1290322580645,575.4399373371566,"(295.1209226666384, 18620.871366628657]",q17,9457.996144647648
6586,worse,hog,738.5,3.715352290971724,"(2.7542287033381663, 5.011872336272725]",q1,3.8830505198054457
6587,worship,church,637.0322580645161,144.5439770745928,"(112.2018454301963, 144.5439770745928]",q14,128.37291125239454
6588,worship,mean,637.53125,338.84415613920277,"(295.1209226666384, 18620.871366628657]",q17,9457.996144647648
6589,worst,minus,691.7096774193549,10.0,"(7.244359600749899, 10.0]",q3,8.62217980037495
6590,worst,terrible,594.5806451612904,51.28613839913648,"(46.77351412871981, 56.23413251903491]",q10,51.503823323877356
6591,worth,join,561.96875,100.0,"(87.09635899560814, 112.2018454301963]",q13,99.64910221290222
6592,worth,nothing,609.8064516129032,354.8133892335753,"(295.1209226666384, 18620.871366628657]",q17,9457.996144647648
6593,worthless,nothing,574.1333333333333,354.8133892335753,"(295.1209226666384, 18620.871366628657]",q17,9457.996144647648
6594,worthless,secretary,858.9310344827586,89.12509381337459,"(87.09635899560814, 112.2018454301963]",q13,99.64910221290222
6595,wrap,around,603.6060606060606,588.8436553555883,"(295.1209226666384, 18620.871366628657]",q17,9457.996144647648
6596,wrap,female,607.6875,100.0,"(87.09635899560814, 112.2018454301963]",q13,99.64910221290222
6597,wrench,monkey,599.1724137931035,11.748975549395302,"(10.0, 13.182567385564074]",q4,11.591283692782037
6598,wrench,trophy,786.4,14.791083881682072,"(13.182567385564074, 17.78279410038923]",q5,15.482680742976651
6599,wrestling,own,629.1290322580645,549.5408738576248,"(295.1209226666384, 18620.871366628657]",q17,9457.996144647648
6600,wrestling,sport,606.7096774193549,53.70317963702533,"(46.77351412871981, 56.23413251903491]",q10,51.503823323877356
6601,wrinkle,iron,721.2258064516129,54.954087385762485,"(46.77351412871981, 56.23413251903491]",q10,51.503823323877356
6602,wrinkle,try,588.1875,316.22776601683796,"(295.1209226666384, 18620.871366628657]",q17,9457.996144647648
6603,wrist,ankle,637.8214285714286,9.332543007969914,"(7.244359600749899, 10.0]",q3,8.62217980037495
6604,wrist,language,689.1290322580645,125.89254117941661,"(112.2018454301963, 144.5439770745928]",q14,128.37291125239454
6605,write,print,701.0322580645161,34.673685045253166,"(29.51209226666384, 37.15352290971728]",q8,33.33280758819056
6606,write,tissue,655.6774193548387,20.892961308540407,"(17.78279410038923, 23.9883291901949]",q6,20.885561645292064
6607,yard,cake,691.8387096774194,33.884415613920275,"(29.51209226666384, 37.15352290971728]",q8,33.33280758819056
6608,yard,mile,601.3333333333334,38.904514499428046,"(37.15352290971728, 46.77351412871981]",q9,41.963518519218546
6609,yarn,refrigerator,774.9032258064516,4.073802778041126,"(2.7542287033381663, 5.011872336272725]",q1,3.8830505198054457
6610,yarn,weave,624.0714285714286,3.388441561392024,"(2.7542287033381663, 5.011872336272725]",q1,3.8830505198054457
6611,yearly,annually,704.9677419354839,14.45439770745928,"(13.182567385564074, 17.78279410038923]",q5,15.482680742976651
6612,yearly,break,581.40625,151.3561248436207,"(144.5439770745928, 199.52623149688787]",q15,172.03510428574032
6613,years,age,619.46875,208.92961308540407,"(199.52623149688787, 295.1209226666384]",q16,247.32357708176315
6614,years,nurse,716.0322580645161,25.11886431509582,"(23.9883291901949, 29.51209226666384]",q7,26.75021072842937
6615,yes,positive,649.59375,97.72372209558111,"(87.09635899560814, 112.2018454301963]",q13,99.64910221290222
6616,yes,raw,764.5,33.884415613920275,"(29.51209226666384, 37.15352290971728]",q8,33.33280758819056
6617,yolk,egg,582.1724137931035,28.84031503126606,"(23.9883291901949, 29.51209226666384]",q7,26.75021072842937
6618,yolk,sneeze,779.5666666666667,1.5488166189124812,"(0.0, 2.7542287033381663]",q0,1.3771143516690831
6619,young,ketchup,702.3333333333334,2.8840315031266055,"(2.7542287033381663, 5.011872336272725]",q1,3.8830505198054457
6620,young,woman,555.0,223.87211385683378,"(199.52623149688787, 295.1209226666384]",q16,247.32357708176315
6621,youth,rights,597.1612903225806,154.88166189124829,"(144.5439770745928, 199.52623149688787]",q15,172.03510428574032
6622,youth,young,754.6875,269.1534803926914,"(199.52623149688787, 295.1209226666384]",q16,247.32357708176315
6623,yummy,rain,653.5,51.28613839913648,"(46.77351412871981, 56.23413251903491]",q10,51.503823323877356
6624,yummy,tasty,644.71875,6.918309709189363,"(5.011872336272725, 7.244359600749899]",q2,6.128115968511311
6625,zebra,donkey,607.1290322580645,4.168693834703355,"(2.7542287033381663, 5.011872336272725]",q1,3.8830505198054457
6626,zebra,vanish,722.0645161290323,2.454708915685031,"(0.0, 2.7542287033381663]",q0,1.3771143516690831
6627,zest,soap,545.84375,15.135612484362072,"(13.182567385564074, 17.78279410038923]",q5,15.482680742976651
6628,zest,sports,662.9354838709677,87.09635899560814,"(70.79457843841374, 87.09635899560814]",q12,78.94546871701094
6629,zit,pimple,713.1111111111111,0.6760829753919819,"(0.0, 2.7542287033381663]",q0,1.3771143516690831
6630,zit,writer,709.8518518518518,48.97788193684466,"(46.77351412871981, 56.23413251903491]",q10,51.503823323877356
