,prime,target,target.RT
0,abdomen,body,601.6060606060606
1,abdomen,tear,616.6875
2,abduct,australia,815.0322580645161
3,abduct,kidnap,742.060606060606
4,ability,capability,908.8387096774194
5,ability,summary,785.5454545454545
6,able,beam,787.5714285714286
7,able,willing,756.15625
8,abnormal,insane,651.8666666666667
9,abnormal,tighten,710.3928571428571
10,above,below,592.71875
11,above,property,700.074074074074
12,abstract,thought,716.6451612903226
13,abstract,unknown,672.09375
14,absurd,ridiculous,679.7741935483871
15,absurd,satin,936.2916666666666
16,abundance,cloth,638.96875
17,abundance,lots,677.7
18,accelerate,drugs,662.9666666666667
19,accelerate,speed,754.0
20,accept,towel,646.03125
21,accept,understand,756.4333333333333
22,accomplish,finish,670.96875
23,accomplish,gather,717.7931034482758
24,accomplished,fantasy,755.0666666666667
25,accomplished,finished,728.483870967742
26,account,bag,578.90625
27,account,for,708.5769230769231
28,accumulate,broken,741.2758620689655
29,accumulate,gather,775.3548387096774
30,accurate,fish,703.8125
31,accurate,precise,827.9642857142857
32,accuse,court,687.59375
33,accuse,pants,609.125
34,ace,length,625.8181818181819
35,ace,poker,645.90625
36,achieve,math,691.1333333333333
37,achieve,succeed,695.5483870967741
38,achievement,oyster,779.1428571428571
39,achievement,success,657.40625
40,acid,blow,736.2258064516129
41,acid,drug,749.6
42,acquire,get,654.5333333333333
43,acquire,offense,611.9375
44,acre,land,634.9677419354839
45,acre,vanish,811.8965517241379
46,acrobat,dancer,623.6875
47,acrobat,jewish,740.1818181818181
48,act,pie,766.3793103448276
49,act,play,659.3030303030303
50,action,noise,653.2333333333333
51,action,verb,704.8709677419355
52,actor,actress,658.5483870967741
53,actor,color,700.28125
54,actress,actor,636.90625
55,actress,key,673.7333333333333
56,ad,ask,634.0333333333333
57,ad,sell,735.96875
58,add,lion,624.4
59,add,subtract,703.6875
60,addict,dependent,715.09375
61,addict,mob,773.5909090909091
62,addiction,habit,688.7931034482758
63,addiction,poker,706.9354838709677
64,addition,plus,594.0967741935484
65,addition,thunder,685.7741935483871
66,adjective,bank,741.96875
67,adjective,blue,710.9333333333333
68,adjourn,finish,688.875
69,adjourn,light,665.65625
70,adjustment,bra,692.8620689655172
71,adjustment,stone,626.4516129032259
72,admission,ax,776.5
73,admission,ticket,664.7333333333333
74,admit,confess,707.9677419354839
75,admit,remember,645.5454545454545
76,adolescent,gain,794.7857142857143
77,adolescent,juvenile,789.8064516129032
78,adorable,cute,727.03125
79,adorable,tantrum,842.7083333333334
80,advance,forward,615.2258064516129
81,advance,garbage,754.375
82,adventure,electric,708.5666666666667
83,adventure,journey,731.5483870967741
84,adventurous,adolescent,861.6206896551724
85,adventurous,daring,726.75
86,adverb,adjective,743.4666666666667
87,adverb,mom,696.8
88,adversary,enemy,814.5555555555555
89,adversary,wide,717.0909090909091
90,advertisement,great,688.8125
91,advertisement,newspaper,719.625
92,advise,advice,735.09375
93,advise,kitchen,641.0967741935484
94,affair,cheat,697.6060606060606
95,affair,window,705.1935483870968
96,africa,continent,797.1724137931035
97,africa,get,619.4666666666667
98,after,before,751.15625
99,after,sunset,639.2903225806451
100,again,hot,590.741935483871
101,again,repeat,611.5757575757576
102,against,for,713.5333333333333
103,against,time,623.1666666666666
104,age,helper,817.4827586206897
105,age,old,662.8181818181819
106,agency,bracelet,734.8571428571429
107,agency,company,595.3225806451613
108,agenda,arrogant,775.0714285714286
109,agenda,schedule,738.2333333333333
110,agree,disagree,759.3870967741935
111,agree,light,663.5454545454545
112,agreement,disagreement,883.4827586206897
113,agreement,high,763.375
114,agriculture,carry,715.1
115,agriculture,farm,669.3125
116,ahead,armor,730.0344827586207
117,ahead,behind,564.8387096774194
118,ahoy,crazy,632.6333333333333
119,ahoy,ship,658.6774193548387
120,aim,president,752.4333333333333
121,aim,toothpaste,689.71875
122,air,breathe,703.8064516129032
123,air,murder,690.0322580645161
124,aircraft,pilot,612.7142857142857
125,airplane,communist,770.1
126,airplane,fly,675.2258064516129
127,airport,leaves,718.4666666666667
128,airport,plane,604.75
129,alarm,am,787.8666666666667
130,alarm,morning,647.1875
131,album,less,703.7
132,album,record,673.5
133,alcohol,drink,635.9375
134,alcohol,sticky,805.7741935483871
135,algae,pool,640.9666666666667
136,algae,theory,708.7741935483871
137,alive,create,685.1333333333333
138,alive,live,697.8666666666667
139,all,none,647.34375
140,all,towel,721.5806451612904
141,allegiance,pledge,672.060606060606
142,allegiance,spot,662.9375
143,allergy,sneeze,671.516129032258
144,allergy,top,601.2962962962963
145,alligator,river,718.0
146,alligator,sugar,647.2
147,allow,let,665.5
148,allow,seven,641.8064516129032
149,almanac,devil,644.2903225806451
150,almanac,map,688.8214285714286
151,alone,lonely,663.6206896551724
152,alone,movement,758.8064516129032
153,alphabet,kids,583.0333333333333
154,alphabet,letters,593.4375
155,alter,change,664.1875
156,alter,deer,666.741935483871
157,alto,ground,797.1034482758621
158,alto,soprano,858.5862068965517
159,always,forever,619.4
160,always,lettuce,747.8666666666667
161,amateur,beginner,712.625
162,amateur,company,754.516129032258
163,amaze,all,715.3125
164,amaze,wonder,694.516129032258
165,ambition,goal,651.0
166,ambition,talking,632.8125
167,ambulance,emergency,757.6129032258065
168,ambulance,scissors,736.7
169,american,flag,643.741935483871
170,american,grandma,752.4516129032259
171,amount,lot,686.6129032258065
172,amount,past,658.03125
173,amp,electricity,810.3225806451613
174,amp,poetry,633.6875
175,amuse,beer,662.84375
176,amuse,joke,568.1612903225806
177,analysis,data,638.1724137931035
178,analysis,mom,762.7586206896551
179,anarchy,chaos,824.1379310344828
180,anarchy,worm,757.5483870967741
181,ancestor,minus,753.7
182,ancestor,relative,822.6451612903226
183,ancient,modern,807.1724137931035
184,ancient,sight,690.8666666666667
185,angel,fashion,683.03125
186,angel,heaven,610.53125
187,angle,geometry,959.5
188,angle,once,751.5806451612904
189,angry,gamble,785.2
190,angry,sad,613.0
191,animal,bear,585.8064516129032
192,animal,subtract,777.0
193,anisette,chair,626.7096774193549
194,anisette,dictionary,832.3333333333334
195,ankle,bracelet,746.2258064516129
196,ankle,way,573.4333333333333
197,annihilate,destroy,777.5483870967741
198,annihilate,parent,757.03125
199,announce,marriage,657.8709677419355
200,announce,sorrow,681.6666666666666
201,annoy,crack,631.2258064516129
202,annoy,sister,772.1724137931035
203,annoying,disappear,809.5666666666667
204,annoying,irritating,697.7741935483871
205,annual,once,756.2
206,annual,stream,701.258064516129
207,another,more,719.1923076923077
208,another,silly,641.7096774193549
209,anteater,ant,674.0967741935484
210,anteater,ring,644.90625
211,antelope,awake,621.0322580645161
212,antelope,beast,691.21875
213,antidote,cure,682.0625
214,antidote,dam,814.6842105263158
215,antique,face,717.1666666666666
216,antique,furniture,738.8709677419355
217,antler,excuse,725.939393939394
218,antler,horn,779.3333333333334
219,antlers,deer,616.7272727272727
220,antlers,disgusting,830.8484848484849
221,anxiety,goo,933.1666666666666
222,anxiety,nervous,646.03125
223,apart,alone,672.1515151515151
224,apart,mix,739.2857142857143
225,apathetic,liar,777.8709677419355
226,apathetic,sympathetic,853.90625
227,apathy,science,803.53125
228,apathy,sympathy,732.6129032258065
229,ape,all,614.0322580645161
230,ape,jungle,614.1290322580645
231,apology,mistake,739.060606060606
232,apology,win,654.6666666666666
233,appeal,crooked,872.6
234,appeal,looks,582.483870967742
235,appear,show,597.2903225806451
236,appear,whale,698.6451612903226
237,appearance,line,687.1379310344828
238,appearance,looks,634.2121212121212
239,appendage,finger,651.59375
240,appendage,leg,625.030303030303
241,apple,exercise,763.5862068965517
242,apple,red,574.8387096774194
243,appliance,bacon,715.0
244,appliance,stove,729.3225806451613
245,application,college,798.1875
246,application,mist,748.4285714285714
247,appraise,empty,664.1612903225806
248,appraise,value,671.6129032258065
249,approval,pavement,747.6774193548387
250,approval,yes,576.1333333333333
251,apron,maid,818.8
252,apron,tense,809.0
253,architect,building,632.0
254,architect,eye,674.96875
255,arena,football,637.060606060606
256,arena,hell,685.7096774193549
257,argue,disagree,763.9032258064516
258,argue,it,708.8387096774194
259,argument,disagreement,803.6333333333333
260,argument,spoiled,663.4137931034483
261,aright,fold,686.9354838709677
262,aright,okay,669.258064516129
263,armor,chance,631.258064516129
264,armor,knight,703.6774193548387
265,arms,hug,672.0
266,arms,taste,621.71875
267,army,allow,685.5333333333333
268,army,navy,605.8666666666667
269,aroma,leader,758.40625
270,aroma,spaghetti,776.1875
271,around,buffalo,820.6451612903226
272,around,world,765.3548387096774
273,arrive,come,643.2222222222222
274,arrive,mail,732.3548387096774
275,arrow,bow,673.3
276,arrow,maker,731.5172413793103
277,art,cheese,651.7096774193549
278,art,paint,748.1875
279,artery,finger,584.125
280,artery,vein,738.5714285714286
281,artist,box,730.0
282,artist,draw,606.8125
283,arts,crafts,709.1428571428571
284,arts,shot,635.9
285,ascend,descend,900.0666666666667
286,ascend,tired,679.4193548387096
287,ascent,brush,630.6363636363636
288,ascent,climb,588.1333333333333
289,ash,ashtray,733.2142857142857
290,ash,curtains,899.2413793103449
291,ashamed,fragile,741.258064516129
292,ashamed,guilt,716.2903225806451
293,ashes,ashtray,831.074074074074
294,ashes,superior,641.3
295,asia,minor,694.34375
296,asia,rich,632.1612903225806
297,asleep,awake,770.34375
298,asleep,worm,838.741935483871
299,asphalt,pavement,643.2727272727273
300,asphalt,sister,715.7096774193549
301,aspirin,deodorant,804.8064516129032
302,aspirin,headache,770.969696969697
303,ass,donkey,736.3333333333334
304,ass,thirst,622.5806451612904
305,assault,attack,680.8387096774194
306,assault,example,623.741935483871
307,assignment,homework,711.3333333333334
308,assignment,pride,648.4516129032259
309,assistance,helper,633.0714285714286
310,assistance,piece,765.25
311,assistant,helper,771.875
312,assistant,smooth,600.0625
313,associate,loose,675.8064516129032
314,associate,partner,795.7586206896551
315,asteroid,aware,691.0333333333333
316,asteroid,belt,710.3103448275862
317,astrology,gross,753.0625
318,astrology,space,654.40625
319,astronaut,climb,633.5483870967741
320,astronaut,space,625.5806451612904
321,athlete,dress,613.2666666666667
322,athlete,muscle,752.6551724137931
323,athletic,movie,652.53125
324,athletic,sports,646.0
325,atlas,map,601.4333333333333
326,atlas,take,729.448275862069
327,atom,neutron,802.3571428571429
328,atom,shy,689.4516129032259
329,atomic,crab,677.8333333333334
330,atomic,explode,705.1290322580645
331,attach,cry,616.3225806451613
332,attach,stick,710.4333333333333
333,attack,ditch,778.8275862068965
334,attack,heart,699.75
335,attempt,float,690.84375
336,attempt,murder,692.21875
337,attend,apple,673.0322580645161
338,attend,go,654.4
339,attendance,farm,767.9677419354839
340,attendance,present,649.71875
341,attention,job,687.0
342,attention,span,769.4285714285714
343,attic,growth,678.4333333333333
344,attic,upstairs,794.1212121212121
345,attire,clothes,670.15625
346,attire,hip,807.6875
347,attitude,conceited,897.0434782608696
348,attitude,smell,615.0689655172414
349,attorney,lawyer,660.0666666666667
350,attorney,walk,612.0
351,attract,like,745.7666666666667
352,attract,pyramid,792.0625
353,attractive,female,725.1
354,attractive,parent,716.0
355,aunt,something,660.6969696969697
356,aunt,uncle,645.84375
357,author,novel,612.6896551724138
358,author,planet,569.6
359,authority,print,693.8
360,authority,rules,632.7272727272727
361,autumn,planets,765.1612903225806
362,autumn,spring,661.53125
363,avenue,park,742.9032258064516
364,avenue,think,638.1333333333333
365,average,maker,815.7586206896551
366,award,draw,645.40625
367,award,trophy,829.3333333333334
368,awareness,alert,637.0
369,awareness,goal,711.0
370,away,grape,710.8064516129032
371,away,here,734.9
372,awe,violin,799.4074074074074
373,awe,wonder,607.6875
374,awesome,circus,787.516129032258
375,awesome,cool,647.9354838709677
376,awkward,different,729.2758620689655
377,awkward,zit,876.3181818181819
378,ax,daily,846.40625
379,ax,wood,704.96875
380,axon,knit,735.6129032258065
381,axon,neuron,701.5757575757576
382,back,behind,619.2333333333333
383,back,enemy,818.21875
384,backbone,spine,763.9354838709677
385,backbone,thin,696.59375
386,background,past,690.6
387,background,russia,747.8666666666667
388,backward,movement,743.46875
389,backward,silk,675.5
390,bacteria,foresight,861.9375
391,bacteria,fungus,681.9310344827586
392,badge,boyfriend,626.4516129032259
393,badge,cop,630.448275862069
394,bagel,sale,759.1379310344828
395,bagel,shop,583.0967741935484
396,baggage,frightened,677.0
397,baggage,luggage,694.8709677419355
398,bait,care,674.7333333333333
399,bait,worm,691.3225806451613
400,baker,cake,673.7741935483871
401,baker,ending,630.1
402,balcony,ledge,805.1724137931035
403,balcony,storage,676.0357142857143
404,ball,bat,680.7931034482758
405,ball,glory,780.59375
406,ballet,dance,652.625
407,ballet,defeat,736.4137931034483
408,balloon,clown,603.483870967742
409,balloon,legend,724.516129032258
410,ballot,biology,771.0
411,ballot,elect,683.0357142857143
412,ban,deodorant,736.7333333333333
413,ban,italian,804.1290322580645
414,banana,fruit,656.9677419354839
415,banana,she,670.75
416,band,argument,775.5
417,band,play,615.4193548387096
418,bandaid,cut,724.6875
419,bandaid,honest,663.53125
420,bandanna,feel,623.4666666666667
421,bandanna,hat,647.5666666666667
422,banjo,guitar,626.015625
423,bank,lock,596.875
424,bank,vault,684.7096774193549
425,banker,bank,604.34375
426,banker,england,673.0666666666667
427,banquet,eat,591.875
428,banquet,less,736.0
429,bar,grill,650.741935483871
430,bar,hunter,622.5806451612904
431,barbecue,personality,690.8387096774194
432,barbecue,ribs,763.1851851851852
433,bargain,sale,805.9354838709677
434,bargain,yell,744.3225806451613
435,barrel,meat,697.3225806451613
436,barrel,pickles,651.0689655172414
437,barrier,ice,629.1612903225806
438,barrier,reef,781.125
439,bartender,alcohol,666.2903225806451
440,bartender,tongue,686.9032258064516
441,base,guitar,658.3870967741935
442,base,hole,609.516129032258
443,baseball,basketball,681.8620689655172
444,baseball,hint,693.9310344827586
445,basement,attic,785.09375
446,basement,tile,745.6206896551724
447,bashful,marker,753.09375
448,bashful,shy,617.3333333333334
449,basket,driver,685.5806451612904
450,basket,weave,626.3448275862069
451,bat,gander,934.818181818182
452,bat,night,793.75
453,bath,flag,713.65625
454,bath,towel,798.8666666666667
455,bathroom,bedroom,672.741935483871
456,bathroom,thread,724.4814814814815
457,bathtub,monthly,719.1333333333333
458,bathtub,shower,681.0
459,bay,graduation,785.625
460,bay,water,530.2333333333333
461,be,am,896.5483870967741
462,be,ten,685.2258064516129
463,bead,necklace,767.2
464,beam,say,690.2758620689655
465,beam,smile,624.5333333333333
466,bean,green,665.65625
467,bean,layer,765.7857142857143
468,beans,eleven,627.96875
469,beans,rice,627.40625
470,beard,arrow,697.0967741935484
471,beard,mustache,713.6551724137931
472,beast,animal,754.9666666666667
473,beast,cactus,689.0357142857143
474,beat,jacket,776.3225806451613
475,beat,pound,715.0
476,beautiful,pretty,617.15625
477,beautiful,still,651.90625
478,beauty,beast,638.3548387096774
479,beauty,me,637.2666666666667
480,beaver,dam,833.0833333333334
481,beaver,rain,611.1333333333333
482,because,sugar,625.1515151515151
483,because,why,603.28125
484,become,am,724.1785714285714
485,become,search,653.2333333333333
486,bedroom,airplane,728.1935483870968
487,bedroom,bathroom,657.5
488,bee,castle,658.5
489,bee,sting,700.2903225806451
490,beef,bug,709.483870967742
491,beef,cow,615.84375
492,beetle,juice,640.7096774193549
493,beetle,pie,688.6206896551724
494,before,after,758.9032258064516
495,before,new,648.1034482758621
496,beg,low,651.28125
497,beg,plead,875.5172413793103
498,beggar,plead,750.3666666666667
499,beggar,polish,775.4137931034483
500,beginner,dull,762.5666666666667
501,beginner,novice,728.6896551724138
502,behavior,bravery,758.3030303030303
503,behavior,strange,610.741935483871
504,being,human,661.4516129032259
505,being,seatbelt,766.2
506,belief,lie,687.6451612903226
507,belief,low,615.2
508,believe,faith,682.1935483870968
509,believe,mile,655.0689655172414
510,bell,army,728.1333333333333
511,bell,liberty,686.6969696969697
512,belly,drop,726.7241379310345
513,belly,scratch,768.125
514,belong,bride,694.5
515,belong,mine,682.3333333333334
516,below,above,629.7096774193549
517,below,road,586.7878787878788
518,belt,deodorant,811.6153846153846
519,belt,strap,809.2903225806451
520,bend,backward,652.741935483871
521,bend,telephone,664.8484848484849
522,beneath,grave,709.1290322580645
523,beneath,under,658.2
524,benefit,help,598.5714285714286
525,benefit,idea,604.0322580645161
526,bent,belt,677.6451612903226
527,bent,crooked,797.0357142857143
528,best,cake,629.875
529,best,worst,716.483870967742
530,bet,door,660.3448275862069
531,bet,gamble,668.7096774193549
532,betray,cheat,668.5625
533,betray,owner,719.5625
534,beware,fright,842.4615384615385
535,beware,sit,678.551724137931
536,beyond,after,767.516129032258
537,beyond,pride,744.516129032258
538,bias,never,635.625
539,bias,race,699.5806451612904
540,bible,holy,613.90625
541,bible,yell,652.7
542,big,grand,713.0344827586207
543,big,ready,778.7741935483871
544,bike,ride,739.9354838709677
545,bike,senate,784.5
546,billboard,pudding,685.625
547,billboard,sign,740.8571428571429
548,binder,do,752.6071428571429
549,binder,folder,737.5862068965517
550,biology,frog,627.875
551,biology,she,836.5185185185185
552,birds,cats,738.8620689655172
553,birds,nurse,617.6
554,birth,beginning,727.9354838709677
555,birth,ten,573.6551724137931
556,birthday,candle,598.75
557,birthday,hill,775.4827586206897
558,bison,buffalo,614.0322580645161
559,bison,year,654.3333333333334
560,bit,bite,642.78125
561,bit,octopus,772.0967741935484
562,blackboard,chalk,711.5
563,blackboard,stair,797.5
564,blade,iron,687.2424242424242
565,blade,knife,651.28125
566,blame,accuse,697.516129032258
567,blame,private,720.4516129032259
568,blanket,warm,692.8125
569,blanket,why,672.15625
570,bleach,white,712.6774193548387
571,blend,ashtray,936.0
572,blend,mix,667.9677419354839
573,blender,ice,632.0
574,blender,patience,632.78125
575,bless,want,659.28125
576,bless,you,614.71875
577,blinds,curtains,688.40625
578,blinds,kind,651.6666666666666
579,block,against,712.0645161290323
580,block,brick,624.0714285714286
581,blocks,cave,671.0322580645161
582,blocks,children,635.4516129032259
583,blood,rules,610.741935483871
584,blood,vein,762.1666666666666
585,bloom,fungus,829.0434782608696
586,bloom,rose,612.3125
587,blot,earth,704.34375
588,blot,smudge,854.1333333333333
589,blouse,hair,606.5151515151515
590,blouse,shirt,604.5
591,blubber,empty,713.84375
592,blubber,whale,761.90625
593,blueberry,pie,653.75
594,blueberry,thief,860.59375
595,blues,brothers,581.6451612903226
596,blues,proof,675.7666666666667
597,bluff,cliff,710.7666666666667
598,bluff,keeper,735.3103448275862
599,blunt,rude,710.3333333333334
600,blunt,suffocate,886.6333333333333
601,blur,dime,789.0689655172414
602,blur,vision,708.3333333333334
603,board,chalk,728.8333333333334
604,board,person,664.6875
605,bog,hog,657.741935483871
606,bog,wife,716.4516129032259
607,boil,happy,600.6451612903226
608,boil,pot,671.1612903225806
609,boiled,eggs,649.7666666666667
610,boiled,pick,695.8125
611,bold,daring,732.5666666666667
612,bold,note,712.5714285714286
613,bologna,meat,613.6875
614,bologna,tea,622.7586206896551
615,bolt,close,636.8709677419355
616,bolt,material,768.0666666666667
617,bondage,slave,755.483870967742
618,bondage,usa,838.7142857142857
619,bone,chicken,688.5806451612904
620,bone,shampoo,761.0
621,book,oyster,804.6785714285714
622,book,read,714.28125
623,bookbag,people,577.6060606060606
624,bookbag,purse,684.6875
625,boot,camp,702.4193548387096
626,boot,habit,718.0689655172414
627,booth,smash,710.2692307692307
628,booth,telephone,629.6333333333333
629,boots,itch,717.1
630,boots,leather,659.4848484848485
631,border,dollars,672.5625
632,border,line,699.7931034482758
633,boring,cause,721.4193548387096
634,boring,dull,731.6129032258065
635,borrow,ending,694.78125
636,borrow,lend,765.5
637,boss,employer,675.40625
638,boss,environment,731.28125
639,bottle,booze,732.6785714285714
640,bottle,zoo,605.5
641,bottom,floor,607.3125
642,bottom,park,782.6785714285714
643,bouillon,shark,760.3
644,bouillon,square,688.0
645,boulevard,heat,687.2857142857143
646,boulevard,street,655.21875
647,bound,reel,693.1153846153846
648,bound,tie,672.21875
649,boundary,fence,826.0666666666667
650,boundary,flute,679.2068965517242
651,bounty,future,660.65625
652,bounty,hunter,635.65625
653,bouquet,flowers,736.8125
654,bouquet,fraternity,833.625
655,bow,arrow,667.625
656,bow,church,591.34375
657,bowl,plate,773.8387096774194
658,bowl,protect,800.6774193548387
659,bowling,ball,624.1818181818181
660,bowling,flowers,616.060606060606
661,box,honesty,769.2903225806451
662,box,shoe,627.4375
663,boxer,annoying,728.0
664,boxer,gloves,697.7272727272727
665,boxing,gloves,619.6666666666666
666,boxing,kind,635.9354838709677
667,boy,george,856.6153846153846
668,boy,sympathy,739.21875
669,boyfriend,girlfriend,745.5454545454545
670,boyfriend,innocent,668.5625
671,bracelet,girl,625.516129032258
672,bracelet,polite,783.4516129032259
673,braces,stage,646.2666666666667
674,braces,young,614.7575757575758
675,brain,caring,741.8
676,brain,cell,777.5483870967741
677,brake,bird,781.7666666666667
678,brake,go,631.3666666666667
679,branch,leaf,831.84375
680,branch,pickles,818.9
681,brand,call,696.9666666666667
682,brand,kind,607.0967741935484
683,brandy,explosion,905.7666666666668
684,brandy,gin,658.1923076923077
685,brat,speak,590.0
686,brat,spoiled,642.34375
687,bravado,great,579.5
688,bravado,peak,739.7931034482758
689,brave,indian,734.2758620689655
690,brave,top,673.448275862069
691,bravery,bum,734.92
692,bravery,scare,720.3333333333334
693,break,nature,748.5333333333333
694,break,smash,735.516129032258
695,breakable,indian,922.3
696,breakable,item,694.15625
697,breakfast,cereal,676.3
698,breakfast,queen,664.96875
699,breast,chest,652.375
700,breast,elect,820.7142857142857
701,breath,deep,761.1875
702,breath,job,620.78125
703,breathe,exhale,786.4666666666667
704,breathe,knowledge,719.9375
705,breed,diary,710.1875
706,breed,dog,632.7741935483871
707,breeze,tent,653.2758620689655
708,breeze,wind,649.5333333333333
709,breezeway,grow,632.3333333333334
710,breezeway,walkway,669.3870967741935
711,brick,lawsuit,750.483870967742
712,brick,layer,748.8928571428571
713,bridge,nice,663.3870967741935
714,bridge,span,800.6538461538462
715,bring,answer,671.9655172413793
716,bring,get,633.5806451612904
717,bristle,brush,675.96875
718,bristle,sound,567.7096774193549
719,britannica,britain,897.7777777777778
720,britannica,france,720.40625
721,brittle,board,764.4642857142857
722,brittle,peanut,718.3125
723,broad,surgery,637.8387096774194
724,broad,wide,605.53125
725,broccoli,gift,651.875
726,broccoli,spinach,647.3548387096774
727,broil,bake,676.8666666666667
728,broil,instrument,847.6666666666666
729,broken,fix,751.1666666666666
730,broken,luggage,761.8620689655172
731,brook,queen,677.96875
732,brook,stream,623.6969696969697
733,broom,brush,727.71875
734,broom,muscle,681.2727272727273
735,brother,appear,836.8666666666667
736,brother,mother,689.84375
737,brown,color,569.6774193548387
738,brown,song,691.2258064516129
739,bruise,knee,658.75
740,bruise,worker,620.9032258064516
741,brunette,blonde,588.0625
742,brunette,english,716.258064516129
743,brush,male,701.90625
744,brush,touch,606.84375
745,bubble,chaos,907.9629629629628
746,bubble,gum,643.0645161290323
747,buck,dollar,649.8387096774194
748,buck,gain,829.1935483870968
749,buckle,seatbelt,731.34375
750,buckle,temperature,845.4193548387096
751,bud,candy,615.0909090909091
752,bud,roses,709.84375
753,budget,plan,621.3333333333334
754,budget,potato,732.28125
755,buffalo,guitar,609.1612903225806
756,buffalo,plain,657.7931034482758
757,bug,guilty,847.4193548387096
758,bug,spider,612.5
759,bugle,horn,625.0967741935484
760,bugle,tornado,816.8
761,builder,constructio,726.6875
762,builder,okay,640.4333333333333
763,building,normal,606.5666666666667
764,building,tall,615.6
765,bullet,newton,899.9545454545455
766,bullet,proof,638.3870967741935
767,bulletin,board,839.6451612903226
768,bulletin,stage,687.1875
769,bullock,actress,644.0
770,bullock,rare,620.7857142857143
771,bully,rough,690.09375
772,bully,russia,756.71875
773,bumps,give,657.2258064516129
774,bumps,goose,676.03125
775,burden,load,739.7741935483871
776,burden,prom,797.96
777,burglar,robbery,670.7241379310345
778,burglar,second,647.3636363636364
779,burglary,baseball,670.5
780,burglary,robbery,640.5666666666667
781,burial,death,693.78125
782,burial,refuse,679.4193548387096
783,burst,bubble,669.5
784,burst,gum,647.4137931034483
785,bury,bone,630.0322580645161
786,bury,electricity,850.9354838709677
787,bus,geometry,786.8709677419355
788,bus,taxi,770.5666666666667
789,bush,clue,621.483870967742
790,bush,leaves,723.0
791,busy,bored,706.1875
792,busy,taxi,680.2666666666667
793,button,doll,790.258064516129
794,button,push,666.03125
795,buy,dusk,739.0967741935484
796,buy,sell,583.9333333333333
797,buyer,organize,742.1935483870968
798,buyer,seller,718.7741935483871
799,buzz,ring,729.483870967742
800,buzz,service,660.0625
801,cab,geometry,790.5666666666667
802,cab,taxi,810.9677419354839
803,cabbage,peanut,645.9032258064516
804,cabbage,vegetable,744.8709677419355
805,cabin,family,585.875
806,cabin,log,698.9333333333333
807,cabinet,kitchen,652.8387096774194
808,cabinet,push,639.84375
809,caboose,minute,710.09375
810,caboose,tail,825.3548387096774
811,cactus,scare,670.5666666666667
812,cactus,spine,733.46875
813,cafe,careful,707.21875
814,cafe,dinner,695.2333333333333
815,caffeine,coffee,554.3666666666667
816,caffeine,pickles,684.6296296296297
817,cage,wide,697.8064516129032
818,cage,wire,626.2258064516129
819,cake,bake,691.9666666666667
820,cake,cans,789.030303030303
821,calculator,math,608.4
822,calculator,rip,725.7
823,calendar,cat,672.3448275862069
824,calendar,date,735.1612903225806
825,call,adolescent,930.8
826,call,yell,676.8064516129032
827,calories,few,631.3
828,calories,sharp,710.6333333333333
829,camel,coffee,693.1612903225806
830,camel,egypt,837.1612903225806
831,camera,clay,662.448275862069
832,camera,picture,670.3125
833,camp,ground,791.3225806451613
834,camp,hound,685.551724137931
835,camping,four,606.9629629629629
836,camping,tent,775.0967741935484
837,can,coke,715.0
838,can,morning,644.96875
839,canal,hurricane,756.53125
840,canal,stream,633.8709677419355
841,candidate,bed,732.0322580645161
842,candidate,president,697.516129032258
843,candy,allow,650.1666666666666
844,candy,gum,707.84375
845,cane,dill,973.1052631578948
846,cane,sugar,616.8484848484849
847,canvas,award,633.1333333333333
848,canvas,shoes,689.2
849,canvass,failure,660.5625
850,canvass,painting,671.875
851,canyon,electric,718.8
852,canyon,grand,762.3666666666667
853,cap,dish,685.0645161290323
854,cap,hat,687.1818181818181
855,capability,ability,644.21875
856,capability,winter,671.25
857,capacity,erupt,774.72
858,capacity,full,618.78125
859,cape,ambulance,715.2
860,cape,coral,707.9354838709677
861,captain,boss,647.2424242424242
862,captain,nephew,704.2068965517242
863,caption,best,621.9677419354839
864,caption,closed,703.8
865,captive,candy,671.9333333333333
866,captive,prisoner,785.3448275862069
867,capture,busy,635.03125
868,capture,kidnap,738.3548387096774
869,car,auto,798.9333333333333
870,car,salad,697.9333333333333
871,caravan,desert,702.6875
872,caravan,obstacle,753.9310344827586
873,carbon,atom,801.1
874,carbon,murder,650.46875
875,cardboard,space,717.7575757575758
876,cardboard,stiff,805.8148148148148
877,cardinal,rule,667.0967741935484
878,cardinal,tail,629.1935483870968
879,cards,bass,886.1851851851852
880,cards,poker,669.4516129032259
881,career,goal,689.5483870967741
882,career,pepsi,775.0370370370371
883,careful,cautious,655.8214285714286
884,careful,ceremony,748.0
885,careless,disc,781.25
886,careless,messy,734.6666666666666
887,caress,purple,765.5806451612904
888,caress,soft,648.5
889,caring,loving,609.6451612903226
890,caring,neat,816.4285714285714
891,carnival,party,611.2121212121212
892,carnival,toothbrush,700.7931034482758
893,carpenter,hammer,785.1034482758621
894,carpenter,push,668.9677419354839
895,carpet,mountains,760.7272727272727
896,carpet,rug,643.3103448275862
897,carrot,elephant,762.25
898,carrot,rabbit,667.3
899,carton,box,700.9677419354839
900,carton,spinach,777.5172413793103
901,case,court,619.0
902,case,lid,667.7692307692307
903,cashew,nut,742.3125
904,cashew,sword,679.3225806451613
905,castle,sand,624.2333333333333
906,castle,temperature,769.7333333333333
907,casual,comfortable,852.2258064516129
908,casual,con,828.8421052631579
909,catastrophe,goal,744.2758620689655
910,catastrophe,tornado,643.1212121212121
911,catch,ball,702.5
912,catch,human,712.7333333333333
913,catcher,baseball,640.9032258064516
914,catcher,clear,613.6206896551724
915,cattle,horse,638.71875
916,cattle,seller,747.4827586206897
917,cauliflower,broccoli,752.8
918,cauliflower,scare,746.7931034482758
919,cause,thursday,698.4516129032259
920,cause,why,590.375
921,caution,army,653.9333333333333
922,caution,danger,685.7666666666667
923,cautious,careful,612.0967741935484
924,cautious,come,661.0967741935484
925,cave,hundred,651.0
926,cave,opening,748.65625
927,cavern,cave,629.34375
928,cavern,shape,651.6875
929,cavity,cave,861.5862068965517
930,cavity,insane,658.9310344827586
931,ceiling,red,628.4
932,ceiling,wall,652.6060606060606
933,celcius,after,642.0
934,celebration,lie,791.0322580645161
935,celebration,party,620.5
936,celery,carrot,609.1666666666666
937,celery,stay,698.3928571428571
938,cellar,attic,905.9333333333332
939,cellar,hair,738.5625
940,cello,bass,668.40625
941,cello,lot,663.8965517241379
942,celsius,temperature,736.625
943,cement,anxiety,734.6666666666666
944,cement,concrete,644.6451612903226
945,cemetery,grave,811.5625
946,cemetery,neck,673.84375
947,center,middle,662.0322580645161
948,center,opening,632.3870967741935
949,central,center,598.625
950,central,lawyer,706.625
951,cents,dollars,660.741935483871
952,cents,wife,707.0
953,century,elect,720.6896551724138
954,century,year,731.2258064516129
955,ceramics,blonde,667.3870967741935
956,ceramics,crafts,694.4375
957,cereal,breakfast,691.625
958,cereal,uncle,702.2
959,ceremony,graduation,938.2258064516128
960,ceremony,sly,710.2857142857143
961,chain,china,749.2666666666667
962,chain,saw,632.258064516129
963,chair,coffee,621.4375
964,chair,table,615.6774193548387
965,chairperson,fries,637.625
966,chairperson,leader,763.0322580645161
967,chalk,crayon,656.9677419354839
968,chalk,diamond,616.8387096774194
969,chalkboard,branch,712.25
970,chalkboard,write,761.0666666666667
971,chamber,present,654.0
972,chamber,room,635.8
973,champagne,beer,679.2903225806451
974,champagne,painting,765.3333333333334
975,champion,boxer,630.2121212121212
976,champion,penny,686.3
977,chance,bow,809.6129032258065
978,chance,luck,562.1612903225806
979,change,chicken,628.71875
980,change,different,691.2424242424242
981,channel,marker,752.1
982,channel,mine,712.1935483870968
983,chaos,bag,610.5483870967741
984,chaos,confusion,680.7096774193549
985,chapel,jungle,736.65625
986,chapel,priest,687.9677419354839
987,chapter,sorority,878.8846153846154
988,chapter,trash,741.59375
989,character,personality,738.4333333333333
990,character,talk,610.3548387096774
991,characteristic,look,609.4375
992,characteristic,trait,671.0322580645161
993,charcoal,grill,649.8
994,charcoal,star,598.6774193548387
995,charge,electric,688.2
996,charge,safe,757.03125
997,charm,bracelet,752.7741935483871
998,charm,wolf,608.1515151515151
999,chart,graph,627.3666666666667
1000,chart,winner,765.3125
1001,cheap,auto,707.741935483871
1002,cheap,sale,674.7666666666667
1003,cheat,fail,625.7931034482758
1004,cheat,wear,820.53125
1005,check,cash,659.5
1006,check,tight,736.6129032258065
1007,checkers,cotton,795.8
1008,checkers,round,648.53125
1009,checking,account,690.6333333333333
1010,checking,snow,676.7333333333333
1011,cheerleader,rock,736.9666666666667
1012,cheerleader,snob,735.6666666666666
1013,chef,donkey,712.0344827586207
1014,chef,waiter,750.7741935483871
1015,chemical,muscle,775.4
1016,chemical,reaction,763.448275862069
1017,chemist,scientist,891.448275862069
1018,chemist,wool,749.6071428571429
1019,chemistry,body,712.3870967741935
1020,chemistry,science,804.6333333333333
1021,chess,foot,613.5
1022,chess,king,631.28125
1023,chew,little,621.1724137931035
1024,chew,swallow,651.9333333333333
1025,chicken,communism,908.5357142857144
1026,chicken,soup,750.8064516129032
1027,chief,leader,753.8709677419355
1028,chief,neat,707.2333333333333
1029,child,baby,641.483870967742
1030,child,dots,733.1538461538462
1031,childish,immature,781.1290322580645
1032,childish,listen,631.34375
1033,children,kids,604.3125
1034,children,superior,705.71875
1035,chime,bell,811.6129032258065
1036,chime,blonde,666.8333333333334
1037,chimpanzee,ape,566.8387096774194
1038,chimpanzee,snake,649.5666666666667
1039,china,cab,697.7666666666667
1040,china,dish,659.7931034482758
1041,china,stairs,698.9310344827586
1042,chinese,bread,640.21875
1043,chinese,rice,618.8709677419355
1044,chip,meat,661.0909090909091
1045,chip,potato,652.6875
1046,chipmunk,cards,674.2222222222222
1047,chipmunk,squirrel,748.6129032258065
1048,chips,movement,747.7666666666667
1049,chips,potato,822.2666666666667
1050,chisel,chip,784.9375
1051,chisel,climb,574.90625
1052,chocolate,candy,637.8620689655172
1053,chocolate,leather,677.4
1054,choice,decision,737.1724137931035
1055,choice,frankenstein,912.3076923076924
1056,choose,monkey,616.65625
1057,choose,pick,691.3870967741935
1058,chop,ax,746.8148148148148
1059,chop,learn,682.5
1060,chorus,song,734.258064516129
1061,chorus,toothpaste,781.8709677419355
1062,christ,jesus,714.1818181818181
1063,christ,on,738.6666666666666
1064,christian,enough,746.21875
1065,christian,jewish,673.4848484848485
1066,christmas,santa,694.7333333333333
1067,christmas,sky,594.1515151515151
1068,chromosomes,fence,695.9642857142857
1069,chromosomes,sex,640.1875
1070,chunk,christ,803.9677419354839
1071,chunk,piece,686.0666666666667
1072,church,religion,765.6129032258065
1073,church,white,603.3333333333334
1074,cigar,smoke,630.65625
1075,cigar,south,639.0
1076,cinnamon,klutz,1057.071428571429
1077,cinnamon,toast,733.3448275862069
1078,circle,square,580.4516129032259
1079,circle,wimp,825.56
1080,circumstance,ruler,647.3333333333334
1081,circumstance,situation,726.8333333333334
1082,circus,clown,699.516129032258
1083,circus,minute,793.1333333333333
1084,citizen,geek,729.7096774193549
1085,citizen,person,599.78125
1086,city,state,710.8484848484849
1087,city,vomit,728.6551724137931
1088,claim,insurance,795.1290322580645
1089,claim,persuade,900.1428571428571
1090,clam,flakes,772.8214285714286
1091,clam,oyster,703.3125
1092,clamp,school,680.3103448275862
1093,clamp,tool,601.6896551724138
1094,clarify,repeat,838.0645161290323
1095,clarify,tape,671.4814814814815
1096,clarinet,flute,713.7931034482758
1097,clarinet,soft,765.15625
1098,claw,cat,618.7096774193549
1099,claw,glue,638.0322580645161
1100,clean,blood,669.4516129032259
1101,clean,dirty,552.2258064516129
1102,cleaner,maid,698.3333333333334
1103,cleaner,nice,598.21875
1104,cleaning,dust,697.6774193548387
1105,cleaning,harvest,853.9333333333333
1106,clear,cloudy,664.7741935483871
1107,clear,ski,792.6666666666666
1108,clench,bed,713.5483870967741
1109,clench,tighten,753.5
1110,clerk,metal,700.8965517241379
1111,clerk,person,533.7741935483871
1112,clever,fad,784.5294117647059
1113,clever,stupid,629.625
1114,click,mouse,617.46875
1115,click,whole,737.8709677419355
1116,cliff,angel,563.483870967742
1117,cliff,ledge,689.1612903225806
1118,climate,none,792.2758620689655
1119,climate,weather,643.8666666666667
1120,climax,florida,752.9354838709677
1121,climax,orgasm,656.1612903225806
1122,clippers,climate,751.4242424242424
1123,clippers,scissors,689.6896551724138
1124,cloak,dagger,766.3214285714286
1125,cloak,temple,732.78125
1126,clockwise,bad,648.1666666666666
1127,clockwise,direction,705.0909090909091
1128,clog,ass,751.8125
1129,clog,drain,608.1071428571429
1130,clorox,bleach,601.258064516129
1131,clorox,dinosaur,789.1071428571429
1132,close,near,865.0384615384615
1133,close,priest,835.0
1134,closing,opening,635.3225806451613
1135,closing,package,597.0322580645161
1136,cloth,camp,786.0645161290323
1137,cloth,material,645.4666666666667
1138,clothes,wear,593.0322580645161
1139,clothes,world,650.625
1140,cloud,second,641.2258064516129
1141,cloud,sky,662.5806451612904
1142,clown,funny,671.4516129032259
1143,clown,unknown,785.4375
1144,club,fraternity,941.6666666666666
1145,club,tool,652.09375
1146,clumsy,important,601.625
1147,clumsy,klutz,986.8947368421052
1148,coach,jesus,757.7333333333333
1149,coach,team,581.5757575757576
1150,coal,diamond,729.8125
1151,coal,wolf,752.09375
1152,coast,actor,658.7096774193549
1153,coast,beach,649.2121212121212
1154,cob,magic,808.3870967741935
1155,cob,web,622.6774193548387
1156,cobbler,american,678.8387096774194
1157,cobbler,peach,653.741935483871
1158,cobra,maze,881.5185185185185
1159,cobra,snake,683.15625
1160,cobweb,bargain,705.1071428571429
1161,cobweb,spider,687.2424242424242
1162,cocky,arrogant,658.4375
1163,cocky,wet,710.78125
1164,cocoon,butterfly,764.625
1165,cocoon,spider,699.59375
1166,cod,cans,798.7586206896551
1167,cod,fish,622.8709677419355
1168,code,politics,702.6451612903226
1169,code,red,741.5
1170,coffee,life,634.741935483871
1171,coffee,tea,607.3125
1172,coffin,death,707.28125
1173,coffin,decide,681.96875
1174,coke,pepsi,687.7857142857143
1175,coke,thanks,646.875
1176,cold,cover,671.1333333333333
1177,cold,snow,704.4848484848485
1178,coleslaw,cabbage,680.6774193548387
1179,coleslaw,mouse,678.8333333333334
1180,collect,real,636.5
1181,collect,stamp,667.741935483871
1182,college,journey,728.625
1183,college,school,633.2258064516129
1184,colonel,general,705.5757575757576
1185,colonel,words,711.21875
1186,colt,gun,653.0
1187,colt,shovel,687.8709677419355
1188,column,hallway,823.75
1189,column,newspaper,653.516129032258
1190,combination,load,744.5
1191,combination,mixture,815.3225806451613
1192,combine,irregular,712.8275862068965
1193,combine,join,660.9677419354839
1194,comedian,actor,609.2666666666667
1195,comedian,twelve,638.78125
1196,comedy,club,686.7931034482758
1197,comedy,finger,695.3125
1198,comet,planet,665.9354838709677
1199,comet,test,692.2692307692307
1200,comfortable,couch,676.4
1201,comfortable,wrong,628.875
1202,comma,english,784.84375
1203,comma,refuse,755.6
1204,command,fashion,649.375
1205,command,tell,613.875
1206,commander,chief,594.0
1207,commander,feel,684.71875
1208,comment,talk,667.34375
1209,comment,zone,741.7241379310345
1210,committee,congress,660.1666666666666
1211,committee,loud,646.2903225806451
1212,common,grape,657.3333333333334
1213,common,uncommon,814.0
1214,communication,radio,628.71875
1215,communication,why,618.90625
1216,communist,answer,614.6774193548387
1217,communist,russia,769.4666666666667
1218,community,dependable,786.0322580645161
1219,community,neighborhood,703.1212121212121
1220,compact,disc,762.0416666666666
1221,compact,two,795.40625
1222,companion,ill,752.1379310344828
1223,companion,partner,637.90625
1224,compass,direction,752.8709677419355
1225,compass,spring,632.6333333333333
1226,compassion,letters,641.25
1227,compassion,sympathy,659.3548387096774
1228,competence,capability,823.1
1229,competence,down,741.1935483870968
1230,competition,bee,690.8518518518518
1231,competition,sport,613.3870967741935
1232,complain,grass,722.46875
1233,complain,whine,767.4285714285714
1234,complete,destruction,940.4
1235,complete,homework,637.9375
1236,complex,building,672.0322580645161
1237,complex,mouth,722.0
1238,complicated,simple,741.1666666666666
1239,complicated,team,606.1290322580645
1240,compliment,brave,670.9354838709677
1241,compliment,thanks,597.2903225806451
1242,component,apartment,762.0
1243,component,part,622.6875
1244,components,cop,686.4814814814815
1245,components,parts,678.7096774193549
1246,compose,disagree,784.2
1247,compose,gather,671.8928571428571
1248,compound,jeans,711.7586206896551
1249,compound,mixture,795.3333333333334
1250,compulsion,obsession,736.2258064516129
1251,compulsion,uncommon,802.7857142857143
1252,compute,calculate,690.7096774193549
1253,compute,market,632.8064516129032
1254,computer,disc,715.75
1255,computer,poor,691.4193548387096
1256,con,artist,706.7096774193549
1257,con,fun,629.3548387096774
1258,concentrate,vision,649.5666666666667
1259,concentrate,wander,820.0357142857143
1260,concept,belief,665.4827586206897
1261,concept,puzzle,626.741935483871
1262,concern,worker,730.0
1263,concern,worry,658.09375
1264,conclude,answer,669.5483870967741
1265,conclude,street,660.7096774193549
1266,conclusion,ending,774.1875
1267,conclusion,smell,706.8333333333334
1268,condemn,accuse,770.3548387096774
1269,condemn,bump,673.2333333333333
1270,confidence,knowledge,636.8125
1271,condition,drunk,648.4516129032259
1272,condition,health,612.516129032258
1273,conditioner,football,729.030303030303
1274,conditioner,shampoo,689.15625
1275,cone,cup,635.8709677419355
1276,cone,women,663.6451612903226
1277,conference,meeting,642.2903225806451
1278,conference,picket,772.2380952380952
1279,confess,alligator,674.9032258064516
1280,confess,guilty,840.78125
1281,confidence,security,666.7096774193549
1282,conflict,fight,655.8484848484849
1283,conflict,tennis,734.1
1284,confuse,misunderstand,991.3
1285,confuse,sheets,697.3548387096774
1286,confusion,highway,634.0
1287,confusion,lost,696.3
1288,congress,cover,619.6551724137931
1289,congress,senate,647.3870967741935
1290,connect,dots,728.2666666666667
1291,connect,hole,712.551724137931
1292,conquer,boxer,638.0625
1293,conquer,defeat,732.9677419354839
1294,conquest,adventure,647.375
1295,conquest,fries,659.6333333333333
1296,conscience,awake,603.3548387096774
1297,conscience,trip,640.9354838709677
1298,conscious,aware,689.71875
1299,conscious,rabbit,613.0344827586207
1300,consequence,action,727.4333333333333
1301,consequence,friend,658.34375
1302,constitution,calculate,667.258064516129
1303,constitution,rights,782.1935483870968
1304,construct,bone,690.03125
1305,construct,destroy,691.3939393939394
1306,construction,build,659.09375
1307,construction,climate,705.5483870967741
1308,container,award,824.9285714285714
1309,container,tupperware,845.4761904761905
1310,contemporary,modern,703.3225806451613
1311,contemporary,tan,655.9375
1312,content,book,623.4193548387096
1313,content,egg,625.875
1314,contest,back,609.5333333333333
1315,contest,winner,662.1935483870968
1316,context,clue,717.7
1317,context,need,733.7241379310345
1318,continent,africa,636.8666666666667
1319,continent,bone,700.5666666666667
1320,contract,agreement,630.741935483871
1321,contract,bat,803.6896551724138
1322,contractor,builder,631.483870967742
1323,contractor,help,694.3125
1324,control,enter,674.125
1325,control,power,711.2903225806451
1326,convent,beginner,786.9677419354839
1327,convent,nun,769.3214285714286
1328,conversation,leather,618.7333333333333
1329,conversation,speech,593.0909090909091
1330,convict,killer,700.6666666666666
1331,convict,more,680.7586206896551
1332,convince,comfortable,780.0645161290323
1333,convince,persuade,749.3703703703703
1334,cook,arrogant,760.6551724137931
1335,cook,raw,733.1428571428571
1336,cookbook,novel,752.030303030303
1337,cookbook,recipe,668.34375
1338,cool,air,695.125
1339,cool,lake,763.6
1340,cooler,bitch,719.8666666666667
1341,cooler,wine,752.4827586206897
1342,cop,again,699.625
1343,cop,ticket,652.6333333333333
1344,copier,machine,632.03125
1345,copier,whine,781.4333333333333
1346,copper,land,649.9375
1347,copper,penny,667.53125
1348,copy,machine,623.2258064516129
1349,copy,thumb,731.7741935483871
1350,coral,reef,787.72
1351,coral,washington,666.9677419354839
1352,cord,dance,598.9
1353,cord,telephone,627.7333333333333
1354,core,early,734.71875
1355,core,middle,670.3333333333334
1356,cork,board,717.9354838709677
1357,cork,states,860.3928571428571
1358,cornbeef,beef,620.5483870967741
1359,cornbeef,tantrum,881.7727272727273
1360,corporal,army,694.09375
1361,corporal,princess,747.625
1362,corporation,business,651.5625
1363,corporation,lamb,676.0
1364,corpse,dead,663.9032258064516
1365,corpse,not,719.0344827586207
1366,correct,owner,658.9310344827586
1367,correct,wrong,638.65625
1368,corridor,evidence,779.03125
1369,corridor,hall,582.6
1370,costume,clothes,697.1818181818181
1371,costume,string,693.375
1372,cotton,state,618.9655172413793
1373,cotton,wool,663.1333333333333
1374,couch,relax,651.6
1375,couch,ring,658.5
1376,cougar,lion,766.0645161290323
1377,cougar,remember,695.2758620689655
1378,cough,cold,616.375
1379,cough,now,624.4666666666667
1380,country,quick,642.4193548387096
1381,country,usa,809.95
1382,county,city,747.1333333333333
1383,county,shower,671.6451612903226
1384,couple,christmas,727.7096774193549
1385,couple,date,713.3666666666667
1386,courage,bravery,733.6774193548387
1387,courage,quick,774.3870967741935
1388,courageous,dumb,700.7
1389,courageous,superman,924.483870967742
1390,court,judge,761.09375
1391,court,spread,743.96875
1392,cousin,nephew,855.21875
1393,cousin,reptile,779.5862068965517
1394,cover,girlfriend,794.0
1395,cover,lid,812.2068965517242
1396,covered,football,699.7
1397,covered,sheets,718.8
1398,coward,river,715.3
1399,coward,wimp,736.6666666666666
1400,cowboy,boots,648.0
1401,cowboy,fly,757.0
1402,cowgirl,cowboy,711.9
1403,cowgirl,rhyme,920.04
1404,coyote,hidden,603.5806451612904
1405,coyote,wolf,665.8787878787879
1406,cozy,comfortable,718.3
1407,cozy,yellow,649.1
1408,crab,lobster,683.4
1409,crab,scared,784.0
1410,crack,cocaine,755.875
1411,crack,situation,758.8709677419355
1412,cradle,cuddle,758.5625
1413,cradle,stress,742.7
1414,craft,in,702.1290322580645
1415,craft,trade,583.483870967742
1416,crafts,clay,692.5483870967741
1417,crafts,sexy,711.9333333333333
1418,crane,constructio,718.741935483871
1419,crane,go,648.0
1420,crater,hell,748.9375
1421,crater,zit,793.0
1422,crave,hunger,707.71875
1423,crave,walk,540.5806451612904
1424,crawl,snail,680.516129032258
1425,crawl,sting,735.6666666666666
1426,crayola,crayon,603.969696969697
1427,crayola,skill,678.5
1428,crazy,insane,752.0967741935484
1429,crazy,letter,740.1818181818181
1430,cream,line,774.0333333333333
1431,cream,milk,613.0967741935484
1432,crease,fold,645.1875
1433,crease,indoors,710.8064516129032
1434,create,make,764.2857142857143
1435,create,mine,887.9642857142857
1436,creation,make,686.4666666666667
1437,creation,waiter,667.9032258064516
1438,creative,mind,665.0645161290323
1439,creative,shower,689.21875
1440,creator,builder,618.3333333333334
1441,creator,food,613.8
1442,creature,dinosaur,912.3448275862067
1443,creature,religion,786.84375
1444,credit,card,658.9677419354839
1445,credit,decision,798.0666666666667
1446,crescent,goose,693.4444444444445
1447,crescent,moon,537.1724137931035
1448,crevice,crack,617.5625
1449,crevice,silk,707.3548387096774
1450,crew,start,591.2903225806451
1451,crew,team,757.3125
1452,cricket,better,668.9666666666667
1453,cricket,bug,572.258064516129
1454,crisis,hand,696.8387096774194
1455,crisis,stress,703.84375
1456,crisp,crunchy,744.8064516129032
1457,crisp,zoo,767.2666666666667
1458,criterion,compact,704.8064516129032
1459,criterion,schedule,786.7333333333333
1460,critical,dangerous,638.4
1461,critical,look,618.6206896551724
1462,criticize,argue,641.5333333333333
1463,criticize,fail,631.2333333333333
1464,crochet,knit,767.1785714285714
1465,crochet,sex,600.15625
1466,crocodile,alligator,868.0967741935484
1467,crocodile,mall,635.5666666666667
1468,crook,staff,753.030303030303
1469,crook,thief,610.3870967741935
1470,crops,harvest,620.09375
1471,crops,worry,636.0333333333333
1472,cross,ass,719.8666666666667
1473,cross,street,636.75
1474,crowd,mob,830.2413793103449
1475,crowd,radio,695.1290322580645
1476,crude,disgusting,756.5172413793103
1477,crude,nose,614.875
1478,crunch,ball,621.0
1479,crunch,crackle,753.8666666666667
1480,crunchy,foresight,879.2962962962963
1481,crunchy,nut,697.1034482758621
1482,crush,smash,693.1071428571429
1483,crush,speech,567.5
1484,crust,beginner,720.1612903225806
1485,crust,pizza,768.0645161290323
1486,crutch,leg,612.5862068965517
1487,crutch,reason,655.40625
1488,cry,calm,708.258064516129
1489,cry,tears,607.5483870967741
1490,crystal,clear,600.2258064516129
1491,crystal,cuddle,693.4814814814815
1492,cub,bear,590.7333333333333
1493,cub,hospital,696.5151515151515
1494,cucumber,pickles,669.3225806451613
1495,cucumber,tea,539.2857142857143
1496,cuddle,boy,679.6129032258065
1497,cuddle,weak,665.4666666666667
1498,cue,hint,767.5
1499,cue,tell,671.9354838709677
1500,cuff,business,679.741935483871
1501,cuff,pants,645.375
1502,culture,question,703.9032258064516
1503,culture,society,683.6875
1504,cup,horn,664.6774193548387
1505,cup,saucer,908.8333333333334
1506,cupboard,cans,645.75
1507,cupboard,pull,686.5
1508,cure,abandon,747.5862068965517
1509,cure,help,650.2962962962963
1510,curiosity,knowledge,630.1818181818181
1511,curiosity,work,574.53125
1512,curious,george,737.6666666666666
1513,curious,sandwich,792.96875
1514,curse,storm,648.5806451612904
1515,curse,swear,687.9285714285714
1516,cursive,drop,696.7666666666667
1517,cursive,writing,661.3448275862069
1518,curtains,closed,713.0
1519,curtains,collar,634.074074074074
1520,curve,beat,667.5333333333333
1521,curve,straight,663.90625
1522,curved,novel,753.7333333333333
1523,curved,road,707.3
1524,cushion,couch,607.741935483871
1525,cushion,hurry,683.8387096774194
1526,cuss,alive,625.4375
1527,cuss,swear,679.7666666666667
1528,custard,pudding,698.9354838709677
1529,custard,race,644.5625
1530,customer,service,663.4516129032259
1531,customer,six,728.1333333333333
1532,cut,blood,749.7666666666667
1533,cut,strength,708.7272727272727
1534,cyclone,cautious,768.4666666666667
1535,cyclone,tornado,826.1290322580645
1536,cylinder,floor,593.2758620689655
1537,cylinder,round,687.1875
1538,dad,mom,681.5862068965517
1539,dad,waiter,772.7333333333333
1540,dagger,perfect,661.9310344827586
1541,dagger,sword,680.0
1542,daily,blood,692.1612903225806
1543,daily,monthly,670.6451612903226
1544,dairy,belt,643.15625
1545,dairy,milk,636.6875
1546,damage,destruction,937.9642857142856
1547,damage,hitchhike,897.7083333333334
1548,damn,it,753.4193548387096
1549,damn,yours,729.7
1550,dandelion,destroy,749.7333333333333
1551,dandelion,yellow,625.21875
1552,dandruff,flakes,661.5666666666667
1553,dandruff,workout,699.75
1554,danger,scary,873.0666666666667
1555,danger,vein,760.75
1556,dangerous,pizza,752.4193548387096
1557,dangerous,safe,668.1612903225806
1558,daring,brave,643.0
1559,daring,ghost,721.78125
1560,dark,bracelet,713.21875
1561,dark,cold,767.0
1562,darkness,arms,662.6129032258065
1563,darkness,scared,746.7741935483871
1564,dart,different,643.1290322580645
1565,dart,throw,700.75
1566,data,base,651.3
1567,data,lunch,683.1290322580645
1568,date,raw,648.7096774193549
1569,date,time,648.0689655172414
1570,daughter,quack,753.9130434782609
1571,daughter,son,725.40625
1572,dawn,dusk,668.1724137931035
1573,dawn,forgive,696.0
1574,dead,alive,565.7096774193549
1575,dead,lobster,727.8125
1576,deadly,poison,744.4193548387096
1577,deadly,salt,760.483870967742
1578,deaf,grill,623.2222222222222
1579,deaf,what,615.7575757575758
1580,deal,bother,694.5
1581,deal,cards,732.3870967741935
1582,death,cabin,692.7741935483871
1583,death,life,804.7241379310345
1584,debate,argue,702.5625
1585,debate,president,709.2903225806451
1586,decay,purpose,727.4827586206897
1587,decay,rot,731.3928571428571
1588,deceit,spit,766.65625
1589,deceit,trick,666.6666666666666
1590,decency,manners,714.1333333333333
1591,decency,map,801.1666666666666
1592,deception,cliff,748.3333333333334
1593,deception,honesty,630.2903225806451
1594,decide,amount,627.5806451612904
1595,decide,choice,646.0625
1596,decision,cabbage,836.1724137931035
1597,decision,decide,664.7575757575758
1598,decompose,decay,731.9032258064516
1599,decompose,large,720.6363636363636
1600,decoration,christmas,722.8666666666667
1601,decoration,father,700.2727272727273
1602,decrease,increase,655.125
1603,decrease,rules,637.6206896551724
1604,deep,insane,734.939393939394
1605,deep,shallow,643.4193548387096
1606,deer,doe,873.0
1607,deer,slave,723.7931034482758
1608,defend,balloon,738.0666666666667
1609,defend,protect,664.4375
1610,defense,offense,732.53125
1611,defense,poem,666.448275862069
1612,define,dictionary,743.5806451612904
1613,define,enough,668.40625
1614,definition,meaning,736.0
1615,definition,off,665.0714285714286
1616,defrost,show,677.4375
1617,defrost,thaw,808.7777777777778
1618,degrade,embarrass,1047.2758620689656
1619,degrade,hit,799.1290322580645
1620,degree,cold,580.4848484848485
1621,degree,college,671.8064516129032
1622,delicate,fragile,661.59375
1623,delicate,one,632.7272727272727
1624,delicious,glasses,705.5
1625,delicious,tasty,745.7931034482758
1626,delight,fire,672.8965517241379
1627,delight,happy,637.6666666666666
1628,delinquent,juvenile,749.0
1629,delinquent,map,776.24
1630,deliver,package,664.9375
1631,deliver,stairs,614.8709677419355
1632,demi,corn,804.6666666666666
1633,demi,god,614.65625
1634,democracy,arm,678.25
1635,democracy,communism,859.5
1636,democrat,careful,643.90625
1637,democrat,republican,817.448275862069
1638,demon,devil,713.7857142857143
1639,demon,diamond,627.4516129032259
1640,denial,ladder,783.8709677419355
1641,denial,refuse,713.5
1642,dense,compact,658.0625
1643,dense,table,699.1666666666666
1644,dent,bend,717.8709677419355
1645,dent,close,615.8620689655172
1646,deny,refuse,614.7741935483871
1647,deny,storage,733.6206896551724
1648,department,death,626.5454545454545
1649,department,head,750.6363636363636
1650,depend,independent,634.5
1651,depend,strength,698.4375
1652,dependent,independent,681.0
1653,dependent,ocean,597.3103448275862
1654,deposit,animal,647.4545454545455
1655,deposit,slip,770.8620689655172
1656,depth,grass,628.125
1657,depth,shallow,747.1935483870968
1658,deputy,assistant,731.0645161290323
1659,deputy,stack,743.9333333333333
1660,descent,below,704.4545454545455
1661,descent,moon,725.3666666666667
1662,desert,cactus,747.8709677419355
1663,desert,prisoner,839.2424242424242
1664,designer,boring,716.3793103448276
1665,designer,name,676.0333333333333
1666,desire,join,704.6206896551724
1667,desire,want,717.7
1668,desk,cat,669.3636363636364
1669,desk,study,604.4375
1670,destiny,future,674.8064516129032
1671,destiny,polish,794.6333333333333
1672,detach,freedom,703.84375
1673,detach,separate,699.96875
1674,detail,awake,633.7741935483871
1675,detail,specific,801.2962962962963
1676,detective,god,615.3225806451613
1677,detective,private,708.3666666666667
1678,deteriorate,decay,719.28
1679,deteriorate,legend,609.258064516129
1680,determine,constructio,839.8333333333334
1681,determine,decide,640.4516129032259
1682,develop,doughnut,848.074074074074
1683,develop,grow,628.9354838709677
1684,development,cabinet,722.9354838709677
1685,development,growth,605.6129032258065
1686,devil,club,799.4333333333333
1687,devil,evil,657.9375
1688,dew,lots,635.2903225806451
1689,dew,morning,677.3125
1690,diagram,graph,687.375
1691,diagram,minor,681.9032258064516
1692,dial,phone,535.7096774193549
1693,dial,punishment,731.40625
1694,diameter,circle,603.3225806451613
1695,diameter,rattle,759.0322580645161
1696,dice,backpack,702.0322580645161
1697,dice,game,664.8148148148148
1698,dictator,communist,799.0333333333333
1699,dictator,lamb,782.0333333333333
1700,differ,hospital,688.1290322580645
1701,differ,similar,688.1724137931035
1702,difference,kidnap,699.5172413793103
1703,difference,subtract,848.9642857142857
1704,difficulty,shoot,583.2903225806451
1705,difficulty,trouble,672.15625
1706,dig,fox,674.40625
1707,dig,shovel,640.2258064516129
1708,digger,dagger,920.103448275862
1709,digger,mall,691.96875
1710,digit,number,703.7333333333333
1711,digit,stove,734.3548387096774
1712,dignity,caring,697.25
1713,dignity,pride,608.7575757575758
1714,dilemma,curtains,796.1071428571429
1715,dilemma,decision,614.4516129032259
1716,diligence,smile,674.741935483871
1717,diligence,try,833.9677419354839
1718,dim,early,763.258064516129
1719,dim,light,632.4375
1720,dime,dive,859.2068965517242
1721,dime,phone,635.6451612903226
1722,diminish,drunk,668.6666666666666
1723,diminish,lesson,659.0645161290323
1724,dine,once,701.741935483871
1725,dine,out,710.3
1726,diner,cut,704.3548387096774
1727,diner,supper,707.25
1728,dinner,beard,688.4193548387096
1729,dinner,supper,782.1515151515151
1730,dinosaur,extinct,734.8928571428571
1731,dinosaur,read,659.8709677419355
1732,dip,action,812.2
1733,dip,chip,713.6451612903226
1734,diploma,compact,659.375
1735,diploma,graduation,696.741935483871
1736,direct,forward,693.8387096774194
1737,direct,restaurant,815.8064516129032
1738,direction,east,666.71875
1739,direction,geek,794.15625
1740,directions,arrow,662.0
1741,directions,bee,642.46875
1742,dirt,many,796.25
1743,dirt,mud,712.9375
1744,disagreement,argument,792.46875
1745,disagreement,bit,651.8709677419355
1746,disallow,allow,691.2333333333333
1747,disallow,later,645.0689655172414
1748,disappear,annoy,654.0967741935484
1749,disappear,vanish,788.6153846153846
1750,disaster,earthquake,758.8387096774194
1751,disaster,name,630.1333333333333
1752,disbelief,alive,583.4
1753,disbelief,brother,712.75
1754,disbelieve,believe,643.28125
1755,disbelieve,own,596.9354838709677
1756,disc,compact,631.0625
1757,disc,disagreement,811.516129032258
1758,discipline,strict,708.3103448275862
1759,discipline,sunday,816.1935483870968
1760,discomfort,hard,559.2
1761,discomfort,klutz,1177.6666666666667
1762,discourage,encourage,749.2424242424242
1763,discourage,field,671.84375
1764,discovery,find,631.28125
1765,discovery,hitchhike,882.074074074074
1766,discreet,basic,704.2903225806451
1767,discreet,cautious,758.53125
1768,disease,amuse,715.6
1769,disease,cure,832.4516129032259
1770,disgrace,jungle,689.5806451612904
1771,disgrace,shame,639.516129032258
1772,disguise,bush,755.483870967742
1773,disguise,mustache,822.3846153846154
1774,disgusting,abuse,620.4193548387096
1775,disgusting,gross,693.5806451612904
1776,dish,beg,700.3
1777,dish,plate,641.3333333333334
1778,dishes,length,744.6129032258065
1779,dishes,wash,633.0689655172414
1780,dishonest,car,696.3928571428571
1781,dishonest,honest,686.6774193548387
1782,disintegrate,important,727.3125
1783,disintegrate,vanish,690.03125
1784,dislike,hate,576.90625
1785,dislike,sand,662.3103448275862
1786,disorder,order,580.3125
1787,disorder,time,597.8275862068965
1788,disown,abandon,720.1
1789,disown,patient,757.8666666666667
1790,disperse,active,662.8064516129032
1791,disperse,spread,717.258064516129
1792,display,little,793.6451612903226
1793,display,show,686.9655172413793
1794,disregard,ignore,715.1
1795,disregard,shy,625.59375
1796,dissimilar,similar,682.516129032258
1797,dissimilar,supper,864.1
1798,dissolve,pyramid,725.4
1799,dissolve,salt,604.483870967742
1800,distance,far,661.6129032258065
1801,distance,lesson,689.0344827586207
1802,distinct,alert,683.875
1803,distinct,specific,787.8275862068965
1804,disturb,club,744.9333333333333
1805,disturb,don't,711.1515151515151
1806,ditch,concert,762.0967741935484
1807,ditch,hole,635.2
1808,divide,good,614.0344827586207
1809,divide,multiply,619.1612903225806
1810,division,beautiful,730.5806451612904
1811,division,separate,678.53125
1812,do,don't,625.3548387096774
1813,do,willing,684.3571428571429
1814,doe,jane,791.3214285714286
1815,doe,meet,568.21875
1816,doll,house,588.0322580645161
1817,doll,police,690.0
1818,dollars,change,635.0333333333333
1819,dollars,old,621.5666666666667
1820,dominant,male,725.9
1821,dominant,scary,621.2903225806451
1822,dominate,control,710.875
1823,dominate,killer,594.5172413793103
1824,donation,gift,627.258064516129
1825,donation,positive,683.2258064516129
1826,done,gone,641.1612903225806
1827,done,speech,625.258064516129
1828,donkey,ass,785.7333333333333
1829,donkey,don't,688.4666666666667
1830,door,funny,570.1935483870968
1831,door,open,589.9375
1832,doorbell,night,617.5151515151515
1833,doorbell,ring,691.25
1834,doorway,do,675.8
1835,doorway,hallway,701.1
1836,doubt,believe,654.2258064516129
1837,doubt,temple,724.15625
1838,dough,doughnut,771.5862068965517
1839,dough,driving,686.5
1840,dove,fighter,685.1666666666666
1841,dove,peace,626.9090909090909
1842,down,descend,821.6129032258065
1843,down,nut,776.3333333333334
1844,downstairs,in,636.2666666666667
1845,downstairs,upstairs,628.90625
1846,downtown,busy,596.0666666666667
1847,downtown,leaf,699.9310344827586
1848,dozen,juvenile,679.5357142857143
1849,dozen,twelve,664.65625
1850,dracula,frankenstein,797.2666666666667
1851,dracula,glass,607.59375
1852,drag,race,705.2424242424242
1853,drag,rot,837.6521739130435
1854,dragon,independent,702.0645161290323
1855,dragon,queen,653.5483870967741
1856,drapes,curtains,721.1666666666666
1857,drapes,steak,637.21875
1858,drawing,bean,754.9655172413793
1859,drawing,painting,695.6333333333333
1860,dressing,honesty,674.6
1861,dressing,salad,613.53125
1862,drill,bit,647.34375
1863,drill,change,619.5
1864,drip,drop,632.1612903225806
1865,drip,give,682.8387096774194
1866,drive,cough,703.0
1867,drive,in,635.4666666666667
1868,driveway,pavement,757.625
1869,driveway,surgery,606.1
1870,drop,annoying,681.7666666666667
1871,drop,fall,712.59375
1872,drown,plant,599.9375
1873,drown,suffocate,762.4333333333333
1874,drowsy,cab,784.0333333333333
1875,drowsy,tired,645.741935483871
1876,drug,cocaine,697.9032258064516
1877,drug,definition,810.0
1878,drugs,illegal,688.75
1879,drugs,swamp,779.3870967741935
1880,drum,span,869.125
1881,drum,stick,679.03125
1882,drunk,alcohol,715.28125
1883,drunk,stamp,685.5757575757576
1884,duck,quack,667.8518518518518
1885,duck,strange,722.5454545454545
1886,ducks,fair,687.875
1887,ducks,quack,750.1034482758621
1888,due,dagger,727.3666666666667
1889,due,now,671.21875
1890,dull,dirt,729.483870967742
1891,dull,knife,657.2903225806451
1892,dumb,deaf,790.3571428571429
1893,dumb,verb,712.7096774193549
1894,dump,garbage,596.2333333333333
1895,dump,negative,644.875
1896,dunk,basketball,646.3870967741935
1897,dunk,thief,666.1785714285714
1898,duplicate,true,687.7741935483871
1899,duplicate,same,797.5714285714286
1900,dusk,before,667.1935483870968
1901,dusk,sunset,608.969696969697
1902,dust,area,678.1515151515151
1903,dust,pan,780.5714285714286
1904,dustpan,clean,713.3793103448276
1905,dustpan,door,672.7096774193549
1906,dynamite,explosion,643.2142857142857
1907,dynamite,maybe,658.551724137931
1908,dynasty,empire,676.8709677419355
1909,dynasty,value,601.4666666666667
1910,eager,tissue,710.28125
1911,eager,willing,653.0
1912,eagle,america,807.3548387096774
1913,eagle,washer,741.8
1914,early,bird,828.4375
1915,early,protection,769.84375
1916,earnestness,honesty,727.9354838709677
1917,earnestness,ridiculous,757.2068965517242
1918,earring,hoop,725.258064516129
1919,earring,oven,687.6
1920,earthquake,hurricane,705.0322580645161
1921,earthquake,movie,673.84375
1922,east,beginning,661.6875
1923,east,west,613.75
1924,easter,noise,636.8181818181819
1925,easter,sunday,730.3636363636364
1926,economy,find,672.96875
1927,economy,society,649.9310344827586
1928,ecstasy,crackle,789.074074074074
1929,ecstasy,fantasy,686.34375
1930,editor,where,658.5
1931,editor,writer,658.2258064516129
1932,education,chew,677.5483870967741
1933,education,higher,824.4827586206897
1934,effect,cause,623.8064516129032
1935,effect,group,594.5483870967741
1936,effort,try,692.2666666666667
1937,effort,workout,642.8484848484849
1938,egg,breakfast,858.46875
1939,egg,soda,607.8064516129032
1940,eggs,bacon,718.15625
1941,eggs,descend,791.5483870967741
1942,ego,adjective,744.7096774193549
1943,ego,id,905.3333333333334
1944,egypt,abnormal,833.5925925925926
1945,egypt,pyramid,602.3
1946,eight,horse,645.0967741935484
1947,eight,octopus,663.0322580645161
1948,einstein,brain,593.5454545454545
1949,einstein,cigarette,744.5625
1950,elaborate,explain,682.5483870967741
1951,elaborate,sport,747.8064516129032
1952,electrician,similar,706.5666666666667
1953,electrician,wire,672.5806451612904
1954,electron,neutron,704.1666666666666
1955,electron,work,566.0
1956,elements,chain,628.8
1957,elements,chemistry,748.7096774193549
1958,elephant,cute,675.3548387096774
1959,elephant,peanut,645.71875
1960,elevator,lots,779.0344827586207
1961,elevator,stair,746.0666666666667
1962,elf,santa,722.3666666666667
1963,elf,writing,682.9677419354839
1964,elimination,destruction,783.0625
1965,elimination,orange,728.483870967742
1966,embarrass,blush,781.3
1967,embarrass,math,782.5333333333333
1968,embrace,hug,639.4848484848485
1969,embrace,neuron,858.074074074074
1970,emergency,ambulance,736.1290322580645
1971,emergency,irritating,839.4827586206897
1972,emotion,feeling,574.0
1973,emotion,shoe,683.5862068965517
1974,empathy,slow,688.03125
1975,empathy,sorry,673.71875
1976,emperor,ruler,724.71875
1977,emperor,thin,670.1333333333333
1978,empire,china,685.5806451612904
1979,empire,enter,745.40625
1980,employee,college,725.969696969697
1981,employee,employer,792.6
1982,employment,reaction,827.3548387096774
1983,employment,unemploymen,833.0645161290323
1984,empty,can,712.15625
1985,empty,duty,681.9
1986,end,start,638.3125
1987,end,stripe,734.7857142857143
1988,ending,beginning,672.2903225806451
1989,ending,three,718.0
1990,endless,asia,711.1935483870968
1991,endless,class,673.3666666666667
1992,enemy,rip,701.4137931034483
1993,enemy,russia,792.7586206896551
1994,energetic,communist,784.0625
1995,energetic,energy,603.258064516129
1996,energy,drip,775.1111111111111
1997,energy,electricity,899.3125
1998,engage,condom,732.15625
1999,engage,together,607.7741935483871
2000,engine,fire,698.7096774193549
2001,engine,weight,618.0645161290323
2002,england,britain,791.2
2003,england,spit,807.5357142857143
2004,english,store,621.75
2005,english,writing,718.875
2006,enjoy,clay,643.9642857142857
2007,enjoy,life,697.3333333333334
2008,enough,black,617.125
2009,enough,done,603.375
2010,enrage,calm,800.21875
2011,enrage,understand,680.3225806451613
2012,enter,computer,684.4193548387096
2013,enter,cure,805.7777777777778
2014,entertain,amuse,692.5172413793103
2015,entertain,mist,761.0333333333333
2016,entertainment,office,681.15625
2017,entertainment,television,630.75
2018,entrance,bush,653.7
2019,entrance,exit,623.5333333333333
2020,entry,enter,646.8333333333334
2021,entry,sheep,647.6451612903226
2022,environment,leaves,682.0
2023,environment,nature,670.625
2024,envy,greed,616.516129032258
2025,envy,jogger,920.4444444444443
2026,equal,hold,647.75
2027,equal,rights,698.96875
2028,eraser,cheat,682.2258064516129
2029,eraser,pen,685.34375
2030,erect,blush,770.1333333333333
2031,erect,hard,704.6666666666666
2032,erode,manners,696.258064516129
2033,erode,rot,820.8928571428571
2034,erupt,example,634.7741935483871
2035,erupt,orgasm,765.258064516129
2036,escalator,elevator,699.875
2037,escalator,for,686.2413793103449
2038,escape,exit,611.5625
2039,escape,lemon,654.1333333333333
2040,escargot,snail,637.6875
2041,escargot,toast,656.5
2042,essay,airplane,720.3125
2043,essay,write,567.6060606060606
2044,essence,knife,626.9333333333333
2045,essence,meaning,691.8064516129032
2046,esteem,santa,793.9615384615385
2047,esteem,self,615.258064516129
2048,estimate,average,655.3870967741935
2049,estimate,dry,743.516129032258
2050,ethics,code,694.2068965517242
2051,ethics,feeling,662.939393939394
2052,etiquette,manners,745.8064516129032
2053,etiquette,wheat,629.34375
2054,europe,asia,698.5
2055,europe,emergency,958.6551724137933
2056,evacuate,earthquake,833.0967741935484
2057,evacuate,shoe,674.875
2058,evaluate,judge,675.5483870967741
2059,evaluate,nun,779.92
2060,even,forever,668.7096774193549
2061,even,odd,646.09375
2062,evening,dusk,648.4193548387096
2063,evening,promise,598.6774193548387
2064,ever,fruit,574.8709677419355
2065,ever,never,709.4375
2066,everyday,bean,714.0909090909091
2067,everyday,daily,624.21875
2068,evict,apartment,698.9032258064516
2069,evict,desk,641.9677419354839
2070,evidence,proof,651.2333333333333
2071,evidence,summer,759.4333333333333
2072,evil,nice,601.03125
2073,evil,shock,614.1612903225806
2074,ewe,lamb,626.1724137931035
2075,ewe,wood,679.1379310344828
2076,exact,east,755.483870967742
2077,exact,precise,770.9333333333333
2078,exam,pass,666.2903225806451
2079,exam,tennis,646.2258064516129
2080,example,bleach,705.3333333333334
2081,example,sample,732.6
2082,excedrin,medicine,793.125
2083,excedrin,money,654.7096774193549
2084,excel,fix,699.0645161290323
2085,excel,succeed,637.0333333333333
2086,excellent,lightning,659.8064516129032
2087,excellent,superior,615.5862068965517
2088,exceptional,great,670.258064516129
2089,exceptional,peak,719.28125
2090,exchange,anger,653.90625
2091,exchange,foreign,793.0666666666667
2092,excise,pan,696.1333333333333
2093,excise,tax,789.1
2094,excited,bored,677.7666666666667
2095,excited,ship,773.3666666666667
2096,excuse,apology,885.0
2097,excuse,camera,697.1666666666666
2098,executive,secretary,753.8125
2099,executive,strong,641.060606060606
2100,exercise,prom,799.92
2101,exercise,sweat,688.5483870967741
2102,exhale,inhale,741.2758620689655
2103,exhale,leg,591.75
2104,exist,extinct,746.7096774193549
2105,exist,room,685.9642857142857
2106,existence,being,740.4666666666667
2107,existence,flakes,754.2758620689655
2108,exit,enter,687.1666666666666
2109,exit,reaction,721.7666666666667
2110,expense,can,573.8333333333334
2111,expense,cheap,615.6875
2112,expensive,cheap,626.516129032258
2113,expensive,shave,715.6451612903226
2114,experience,dumb,710.4516129032259
2115,experience,knowledge,738.2903225806451
2116,experiment,scientist,786.2903225806451
2117,experiment,scratch,714.0
2118,expert,come,604.2
2119,expert,novice,791.1923076923077
2120,explain,excuse,759.5454545454545
2121,explain,irritating,774.0333333333333
2122,explanation,answer,637.9677419354839
2123,explanation,sorry,621.40625
2124,explode,erupt,721.3793103448276
2125,explode,extrovert,1018.0
2126,explorer,adventure,727.9375
2127,explorer,power,622.28125
2128,explosion,bomb,697.5625
2129,explosion,potato,658.6774193548387
2130,express,quiet,716.03125
2131,express,say,695.4333333333333
2132,expression,emotion,827.8064516129032
2133,expression,vine,675.625
2134,extension,addition,664.84375
2135,extension,precise,870.258064516129
2136,extinct,basic,663.8387096774194
2137,extinct,young,641.0625
2138,extra,more,760.1724137931035
2139,extra,music,810.8709677419355
2140,extravagant,clothes,618.3548387096774
2141,extravagant,rich,602.75
2142,eye,ear,596.0
2143,eye,star,706.21875
2144,eyeball,sly,695.3666666666667
2145,eyeball,socket,687.1290322580645
2146,eyebrows,eyes,576.8125
2147,eyebrows,son,592.3870967741935
2148,eyes,schedule,661.8
2149,eyes,sight,732.9354838709677
2150,fable,lesson,737.0
2151,fable,minimum,831.8275862068965
2152,fabric,material,671.483870967742
2153,fabric,smash,713.9333333333333
2154,factor,dictionary,681.8666666666667
2155,factor,reason,661.258064516129
2156,factory,swear,744.0322580645161
2157,factory,worker,625.53125
2158,facts,fiction,785.4
2159,facts,have,878.1785714285714
2160,faculty,mountain,718.0967741935484
2161,faculty,staff,599.7096774193549
2162,fad,fashion,672.516129032258
2163,fad,real,623.6875
2164,fade,jeans,646.551724137931
2165,fade,seven,622.4
2166,fail,house,670.1290322580645
2167,fail,pass,682.71875
2168,failure,success,785.7096774193549
2169,failure,write,695.2903225806451
2170,fairy,sign,615.8125
2171,fairy,story,685.1666666666666
2172,fairytale,decay,835.3103448275862
2173,fairytale,fiction,760.0967741935484
2174,faith,jesus,761.2666666666667
2175,faith,pick,730.3
2176,faithful,grow,582.7096774193549
2177,faithful,relationshi,828.6774193548387
2178,fake,far,697.0344827586207
2179,fake,real,699.15625
2180,fall,shovel,699.5862068965517
2181,fall,spring,747.5862068965517
2182,false,true,577.1612903225806
2183,false,crunchy,731.6333333333333
2184,fame,fortune,751.1034482758621
2185,fame,material,672.71875
2186,famine,homeless,795.4666666666667
2187,famine,hunger,762.9642857142857
2188,famous,accept,721.9375
2189,famous,artist,603.551724137931
2190,fan,air,616.46875
2191,fan,skin,687.6666666666666
2192,fancy,agreement,702.28125
2193,fancy,like,752.483870967742
2194,fangs,television,633.40625
2195,fangs,wolf,622.2758620689655
2196,fantastic,four,753.8387096774194
2197,fantastic,skinny,710.4
2198,far,bedroom,668.3225806451613
2199,far,near,688.0344827586207
2200,farmer,crops,741.4642857142857
2201,farmer,sleep,636.53125
2202,fascism,communism,823.3846153846154
2203,fascism,god,753.9032258064516
2204,fashion,fad,825.3181818181819
2205,fashion,trees,670.6428571428571
2206,fast,friend,603.1935483870968
2207,fast,slow,611.4375
2208,fasten,plastic,829.375
2209,fasten,seatbelt,742.939393939394
2210,fat,lady,596.4333333333333
2211,fat,tag,743.7586206896551
2212,father,hose,842.1538461538462
2213,father,mother,593.0
2214,faucet,around,618.7
2215,faucet,drip,749.1
2216,fault,breakfast,722.4666666666667
2217,fault,yours,732.7096774193549
2218,favorite,best,647.2
2219,favorite,cotton,685.1724137931035
2220,fear,biology,680.0645161290323
2221,fear,scared,671.4193548387096
2222,feature,boots,688.90625
2223,feature,nose,726.516129032258
2224,federal,gone,621.1612903225806
2225,federal,offense,695.6129032258065
2226,feeble,attempt,729.7878787878788
2227,feeble,wild,631.1290322580645
2228,feed,cool,628.5454545454545
2229,feed,eat,642.90625
2230,feeling,emotion,742.3333333333334
2231,feeling,farm,685.59375
2232,feet,fake,663.9310344827586
2233,feet,toes,683.258064516129
2234,felt,crafts,667.375
2235,felt,hand,722.03125
2236,female,male,676.3548387096774
2237,female,perfect,608.1875
2238,fence,picket,771.0
2239,fence,smoke,608.53125
2240,festival,strawberry,676.5454545454545
2241,festival,weave,858.4285714285714
2242,feud,argument,820.6
2243,feud,juice,670.483870967742
2244,fever,draw,656.5
2245,fever,high,686.9285714285714
2246,fiber,cereal,648.71875
2247,fiber,foreign,687.59375
2248,field,corn,676.6896551724138
2249,field,yellow,703.8965517241379
2250,fig,newton,755.6333333333333
2251,fig,weight,712.2727272727273
2252,fight,fist,715.8125
2253,fight,lace,859.9615384615385
2254,fighter,boxer,733.5483870967741
2255,fighter,space,686.53125
2256,figure,eight,616.2903225806451
2257,figure,ugly,744.8333333333334
2258,file,cabinet,659.2258064516129
2259,file,frame,753.5625
2260,fill,dirt,637.7333333333333
2261,fill,misunderstand,1045.741935483871
2262,filthy,bum,875.5666666666667
2263,filthy,cocaine,711.9677419354839
2264,fin,carpet,631.7
2265,fin,dolphin,678.6666666666666
2266,final,last,722.2333333333333
2267,final,superman,777.741935483871
2268,financial,problem,614.625
2269,financial,window,773.7333333333333
2270,find,found,636.8709677419355
2271,find,hungry,722.28125
2272,finger,follower,771.4375
2273,finger,hand,702.125
2274,fingernail,boat,575.125
2275,fingernail,polish,905.84375
2276,fingers,crowd,710.6
2277,fingers,toes,762.9333333333333
2278,finish,brother,636.3
2279,finish,start,605.8666666666667
2280,finished,done,704.3103448275862
2281,finished,quart,800.8571428571429
2282,fire,hot,615.1875
2283,fire,oxygen,656.40625
2284,fireplace,creator,707.1935483870968
2285,fireplace,winter,814.8387096774194
2286,first,last,725.03125
2287,first,saw,606.0666666666667
2288,fishing,ability,711.9666666666667
2289,fishing,reel,793.2916666666666
2290,fit,load,625.8387096774194
2291,fit,tantrum,945.5416666666666
2292,fitness,healthy,652.5
2293,fitness,saucer,933.3703703703704
2294,five,hungry,640.9354838709677
2295,five,six,578.8387096774194
2296,fix,it,709.6551724137931
2297,fix,vault,639.7931034482758
2298,flag,american,856.0967741935484
2299,flag,honor,634.6875
2300,flake,corn,746.8333333333334
2301,flake,wild,650.741935483871
2302,flap,flop,763.04
2303,flap,maybe,680.5454545454545
2304,flat,down,690.258064516129
2305,flat,tire,691.0333333333333
2306,flea,bow,728.5666666666667
2307,flea,market,621.65625
2308,fleet,cars,645.483870967742
2309,fleet,hostess,925.5714285714286
2310,flesh,pepper,713.8125
2311,flesh,skin,609.4666666666667
2312,flex,muscle,673.5333333333333
2313,flex,thought,640.2903225806451
2314,flexible,bend,761.7096774193549
2315,flexible,wait,697.8064516129032
2316,flick,off,715.3214285714286
2317,flick,picture,816.3548387096774
2318,fling,bedroom,662.5806451612904
2319,fling,flirt,724.0
2320,flip,dead,729.1
2321,flip,flop,735.4444444444445
2322,flipper,dolphin,678.258064516129
2323,flipper,flirt,724.9032258064516
2324,float,control,746.2
2325,float,sink,667.9333333333333
2326,flood,dam,1048.071428571429
2327,flood,stamp,634.551724137931
2328,floor,looks,604.21875
2329,floor,tile,697.9
2330,florida,heat,599.9354838709677
2331,florida,sun,575.7741935483871
2332,flour,bread,718.1379310344828
2333,flour,no,728.258064516129
2334,flow,smooth,672.2258064516129
2335,flow,still,724.6551724137931
2336,flower,fiction,684.7241379310345
2337,flower,rose,686.0322580645161
2338,flowers,rope,645.3448275862069
2339,flowers,roses,660.2258064516129
2340,flu,poison,653.75
2341,flu,sneeze,673.9375
2342,fluffy,confusion,834.5625
2343,fluffy,soft,625.1333333333333
2344,fluid,washer,675.375
2345,fluid,whine,721.75
2346,flunk,failure,749.3548387096774
2347,flunk,fork,728.5
2348,flush,american,720.0666666666667
2349,flush,blush,761.96875
2350,fly,airplane,644.4666666666667
2351,fly,gold,646.8965517241379
2352,flying,airplane,644.8387096774194
2353,flying,personality,819.9032258064516
2354,foam,energy,639.875
2355,foam,shave,654.5806451612904
2356,foe,ape,766.8846153846154
2357,foe,friend,630.1875
2358,fog,mist,715.0967741935484
2359,fog,safe,739.2903225806451
2360,foggy,unclear,795.8275862068965
2361,foggy,wear,732.21875
2362,foil,aluminum,878.7333333333333
2363,foil,kidnap,813.0967741935484
2364,fold,tear,663.8
2365,fold,terrible,697.09375
2366,follow,lend,762.28125
2367,follow,tag,773.375
2368,folly,cook,575.6551724137931
2369,folly,mistake,797.90625
2370,fond,desert,775.8709677419355
2371,fond,fish,642.3333333333334
2372,fool,april,684.7
2373,fool,zero,646.5483870967741
2374,foolish,plus,684.551724137931
2375,foolish,silly,667.6875
2376,football,field,686.0
2377,football,mud,679.2903225806451
2378,for,against,766.875
2379,for,exhale,749.3333333333334
2380,forbidden,actress,653.8709677419355
2381,forbidden,zone,725.6153846153846
2382,force,strength,674.25
2383,force,summer,698.46875
2384,forehead,hair,626.6129032258065
2385,forehead,marry,907.2758620689656
2386,foresight,before,620.0
2387,foresight,secretary,820.625
2388,forever,always,658.2424242424242
2389,forever,test,680.2
2390,forget,basket,723.6060606060606
2391,forget,lose,765.09375
2392,forgive,accept,590.9677419354839
2393,forgive,tears,680.2666666666667
2394,fork,dictionary,742.53125
2395,fork,spoon,627.5
2396,form,law,595.9677419354839
2397,form,shape,697.8064516129032
2398,formal,dress,598.78125
2399,formal,sea,601.4193548387096
2400,formula,secret,690.75
2401,formula,upstairs,747.0
2402,fort,april,733.59375
2403,fort,army,714.7096774193549
2404,fortune,false,693.6129032258065
2405,fortune,poor,617.3225806451613
2406,forward,backward,744.84375
2407,forward,words,600.8709677419355
2408,fossil,dinosaur,786.59375
2409,fossil,machine,689.8333333333334
2410,foundation,base,609.15625
2411,foundation,view,685.0344827586207
2412,fountain,penny,645.8709677419355
2413,fountain,sea,755.6451612903226
2414,four,actress,674.5714285714286
2415,four,five,640.4333333333333
2416,fox,hound,714.0625
2417,fox,parts,650.3225806451613
2418,fragile,best,653.4137931034483
2419,fragile,weak,592.1290322580645
2420,fragrance,cologne,766.5151515151515
2421,fragrance,congress,728.375
2422,frail,mistake,705.6129032258065
2423,frail,thin,728.375
2424,frankenstein,independent,700.75
2425,frankenstein,monster,707.6060606060606
2426,fraternity,problem,618.3636363636364
2427,fraternity,sorority,849.9
2428,fraud,crime,733.25
2429,fraud,under,684.375
2430,fray,bargain,697.9
2431,fray,rug,681.8214285714286
2432,freak,christmas,689.8064516129032
2433,freak,weird,717.483870967742
2434,freckle,pen,775.6296296296297
2435,freckle,pimple,669.8709677419355
2436,freeway,am,753.7692307692307
2437,freeway,highway,754.84375
2438,freeze,joke,604.6129032258065
2439,freeze,thaw,718.2173913043479
2440,freezer,bat,682.3333333333334
2441,freezer,refrigerator,837.25
2442,french,fries,826.9677419354839
2443,french,rocks,672.1034482758621
2444,frequency,often,763.0967741935484
2445,friar,monk,821.258064516129
2446,friar,shoes,601.6333333333333
2447,friday,manners,846.2413793103449
2448,friday,weekend,775.09375
2449,friendliness,nice,699.9032258064516
2450,friendliness,pen,674.90625
2451,friends,fad,762.7647058823529
2452,friends,family,571.1612903225806
2453,friendship,enemy,748.4827586206897
2454,friendship,tile,702.3333333333334
2455,fries,ketchup,704.2
2456,fries,submarine,938.8620689655172
2457,fright,george,953.2413793103448
2458,fright,ghost,710.8787878787879
2459,frigid,fragile,643.1724137931035
2460,frigid,jail,636.4827586206897
2461,frill,lace,685.6206896551724
2462,frill,verb,789.8275862068965
2463,frisk,act,595.6451612903226
2464,frisk,search,612.71875
2465,frog,prince,675.875
2466,frog,tall,703.5862068965517
2467,frosted,crowd,658.25
2468,frosted,flakes,656.53125
2469,frosting,cake,654.7241379310345
2470,frosting,finished,633.5625
2471,frown,smile,665.96875
2472,frown,taste,598.4375
2473,frustrate,annoy,695.6333333333333
2474,frustrate,itch,716.1333333333333
2475,frustration,anxiety,650.5806451612904
2476,frustration,most,789.5714285714286
2477,fuel,ability,685.2333333333333
2478,fuel,gas,617.969696969697
2479,fugitive,criminal,786.78125
2480,fugitive,fist,755.68
2481,fumes,often,644.9666666666667
2482,fumes,smoke,570.7096774193549
2483,fun,excited,623.875
2484,fun,poem,689.7096774193549
2485,function,purpose,639.0666666666667
2486,function,tomato,679.5625
2487,fund,dollars,686.9375
2488,fund,prison,659.34375
2489,fungi,biology,649.1875
2490,fungi,hotel,666.4666666666667
2491,fungus,duck,707.3
2492,fungus,growth,631.7333333333333
2493,funny,amuse,731.5714285714286
2494,funny,change,709.3
2495,furry,atom,706.6785714285714
2496,furry,rabbit,696.46875
2497,further,away,640.5625
2498,further,liberty,743.2903225806451
2499,fury,anger,679.40625
2500,fury,major,586.969696969697
2501,fuss,sex,685.4333333333333
2502,fuss,whine,728.8965517241379
2503,gag,fog,764.5666666666667
2504,gag,puke,688.8928571428571
2505,gal,destruction,827.2121212121212
2506,gal,girl,581.0625
2507,galaxy,planets,762.71875
2508,galaxy,sweat,648.7142857142857
2509,gallon,good,704.6896551724138
2510,gallon,quart,690.1034482758621
2511,gallop,egypt,809.5666666666667
2512,gallop,run,722.0333333333333
2513,gamble,cards,664.8
2514,gamble,stair,635.4827586206897
2515,game,flower,686.5666666666667
2516,game,win,657.741935483871
2517,gander,goose,774.5172413793103
2518,gander,let,616.0714285714286
2519,gang,feet,632.1333333333333
2520,gang,group,579.375
2521,gangster,forest,727.0
2522,gangster,mob,782.8387096774194
2523,garbage,ready,675.5
2524,garbage,trash,635.9333333333333
2525,garlic,onion,625.8709677419355
2526,garlic,show,684.0
2527,gate,emotion,825.78125
2528,gate,fence,748.3103448275862
2529,gather,blame,807.1428571428571
2530,gather,spread,687.46875
2531,gathering,meeting,665.78125
2532,gathering,sunset,747.6666666666666
2533,gauge,after,640.6875
2534,gauge,temperature,849.8666666666667
2535,gavel,rocks,667.9375
2536,gavel,spaghetti,803.71875
2537,geese,gander,677.9444444444445
2538,geese,strict,635.5714285714286
2539,gene,closed,696.2258064516129
2540,gene,pool,694.6129032258065
2541,general,car,563.9
2542,general,hospital,594.8387096774194
2543,generous,disc,752.8461538461538
2544,generous,give,631.59375
2545,gentle,loving,648.03125
2546,gentle,vein,774.9354838709677
2547,gentleman,end,602.40625
2548,gentleman,lady,588.25
2549,geology,land,596.1290322580645
2550,geology,security,618.1935483870968
2551,geometry,being,691.5666666666667
2552,geometry,shape,714.2333333333333
2553,george,experiment,699.1875
2554,george,washington,764.7272727272727
2555,ghetto,drink,738.2903225806451
2556,ghetto,poor,637.8064516129032
2557,ghoul,ghost,569.0322580645161
2558,ghoul,trip,662.9
2559,gift,present,646.6774193548387
2560,gift,who,646.6875
2561,giggle,clean,818.6
2562,giggle,laugh,570.2258064516129
2563,gin,society,721.34375
2564,gin,tonic,788.8571428571429
2565,giraffe,jelly,689.4545454545455
2566,giraffe,zoo,655.6774193548387
2567,girl,achieve,816.1666666666666
2568,girl,boy,545.6451612903226
2569,girlfriend,boyfriend,617.75
2570,girlfriend,duck,623.6071428571429
2571,giving,caring,691.0322580645161
2572,giving,maid,676.5
2573,glance,look,606.3225806451613
2574,glance,sink,768.3448275862069
2575,glands,iron,641.3
2576,glands,neck,605.125
2577,glare,ape,664.4642857142857
2578,glare,stare,824.5
2579,glass,save,656.5172413793103
2580,glass,window,613.09375
2581,glasses,frame,739.3939393939394
2582,glasses,hall,762.1935483870968
2583,glide,beef,691.5483870967741
2584,glide,slide,658.0645161290323
2585,globe,milk,665.7878787878788
2586,globe,world,680.6
2587,glory,days,567.1875
2588,glory,dollar,691.6875
2589,gloves,hands,652.0322580645161
2590,gloves,monster,755.0
2591,go,leave,624.125
2592,go,news,637.483870967742
2593,goal,achieve,784.6875
2594,goal,collar,774.1612903225806
2595,goat,billy,877.5172413793103
2596,goat,massage,765.1612903225806
2597,god,creator,623.4193548387096
2598,god,finish,745.516129032258
2599,going,gone,528.65625
2600,going,security,647.7741935483871
2601,gold,pudding,778.625
2602,gold,value,664.1290322580645
2603,gone,duty,656.4
2604,gone,left,750.5454545454545
2605,goo,ache,795.8
2606,goo,sticky,755.1612903225806
2607,good,better,809.3
2608,good,water,597.1666666666666
2609,goodbye,hello,576.4
2610,goodbye,snob,711.4545454545455
2611,goodness,cautious,793.6666666666666
2612,goodness,sweet,617.8387096774194
2613,goose,fight,606.9090909090909
2614,goose,gander,787.65
2615,gorgeous,beautiful,643.03125
2616,gorgeous,phone,629.0357142857143
2617,gourmet,cook,713.4
2618,gourmet,corn,743.78125
2619,government,nature,696.21875
2620,government,politics,832.8928571428571
2621,governor,green,629.7666666666667
2622,governor,state,652.9
2623,grab,bag,599.0645161290323
2624,grab,river,680.9333333333333
2625,grace,aunt,714.8181818181819
2626,grace,fold,706.03125
2627,graceful,ear,703.2424242424242
2628,graceful,klutz,941.7692307692308
2629,grade,woman,639.90625
2630,graduate,sew,717.5384615384615
2631,graduate,student,641.6363636363636
2632,graduation,ceremony,729.59375
2633,graduation,see,642.1290322580645
2634,graft,lobster,653.1333333333333
2635,graft,trees,745.7931034482758
2636,grain,employer,651.4333333333333
2637,grain,wheat,594.1290322580645
2638,grammar,blush,767.9333333333333
2639,grammar,words,579.0322580645161
2640,grandpa,assume,822.75
2641,grandpa,grandma,745.969696969697
2642,grandparents,mom,623.9354838709677
2643,grandparents,rope,603.1935483870968
2644,grant,allow,767.0333333333333
2645,grant,gun,652.2
2646,grape,thursday,807.1875
2647,grape,vine,674.6129032258065
2648,graph,geometry,798.5666666666667
2649,graph,taxi,785.0357142857143
2650,grasp,fist,650.8
2651,grasp,straight,677.03125
2652,grass,lawn,615.3225806451613
2653,grass,punishment,801.741935483871
2654,grate,instrument,801.3125
2655,grate,metal,571.5806451612904
2656,grave,die,701.625
2657,grave,preview,815.7333333333333
2658,gravel,chair,679.5
2659,gravel,rocks,626.0322580645161
2660,gravity,hands,641.125
2661,gravity,newton,788.5652173913044
2662,gravy,boat,643.0333333333333
2663,gravy,exhale,740.7931034482758
2664,gray,characteris,1080.6666666666667
2665,gray,hound,757.0666666666667
2666,grease,massage,792.3225806451613
2667,grease,oil,611.8275862068965
2668,greatest,always,697.9
2669,greatest,worst,684.15625
2670,greed,found,605.875
2671,greed,hate,688.4516129032259
2672,greek,can,590.3214285714286
2673,greek,fraternity,744.8709677419355
2674,greet,frame,749.6129032258065
2675,greet,meet,702.7575757575758
2676,grief,pound,809.8620689655172
2677,grief,tears,645.375
2678,grind,bump,744.2068965517242
2679,grind,purse,696.1515151515151
2680,grip,hold,636.5666666666667
2681,grip,sale,660.3846153846154
2682,grizzly,scary,736.5666666666667
2683,grizzly,snob,724.0344827586207
2684,grocery,cowboy,787.03125
2685,grocery,store,729.7931034482758
2686,groom,bride,614.1290322580645
2687,groom,spanish,657.8709677419355
2688,gross,disgusting,700.4516129032259
2689,gross,where,625.6363636363636
2690,grounds,glass,617.5483870967741
2691,grounds,keeper,649.40625
2692,grove,data,603.6774193548387
2693,grove,ditch,709.9285714285714
2694,grow,few,677.6428571428571
2695,grow,tall,655.6875
2696,grown,love,570.5483870967741
2697,grown,up,683.46875
2698,guard,excited,818.0333333333333
2699,guard,security,678.03125
2700,guardian,female,646.1290322580645
2701,guardian,parent,628.375
2702,guess,nose,747.78125
2703,guess,question,643.7741935483871
2704,guest,air,698.2333333333333
2705,guest,relative,718.6666666666666
2706,guilt,bad,679.5
2707,guilt,ride,644.8333333333334
2708,guilty,innocent,691.9655172413793
2709,guilty,painting,799.4516129032259
2710,guitar,men,618.5714285714286
2711,guitar,string,816.7096774193549
2712,gull,dependent,687.0967741935484
2713,gull,freedom,684.9677419354839
2714,gullible,husband,714.1875
2715,gullible,stupid,685.6875
2716,gully,bride,725.1935483870968
2717,gully,ditch,696.8
2718,gulp,shock,577.7666666666667
2719,gulp,swallow,769.09375
2720,gum,blow,636.0
2721,gum,chew,603.5806451612904
2722,gums,restaurant,770.6774193548387
2723,gums,teeth,657.6875
2724,gun,meaning,671.2666666666667
2725,gun,shoot,580.125
2726,guys,girls,641.0967741935484
2727,guys,questions,793.7272727272727
2728,gym,trailer,874.5862068965517
2729,gym,workout,755.6666666666666
2730,gymnast,tumble,780.3333333333334
2731,gymnast,weather,689.4
2732,gymnastics,dirty,628.90625
2733,gymnastics,tumble,885.9354838709677
2734,habit,finished,661.6451612903226
2735,habit,nun,936.3333333333334
2736,hail,cab,721.90625
2737,hail,power,748.9677419354839
2738,hair,hula,821.1666666666666
2739,hair,shampoo,607.9032258064516
2740,haircut,land,709.28125
2741,haircut,no,676.4444444444445
2742,hairspray,cliff,723.34375
2743,hairspray,sticky,643.7666666666667
2744,half,choose,650.1
2745,half,whole,665.8387096774194
2746,halt,death,621.6333333333333
2747,halt,stop,648.483870967742
2748,hammock,swing,665.53125
2749,hammock,unfair,727.4333333333333
2750,hand,finger,731.0645161290323
2751,hand,necklace,733.75
2752,handbag,backpack,653.6451612903226
2753,handbag,forever,617.3333333333334
2754,handcuffs,criminal,698.2258064516129
2755,handcuffs,mountains,613.09375
2756,handicap,puke,781.1935483870968
2757,handicap,wheelchair,752.8064516129032
2758,handkerchief,saw,563.7586206896551
2759,handkerchief,tissue,621.84375
2760,handle,care,685.516129032258
2761,handle,her,665.3225806451613
2762,hands,feet,609.1818181818181
2763,hands,sorrow,714.90625
2764,handsome,boyfriend,731.46875
2765,handsome,market,585.258064516129
2766,hanger,coat,732.7586206896551
2767,hanger,color,584.1290322580645
2768,happening,now,580.9032258064516
2769,happening,tense,714.3666666666667
2770,happiness,sad,594.0967741935484
2771,happiness,snail,657.6666666666666
2772,hardy,boys,680.3870967741935
2773,hardy,earthquake,706.4193548387096
2774,hare,get,645.4827586206897
2775,hare,turtle,769.21875
2776,harley,motorcycle,770.8709677419355
2777,harley,town,612.09375
2778,harm,evil,704.258064516129
2779,harm,smudge,947.448275862069
2780,harmful,dangerous,677.6129032258065
2781,harmful,desert,711.2333333333333
2782,harmony,middle,753.71875
2783,harmony,sing,724.6
2784,harp,angel,713.2258064516129
2785,harp,sentence,649.21875
2786,harsh,mean,606.3939393939394
2787,harsh,rat,708.7666666666667
2788,harvest,crops,743.741935483871
2789,harvest,wrong,775.9
2790,hat,head,628.9032258064516
2791,hat,illegal,704.0645161290323
2792,hatch,door,679.6129032258065
2793,hatch,ticket,652.5806451612904
2794,hatchet,ax,803.1851851851852
2795,hatchet,peace,877.9666666666667
2796,haul,carry,717.5454545454545
2797,haul,team,783.1612903225806
2798,haunt,glasses,732.75
2799,haunt,house,711.1612903225806
2800,have,grand,669.6666666666666
2801,have,own,687.4516129032259
2802,havoc,chaos,727.0
2803,havoc,mixture,792.9375
2804,hawaii,hula,827.6296296296297
2805,hawaii,station,647.6666666666666
2806,hay,breathe,691.6666666666666
2807,hay,stack,773.9677419354839
2808,haystack,cow,606.3666666666667
2809,haystack,grave,686.0967741935484
2810,haze,mist,688.76
2811,haze,wheat,615.4333333333333
2812,he,dishes,738.1333333333333
2813,he,she,646.6333333333333
2814,head,ache,778.78125
2815,head,hunger,723.8666666666667
2816,headband,brick,715.1333333333333
2817,headband,exercise,780.3225806451613
2818,heading,bell,670.483870967742
2819,heading,title,603.6451612903226
2820,heal,tool,630.2666666666667
2821,heal,wound,646.0967741935484
2822,health,care,606.5625
2823,health,senate,777.5666666666667
2824,healthy,dead,633.3636363636364
2825,healthy,easy,681.4242424242424
2826,hear,idiot,664.90625
2827,hear,listen,598.5625
2828,hearing,faith,669.5
2829,hearing,noise,662.46875
2830,heat,children,615.258064516129
2831,heat,florida,720.6785714285714
2832,heaven,dust,664.7096774193549
2833,heaven,hell,644.7741935483871
2834,heavy,calm,756.2142857142857
2835,heavy,weight,559.4375
2836,hedge,clipper,718.8275862068965
2837,hedge,repeat,649.1935483870968
2838,heel,crash,641.7272727272727
2839,heel,toe,646.2333333333333
2840,height,annoy,776.76
2841,height,length,660.3225806451613
2842,heights,mountains,764.8333333333334
2843,heights,rug,884.3666666666667
2844,helium,balloon,640.6774193548387
2845,helium,electricity,939.8620689655172
2846,hell,devil,625.1666666666666
2847,hell,rat,630.0645161290323
2848,helmet,motorcycle,775.0
2849,helmet,shopping,663.5151515151515
2850,help,funny,599.7666666666667
2851,help,need,581.59375
2852,helper,assistant,655.5333333333333
2853,helper,shame,758.2424242424242
2854,hem,brain,674.90625
2855,hem,leg,675.0344827586207
2856,her,computer,671.40625
2857,her,she,642.6
2858,herb,garden,713.9677419354839
2859,herb,success,693.3870967741935
2860,herd,buffalo,625.5483870967741
2861,herd,greed,738.3103448275862
2862,here,enlarge,719.6428571428571
2863,here,there,648.6428571428571
2864,hero,superman,745.0645161290323
2865,hero,toe,701.7333333333333
2866,heroin,abuse,684.0
2867,heroin,drugs,631.09375
2868,heroine,drug,628.3225806451613
2869,heroine,strong,611.0
2870,hesitate,poker,767.7666666666667
2871,hesitate,wait,652.2333333333333
2872,hidden,secret,714.7096774193549
2873,hidden,unusual,894.7741935483871
2874,hide,dinner,597.1290322580645
2875,hide,seek,698.46875
2876,high,low,668.483870967742
2877,high,neutron,1043.25
2878,highlight,condom,838.5714285714286
2879,highlight,marker,740.1290322580645
2880,hike,angel,697.7333333333333
2881,hike,walk,603.28125
2882,hiker,hitchhike,954.7777777777778
2883,hiker,recipe,699.2258064516129
2884,hiking,boots,653.8387096774194
2885,hiking,hate,738.8620689655172
2886,hill,devil,736.2333333333333
2887,hill,mountain,738.71875
2888,him,her,660.7741935483871
2889,him,virtue,709.4230769230769
2890,hindsight,foresight,816.5
2891,hindsight,sting,759.6666666666666
2892,hinge,alright,675.0645161290323
2893,hinge,swing,726.1515151515151
2894,hint,clue,628.6774193548387
2895,hint,faint,850.4
2896,hip,bone,675.1034482758621
2897,hip,cocaine,726.53125
2898,hispanic,butter,699.2666666666667
2899,hispanic,spanish,762.8709677419355
2900,history,balloon,824.5483870967741
2901,history,war,676.1875
2902,hitch,hug,763.8125
2903,hitch,trailer,725.0
2904,hitchhike,stomach,666.65625
2905,hitchhike,thumb,794.8387096774194
2906,hive,bee,616.2903225806451
2907,hive,rug,669.03125
2908,hobo,bum,726.551724137931
2909,hobo,narrow,720.8928571428571
2910,hoe,doll,694.1612903225806
2911,hoe,garden,851.258064516129
2912,hold,grasp,685.1071428571429
2913,hold,sticky,833.2258064516129
2914,hole,ground,684.0
2915,hole,path,757.375
2916,home,family,647.0
2917,home,talk,575.6451612903226
2918,homework,father,618.65625
2919,homework,study,579.4666666666667
2920,honest,nail,662.2
2921,honest,truth,660.4193548387096
2922,honesty,mouse,803.78125
2923,honesty,virtue,721.46875
2924,honey,george,1017.9629629629628
2925,honey,sweet,612.5172413793103
2926,honeymoon,juice,683.3125
2927,honeymoon,wedding,721.4242424242424
2928,hoop,hula,863.4
2929,hoop,success,613.2903225806451
2930,hoot,owl,627.0
2931,hoot,relationshi,716.7931034482758
2932,hope,glory,628.9666666666667
2933,hope,indian,723.3103448275862
2934,hopeless,alright,710.3
2935,hopeless,homeless,746.9677419354839
2936,horn,cards,705.3030303030303
2937,horn,instrument,794.483870967742
2938,hornet,drive,656.28125
2939,hornet,sting,633.9032258064516
2940,horrible,peanut,692.258064516129
2941,horrible,terrible,622.59375
2942,host,hostess,892.4333333333333
2943,host,morning,657.53125
2944,hostage,heart,630.65625
2945,hostage,prisoner,710.53125
2946,hostess,days,624.4666666666667
2947,hostess,restaurant,695.8125
2948,hotel,motel,783.6774193548387
2949,hotel,pavement,715.9
2950,hotter,summer,705.8125
2951,hotter,vegetables,769.8666666666667
2952,hound,blood,757.6451612903226
2953,hound,city,620.2903225806451
2954,hour,fudge,659.2666666666667
2955,hour,minute,715.9666666666667
2956,hours,dam,887.578947368421
2957,hours,long,605.375
2958,house,brick,665.9354838709677
2959,house,eleven,718.1515151515151
2960,how,stupid,743.90625
2961,how,who,666.9310344827586
2962,hue,color,631.6
2963,hue,different,718.4193548387096
2964,hug,arms,633.1333333333333
2965,hug,looks,601.9677419354839
2966,huge,big,648.5172413793103
2967,huge,no,642.5666666666667
2968,hula,hoop,675.1666666666666
2969,hula,hostess,853.0
2970,hull,boat,695.78125
2971,hull,heart,572.8064516129032
2972,human,being,678.3214285714286
2973,human,shirt,621.5483870967741
2974,humiliate,embarrass,842.0645161290323
2975,humiliate,smart,557.4516129032259
2976,hundred,puzzle,702.8709677419355
2977,hundred,thousand,764.8709677419355
2978,hung,directions,831.5333333333333
2979,hung,up,731.074074074074
2980,hunger,africa,699.96875
2981,hunger,hallway,662.5806451612904
2982,hungry,full,599.6
2983,hungry,shop,666.3125
2984,hunt,find,623.5666666666667
2985,hunt,flowers,603.6875
2986,hurricane,busy,654.4848484848485
2987,hurricane,storm,599.5625
2988,hurry,boss,729.5757575757576
2989,hurry,slow,795.9032258064516
2990,hurt,lightning,754.03125
2991,hurt,pain,690.9354838709677
2992,husband,period,692.8
2993,husband,wife,552.59375
2994,husk,elephant,677.9333333333333
2995,husk,phone,569.7741935483871
2996,husky,boys,708.875
2997,husky,skin,589.3225806451613
2998,hustle,fall,634.34375
2999,hustle,fast,687.3333333333334
3000,hut,jane,745.88
3001,hut,straw,780.25
3002,hydrogen,oxygen,619.0
3003,hydrogen,worst,646.5666666666667
3004,hygiene,quack,859.3548387096774
3005,hygiene,toothbrush,642.8709677419355
3006,hyper,active,662.6875
3007,hyper,pig,621.375
3008,hypothesis,guess,804.125
3009,hypothesis,party,666.0322580645161
3010,ice,america,777.258064516129
3011,ice,pick,807.1935483870968
3012,iceberg,game,660.78125
3013,iceberg,lettuce,787.875
3014,ideal,cleaner,610.1875
3015,ideal,real,642.0645161290323
3016,identical,borrow,694.2903225806451
3017,identical,exact,750.7
3018,identification,number,663.5483870967741
3019,identification,volcano,730.6875
3020,identity,id,791.3
3021,identity,reason,667.46875
3022,idiot,dumb,658.28125
3023,idiot,same,730.8387096774194
3024,idol,billy,931.2692307692308
3025,idol,rose,747.1935483870968
3026,igloo,ice,709.5333333333333
3027,igloo,mean,718.8333333333334
3028,ignore,mean,631.6129032258065
3029,ignore,story,672.8214285714286
3030,ill,doughnut,879.0
3031,ill,healthy,671.5806451612904
3032,illegal,drugs,608.516129032258
3033,illegal,sun,671.6451612903226
3034,illness,sick,620.9354838709677
3035,illness,teach,719.3448275862069
3036,image,average,640.060606060606
3037,image,mirror,670.875
3038,imagine,christ,781.8965517241379
3039,imagine,create,647.4
3040,imitate,copy,579.96875
3041,imitate,train,683.741935483871
3042,immediate,later,682.1290322580645
3043,immediate,saucer,850.4642857142857
3044,impact,crash,673.9375
3045,impact,drive,727.1290322580645
3046,impatience,patient,819.5806451612904
3047,impatience,wonder,649.4375
3048,impediment,beginning,640.8125
3049,impediment,obstacle,788.0
3050,implode,explode,627.2258064516129
3051,implode,tupperware,963.304347826087
3052,important,headache,722.4137931034483
3053,important,major,657.2258064516129
3054,impossible,boy,622.15625
3055,impossible,can't,800.6774193548387
3056,impression,art,653.3125
3057,impression,honest,728.9666666666667
3058,in,inferior,743.4516129032259
3059,in,out,638.0625
3060,inability,can't,861.516129032258
3061,inability,groceries,825.1034482758621
3062,incline,hill,677.8387096774194
3063,incline,tired,596.9655172413793
3064,income,date,669.8181818181819
3065,income,important,745.0645161290323
3066,increase,enlarge,724.0
3067,increase,navy,623.9655172413793
3068,independent,crime,691.6875
3069,independent,dependent,762.8125
3070,indian,chief,661.65625
3071,indian,hat,562.4333333333333
3072,indirect,direct,691.1875
3073,indirect,doctor,647.3125
3074,indoors,divide,733.9
3075,indoors,outdoors,674.9354838709677
3076,industry,luck,620.448275862069
3077,industry,steel,705.40625
3078,inertia,force,727.6129032258065
3079,inertia,telephone,674.7931034482758
3080,infection,around,648.5333333333333
3081,infection,disease,728.9032258064516
3082,inferior,auto,747.6206896551724
3083,inferior,superior,701.2903225806451
3084,inferno,last,849.5333333333333
3085,inferno,volcano,571.7096774193549
3086,inflation,balloon,639.9032258064516
3087,inflation,soup,649.8125
3088,influence,glory,743.7096774193549
3089,influence,persuade,692.1034482758621
3090,information,close,615.8064516129032
3091,information,data,673.7741935483871
3092,inhale,exhale,621.875
3093,inhale,plane,671.8709677419355
3094,initial,name,629.6774193548387
3095,initial,planets,767.5
3096,injection,blanket,645.28125
3097,injection,needle,814.6451612903226
3098,inlet,island,618.78125
3099,inlet,ugly,718.65625
3100,inmate,paper,597.7096774193549
3101,inmate,prison,591.3548387096774
3102,innocence,frog,583.5
3103,innocence,guilty,688.1875
3104,innocent,prejudice,798.2222222222222
3105,innocent,virgin,712.1612903225806
3106,inquire,ask,589.3548387096774
3107,inquire,vault,828.2903225806451
3108,insane,build,674.9677419354839
3109,insane,mad,618.0625
3110,insect,ant,670.3793103448276
3111,insect,conference,926.9310344827586
3112,insecure,secure,702.75
3113,insecure,tonic,735.6551724137931
3114,inside,baby,667.7333333333333
3115,inside,indoors,734.8484848484849
3116,insight,foresight,732.3333333333334
3117,insight,sun,672.7741935483871
3118,instance,example,655.3870967741935
3119,instance,jesus,732.9677419354839
3120,instant,big,697.258064516129
3121,instant,quick,614.53125
3122,instinct,basic,650.1333333333333
3123,instinct,foot,701.5806451612904
3124,instruct,directions,701.8484848484849
3125,instruct,motion,669.7096774193549
3126,instructions,addition,818.8
3127,instructions,directions,744.5
3128,insult,comment,737.8387096774194
3129,insult,stare,727.4193548387096
3130,intake,adventure,716.3333333333334
3131,intake,inhale,781.6666666666666
3132,integrate,hard,716.125
3133,integrate,math,637.0
3134,intensity,force,712.3225806451613
3135,intensity,weird,648.40625
3136,intent,purpose,674.060606060606
3137,intent,relax,632.7575757575758
3138,interesting,neat,781.0666666666667
3139,interesting,obsession,705.2758620689655
3140,interior,inferior,791.7741935483871
3141,interior,spot,651.5806451612904
3142,interrupt,rude,604.3103448275862
3143,interrupt,up,668.3870967741935
3144,interview,beat,737.6296296296297
3145,interview,nervous,709.4375
3146,intestine,stomach,639.6451612903226
3147,intestine,violin,740.8
3148,intoxicate,attempt,716.741935483871
3149,intoxicate,poison,659.7333333333333
3150,intoxicated,drunk,637.1212121212121
3151,intoxicated,piece,621.6774193548387
3152,introduce,meet,596.741935483871
3153,introduce,sky,689.4516129032259
3154,introvert,ambulance,757.8387096774194
3155,introvert,extrovert,882.2692307692307
3156,intuition,force,602.6
3157,intuition,know,621.3870967741935
3158,invalid,few,659.9642857142857
3159,invalid,wheelchair,733.1379310344828
3160,invent,create,631.2333333333333
3161,invent,teeth,628.8064516129032
3162,inventor,creator,658.7272727272727
3163,inventor,sell,679.9354838709677
3164,iron,plain,872.7
3165,iron,steel,582.9032258064516
3166,irregular,abnormal,792.258064516129
3167,irregular,plate,673.0689655172414
3168,irritate,angry,666.0625
3169,irritate,day,672.5806451612904
3170,irritating,annoying,592.0322580645161
3171,irritating,hold,689.7
3172,isolated,idea,685.4516129032259
3173,isolated,room,608.5172413793103
3174,issue,cell,573.2857142857143
3175,issue,magazine,705.6666666666666
3176,itch,scratch,675.3125
3177,itch,young,660.3225806451613
3178,item,thing,867.7
3179,item,turtle,721.7741935483871
3180,ivory,piano,693.0967741935484
3181,ivory,uncle,764.3
3182,ivy,husband,651.46875
3183,ivy,vine,720.40625
3184,jail,aluminum,920.3448275862067
3185,jail,prison,658.125
3186,japan,china,721.6451612903226
3187,japan,politics,761.4
3188,jar,jelly,621.7
3189,jar,spaghetti,786.4
3190,jaw,minimum,818.6129032258065
3191,jaw,mouth,595.34375
3192,jaws,shark,659.4375
3193,jaws,stripe,754.7666666666667
3194,jazz,ballet,818.6363636363636
3195,jazz,talking,607.6129032258065
3196,jealousy,feeling,648.6875
3197,jealousy,rights,637.2903225806451
3198,jello,mold,689.3571428571429
3199,jello,read,729.6129032258065
3200,jelly,grape,617.7096774193549
3201,jelly,spanish,774.6129032258065
3202,jerk,idiot,642.1724137931035
3203,jerk,present,736.46875
3204,jesus,christ,717.75
3205,jesus,play,585.1666666666666
3206,jewel,diamond,674.4827586206897
3207,jewel,service,736.8125
3208,jewelry,necklace,779.0
3209,jewelry,sorry,659.78125
3210,jewish,prison,668.0
3211,jewish,religion,745.40625
3212,jobless,day,585.4827586206897
3213,jobless,unemploymen,732.0
3214,jock,accept,749.1818181818181
3215,jock,strap,719.0645161290323
3216,jog,knife,784.2666666666667
3217,jog,run,693.9333333333333
3218,join,dinner,616.8064516129032
3219,join,group,623.2666666666667
3220,joint,account,680.9
3221,joint,circle,748.2857142857143
3222,joker,candle,686.5757575757576
3223,joker,laugh,593.3125
3224,journal,diary,585.7333333333333
3225,journal,hamburger,773.5
3226,journey,die,730.3103448275862
3227,journey,trip,591.5333333333333
3228,juggler,appear,663.65625
3229,juggler,circus,633.03125
3230,juice,thirst,659.40625
3231,juice,toe,665.3928571428571
3232,jump,man,584.8
3233,jump,rope,639.4193548387096
3234,jumpy,cactus,761.0714285714286
3235,jumpy,rope,633.6071428571429
3236,jungle,animal,643.9677419354839
3237,jungle,pan,741.1379310344828
3238,junior,late,737.6451612903226
3239,junior,son,712.0625
3240,junk,cigarette,763.2333333333333
3241,junk,yard,583.1290322580645
3242,jury,juvenile,755.0645161290323
3243,jury,twelve,672.25
3244,just,fair,633.0645161290323
3245,just,reptile,818.2666666666667
3246,justice,fair,575.25
3247,justice,rose,676.28125
3248,justify,explain,656.9
3249,justify,fraternity,967.9285714285714
3250,juvenile,immature,678.5
3251,juvenile,sheets,626.2333333333333
3252,kangaroo,australia,798.40625
3253,kangaroo,shallow,608.5483870967741
3254,keep,own,634.84375
3255,keep,pimple,798.9629629629629
3256,keeper,dress,576.5666666666667
3257,keeper,zoo,649.0
3258,kettle,dancer,702.7575757575758
3259,kettle,stove,720.3548387096774
3260,key,lock,611.4193548387096
3261,key,web,633.8387096774194
3262,keyboard,piano,631.741935483871
3263,keyboard,pool,586.5
3264,keys,chain,786.8275862068965
3265,keys,off,674.5357142857143
3266,kid,child,749.7741935483871
3267,kid,tell,662.0967741935484
3268,kidnap,baby,663.8709677419355
3269,kidnap,holy,729.9
3270,kidney,bean,653.8275862068965
3271,kidney,tag,699.7741935483871
3272,kill,chemistry,677.25
3273,kill,murder,562.625
3274,killer,food,572.46875
3275,killer,murderer,704.4193548387096
3276,kilometer,mile,660.8965517241379
3277,kilometer,pretty,694.375
3278,kinetic,energy,693.40625
3279,kinetic,onion,659.3870967741935
3280,king,queen,655.741935483871
3281,king,seller,737.7096774193549
3282,kitchen,cook,646.09375
3283,kitchen,island,633.516129032258
3284,kitten,cute,650.4848484848485
3285,kitten,needle,729.5666666666667
3286,kleenex,shove,672.1034482758621
3287,kleenex,tissue,730.0967741935484
3288,knapsack,backpack,702.53125
3289,knapsack,boy,590.2903225806451
3290,kneel,hours,615.28125
3291,kneel,knee,617.0
3292,knees,even,697.34375
3293,knees,legs,600.0
3294,knife,fork,612.9375
3295,knife,ski,783.5862068965517
3296,knight,armor,736.0666666666667
3297,knight,throw,680.4666666666667
3298,knitting,grandma,690.6551724137931
3299,knitting,leave,647.0967741935484
3300,knock,door,664.875
3301,knock,spice,676.5483870967741
3302,knot,hoop,701.1612903225806
3303,knot,shoelace,897.4583333333334
3304,known,unknown,695.7096774193549
3305,known,volcano,665.5
3306,lab,experiment,632.59375
3307,lab,wound,803.551724137931
3308,label,story,627.875
3309,label,tag,624.4516129032259
3310,labyrinth,make,755.7666666666667
3311,labyrinth,maze,661.0322580645161
3312,lace,fish,626.15625
3313,lace,shoelace,921.6428571428572
3314,lagoon,sandwich,729.9666666666667
3315,lagoon,swamp,683.40625
3316,lamb,obsession,721.59375
3317,lamb,sheep,618.2758620689655
3318,landscape,simple,669.8387096774194
3319,landscape,trees,649.40625
3320,lane,highway,651.7096774193549
3321,lane,smoke,634.3125
3322,language,away,715.7
3323,language,english,605.28125
3324,lap,embarrass,857.9642857142857
3325,lap,sit,684.5454545454545
3326,lapel,collar,600.5483870967741
3327,lapel,seek,586.8709677419355
3328,laser,beam,673.0
3329,laser,hello,622.28125
3330,lash,hurt,625.3
3331,lash,kids,592.1379310344828
3332,last,chance,655.4193548387096
3333,last,virgin,776.741935483871
3334,lasting,butterfly,676.6060606060606
3335,lasting,long,603.09375
3336,latch,key,655.28125
3337,latch,motorcycle,690.46875
3338,late,early,613.03125
3339,late,think,660.1612903225806
3340,latin,against,772.7096774193549
3341,latin,spanish,662.8333333333334
3342,laugh,cry,724.6875
3343,laugh,ice,551.8333333333334
3344,launch,rocket,647.2121212121212
3345,launch,white,777.3125
3346,laundry,referee,896.7037037037037
3347,laundry,soap,705.3225806451613
3348,lava,ticket,792.5172413793103
3349,lava,volcano,666.75
3350,law,cow,643.8484848484849
3351,law,order,583.7333333333333
3352,lawn,chair,718.21875
3353,lawn,crunchy,868.0333333333333
3354,lawsuit,law,621.6129032258065
3355,lawsuit,lawn,660.5666666666667
3356,lawyer,gloves,671.0689655172414
3357,lawyer,lawsuit,676.4545454545455
3358,lay,down,597.7096774193549
3359,lay,television,727.09375
3360,lead,aluminum,932.1785714285714
3361,lead,order,681.40625
3362,leader,fear,638.0645161290323
3363,leader,follower,679.7307692307693
3364,leadership,clothes,667.6451612903226
3365,leadership,follower,758.7741935483871
3366,leaf,add,604.875
3367,leaf,flower,670.5454545454545
3368,league,football,632.0645161290323
3369,league,meaning,850.1612903225806
3370,leak,con,861.375
3371,leak,drip,703.4827586206897
3372,lean,chip,749.4615384615385
3373,lean,skinny,674.0666666666667
3374,learn,pepsi,826.3333333333334
3375,learn,teach,870.7333333333333
3376,lease,rent,661.9090909090909
3377,lease,small,654.0967741935484
3378,least,bath,586.2
3379,least,most,626.6206896551724
3380,leave,come,672.78125
3381,leave,piano,601.6666666666666
3382,leaves,crunchy,712.6551724137931
3383,leaves,toast,634.1666666666666
3384,ledge,cliff,656.8275862068965
3385,ledge,then,638.9310344827586
3386,left,right,600.6666666666666
3387,left,washer,759.6129032258065
3388,leg,done,730.3928571428571
3389,leg,walk,622.9375
3390,legal,graph,671.4333333333333
3391,legal,illegal,688.8387096774194
3392,legend,story,638.1212121212121
3393,legend,wedding,632.3125
3394,legion,foreign,721.75
3395,legion,wheelchair,800.925925925926
3396,legislature,senate,691.8965517241379
3397,legislature,wander,776.25
3398,legs,innocent,672.7096774193549
3399,legs,shave,673.03125
3400,lemon,believe,790.5483870967741
3401,lemon,fruit,651.5625
3402,lend,borrow,640.59375
3403,lend,date,631.2258064516129
3404,lenient,loose,764.2857142857143
3405,lenient,strict,746.2666666666667
3406,lens,closing,670.8125
3407,lens,glasses,648.53125
3408,leopard,tiger,619.516129032258
3409,leopard,yes,596.84375
3410,less,fox,589.5333333333333
3411,less,zero,699.2413793103449
3412,let,do,681.03125
3413,let,item,722.84375
3414,letter,note,607.516129032258
3415,letter,steak,823.6206896551724
3416,lettuce,asleep,803.0
3417,lettuce,tomato,649.5454545454545
3418,level,even,605.1290322580645
3419,level,hug,642.9375
3420,lever,hay,761.6206896551724
3421,lever,pull,648.3333333333334
3422,libel,gloves,665.6666666666666
3423,libel,lawsuit,765.8387096774194
3424,liberal,conservative,888.1290322580645
3425,liberal,direction,795.2903225806451
3426,liberty,bathroom,676.7741935483871
3427,liberty,freedom,713.6206896551724
3428,lice,dirty,619.53125
3429,lice,inferior,919.08
3430,license,driving,754.4375
3431,license,swing,709.5
3432,lick,secure,742.8709677419355
3433,lick,tongue,635.1818181818181
3434,lid,bird,675.8666666666667
3435,lid,cover,615.3333333333334
3436,life,dish,641.0
3437,life,forever,709.7096774193549
3438,lift,heavy,731.125
3439,lift,one,607.9666666666667
3440,lightheaded,faint,688.8709677419355
3441,lightheaded,oil,639.0625
3442,lightning,plant,583.2333333333333
3443,lightning,thunder,709.8064516129032
3444,like,britain,1015.047619047619
3445,like,love,594.0625
3446,lime,lemon,704.8064516129032
3447,lime,tongue,724.060606060606
3448,limousine,full,676.6774193548387
3449,limousine,prom,801.4074074074074
3450,line,peach,723.2727272727273
3451,line,wait,704.0666666666667
3452,linen,shark,726.8709677419355
3453,linen,sheets,694.5625
3454,lingerie,attic,759.8148148148148
3455,lingerie,sexy,646.4516129032259
3456,link,attack,723.375
3457,link,chain,668.78125
3458,lint,chest,655.90625
3459,lint,dust,610.1290322580645
3460,lion,religion,710.7931034482758
3461,lion,tiger,659.1935483870968
3462,lip,tongue,669.0
3463,lip,worst,653.7741935483871
3464,lips,kiss,581.75
3465,lips,states,781.1666666666666
3466,liquid,right,583.8064516129032
3467,liquid,wet,572.96875
3468,list,groceries,821.6
3469,list,hit,671.84375
3470,listen,air,628.5
3471,listen,hear,645.3225806451613
3472,lit,object,603.0967741935484
3473,lit,on,655.3548387096774
3474,literature,poetry,710.516129032258
3475,literature,ruler,720.6666666666666
3476,litter,cats,693.6896551724138
3477,litter,fall,632.1612903225806
3478,live,happy,585.40625
3479,live,none,679.448275862069
3480,liver,forward,711.4848484848485
3481,liver,onion,663.9032258064516
3482,lizard,perfume,662.625
3483,lizard,reptile,659.0714285714286
3484,load,heavy,593.969696969697
3485,load,republican,838.9666666666667
3486,loan,shark,571.6
3487,loan,wimp,902.5416666666666
3488,lobe,ear,598.59375
3489,lobe,style,599.875
3490,lobster,crab,763.46875
3491,lobster,increase,748.7
3492,local,far,697.1034482758621
3493,local,mother,901.2413793103448
3494,location,home,639.65625
3495,location,wound,714.3225806451613
3496,lodge,cabin,643.21875
3497,lodge,vine,837.5806451612904
3498,loft,bed,663.8387096774194
3499,loft,sample,717.6129032258065
3500,log,attack,735.4193548387096
3501,log,cabin,668.4193548387096
3502,london,england,625.125
3503,london,title,675.7142857142857
3504,lonely,alone,574.59375
3505,lonely,kiss,568.3
3506,look,eye,613.483870967742
3507,look,spider,645.3666666666667
3508,looks,apology,840.9032258064516
3509,looks,pretty,744.71875
3510,loose,shine,645.4375
3511,loose,tight,761.7333333333333
3512,loosen,rent,672.3125
3513,loosen,tighten,656.9032258064516
3514,lord,christ,719.6551724137931
3515,lord,seatbelt,784.6551724137931
3516,lose,defeat,633.5151515151515
3517,lose,style,774.65625
3518,loser,geek,725.6451612903226
3519,loser,up,669.40625
3520,loss,boots,713.0625
3521,loss,gain,626.6129032258065
3522,lost,alligator,712.2666666666667
3523,lost,found,781.8064516129032
3524,lots,drug,633.6129032258065
3525,lots,joke,678.5151515151515
3526,lots,little,641.5483870967741
3527,loud,jump,779.258064516129
3528,loud,pain,578.2903225806451
3529,lounge,help,611.4375
3530,lounge,hotel,589.7096774193549
3531,lover,fighter,656.4333333333333
3532,lover,inhale,817.0
3533,loving,caring,644.8666666666667
3534,loving,sign,689.9666666666667
3535,low,breathe,602.46875
3536,low,high,679.6129032258065
3537,lower,chew,683.5806451612904
3538,lower,higher,671.7096774193549
3539,loyal,true,673.4375
3540,loyal,thing,598.0
3541,loyalty,carry,751.2857142857143
3542,loyalty,husband,654.40625
3543,lubricate,condom,800.9032258064516
3544,lubricate,eyes,606.5
3545,luck,fortune,676.516129032258
3546,luck,maze,758.0714285714286
3547,luggage,explode,677.1333333333333
3548,luggage,plane,611.0
3549,lumber,build,617.6060606060606
3550,lumber,tornado,696.4375
3551,lump,bump,603.1333333333333
3552,lump,purse,747.6333333333333
3553,lunch,dinner,624.4848484848485
3554,lunch,gas,609.0322580645161
3555,lung,cancer,608.9677419354839
3556,lung,relationshi,746.1212121212121
3557,lust,not,638.9310344827586
3558,lust,obsession,690.1935483870968
3559,macaroni,noodles,801.5862068965517
3560,macaroni,shave,660.2258064516129
3561,machine,priest,742.9354838709677
3562,machine,washer,662.6333333333333
3563,mad,angry,579.0967741935484
3564,mad,thing,727.6
3565,mafia,italian,786.9090909090909
3566,mafia,spill,725.6666666666666
3567,magazine,book,556.1935483870968
3568,magazine,spine,747.3666666666667
3569,maggot,walkway,712.8214285714286
3570,maggot,worm,628.2413793103449
3571,magic,coke,783.2068965517242
3572,magic,trick,646.3125
3573,magician,it,636.1333333333333
3574,magician,magic,709.9032258064516
3575,magnet,refrigerator,787.1875
3576,magnet,system,722.0625
3577,magnify,enlarge,673.7741935483871
3578,magnify,trade,646.4333333333333
3579,mailbox,flag,665.1379310344828
3580,mailbox,major,637.7333333333333
3581,mailman,disagree,788.9
3582,mailman,mail,677.46875
3583,main,first,638.8064516129032
3584,main,uncommon,915.2666666666668
3585,major,holy,667.6666666666666
3586,major,minor,695.5
3587,majority,bite,710.6451612903226
3588,majority,most,646.448275862069
3589,make,do,780.5806451612904
3590,make,war,635.8965517241379
3591,male,hello,740.5454545454545
3592,male,man,570.2333333333333
3593,mall,lake,714.75
3594,mall,shop,646.21875
3595,malt,shake,735.1666666666666
3596,malt,stupid,643.5483870967741
3597,mammal,weekend,686.7741935483871
3598,mammal,whale,578.8125
3599,man,gone,666.4193548387096
3600,man,woman,607.6774193548387
3601,manner,old,625.84375
3602,manner,way,596.65625
3603,manners,cleaner,630.9354838709677
3604,manners,polite,741.3636363636364
3605,manufacturer,maker,793.6551724137931
3606,manufacturer,sweet,627.4516129032259
3607,many,concrete,806.258064516129
3608,many,few,727.8709677419355
3609,map,country,731.4848484848485
3610,map,plug,660.5625
3611,maple,sugar,645.9375
3612,maple,wonder,666.8125
3613,march,april,705.3225806451613
3614,march,lawyer,652.09375
3615,margin,left,653.4074074074074
3616,margin,public,791.0370370370371
3617,marijuana,cigarette,741.741935483871
3618,marijuana,wind,683.0333333333333
3619,marines,fast,629.3939393939394
3620,marines,men,608.9677419354839
3621,mark,check,624.4193548387096
3622,mark,late,627.625
3623,maroon,abandon,712.6774193548387
3624,maroon,trouble,631.9032258064516
3625,marriage,summary,780.28125
3626,marriage,wedding,669.46875
3627,mars,average,704.741935483871
3628,mars,planets,807.4193548387096
3629,marsh,excuse,679.516129032258
3630,marsh,swamp,729.3870967741935
3631,mary,lawn,659.2666666666667
3632,mary,virgin,724.5806451612904
3633,mask,face,747.8709677419355
3634,mask,neck,624.6774193548387
3635,mason,break,677.78125
3636,mason,worker,620.9677419354839
3637,mass,annually,779.7142857142857
3638,mass,confusion,765.9333333333333
3639,massage,planet,637.9032258064516
3640,massage,relax,656.7741935483871
3641,master,large,622.34375
3642,master,slave,678.84375
3643,mastery,nervous,661.1290322580645
3644,mastery,skill,625.258064516129
3645,mat,spice,681.741935483871
3646,mat,welcome,763.46875
3647,match,mix,694.1875
3648,match,mixture,645.9354838709677
3649,mate,toes,740.4
3650,mate,wife,594.15625
3651,material,hamburger,747.3103448275862
3652,material,object,569.3125
3653,matter,boxer,629.6129032258065
3654,matter,earth,655.7741935483871
3655,mature,age,609.46875
3656,mature,disappear,819.3870967741935
3657,maximum,camera,657.21875
3658,maximum,minimum,760.741935483871
3659,maybe,ignore,649.7
3660,maybe,not,641.7407407407408
3661,maze,highway,678.75
3662,maze,lost,671.4
3663,mcdonald's,hamburger,726.4848484848485
3664,mcdonald's,worry,651.4666666666667
3665,me,bible,707.7
3666,me,you,566.1
3667,meadow,field,579.6
3668,meadow,way,653.0322580645161
3669,mean,ugly,675.5333333333333
3670,mean,wagon,713.7586206896551
3671,meaning,definition,741.1612903225806
3672,meaning,egg,690.4333333333333
3673,meaningful,feeling,623.25
3674,meaningful,relationshi,739.4516129032259
3675,means,ability,775.96875
3676,means,backpack,659.2903225806451
3677,measure,calculate,799.060606060606
3678,measure,coral,863.7777777777778
3679,measurement,ruler,757.7333333333333
3680,measurement,weave,812.25
3681,meat,king,683.551724137931
3682,meat,steak,610.2258064516129
3683,medal,award,628.6774193548387
3684,medal,wall,656.3225806451613
3685,media,camera,592.6451612903226
3686,media,hose,759.4230769230769
3687,medical,clown,686.0322580645161
3688,medical,doctor,639.46875
3689,medicine,cabinet,723.0909090909091
3690,medicine,cowboy,712.7741935483871
3691,medieval,armor,821.9354838709677
3692,medieval,art,613.1612903225806
3693,mediocre,alright,768.0333333333333
3694,mediocre,erupt,792.9090909090909
3695,medium,rare,708.7
3696,medium,soft,614.9354838709677
3697,meet,crayon,692.1612903225806
3698,meet,new,645.3448275862069
3699,meeting,beach,727.4848484848485
3700,meeting,conference,752.9666666666667
3701,mellow,soup,690.8125
3702,mellow,yellow,664.75
3703,melt,adjective,795.8
3704,melt,cheese,618.4242424242424
3705,member,club,662.0689655172414
3706,member,plead,969.1538461538462
3707,memorial,service,701.2666666666667
3708,memorial,stain,743.84375
3709,memory,past,748.4137931034483
3710,memory,rule,751.8125
3711,men,see,661.9677419354839
3712,men,women,545.9333333333333
3713,mend,break,770.0645161290323
3714,mend,eggs,827.0322580645161
3715,mental,crackle,730.9642857142857
3716,mental,health,599.375
3717,merit,award,649.5666666666667
3718,merit,dance,718.6451612903226
3719,message,hurt,621.8387096774194
3720,message,note,598.6428571428571
3721,metal,plastic,691.8709677419355
3722,metal,problem,613.8064516129032
3723,meteor,brothers,648.9666666666667
3724,meteor,shower,688.46875
3725,meteorite,bacon,700.5454545454545
3726,meteorite,star,581.0666666666667
3727,meter,honor,659.5
3728,meter,yard,751.0
3729,methodist,catholic,604.2258064516129
3730,methodist,faint,762.1290322580645
3731,meticulous,bass,739.4333333333333
3732,meticulous,perfect,712.03125
3733,metric,broccoli,821.5555555555555
3734,metric,system,707.2
3735,mexico,control,632.84375
3736,mexico,south,607.448275862069
3737,mice,pass,659.8965517241379
3738,mice,rat,656.3125
3739,microphone,loud,668.9333333333333
3740,microphone,pancakes,824.2424242424242
3741,microscope,mob,821.0
3742,microscope,small,704.1290322580645
3743,microwave,cars,589.8387096774194
3744,microwave,oven,581.6896551724138
3745,middle,alone,667.3225806451613
3746,middle,center,791.7586206896551
3747,might,maybe,655.0
3748,might,scary,819.8709677419355
3749,mild,recipe,667.6896551724138
3750,mild,sauce,692.4193548387096
3751,mildew,above,655.28125
3752,mildew,stain,705.5333333333333
3753,million,illegal,713.1
3754,million,rich,637.96875
3755,mimic,apartment,848.9333333333333
3756,mimic,fake,726.03125
3757,mine,park,776.1612903225806
3758,mine,yours,596.6071428571429
3759,mineral,dead,720.6666666666666
3760,mineral,rock,633.0
3761,minimum,low,667.5666666666667
3762,minimum,unemploymen,901.0625
3763,mink,fox,573.0645161290323
3764,mink,slide,726.7241379310345
3765,minor,major,724.9677419354839
3766,minor,sharp,661.46875
3767,mint,jelly,688.4666666666667
3768,mint,yard,735.516129032258
3769,mints,enlarge,834.4642857142857
3770,mints,green,724.4
3771,minus,plus,642.0322580645161
3772,minus,thunder,762.0333333333333
3773,minute,second,604.78125
3774,minute,vision,731.59375
3775,minutes,hours,588.7272727272727
3776,minutes,lonely,700.7666666666667
3777,mirage,desert,810.1
3778,mirage,want,765.3103448275862
3779,mischief,trouble,765.0645161290323
3780,mischief,try,754.875
3781,miss,hit,717.6666666666666
3782,miss,theory,727.9375
3783,missile,dust,649.4137931034483
3784,missile,rocket,587.8064516129032
3785,mist,fog,637.71875
3786,mist,normal,602.0322580645161
3787,mistake,forgive,705.8064516129032
3788,mistake,piano,599.78125
3789,mister,bread,642.59375
3790,mister,man,762.5483870967741
3791,moat,castle,716.2258064516129
3792,moat,snake,648.2333333333333
3793,mob,art,611.6666666666666
3794,mob,crowd,735.7741935483871
3795,modern,roses,864.6875
3796,modern,style,601.9032258064516
3797,moist,plan,685.1875
3798,moist,wet,540.0645161290323
3799,molten,church,608.21875
3800,molten,rotten,771.875
3801,moment,closed,843.4333333333333
3802,moment,one,610.8620689655172
3803,monarch,butterfly,682.40625
3804,monarch,disgusting,797.9354838709677
3805,monastery,eyes,618.21875
3806,monastery,monk,712.1724137931035
3807,monday,tuesday,703.741935483871
3808,monday,vegetable,850.34375
3809,money,cash,580.4375
3810,money,preview,679.1935483870968
3811,mongoose,duck,588.0625
3812,mongoose,property,665.2903225806451
3813,monk,expensive,806.4242424242424
3814,monk,priest,729.71875
3815,monkey,ape,685.7586206896551
3816,monkey,wash,764.71875
3817,monotonous,boring,673.15625
3818,monotonous,straw,840.125
3819,monster,cancer,646.875
3820,monster,frankenstein,856.7096774193549
3821,month,clock,590.65625
3822,month,day,550.2903225806451
3823,monthly,annually,888.6666666666666
3824,monthly,keep,642.1612903225806
3825,monument,far,612.4193548387096
3826,monument,washington,719.8125
3827,moonlight,crops,735.24
3828,moonlight,night,660.9090909090909
3829,moose,deer,578.53125
3830,moose,eye,743.6428571428571
3831,mop,creator,684.8709677419355
3832,mop,floor,616.625
3833,moral,fake,653.34375
3834,moral,values,684.5806451612904
3835,morals,buffalo,757.84375
3836,morals,values,692.2758620689655
3837,more,less,612.483870967742
3838,more,noodles,808.25
3839,morning,early,658.4137931034483
3840,morning,point,756.3448275862069
3841,moron,idiot,607.5
3842,moron,slippery,696.7407407407408
3843,morse,code,861.0
3844,morse,gun,691.25
3845,mortgage,rent,694.71875
3846,mortgage,toy,709.15625
3847,moss,fungus,777.36
3848,moss,glue,699.483870967742
3849,most,all,585.0322580645161
3850,most,annually,824.8620689655172
3851,motel,pass,749.6
3852,motel,sleep,611.7666666666667
3853,mother,father,613.78125
3854,mother,male,738.5666666666667
3855,motion,defense,706.78125
3856,motion,movement,770.2
3857,motionless,ant,674.71875
3858,motionless,still,719.939393939394
3859,motor,auto,738.0344827586207
3860,motor,jane,943.3809523809524
3861,motorcycle,danger,616.0
3862,motorcycle,kiss,720.2903225806451
3863,mountain,situation,758.25
3864,mountain,top,574.5483870967741
3865,mousse,rat,706.1666666666666
3866,mousse,roof,698.5862068965517
3867,move,science,662.0
3868,move,stay,598.3939393939394
3869,movement,fishing,697.8333333333334
3870,movement,motion,619.8064516129032
3871,movie,film,634.1935483870968
3872,movie,hunger,748.5172413793103
3873,mow,lawn,545.1666666666666
3874,mow,run,653.3548387096774
3875,mower,bug,703.25
3876,mower,cut,605.3793103448276
3877,much,homework,672.78125
3878,much,many,683.8709677419355
3879,muffin,necklace,680.8125
3880,muffin,toast,631.5625
3881,mug,amuse,771.64
3882,mug,beer,596.8
3883,mule,britain,1056.809523809524
3884,mule,pull,701.34375
3885,multiply,don't,706.09375
3886,multiply,increase,647.1515151515151
3887,mummy,dad,690.1875
3888,mummy,daily,700.4666666666667
3889,munch,chew,672.6
3890,munch,sink,717.46875
3891,murderer,irregular,789.0666666666667
3892,murderer,killer,710.1290322580645
3893,muscle,rude,673.5333333333333
3894,muscle,strong,629.5625
3895,music,dance,717.8666666666667
3896,music,willing,731.1071428571429
3897,musk,brush,668.625
3898,musk,cologne,677.1538461538462
3899,must,crash,597.3125
3900,must,have,673.5483870967741
3901,mustache,beard,609.0
3902,mustache,dolphin,743.4333333333333
3903,mute,deaf,734.3103448275862
3904,mute,swallow,646.2758620689655
3905,mutton,faith,666.2
3906,mutton,lamb,676.84375
3907,mystery,eat,526.0
3908,mystery,novel,709.6129032258065
3909,myth,clock,731.8064516129032
3910,myth,legend,602.65625
3911,mythology,legend,656.3636363636364
3912,mythology,perfume,681.9375
3913,nag,bother,792.1
3914,nag,oven,640.46875
3915,nail,doe,845.25
3916,nail,polish,665.21875
3917,naive,innocent,765.0
3918,naive,outdoors,681.78125
3919,name,owl,801.1290322580645
3920,name,title,663.3666666666667
3921,nap,ill,665.03125
3922,nap,sleep,631.258064516129
3923,napkin,class,705.1875
3924,napkin,fold,657.3870967741935
3925,nation,continent,947.6333333333332
3926,nation,tree,779.6875
3927,natural,booze,818.5185185185185
3928,natural,nature,628.9375
3929,nature,dishes,737.71875
3930,nature,outdoors,703.5
3931,nausea,shine,717.7931034482758
3932,nausea,vomit,732.2903225806451
3933,nauseous,pill,638.625
3934,nauseous,stomach,664.46875
3935,navigator,often,738.6428571428571
3936,navigator,pilot,655.5806451612904
3937,necessary,catholic,700.0322580645161
3938,necessary,need,608.3666666666667
3939,neck,collar,786.03125
3940,neck,novice,778.4782608695652
3941,necklace,gold,619.1875
3942,necklace,hammer,741.0666666666667
3943,needle,rare,738.6774193548387
3944,needle,thread,707.5483870967741
3945,needy,child,634.4642857142857
3946,needy,wednesday,675.3125
3947,negative,minus,759.4666666666667
3948,negative,mirror,670.4545454545455
3949,negotiation,agreement,662.4848484848485
3950,negotiation,sneeze,648.3793103448276
3951,neighborhood,area,672.0645161290323
3952,neighborhood,frightened,753.5806451612904
3953,nephew,broken,735.1666666666666
3954,nephew,uncle,692.8387096774194
3955,nerd,geek,667.6774193548387
3956,nerd,west,622.9629629629629
3957,nerve,bear,735.46875
3958,nerve,neuron,697.625
3959,nerves,deaf,937.8571428571428
3960,nerves,ending,846.9032258064516
3961,net,clipper,751.75
3962,net,gain,677.6
3963,network,news,811.6
3964,network,strap,736.5
3965,neutron,atom,789.4666666666667
3966,neutron,square,808.6363636363636
3967,never,again,618.1212121212121
3968,never,son,693.1290322580645
3969,new,hip,783.9
3970,new,shine,698.84375
3971,news,government,759.3333333333334
3972,news,paper,556.8333333333334
3973,newspaper,have,797.1481481481482
3974,newspaper,print,698.4193548387096
3975,newsstand,magazine,665.03125
3976,newsstand,tonic,761.6666666666666
3977,nickel,five,823.8064516129032
3978,nickel,short,707.3333333333334
3979,nicotine,borrow,752.40625
3980,nicotine,cigarette,706.03125
3981,niece,hunter,663.5862068965517
3982,niece,nephew,825.9375
3983,night,day,637.6129032258065
3984,night,laugh,807.6666666666666
3985,nightgown,confess,762.8064516129032
3986,nightgown,sexy,644.1875
3987,nine,ten,706.2258064516129
3988,nine,you,579.1612903225806
3989,nitrogen,end,663.1612903225806
3990,nitrogen,oxygen,630.4193548387096
3991,no,advice,778.0666666666667
3992,no,yes,590.4666666666667
3993,noisy,loud,630.21875
3994,noisy,street,686.1333333333333
3995,nomad,homeless,719.09375
3996,nomad,relative,804.4
3997,none,full,723.6333333333333
3998,none,zero,626.3928571428571
3999,nonsense,ridiculous,754.3548387096774
4000,nonsense,secret,784.6451612903226
4001,noon,lunch,586.5
4002,noon,place,631.03125
4003,norm,average,618.96875
4004,norm,mirror,625.21875
4005,normal,abnormal,762.8
4006,normal,bum,870.2333333333333
4007,north,search,684.5333333333333
4008,north,south,729.5483870967741
4009,nose,blow,638.46875
4010,nose,drug,582.9032258064516
4011,not,dad,578.5483870967741
4012,not,negative,711.516129032258
4013,note,knight,661.5
4014,note,letter,652.4375
4015,notebook,broccoli,780.9310344827586
4016,notebook,folder,684.7666666666667
4017,nothing,hat,565.8518518518518
4018,nothing,something,627.9354838709677
4019,notice,see,674.4333333333333
4020,notice,string,831.0967741935484
4021,notify,alert,594.6451612903226
4022,notify,english,710.6071428571429
4023,noun,never,705.78125
4024,noun,verb,616.0967741935484
4025,novel,part,628.8387096774194
4026,novel,read,541.7666666666667
4027,novice,beginner,663.2903225806451
4028,novice,lady,628.5483870967741
4029,now,account,783.3448275862069
4030,now,later,705.40625
4031,nuclear,bomb,581.8125
4032,nuclear,chance,831.3333333333334
4033,number,one,612.8709677419355
4034,number,pencil,622.59375
4035,numbers,add,699.8125
4036,numbers,cook,677.5
4037,nun,father,721.5
4038,nun,tax,695.1290322580645
4039,nurse,high,636.8666666666667
4040,nurse,patient,691.875
4041,nut,cracker,674.5483870967741
4042,nut,motorcycle,728.15625
4043,nuts,crazy,592.6774193548387
4044,nuts,news,713.1935483870968
4045,nylon,hose,730.3571428571429
4046,nylon,medicine,688.5625
4047,oasis,move,625.71875
4048,oasis,thirsty,777.6129032258065
4049,oath,can't,763.5
4050,oath,promise,700.3125
4051,object,backward,707.9677419354839
4052,object,subject,538.71875
4053,objective,course,660.5151515151515
4054,objective,green,626.9333333333333
4055,obligation,duty,739.7931034482758
4056,obligation,school,704.8064516129032
4057,obnoxious,irritating,795.2903225806451
4058,obnoxious,teacher,760.0344827586207
4059,oboe,flute,688.25
4060,oboe,separate,881.8125
4061,obscure,assistant,808.741935483871
4062,obscure,unclear,840.0322580645161
4063,observe,deaf,768.5185185185185
4064,observe,watch,626.6875
4065,obsession,id,986.2222222222222
4066,obsession,perfume,690.0
4067,obstacle,course,725.03125
4068,obstacle,robbery,663.7931034482758
4069,obtain,steal,605.7
4070,obtain,warm,696.1290322580645
4071,obvious,bit,635.3
4072,obvious,hidden,664.2903225806451
4073,occupation,money,769.5483870967741
4074,occupation,race,627.0
4075,occupied,busy,649.6451612903226
4076,occupied,shake,633.0625
4077,ocean,print,624.6896551724138
4078,ocean,sea,634.1666666666666
4079,octopus,arms,673.4848484848485
4080,octopus,extinct,755.9333333333333
4081,odd,baseball,651.75
4082,odd,unusual,777.15625
4083,odds,against,850.1290322580645
4084,odds,wash,691.3636363636364
4085,off,on,594.7741935483871
4086,off,paper,589.7741935483871
4087,offend,bother,861.9677419354839
4088,offend,music,695.0967741935484
4089,offense,defense,654.6
4090,offense,pill,632.4642857142857
4091,office,desk,658.0967741935484
4092,office,rocket,783.9677419354839
4093,officer,ballet,685.78125
4094,officer,navy,688.6896551724138
4095,official,cereal,795.4516129032259
4096,official,referee,883.1666666666666
4097,often,ax,823.6363636363636
4098,often,enough,610.2121212121212
4099,ointment,medicine,718.6896551724138
4100,ointment,stone,654.5
4101,okay,alright,717.3225806451613
4102,okay,zero,706.2
4103,old,new,708.875
4104,old,value,618.53125
4105,oligarchy,government,619.7878787878788
4106,oligarchy,part,598.8064516129032
4107,olympics,bicycle,758.0322580645161
4108,olympics,gold,677.5666666666667
4109,once,alcohol,660.0645161290323
4110,once,never,677.3333333333334
4111,onion,hamburger,722.4375
4112,onion,unclear,793.8333333333334
4113,oodles,magazine,783.1
4114,oodles,noodles,768.6774193548387
4115,open,close,603.6896551724138
4116,open,smudge,964.1111111111112
4117,opener,can,618.53125
4118,opener,cheat,700.7931034482758
4119,opening,closing,824.6333333333333
4120,opening,repeat,652.5757575757576
4121,operation,surgery,702.0967741935484
4122,operation,valuable,665.4
4123,opportunity,chance,678.4
4124,opportunity,modern,763.15625
4125,opposite,monk,792.2608695652174
4126,opposite,same,795.6666666666666
4127,optimistic,self,658.8709677419355
4128,optimistic,view,627.75
4129,option,loving,617.9032258064516
4130,option,open,648.3125
4131,orchestra,violin,600.5483870967741
4132,orchestra,wet,564.1379310344828
4133,orchid,chalk,729.34375
4134,orchid,plant,597.6774193548387
4135,orderly,college,771.4137931034483
4136,orderly,fashion,643.3870967741935
4137,ordinary,plain,652.78125
4138,ordinary,swing,764.4516129032259
4139,ore,iron,665.3793103448276
4140,ore,near,700.3870967741935
4141,oregano,nut,665.03125
4142,oregano,spice,624.9
4143,organize,flop,794.7826086956521
4144,organize,neat,861.1333333333333
4145,orient,asia,748.5483870967741
4146,orient,dots,789.56
4147,original,cologne,949.9642857142856
4148,original,first,855.0666666666667
4149,originate,begin,782.90625
4150,originate,danger,759.28125
4151,ornament,shove,763.3870967741935
4152,ornament,tree,622.9090909090909
4153,otter,ghost,616.0322580645161
4154,otter,lake,675.1
4155,ouch,go,611.0666666666667
4156,ouch,hurt,716.0
4157,ounce,headache,675.1666666666666
4158,ounce,pound,604.6451612903226
4159,out,cup,623.9629629629629
4160,out,in,534.9
4161,outcome,end,706.060606060606
4162,outcome,record,564.1935483870968
4163,outdoors,indoors,641.8666666666667
4164,outdoors,lose,682.96
4165,outgoing,extrovert,908.5217391304348
4166,outgoing,view,701.0909090909091
4167,outlet,attempt,626.7
4168,outlet,plug,770.2413793103449
4169,outrageous,funny,544.4666666666667
4170,outrageous,snail,681.6333333333333
4171,oval,basketball,844.0645161290323
4172,oval,office,770.4375
4173,oven,heat,724.9677419354839
4174,oven,sad,568.5
4175,over,turn,864.8333333333334
4176,over,wire,653.4827586206897
4177,overcome,nothing,674.1875
4178,overcome,obstacle,718.7666666666667
4179,overflow,italian,699.8
4180,overflow,spill,608.0967741935484
4181,overpower,beat,656.3793103448276
4182,overpower,negative,707.0666666666667
4183,overview,away,731.0
4184,overview,preview,665.0909090909091
4185,overwhelm,again,630.7333333333333
4186,overwhelm,excited,718.53125
4187,owe,lend,755.7391304347826
4188,owe,many,715.6129032258065
4189,own,mine,833.28125
4190,own,yard,776.3870967741935
4191,owner,foreign,775.15625
4192,owner,seller,655.5483870967741
4193,oxygen,breathe,691.75
4194,oxygen,write,742.6
4195,oyster,clam,699.1538461538462
4196,oyster,shampoo,670.53125
4197,ozone,cabbage,816.0344827586207
4198,ozone,layer,695.0645161290323
4199,pack,rot,996.0869565217392
4200,pack,six,755.6451612903226
4201,package,guilt,811.2857142857143
4202,package,mail,674.5625
4203,paddle,period,651.741935483871
4204,paddle,punishment,634.1875
4205,paddy,flower,670.0625
4206,paddy,wagon,603.0344827586207
4207,page,call,613.0645161290323
4208,page,later,691.25
4209,pail,bucket,629.5
4210,pail,slip,730.9655172413793
4211,pain,headache,732.6875
4212,pain,prince,685.9
4213,pair,operation,755.1612903225806
4214,pair,two,631.71875
4215,palace,guard,619.71875
4216,palace,killer,720.4193548387096
4217,pale,argue,668.9677419354839
4218,pale,tan,747.0
4219,palm,sunday,764.8
4220,palm,take,740.6333333333333
4221,pan,pot,633.1290322580645
4222,pan,strap,760.3571428571429
4223,pancakes,syrup,672.59375
4224,pancakes,tree,614.2903225806451
4225,panel,trash,668.5757575757576
4226,panel,wood,607.741935483871
4227,pants,graduation,821.9375
4228,pants,wear,582.1612903225806
4229,paper,gather,727.25
4230,paper,pencil,622.46875
4231,paperclip,staple,621.7241379310345
4232,paperclip,winner,654.8275862068965
4233,parade,arrow,688.25
4234,parade,circus,666.8666666666667
4235,paradise,add,691.7741935483871
4236,paradise,island,657.1666666666666
4237,parcel,ask,613.1724137931035
4238,parcel,package,626.25
4239,parched,backward,624.6129032258065
4240,parched,thirsty,696.15625
4241,pardon,excuse,655.483870967742
4242,pardon,soprano,842.44
4243,paris,france,698.0967741935484
4244,paris,shoelace,989.0454545454544
4245,park,tax,817.5
4246,park,tree,642.0625
4247,parking,crab,782.2
4248,parking,lot,640.6774193548387
4249,parkway,cars,673.625
4250,parkway,pull,642.6129032258065
4251,parsley,party,721.060606060606
4252,parsley,spice,650.6666666666666
4253,part,staple,743.3793103448276
4254,part,whole,644.5
4255,participate,guard,693.5
4256,participate,join,748.8125
4257,party,naked,614.0645161290323
4258,party,unusual,674.0333333333333
4259,pass,fail,635.1818181818181
4260,pass,jogger,783.6071428571429
4261,passage,hallway,788.53125
4262,passage,poison,716.7241379310345
4263,passive,active,633.0322580645161
4264,passive,girlfriend,769.7741935483871
4265,pasta,big,719.3225806451613
4266,pasta,spaghetti,730.8709677419355
4267,paste,glue,627.741935483871
4268,paste,superman,860.6875
4269,pastry,cough,651.1333333333333
4270,pastry,doughnut,684.6875
4271,pasture,grass,570.96875
4272,pasture,hog,668.88
4273,pat,tail,733.7586206896551
4274,pat,touch,660.741935483871
4275,path,forest,615.8333333333334
4276,path,socket,729.6206896551724
4277,patience,tuesday,828.0
4278,patience,virtue,626.7096774193549
4279,patient,me,765.2
4280,patient,nurse,680.3448275862069
4281,patio,elevator,597.65625
4282,patio,furniture,768.4848484848485
4283,pattern,maze,897.1034482758621
4284,pattern,touch,718.7272727272727
4285,pay,check,707.6333333333333
4286,pay,turtle,669.4848484848485
4287,payment,job,599.6551724137931
4288,payment,mustache,802.5
4289,peak,best,703.2333333333333
4290,peak,odd,572.1666666666666
4291,peanut,bravery,767.0333333333333
4292,peanut,butter,615.5483870967741
4293,pear,peach,631.6875
4294,pear,succeed,716.4375
4295,pearl,letter,748.5625
4296,pearl,oyster,772.0666666666667
4297,pebble,bucket,680.3225806451613
4298,pebble,rock,678.6333333333333
4299,pedal,bike,664.03125
4300,pedal,found,671.8333333333334
4301,pen,pencil,673.6875
4302,pen,weak,629.96875
4303,pendulum,hypnotize,727.7096774193549
4304,pendulum,what,728.6129032258065
4305,penny,dime,664.1290322580645
4306,penny,stop,641.2903225806451
4307,people,place,556.9354838709677
4308,people,then,679.1935483870968
4309,pepperoni,alcohol,690.90625
4310,pepperoni,pizza,580.969696969697
4311,perceive,bother,702.1379310344828
4312,perceive,look,540.1
4313,percent,hundred,725.4545454545455
4314,percent,odd,585.0666666666667
4315,percentage,hundred,770.6451612903226
4316,percentage,round,621.0666666666667
4317,perception,sight,666.4666666666667
4318,perception,values,627.3548387096774
4319,perch,branch,593.8064516129032
4320,perch,for,688.4814814814815
4321,perform,act,718.28125
4322,perform,lost,589.9333333333333
4323,period,decision,726.9375
4324,period,sentence,700.969696969697
4325,periscope,pancakes,705.6875
4326,periscope,submarine,782.1785714285714
4327,perish,disappear,763.5666666666667
4328,perish,drink,630.0645161290323
4329,permit,let,656.7096774193549
4330,permit,plain,698.1
4331,peroxide,blonde,620.969696969697
4332,peroxide,santa,864.28
4333,personal,chest,700.7096774193549
4334,personal,diary,701.8125
4335,personality,trait,656.8666666666667
4336,personality,west,702.1333333333333
4337,personnel,garbage,697.375
4338,personnel,staff,638.9666666666667
4339,persuade,con,833.5833333333334
4340,persuade,war,690.1666666666666
4341,pest,coke,712.060606060606
4342,pest,control,727.060606060606
4343,petroleum,car,569.7741935483871
4344,petroleum,year,728.1333333333333
4345,phantom,monster,727.5333333333333
4346,phantom,wheelchair,942.9032258064516
4347,phase,letters,646.1612903225806
4348,phase,stage,642.84375
4349,philosophy,need,562.9677419354839
4350,philosophy,thought,660.4333333333333
4351,phone,call,716.9
4352,phone,when,640.0967741935484
4353,phony,false,635.6666666666666
4354,phony,bubble,718.7857142857143
4355,phrase,characteris,987.3
4356,phrase,sentence,759.125
4357,physical,doctor,620.8125
4358,physical,slip,746.741935483871
4359,physician,needle,779.8064516129032
4360,physician,sweet,616.4242424242424
4361,physics,motion,748.3636363636364
4362,physics,picket,986.6521739130436
4363,physiology,body,635.125
4364,physiology,specific,857.0
4365,piano,key,612.78125
4366,piano,question,606.0322580645161
4367,pick,carrot,679.4193548387096
4368,pick,choose,731.9
4369,picket,cause,664.1666666666666
4370,picket,seek,678.1875
4371,pickle,dill,861.5
4372,pickle,swear,728.9375
4373,pickles,dill,799.6129032258065
4374,pickles,sexy,659.6451612903226
4375,picnic,lunch,580.1875
4376,picture,driving,660.8387096774194
4377,picture,frame,692.7096774193549
4378,pie,apple,571.6
4379,pie,relative,752.551724137931
4380,piece,business,732.21875
4381,piece,pie,728.75
4382,pieces,earth,727.7241379310345
4383,pieces,puzzle,669.9655172413793
4384,pig,hog,626.8928571428571
4385,pig,radio,610.71875
4386,pike,nail,694.03125
4387,pike,peak,668.46875
4388,pile,stack,678.9677419354839
4389,pile,tiger,660.6129032258065
4390,pillow,blanket,680.125
4391,pillow,salad,667.5483870967741
4392,pimple,furniture,802.1785714285714
4393,pimple,zit,805.4814814814815
4394,pin,fire,664.25
4395,pin,sharp,657.875
4396,pint,card,633.1333333333333
4397,pint,quart,771.1666666666666
4398,pious,holy,631.1
4399,pious,secret,610.3225806451613
4400,pipe,cleaner,708.4516129032259
4401,pipe,rotten,682.6129032258065
4402,pissed,mad,592.71875
4403,pissed,upstairs,691.65625
4404,pit,hell,669.84375
4405,pit,rocket,650.7096774193549
4406,pitcher,girls,640.1612903225806
4407,pitcher,tea,606.9375
4408,pitchfork,chalk,690.21875
4409,pitchfork,hay,690.0769230769231
4410,pity,shame,629.625
4411,pity,valuable,887.0
4412,plaid,socket,733.925925925926
4413,plaid,stripe,729.46875
4414,plain,simple,653.0322580645161
4415,plain,unclear,860.3
4416,plane,crash,657.6206896551724
4417,plane,future,712.3225806451613
4418,planning,happy,611.96875
4419,planning,organize,676.6
4420,plant,bush,788.21875
4421,plant,helper,902.75
4422,plants,flowers,615.40625
4423,plants,partner,727.2666666666667
4424,plaque,steal,664.2333333333333
4425,plaque,trophy,655.3548387096774
4426,plaster,strange,659.741935483871
4427,plaster,wall,623.8387096774194
4428,plastic,open,599.6060606060606
4429,plastic,tupperware,798.0666666666667
4430,plate,saucer,800.8928571428571
4431,plate,stay,688.9655172413793
4432,plates,dishes,707.0
4433,plates,tart,800.6923076923077
4434,platform,liberty,638.375
4435,platform,stage,640.8787878787879
4436,player,stick,619.8
4437,player,tennis,694.15625
4438,playground,gum,673.4285714285714
4439,playground,slide,607.8333333333334
4440,playing,carrot,615.5769230769231
4441,playing,kids,611.7333333333333
4442,plaything,aware,648.0
4443,plaything,toy,620.9677419354839
4444,plaza,mall,801.4375
4445,plaza,twelve,694.96875
4446,plead,beg,662.3666666666667
4447,plead,item,822.34375
4448,please,thanks,652.483870967742
4449,please,whole,653.1290322580645
4450,pledge,honor,721.5483870967741
4451,pledge,marker,854.8709677419355
4452,plenty,enough,682.375
4453,plenty,thousand,667.84375
4454,pliers,company,763.2903225806451
4455,pliers,tool,578.1875
4456,plot,pig,780.9
4457,plot,summary,676.7096774193549
4458,plug,socket,707.7586206896551
4459,plug,spinach,691.16
4460,plum,pudding,684.9354838709677
4461,plum,weekend,646.4193548387096
4462,plumber,drain,664.5625
4463,plumber,sound,622.0909090909091
4464,plus,jump,625.53125
4465,plus,minus,607.9666666666667
4466,plush,carpet,649.8125
4467,plush,tiger,675.3
4468,pluto,defense,730.0
4469,pluto,dog,662.5
4470,pocket,jeans,715.9
4471,pocket,there,697.0625
4472,pocketbook,newspaper,779.7096774193549
4473,pocketbook,purse,607.9677419354839
4474,poem,rhyme,701.0967741935484
4475,poem,staple,687.5333333333333
4476,poet,fat,625.9655172413793
4477,poet,writer,650.0967741935484
4478,poetry,beam,773.1875
4479,poetry,poem,581.6896551724138
4480,point,direct,724.5
4481,point,spoon,606.78125
4482,poison,evil,704.1875
4483,poison,snake,707.78125
4484,poker,first,683.8709677419355
4485,poker,gamble,671.1
4486,pole,game,607.25
4487,pole,vault,672.7142857142857
4488,policeman,cop,673.3103448275862
4489,policeman,wine,627.4193548387096
4490,policy,decay,808.8214285714286
4491,policy,rule,692.7333333333333
4492,polish,luck,609.59375
4493,polish,shine,654.6451612903226
4494,politician,encourage,740.0625
4495,politician,liar,674.96875
4496,politics,groceries,918.4666666666668
4497,politics,republican,751.7241379310345
4498,pollution,environment,697.4193548387096
4499,pollution,washington,772.9032258064516
4500,polyester,cotton,655.258064516129
4501,polyester,fright,869.0689655172414
4502,pond,dark,643.4516129032259
4503,pond,lake,704.5666666666667
4504,pool,hall,667.5806451612904
4505,pool,steel,759.9333333333333
4506,poor,dinosaur,828.1
4507,poor,lonely,684.96875
4508,pop,promise,620.8181818181819
4509,pop,soda,713.5333333333333
4510,popcorn,butter,581.90625
4511,popcorn,slave,631.7666666666667
4512,pope,god,689.6129032258065
4513,pope,like,766.6896551724138
4514,popeye,shoot,568.34375
4515,popeye,spinach,756.0333333333333
4516,population,explosion,748.25
4517,population,sword,702.9333333333333
4518,porcelain,doll,605.3
4519,porcelain,start,614.4516129032259
4520,porch,trophy,534.0
4521,pork,bacon,697.90625
4522,pork,belief,707.71875
4523,port,grandma,802.09375
4524,port,ship,712.1333333333333
4525,portion,monkey,725.40625
4526,portion,sample,772.4
4527,portray,neutron,847.9
4528,portray,paint,703.3333333333334
4529,position,cash,705.2666666666667
4530,position,place,631.21875
4531,positive,always,608.0625
4532,positive,negative,678.3125
4533,possess,couch,687.516129032258
4534,possess,take,638.5666666666667
4535,possible,castle,627.1290322580645
4536,possible,dream,598.71875
4537,post,crayon,693.125
4538,post,office,596.15625
4539,postage,above,614.8709677419355
4540,postage,stamp,689.21875
4541,potato,salad,739.09375
4542,potato,trade,743.0
4543,pottery,clay,629.9032258064516
4544,pottery,knee,688.90625
4545,pounce,cause,709.258064516129
4546,pounce,hit,745.8076923076923
4547,pound,dollar,603.78125
4548,pound,left,698.3870967741935
4549,pour,pot,658.2121212121212
4550,pour,spill,605.3870967741935
4551,powder,face,600.7333333333333
4552,powder,milk,742.90625
4553,powerful,strong,560.8125
4554,powerful,suffocate,778.0
4555,practice,data,702.28125
4556,practice,perfect,656.71875
4557,praise,comfortable,720.6333333333333
4558,praise,glory,581.5483870967741
4559,prank,cry,722.0
4560,prank,joke,612.4242424242424
4561,pray,ask,719.03125
4562,pray,can't,917.7586206896552
4563,prayer,hands,622.21875
4564,prayer,octopus,799.5925925925926
4565,precious,crooked,751.8076923076923
4566,precious,valuable,716.75
4567,precipice,cool,615.0
4568,precipice,recipe,842.516129032258
4569,precise,exact,628.2258064516129
4570,precise,leader,672.6875
4571,predator,continent,966.0909090909092
4572,predator,hunter,744.7741935483871
4573,prefer,choose,691.75
4574,prefer,two,713.9375
4575,premises,moon,647.6
4576,premises,property,671.875
4577,prepare,cheap,675.1515151515151
4578,prepare,ready,642.5151515151515
4579,presence,fear,631.125
4580,presence,there,652.516129032258
4581,present,gift,669.3448275862069
4582,present,picture,659.59375
4583,presentation,paint,726.9677419354839
4584,presentation,speech,641.6
4585,president,force,690.8709677419355
4586,president,usa,867.08
4587,press,conference,769.5925925925926
4588,press,grab,724.741935483871
4589,prestige,check,665.25
4590,prestige,honor,646.4666666666667
4591,presume,assume,704.5806451612904
4592,presume,referee,874.78125
4593,pretend,act,650.7096774193549
4594,pretend,higher,700.6451612903226
4595,price,amount,639.0333333333333
4596,price,writing,820.6774193548387
4597,priceless,slippery,906.741935483871
4598,priceless,valuable,715.8125
4599,prickly,cactus,796.8064516129032
4600,prickly,together,680.2333333333333
4601,pride,patient,705.3666666666667
4602,pride,prejudice,856.5714285714286
4603,primate,bear,672.5757575757576
4604,primate,monkey,665.1515151515151
4605,prime,dirt,694.1333333333333
4606,prime,ribs,756.5666666666667
4607,prince,navy,763.0322580645161
4608,prince,princess,685.4375
4609,princess,pledge,703.59375
4610,princess,prince,622.1333333333333
4611,printer,copy,632.0625
4612,printer,fishing,667.2121212121212
4613,prisoner,jail,636.3870967741935
4614,prisoner,marriage,712.25
4615,private,public,655.21875
4616,private,watch,662.516129032258
4617,pro,agreement,669.15625
4618,pro,con,806.32
4619,procedure,asleep,659.71875
4620,procedure,experiment,702.8064516129032
4621,process,beg,591.9285714285714
4622,process,system,718.8387096774194
4623,producer,maker,673.8620689655172
4624,producer,multiply,722.3666666666667
4625,product,country,737.0625
4626,product,item,732.2068965517242
4627,production,movie,699.4193548387096
4628,production,prince,759.6060606060606
4629,professional,begin,706.4516129032259
4630,professional,lawyer,618.5806451612904
4631,professor,age,651.6875
4632,professor,teach,680.1
4633,prom,fun,631.0
4634,prom,sports,705.3928571428571
4635,promise,broken,666.0909090909091
4636,promise,magic,643.1612903225806
4637,pronoun,adjective,748.65625
4638,pronoun,butter,628.6129032258065
4639,proof,evidence,625.1666666666666
4640,proof,ledge,815.28
4641,property,flop,787.6538461538462
4642,property,tax,613.3125
4643,proprietor,owner,694.516129032258
4644,proprietor,thaw,821.0909090909091
4645,prose,plug,700.6428571428571
4646,prose,poetry,635.375
4647,protect,fantasy,819.2333333333333
4648,protect,secure,666.65625
4649,protection,condom,919.1290322580644
4650,protection,jewish,651.9666666666667
4651,protein,accuse,782.1333333333333
4652,protein,egg,614.84375
4653,protestant,catholic,652.9354838709677
4654,protestant,hypnotize,647.3666666666667
4655,proud,arrogant,675.0689655172414
4656,proud,treat,757.8666666666667
4657,prove,dusk,695.9
4658,prove,theory,767.0689655172414
4659,proverb,bible,701.3225806451613
4660,proverb,silly,776.09375
4661,provision,abandon,789.71875
4662,provision,food,604.375
4663,prune,child,745.3225806451613
4664,prune,juice,604.125
4665,psychology,hurricane,731.0625
4666,psychology,mind,598.516129032258
4667,pub,restaurant,771.9677419354839
4668,pub,staff,815.3793103448276
4669,puberty,adolescent,894.0689655172414
4670,puberty,daring,696.1724137931035
4671,public,private,612.6666666666666
4672,public,win,626.78125
4673,publication,public,633.7741935483871
4674,publication,span,864.2608695652174
4675,publisher,company,821.0625
4676,publisher,lid,836.0689655172414
4677,pudding,chocolate,707.3548387096774
4678,pudding,stiff,816.72
4679,puke,terrible,721.3225806451613
4680,puke,vomit,609.2
4681,pull,cheese,645.90625
4682,pull,shove,702.8387096774194
4683,pump,bra,874.3076923076923
4684,pump,tire,796.65625
4685,pumpkin,halloween,654.2903225806451
4686,pumpkin,shopping,719.7741935483871
4687,punctuation,kitchen,680.875
4688,punctuation,period,706.9032258064516
4689,purchase,capability,833.1785714285714
4690,purchase,mall,678.9
4691,purpose,boss,686.2666666666667
4692,purpose,reason,697.9354838709677
4693,push,congress,655.7096774193549
4694,push,shove,744.5
4695,pushy,annoying,771.6666666666666
4696,pushy,chaos,743.3
4697,put,away,757.71875
4698,put,beast,705.5
4699,pyramid,egypt,784.09375
4700,pyramid,object,643.9
4701,quack,duck,587.53125
4702,quack,tear,628.0322580645161
4703,quality,characteris,1079.4137931034484
4704,quality,ridiculous,778.28125
4705,quantity,amount,661.8387096774194
4706,quantity,messy,662.9285714285714
4707,quart,oil,706.25
4708,quart,rice,690.3125
4709,quarter,asia,794.03125
4710,quarter,dime,720.3666666666667
4711,quench,know,586.46875
4712,quench,thirst,723.741935483871
4713,quest,couch,592.3870967741935
4714,quest,journey,704.0
4715,question,dollar,690.0
4716,question,test,663.65625
4717,quick,hurry,695.59375
4718,quick,thaw,739.65
4719,quill,pen,619.4516129032259
4720,quill,public,829.0322580645161
4721,quilt,blanket,778.9677419354839
4722,quilt,head,613.1
4723,quiz,dagger,761.4444444444445
4724,quiz,test,695.75
4725,quotient,ant,686.741935483871
4726,quotient,divide,672.6785714285714
4727,rabbi,jewish,709.9032258064516
4728,rabbi,toothbrush,686.25
4729,raccoon,copy,680.0
4730,raccoon,squirrel,617.0322580645161
4731,race,failure,689.6129032258065
4732,race,human,660.8064516129032
4733,rack,bike,745.34375
4734,rack,tart,753.3846153846154
4735,racket,polite,682.875
4736,racket,tennis,657.3125
4737,radiator,sister,641.2333333333333
4738,radiator,warm,778.40625
4739,radish,call,683.1333333333333
4740,radish,vegetable,740.741935483871
4741,raft,float,617.6875
4742,raft,tighten,795.3076923076923
4743,rag,cloth,723.8666666666667
4744,rag,dangerous,674.1935483870968
4745,rain,shoelace,1031.9
4746,rain,thunder,685.1515151515151
4747,rainy,pledge,731.1428571428571
4748,rainy,weather,680.625
4749,raisin,clue,702.2903225806451
4750,raisin,grape,638.9
4751,rake,leaves,645.6451612903226
4752,rake,prisoner,788.125
4753,ram,make,699.4137931034483
4754,ram,sheep,595.6333333333333
4755,range,shoot,595.7741935483871
4756,range,tan,701.2758620689655
4757,rap,quart,755.7777777777778
4758,rap,rhyme,746.3928571428571
4759,rape,crime,561.7741935483871
4760,rape,orgasm,854.0333333333333
4761,rare,thirst,770.2727272727273
4762,rare,uncommon,814.5483870967741
4763,rash,ditch,834.7931034482758
4764,rash,itch,718.1785714285714
4765,raspberry,bike,654.4516129032259
4766,raspberry,tart,788.0
4767,rat,cat,711.2903225806451
4768,rat,stiff,786.6451612903226
4769,rationalize,lock,683.4193548387096
4770,rationalize,think,588.0
4771,raw,kill,644.8064516129032
4772,raw,meat,618.8620689655172
4773,rays,fortune,829.3
4774,rays,sun,630.741935483871
4775,razor,sharp,725.2
4776,razor,weather,722.03125
4777,reach,grasp,762.925925925926
4778,reach,vegetable,637.09375
4779,reaction,action,612.7096774193549
4780,reaction,peach,682.3
4781,ready,not,780.2903225806451
4782,ready,thirsty,633.483870967742
4783,real,people,638.5757575757576
4784,real,spine,709.1379310344828
4785,reality,fantasy,732.6666666666666
4786,reality,tasty,658.0
4787,realize,proof,653.8064516129032
4788,realize,understand,753.8709677419355
4789,reap,harvest,694.7741935483871
4790,reap,log,707.7333333333333
4791,reappear,alert,708.3928571428571
4792,reappear,disappear,746.9310344827586
4793,rear,front,593.15625
4794,rear,out,811.9642857142857
4795,rearrange,cereal,695.8275862068965
4796,rearrange,organize,754.9354838709677
4797,rebel,persuade,934.1935483870968
4798,rebel,wild,580.375
4799,reckless,driving,615.5333333333333
4800,reckless,keeper,679.074074074074
4801,recliner,chair,572.7096774193549
4802,recliner,usa,799.5
4803,recognition,office,641.0689655172414
4804,recognition,pride,734.375
4805,recommend,encourage,748.65625
4806,recommend,police,645.5806451612904
4807,record,listen,595.75
4808,record,turn,686.8387096774194
4809,recycle,cans,641.2962962962963
4810,recycle,rude,663.2142857142857
4811,reef,apart,632.5666666666667
4812,reef,coral,670.6774193548387
4813,reel,film,595.9354838709677
4814,reel,rattle,811.2333333333333
4815,referee,bath,663.125
4816,referee,sports,696.8064516129032
4817,reflect,light,659.8965517241379
4818,reflect,opening,600.2666666666667
4819,reflection,ache,736.125
4820,reflection,mirror,602.0322580645161
4821,refrain,follower,752.5384615384615
4822,refrain,talking,618.8064516129032
4823,refreshing,argument,796.1290322580645
4824,refreshing,cool,605.125
4825,refrigerator,meeting,635.3225806451613
4826,refrigerator,oven,651.03125
4827,refuse,evil,659.0666666666667
4828,refuse,no,806.2258064516129
4829,region,area,681.551724137931
4830,region,loving,641.1875
4831,regret,sorry,636.625
4832,regret,speed,656.6451612903226
4833,regular,copy,711.03125
4834,regular,irregular,743.6
4835,reindeer,christmas,834.7741935483871
4836,reindeer,direct,716.551724137931
4837,reject,accept,588.2121212121212
4838,reject,bored,636.5333333333333
4839,relative,aunt,660.3448275862069
4840,relative,ballet,946.7407407407408
4841,relativity,breakfast,716.4242424242424
4842,relativity,theory,611.28125
4843,relax,smooth,660.7333333333333
4844,relax,tense,788.1034482758621
4845,release,grab,695.2258064516129
4846,release,noodles,853.0
4847,reliable,dependable,671.4193548387096
4848,reliable,water,617.5151515151515
4849,religious,bible,678.5483870967741
4850,religious,lost,580.3870967741935
4851,relish,ketchup,806.0666666666667
4852,relish,speed,633.030303030303
4853,remain,basic,717.741935483871
4854,remain,stay,686.5666666666667
4855,remark,true,598.9677419354839
4856,remark,comment,693.59375
4857,remedy,conceited,850.2962962962963
4858,remedy,ill,651.8846153846154
4859,remember,dull,759.3571428571429
4860,remember,think,591.3125
4861,remind,confusion,660.516129032258
4862,remind,remember,729.448275862069
4863,reminiscence,coat,705.6969696969697
4864,reminiscence,remember,689.8333333333334
4865,remorse,sorrow,690.483870967742
4866,remorse,sour,670.6333333333333
4867,remove,court,649.1875
4868,remove,take,694.4333333333333
4869,remover,disease,769.1875
4870,remover,nail,668.6060606060606
4871,rent,apartment,715.8
4872,rent,thread,854.28125
4873,repair,fix,645.1
4874,repair,move,638.1875
4875,repeat,again,637.40625
4876,repeat,inhale,879.6666666666666
4877,repentance,forgive,707.96875
4878,repentance,point,743.5172413793103
4879,replace,judge,703.9
4880,replace,loose,679.9354838709677
4881,reply,log,738.0
4882,reply,speak,561.8064516129032
4883,reprimand,girls,757.7575757575758
4884,reprimand,punishment,683.84375
4885,reproduce,face,631.1875
4886,reproduce,sex,623.0333333333333
4887,republic,country,656.3225806451613
4888,republic,disease,726.3333333333334
4889,republican,conservative,780.0909090909091
4890,republican,sick,599.1935483870968
4891,rescue,ambulance,771.90625
4892,rescue,ledge,790.6428571428571
4893,research,expensive,685.258064516129
4894,research,paper,594.4516129032259
4895,reservation,save,723.2222222222222
4896,reservation,skill,686.4193548387096
4897,resort,gin,780.25
4898,resort,vacation,689.483870967742
4899,respect,communism,1010.6296296296296
4900,respect,parent,622.4516129032259
4901,respond,ignore,640.7096774193549
4902,respond,syrup,777.9655172413793
4903,response,girl,679.3793103448276
4904,response,question,627.3870967741935
4905,responsibilit,divide,635.6666666666666
4906,responsibilit,duty,691.7857142857143
4907,responsible,dependable,664.4333333333333
4908,responsible,throw,646.3
4909,restaurant,bar,668.5714285714286
4910,restaurant,man,686.6206896551724
4911,restriction,lot,636.0645161290323
4912,restriction,rules,620.9677419354839
4913,retain,drugs,603.34375
4914,retain,have,694.3214285714286
4915,retreat,back,591.483870967742
4916,retreat,multiply,724.2068965517242
4917,return,give,698.1724137931035
4918,return,robbery,654.6896551724138
4919,revenge,crime,652.09375
4920,revenge,kill,624.5625
4921,revival,subject,594.1212121212121
4922,revival,tent,624.4137931034483
4923,revolution,american,720.5483870967741
4924,revolution,fair,677.0967741935484
4925,rhythm,beat,715.4333333333333
4926,rhythm,outdoors,711.6875
4927,ribs,broken,576.6451612903226
4928,ribs,marriage,750.2258064516129
4929,rich,choice,575.258064516129
4930,rich,luck,705.3636363636364
4931,ride,bicycle,677.6129032258065
4932,ride,modern,693.5185185185185
4933,rider,cowboy,663.5806451612904
4934,rider,ladder,664.6451612903226
4935,ridicule,blame,668.4
4936,ridicule,employer,644.6666666666666
4937,ridiculous,more,626.9677419354839
4938,ridiculous,silly,689.9333333333333
4939,righteous,brothers,650.4516129032259
4940,righteous,soap,735.625
4941,righteousness,conservative,995.7096774193548
4942,righteousness,good,634.4375
4943,rights,law,720.6774193548387
4944,rights,station,733.516129032258
4945,rigid,belief,690.5806451612904
4946,rigid,stiff,731.5172413793103
4947,ring,bell,607.4516129032259
4948,ring,soprano,761.7241379310345
4949,rinse,dish,708.8125
4950,rinse,winter,617.3333333333334
4951,riot,crowd,686.5333333333333
4952,riot,small,792.6785714285714
4953,rip,age,651.1875
4954,rip,tear,594.8709677419355
4955,ritual,ceremony,663.4375
4956,ritual,cuddle,790.3
4957,roach,dog,663.8387096774194
4958,roach,motel,812.2068965517242
4959,roam,healthy,711.0625
4960,roam,wander,801.3548387096774
4961,roar,dependent,761.6875
4962,roar,lion,688.9090909090909
4963,roast,beef,585.75
4964,roast,cats,662.7741935483871
4965,rob,sew,761.0645161290323
4966,rob,thief,691.9333333333333
4967,robe,bath,628.0322580645161
4968,robe,most,744.4
4969,rock,bike,661.6774193548387
4970,rock,stone,655.258064516129
4971,rocket,healthy,655.5
4972,rocket,sky,609.0625
4973,rocks,mountain,739.7096774193549
4974,rocks,oxygen,645.625
4975,rod,novice,986.44
4976,rod,reel,678.92
4977,rodent,bug,613.6774193548387
4978,rodent,flirt,713.0344827586207
4979,roman,empire,644.34375
4980,roman,tire,751.2258064516129
4981,romance,center,682.6451612903226
4982,romance,kiss,670.4333333333333
4983,roof,diary,657.5483870967741
4984,roof,tile,641.3448275862069
4985,room,bedroom,698.40625
4986,room,trophy,765.3225806451613
4987,roommate,bitch,724.1290322580645
4988,roommate,blue,654.1875
4989,roost,chicken,637.84375
4990,roost,toy,610.0967741935484
4991,rooster,dollars,673.40625
4992,rooster,farm,643.7333333333333
4993,rope,ladder,762.3125
4994,rope,virtue,729.1034482758621
4995,rotten,listen,622.53125
4996,rotten,spoiled,601.1333333333333
4997,rough,fork,702.8064516129032
4998,rough,smooth,663.15625
4999,routine,daily,706.3548387096774
5000,routine,frog,660.6428571428571
5001,row,eggs,705.84375
5002,row,lonely,797.5862068965517
5003,royal,england,732.78125
5004,royal,evidence,760.8064516129032
5005,rub,gamble,665.6666666666666
5006,rub,massage,733.875
5007,rubber,band,553.96875
5008,rubber,pain,716.5333333333333
5009,rude,key,633.65625
5010,rude,polite,632.4
5011,rug,carpet,616.3225806451613
5012,rug,spoiled,710.939393939394
5013,ruler,child,570.28125
5014,ruler,straight,699.3225806451613
5015,rules,game,603.3548387096774
5016,rules,yours,697.6129032258065
5017,rum,coke,633.8666666666667
5018,rum,meeting,792.375
5019,rumor,neuron,904.7037037037036
5020,rumor,talk,647.0666666666667
5021,rung,false,669.2903225806451
5022,rung,ladder,643.1612903225806
5023,runner,bicycle,710.28125
5024,runner,jogger,754.1071428571429
5025,running,calculate,662.483870967742
5026,running,sweat,663.3125
5027,rural,sympathetic,901.2068965517242
5028,rural,town,598.2258064516129
5029,rush,hurry,642.59375
5030,rush,partner,762.1612903225806
5031,russia,communist,840.6206896551724
5032,russia,conceited,912.3461538461538
5033,rye,nervous,678.0967741935484
5034,rye,wheat,707.5333333333333
5035,saber,rock,681.9
5036,saber,sword,642.2
5037,sack,bag,622.46875
5038,sack,clam,862.28
5039,sacred,clown,692.6666666666666
5040,sacred,frightened,650.3
5041,saddle,boys,583.5
5042,saddle,ride,589.551724137931
5043,safari,behind,701.1612903225806
5044,safari,jungle,621.6129032258065
5045,safe,driver,738.09375
5046,safe,protect,637.7741935483871
5047,sailing,dangerous,787.6129032258065
5048,sailing,fishing,707.258064516129
5049,sailor,chocolate,686.0645161290323
5050,sailor,sea,563.40625
5051,saint,angel,700.0689655172414
5052,saint,state,658.6
5053,salad,fragile,822.074074074074
5054,salad,lettuce,682.9354838709677
5055,sale,bargain,796.7931034482758
5056,sale,guilty,736.0333333333333
5057,sales,store,726.8064516129032
5058,sales,when,620.4516129032259
5059,salesman,annoy,736.6785714285714
5060,salesman,tent,648.1666666666666
5061,saliva,hoop,689.7142857142857
5062,saliva,spit,762.2
5063,saloon,bar,672.09375
5064,saloon,general,680.0645161290323
5065,salt,pepper,840.7857142857143
5066,salt,teacher,602.5
5067,saltine,cracker,789.060606060606
5068,saltine,mustache,803.03125
5069,salute,ocean,668.2258064516129
5070,salute,pledge,622.71875
5071,sample,example,736.875
5072,sample,murderer,751.9285714285714
5073,sand,boat,665.0
5074,sand,castle,641.6666666666666
5075,sandpaper,luggage,758.0
5076,sandpaper,rough,669.90625
5077,sandwich,hungry,600.625
5078,sandwich,wedding,656.40625
5079,sap,syrup,770.9
5080,sap,together,729.8125
5081,sapphire,aunt,644.15625
5082,sapphire,blue,713.4827586206897
5083,sash,belt,615.6129032258065
5084,sash,subtract,841.4516129032259
5085,satan,kill,810.875
5086,satan,silk,793.5357142857143
5087,satin,enemy,734.7
5088,satin,silk,709.3448275862069
5089,sauce,apple,648.6363636363636
5090,sauce,body,681.65625
5091,saucer,cup,600.3870967741935
5092,saucer,decide,598.8275862068965
5093,sausage,front,649.1290322580645
5094,sausage,italian,787.5483870967741
5095,save,confess,686.6129032258065
5096,save,keep,648.65625
5097,savior,hammer,890.8709677419355
5098,savior,taste,648.65625
5099,say,fright,628.3666666666667
5100,say,something,759.40625
5101,saying,extrovert,1062.9583333333333
5102,saying,talking,696.5625
5103,scale,tumble,767.551724137931
5104,scale,weight,607.15625
5105,scales,china,724.4375
5106,scales,reptile,730.3846153846154
5107,scalpel,account,679.65625
5108,scalpel,operation,719.9677419354839
5109,scapegoat,blame,746.9375
5110,scapegoat,building,704.9354838709677
5111,scar,empire,617.3
5112,scar,fight,661.75
5113,scarcity,neighborhood,705.6774193548387
5114,scarcity,rare,642.53125
5115,scare,fright,753.4
5116,scare,jail,723.8387096774194
5117,scared,dancer,838.3333333333334
5118,scared,frightened,789.0645161290323
5119,scarf,neck,644.6666666666666
5120,scarf,turn,728.4642857142857
5121,scenery,boyfriend,672.0625
5122,scenery,view,659.5625
5123,scent,comment,684.65625
5124,scent,perfume,732.4
5125,scheme,attic,771.12
5126,scheme,idea,647.6666666666666
5127,scholarship,school,615.0
5128,scholarship,secure,688.9354838709677
5129,school,brick,639.8275862068965
5130,school,work,564.258064516129
5131,science,biology,728.2121212121212
5132,science,branch,651.0
5133,scientist,direction,788.0322580645161
5134,scientist,science,646.4375
5135,scold,slide,686.7741935483871
5136,scold,yell,665.75
5137,scoop,graph,820.0714285714286
5138,scoop,shovel,751.0
5139,scotch,tape,608.9032258064516
5140,scotch,whale,739.516129032258
5141,scrambled,letters,657.8709677419355
5142,scrambled,pain,722.1612903225806
5143,scrap,bit,767.3225806451613
5144,scrap,mile,688.6875
5145,scratch,bite,722.483870967742
5146,scratch,spill,699.516129032258
5147,scream,base,658.34375
5148,scream,fear,746.75
5149,screen,mountain,615.0645161290323
5150,screen,window,813.483870967742
5151,screw,driver,608.90625
5152,screw,protect,684.5
5153,scrub,dishes,704.9
5154,scrub,road,585.6666666666666
5155,scuba,dive,601.5
5156,scuba,fail,721.4666666666667
5157,sculpture,art,597.6060606060606
5158,sculpture,float,627.40625
5159,sea,ocean,637.78125
5160,sea,tears,718.375
5161,seafood,crab,594.28125
5162,seafood,peace,617.625
5163,seam,disagreement,839.09375
5164,seam,thread,787.65625
5165,search,seek,706.0666666666667
5166,search,web,688.8666666666667
5167,seashore,cracker,779.4666666666667
5168,seashore,shell,640.5625
5169,seasoning,definition,698.7241379310345
5170,seasoning,salt,617.96875
5171,seat,life,667.0
5172,seat,table,615.6
5173,seatbelt,protection,733.3030303030303
5174,seatbelt,straw,814.9333333333333
5175,secluded,beach,738.8620689655172
5176,secluded,now,761.2
5177,second,minute,673.3125
5178,second,stove,710.2333333333333
5179,secret,deodorant,755.5714285714286
5180,secret,organize,697.875
5181,secretary,boss,819.258064516129
5182,secretary,wall,760.483870967742
5183,secretive,fence,724.8666666666667
5184,secretive,quiet,666.84375
5185,section,eight,661.71875
5186,section,newspaper,786.0322580645161
5187,secure,maid,738.0
5188,secure,safe,633.7741935483871
5189,security,there,649.3939393939394
5190,security,tight,611.1875
5191,sedative,freedom,695.4333333333333
5192,sedative,pill,634.7741935483871
5193,see,dark,635.3225806451613
5194,see,hear,636.0
5195,seed,plant,573.1875
5196,seed,squirrel,664.2333333333333
5197,seek,hay,823.08
5198,seek,search,666.2121212121212
5199,seem,appear,729.5625
5200,seem,gander,1013.7333333333332
5201,selection,black,793.1724137931035
5202,selection,choice,701.7
5203,self,class,617.6875
5204,self,me,633.0967741935484
5205,selfish,dive,775.6333333333333
5206,selfish,greed,741.4193548387096
5207,sell,borrow,625.4516129032259
5208,sell,rough,721.6129032258065
5209,semester,hours,583.8709677419355
5210,semester,mold,670.4230769230769
5211,senate,congress,650.1
5212,senate,open,603.3225806451613
5213,senator,politics,770.9032258064516
5214,senator,rocks,799.6
5215,sensitive,shy,643.516129032258
5216,sensitive,thought,726.625
5217,sentence,aluminum,872.7
5218,sentence,period,794.551724137931
5219,sentry,guard,690.483870967742
5220,sentry,higher,660.90625
5221,separate,divide,731.8064516129032
5222,separate,left,699.6666666666666
5223,serious,pretty,681.258064516129
5224,serious,student,670.5483870967741
5225,server,continent,875.4
5226,server,waiter,632.0666666666667
5227,service,stack,736.5333333333333
5228,service,station,791.3
5229,set,hot,658.0967741935484
5230,set,television,765.1612903225806
5231,seven,eleven,612.15625
5232,seven,plead,883.6666666666666
5233,several,submarine,871.5333333333333
5234,several,thousand,724.8787878787879
5235,sew,florida,732.5172413793103
5236,sew,knit,584.75
5237,sex,female,710.3333333333334
5238,sex,folder,751.0
5239,shade,glasses,746.0333333333333
5240,shade,orange,614.8064516129032
5241,shake,boring,786.8333333333334
5242,shake,rattle,693.4666666666667
5243,shallow,deep,650.4848484848485
5244,shallow,sauce,682.9677419354839
5245,shame,guilt,720.6785714285714
5246,shame,heavy,720.3870967741935
5247,shape,mold,666.2666666666667
5248,shape,smile,713.3030303030303
5249,sharp,point,701.0
5250,sharp,sing,586.7586206896551
5251,shatter,bomb,645.3333333333334
5252,shatter,break,636.40625
5253,shave,beard,662.4516129032259
5254,shave,supper,695.0384615384615
5255,she,her,657.2
5256,she,name,660.6129032258065
5257,shears,band,689.2258064516129
5258,shears,scissors,794.6666666666666
5259,sheep,england,740.03125
5260,sheep,wool,694.625
5261,sheet,dolphin,729.1612903225806
5262,sheet,white,763.0333333333333
5263,sheets,rhyme,721.5769230769231
5264,sheets,satin,764.6071428571429
5265,shelf,desk,624.741935483871
5266,shelf,even,800.1612903225806
5267,shell,clam,693.0
5268,shell,garden,772.7741935483871
5269,shield,crafts,774.8275862068965
5270,shield,protection,864.741935483871
5271,shift,here,729.0322580645161
5272,shift,move,714.8666666666667
5273,shingle,roof,646.0322580645161
5274,shingle,wood,717.96875
5275,ship,cloth,819.6774193548387
5276,ship,sink,709.4516129032259
5277,shiver,immature,811.5666666666667
5278,shiver,shake,739.21875
5279,shock,capability,872.0333333333333
5280,shock,electric,815.3
5281,shoe,lace,714.5333333333333
5282,shoe,save,680.4
5283,shoot,horn,668.8333333333334
5284,shoot,shot,695.78125
5285,shop,keeper,706.8620689655172
5286,shop,lose,802.1612903225806
5287,shore,line,623.2758620689655
5288,shore,motel,784.0370370370371
5289,shortcake,strawberry,745.8333333333334
5290,shortcake,wagon,714.4193548387096
5291,shorts,legs,578.34375
5292,shorts,square,701.0344827586207
5293,shoulder,ankle,653.2666666666667
5294,shoulder,arm,840.1
5295,shove,egypt,725.9090909090909
5296,shove,push,614.0322580645161
5297,shovel,magazine,737.21875
5298,shovel,sand,652.5333333333333
5299,show,clipper,804.0
5300,show,tell,637.0
5301,shower,clean,649.2333333333333
5302,shower,number,634.2142857142857
5303,shrimp,cow,684.6129032258065
5304,shrimp,lobster,610.0322580645161
5305,shrine,circus,798.8
5306,shrine,temple,653.8333333333334
5307,shrink,grow,668.2857142857143
5308,shrink,wine,673.46875
5309,shrub,bush,742.8484848484849
5310,shrub,judge,861.483870967742
5311,sibling,brother,608.3125
5312,sibling,shake,630.2413793103449
5313,sick,ill,660.9310344827586
5314,sick,student,621.5
5315,sickle,bra,816.9615384615385
5316,sickle,cell,613.516129032258
5317,side,bite,706.1935483870968
5318,side,front,751.3125
5319,sidewalk,teach,701.9285714285714
5320,sidewalk,walkway,695.9032258064516
5321,sight,indoors,648.1612903225806
5322,sight,vision,668.0666666666667
5323,sign,language,779.258064516129
5324,sign,truth,590.3225806451613
5325,silent,slut,816.1666666666666
5326,silent,still,744.53125
5327,silk,circle,731.2666666666667
5328,silk,satin,917.5925925925926
5329,silly,crazy,648.9310344827586
5330,silly,soap,741.1428571428571
5331,simple,easy,640.4333333333333
5332,simple,guess,599.3870967741935
5333,since,bubble,716.258064516129
5334,since,then,692.8666666666667
5335,singer,dancer,642.4
5336,singer,habit,641.0
5337,single,marry,633.0666666666667
5338,single,sight,696.0357142857143
5339,sinker,fishing,769.5
5340,sinker,trick,641.9666666666667
5341,sip,king,753.21875
5342,sip,straw,675.2903225806451
5343,siren,emergency,682.6129032258065
5344,siren,frankenstein,965.75
5345,sister,brother,665.09375
5346,sister,hula,787.25
5347,six,meet,608.4516129032259
5348,six,seven,668.40625
5349,sketch,draw,639.1875
5350,sketch,right,684.6363636363636
5351,ski,bell,619.1612903225806
5352,ski,jump,610.8275862068965
5353,skill,number,746.4193548387096
5354,skill,saw,597.4848484848485
5355,skiller,donkey,692.2903225806451
5356,skillet,pan,693.7
5357,skinny,fat,598.25
5358,skinny,pizza,749.71875
5359,skip,jump,565.46875
5360,skip,mix,702.4285714285714
5361,sky,cold,666.1935483870968
5362,sky,heaven,669.9677419354839
5363,slab,brothers,744.9677419354839
5364,slab,concrete,692.375
5365,slacks,pants,642.0666666666667
5366,slacks,sympathetic,805.9375
5367,slander,lie,691.448275862069
5368,slander,rough,746.8965517241379
5369,slave,owner,650.40625
5370,slave,sorority,875.9629629629629
5371,slay,kill,715.9666666666667
5372,slay,schedule,769.6206896551724
5373,sleep,dream,667.5
5374,sleep,thirsty,600.2258064516129
5375,sleeve,short,594.9333333333333
5376,sleeve,values,734.0
5377,sleigh,choice,598.96875
5378,sleigh,snow,749.3225806451613
5379,slender,four,703.59375
5380,slender,skinny,688.5483870967741
5381,slice,smart,612.78125
5382,slice,soda,665.3548387096774
5383,slick,dog,646.516129032258
5384,slick,slippery,728.9032258064516
5385,slide,drain,651.5333333333333
5386,slide,slip,769.2666666666667
5387,slime,goo,775.4375
5388,slime,house,813.741935483871
5389,slimy,goo,877.4285714285714
5390,slimy,pimple,854.5
5391,sling,cute,642.8064516129032
5392,sling,shot,659.1666666666666
5393,sliver,criminal,677.7096774193549
5394,sliver,piece,677.21875
5395,slob,film,682.375
5396,slob,messy,643.9032258064516
5397,slope,nun,716.52
5398,slope,ski,692.78125
5399,slug,defeat,738.09375
5400,slug,gross,704.6896551724138
5401,slum,city,597.4516129032259
5402,slum,fun,635.0
5403,slurp,center,620.7333333333333
5404,slurp,drink,620.84375
5405,sly,fox,578.1333333333333
5406,sly,note,736.2666666666667
5407,small,little,732.375
5408,small,tasty,616.5806451612904
5409,smart,dumb,738.1724137931035
5410,smart,past,849.8965517241379
5411,smash,choose,621.9375
5412,smash,glass,617.1333333333333
5413,smear,smudge,665.3571428571429
5414,smear,vacation,778.53125
5415,smell,positive,647.5483870967741
5416,smell,taste,584.75
5417,smoky,mountains,675.1515151515151
5418,smoky,reef,831.8928571428571
5419,smooth,path,728.5483870967741
5420,smooth,skin,667.5806451612904
5421,smother,pilot,608.8387096774194
5422,smother,suffocate,872.3928571428571
5423,snack,attack,661.6451612903226
5424,snack,orgasm,882.1428571428571
5425,snail,cell,627.0645161290323
5426,snail,shell,633.0967741935484
5427,snake,band,656.0967741935484
5428,snake,rattle,819.3333333333334
5429,snap,crackle,782.375
5430,snap,environment,767.2727272727273
5431,sneak,preview,670.9333333333333
5432,sneak,sick,733.1935483870968
5433,sneakers,smell,721.40625
5434,sneakers,tire,721.0344827586207
5435,sneaky,beautiful,748.5806451612904
5436,sneaky,sly,692.0625
5437,sneeze,cough,588.7096774193549
5438,sneeze,naked,652.0967741935484
5439,snob,bitch,854.59375
5440,snob,coral,875.9310344827586
5441,snooze,clock,602.25
5442,snooze,thousand,661.1935483870968
5443,snot,grab,723.9310344827586
5444,snot,nose,695.28125
5445,snotty,roses,686.5
5446,snotty,snob,795.6428571428571
5447,snow,fruit,585.7096774193549
5448,snow,ski,791.7666666666667
5449,snuggle,blue,615.1333333333333
5450,snuggle,cuddle,764.2068965517242
5451,soak,doctor,654.483870967742
5452,soak,wash,675.7096774193549
5453,soap,bubble,702.1290322580645
5454,soap,ground,670.2666666666667
5455,sober,bored,638.7586206896551
5456,sober,normal,635.0
5457,society,eight,650.8666666666667
5458,society,people,640.1290322580645
5459,sock,beast,726.125
5460,sock,shoe,605.4193548387096
5461,socket,abnormal,736.1724137931035
5462,socket,plug,645.0967741935484
5463,socks,sad,615.1935483870968
5464,socks,shoes,734.0333333333333
5465,soda,apart,774.3333333333334
5466,soda,pepsi,760.3461538461538
5467,sofa,bed,516.53125
5468,sofa,chicken,693.9032258064516
5469,soft,cotton,702.0322580645161
5470,soft,package,714.1875
5471,softball,girls,588.9
5472,softball,world,639.0
5473,soil,dirt,614.3225806451613
5474,soil,marry,811.0967741935484
5475,soldier,brave,729.9666666666667
5476,soldier,goose,834.2258064516129
5477,solid,questions,708.25
5478,solid,stripe,871.9666666666667
5479,solo,course,822.9032258064516
5480,solo,self,714.2121212121212
5481,solution,encourage,802.9333333333333
5482,solution,problem,649.1
5483,some,paint,697.375
5484,some,thing,686.0645161290323
5485,something,good,602.5625
5486,something,tuesday,813.5666666666667
5487,sometimes,often,729.90625
5488,sometimes,trick,698.1935483870968
5489,son,butterfly,632.483870967742
5490,son,dad,604.4375
5491,song,sing,689.9032258064516
5492,song,tie,741.96
5493,sonic,camp,714.0645161290323
5494,sonic,sound,541.6451612903226
5495,sonnet,candle,731.483870967742
5496,sonnet,poem,636.2903225806451
5497,soon,general,755.7096774193549
5498,soon,late,694.3548387096774
5499,soot,black,721.78125
5500,soot,mad,639.3125
5501,soothe,calm,766.6551724137931
5502,soothe,flag,640.9375
5503,sorority,clear,591.1515151515151
5504,sorority,women,682.2727272727273
5505,sorry,apology,758.2903225806451
5506,sorry,town,749.258064516129
5507,sound,human,701.7878787878788
5508,sound,noise,634.21875
5509,soup,monster,655.8709677419355
5510,soup,vegetables,907.8709677419356
5511,sour,lady,578.8387096774194
5512,sour,lemon,677.0333333333333
5513,south,bake,733.90625
5514,south,west,732.6333333333333
5515,southern,place,653.2424242424242
5516,southern,states,701.4827586206897
5517,sow,blame,657.0909090909091
5518,sow,pig,658.8275862068965
5519,spaghetti,hint,769.3928571428571
5520,spaghetti,sauce,758.1666666666666
5521,span,forest,695.2758620689655
5522,span,wide,659.3225806451613
5523,spanish,language,625.968253968254
5524,spank,cry,621.0625
5525,spank,spread,626.7333333333333
5526,spare,parts,671.5806451612904
5527,spare,wool,733.5
5528,spatula,fork,709.9666666666667
5529,spatula,student,706.6875
5530,special,important,661.4193548387096
5531,special,weird,708.8125
5532,specific,general,753.9354838709677
5533,specific,gin,725.8888888888889
5534,speed,fast,673.1666666666666
5535,speed,stop,653.53125
5536,spell,feet,581.1071428571429
5537,spell,magic,848.8125
5538,spend,purpose,794.8928571428571
5539,spend,shopping,668.0322580645161
5540,sphinx,folder,731.3225806451613
5541,sphinx,pyramid,760.7096774193549
5542,spicy,pepper,742.03125
5543,spicy,spring,632.5625
5544,spider,soda,741.1333333333333
5545,spider,web,682.9032258064516
5546,spill,drop,708.34375
5547,spill,her,693.4137931034483
5548,spin,circle,750.8666666666667
5549,spin,daring,783.6296296296297
5550,spinach,cabbage,855.1666666666666
5551,spinach,cats,730.4516129032259
5552,spine,lace,662.2
5553,spine,less,655.3225806451613
5554,spit,fat,629.3225806451613
5555,spit,mouth,728.8387096774194
5556,splinter,foot,618.46875
5557,splinter,okay,662.6875
5558,split,operation,777.5
5559,split,second,687.0
5560,spoiled,cloudy,713.4193548387096
5561,spoiled,rotten,650.5806451612904
5562,sponge,monthly,685.7333333333333
5563,sponge,ocean,590.5
5564,spontaneous,doe,861.25
5565,spontaneous,quick,577.5483870967741
5566,spool,sew,646.0689655172414
5567,spool,shell,715.9677419354839
5568,spot,stain,711.8709677419355
5569,spot,stick,723.5454545454545
5570,spotless,pot,652.8275862068965
5571,spotless,spot,645.2666666666667
5572,spots,dime,745.9677419354839
5573,spots,dots,749.9032258064516
5574,spouse,husband,630.6060606060606
5575,spouse,toes,779.4
5576,sprain,ankle,615.125
5577,sprain,like,745.516129032258
5578,spray,children,694.2727272727273
5579,spray,hair,725.9032258064516
5580,spread,apart,664.0322580645161
5581,spread,grasp,784.4814814814815
5582,spree,pants,683.6451612903226
5583,spree,shopping,718.2258064516129
5584,spring,newton,818.8181818181819
5585,spring,summer,611.2727272727273
5586,sprinkle,chocolate,711.1290322580645
5587,sprinkle,lie,640.4
5588,squad,police,717.71875
5589,squad,straight,755.53125
5590,square,bomb,692.2
5591,square,box,623.4375
5592,squash,reef,793.6071428571429
5593,squash,tomato,713.7096774193549
5594,squeak,hear,709.78125
5595,squeak,mouse,686.1290322580645
5596,squeal,pig,671.875
5597,squeal,teeth,608.28125
5598,squid,octopus,757.7096774193549
5599,squid,stream,725.5
5600,squint,eye,600.6875
5601,squint,mother,673.9666666666667
5602,stable,concert,710.5454545454545
5603,stable,okay,651.1290322580645
5604,stack,pancakes,761.5666666666667
5605,stack,wait,641.75
5606,stadium,card,717.3214285714286
5607,stadium,concert,776.8333333333334
5608,stag,doe,820.52
5609,stag,id,984.8333333333334
5610,stain,artist,696.5483870967741
5611,stain,spot,574.0967741935484
5612,stair,grand,809.2666666666667
5613,stair,way,652.6129032258065
5614,stairs,climb,669.2258064516129
5615,stairs,wind,666.65625
5616,stairway,embarrass,850.25
5617,stairway,stairs,781.96875
5618,stale,bread,620.9375
5619,stale,first,815.1666666666666
5620,stalk,bean,701.0
5621,stalk,fight,620.516129032258
5622,stall,hold,665.6875
5623,stall,satin,904.4230769230768
5624,stamp,below,754.741935483871
5625,stamp,card,719.2758620689655
5626,stand,danger,684.9090909090909
5627,stand,fall,753.060606060606
5628,standard,anger,618.6060606060606
5629,standard,normal,633.4375
5630,stapler,self,728.2258064516129
5631,stapler,staple,724.8125
5632,starch,australia,820.741935483871
5633,starch,bleach,839.551724137931
5634,start,begin,666.46875
5635,start,princess,725.6666666666666
5636,starving,hungry,648.0
5637,starving,lend,841.8076923076923
5638,state,florida,704.1818181818181
5639,state,quiet,712.8064516129032
5640,station,bake,887.4137931034483
5641,station,train,602.6551724137931
5642,statistics,business,721.96875
5643,statistics,days,645.375
5644,statue,liberty,770.0322580645161
5645,statue,sentence,720.2
5646,steak,fiction,721.551724137931
5647,steak,fries,713.15625
5648,steal,beg,748.2
5649,steal,island,653.5806451612904
5650,steam,gas,647.741935483871
5651,steam,lettuce,650.8709677419355
5652,steel,metal,713.6666666666666
5653,steel,obstacle,793.7741935483871
5654,steep,hill,751.0322580645161
5655,steep,jelly,728.3103448275862
5656,steeple,point,681.7241379310345
5657,steeple,tie,774.6896551724138
5658,steer,drive,703.5
5659,steer,red,617.4
5660,stench,slut,843.7241379310345
5661,stench,smell,612.9090909090909
5662,step,motion,852.7241379310345
5663,step,stair,748.4137931034483
5664,steps,guilt,760.28125
5665,steps,stairs,658.9354838709677
5666,stereotype,prejudice,675.5
5667,stereotype,virgin,757.59375
5668,stew,salt,753.4827586206897
5669,stew,soup,705.3870967741935
5670,stewardess,east,686.6551724137931
5671,stewardess,hostess,781.8275862068965
5672,stick,stone,630.7931034482758
5673,stick,sunday,758.0344827586207
5674,sticker,clean,717.125
5675,sticker,glue,670.5625
5676,still,quiet,736.40625
5677,still,similar,822.1612903225806
5678,stimulus,monk,880.0
5679,stimulus,reaction,787.4193548387096
5680,sting,exit,605.8709677419355
5681,sting,police,596.84375
5682,stir,ignore,732.6875
5683,stir,spoon,694.7
5684,stitch,lesson,732.8709677419355
5685,stitch,wound,823.0
5686,stock,lawsuit,740.2258064516129
5687,stock,market,711.2903225806451
5688,stocking,hose,859.6153846153846
5689,stocking,writer,830.448275862069
5690,stolen,film,655.3333333333334
5691,stolen,property,720.9032258064516
5692,stomach,ache,860.8333333333334
5693,stomach,protection,827.1290322580645
5694,stoned,drunk,701.78125
5695,stoned,sauce,733.0666666666667
5696,stool,republican,899.8928571428571
5697,stool,sit,634.4516129032259
5698,stopper,hate,625.25
5699,stopper,lid,737.1379310344828
5700,storage,emotion,767.8965517241379
5701,storage,keep,602.258064516129
5702,store,groceries,844.2666666666667
5703,store,pool,684.3870967741935
5704,storm,ashtray,940.695652173913
5705,storm,lightning,691.2903225806451
5706,stove,kitchen,704.1333333333333
5707,stove,shape,703.15625
5708,straight,africa,656.9655172413793
5709,straight,narrow,621.0666666666667
5710,strain,back,648.46875
5711,strain,cup,671.8064516129032
5712,strand,string,690.125
5713,strand,unfair,659.0333333333333
5714,strategy,plan,630.0625
5715,strategy,separate,750.9354838709677
5716,stream,keep,647.21875
5717,stream,river,803.3548387096774
5718,street,health,600.0
5719,street,road,708.8
5720,stress,anxiety,816.1
5721,stress,vegetables,784.03125
5722,stretch,exercise,821.3333333333334
5723,strike,nothing,636.90625
5724,strike,picket,815.0357142857143
5725,string,sing,685.9655172413793
5726,string,tie,703.5714285714286
5727,strip,course,698.40625
5728,strip,naked,740.6451612903226
5729,stripes,chemistry,791.59375
5730,stripes,shirt,602.0645161290323
5731,strive,achieve,705.7586206896551
5732,strive,reel,775.85
5733,stroke,feel,599.0666666666667
5734,stroke,forgive,683.84375
5735,strong,arm,691.7878787878788
5736,strong,narrow,784.1034482758621
5737,stub,same,694.6451612903226
5738,stub,toe,602.8709677419355
5739,stuck,mud,650.5666666666667
5740,stuck,swallow,630.34375
5741,student,jeans,707.9354838709677
5742,student,teacher,702.34375
5743,study,catholic,762.0967741935484
5744,study,work,551.1724137931035
5745,stuff,relax,781.5666666666667
5746,stuff,trash,713.0
5747,stumble,let,714.0645161290323
5748,stumble,trip,638.6551724137931
5749,stump,billy,701.6190476190476
5750,stump,puzzle,629.75
5751,sty,knight,763.3125
5752,sty,sly,736.9333333333333
5753,style,family,584.6451612903226
5754,style,personality,826.5862068965517
5755,sub,needle,716.2068965517242
5756,sub,sandwich,670.65625
5757,subject,class,584.7666666666667
5758,subject,vomit,731.7
5759,substance,chemistry,710.75
5760,substance,legs,656.25
5761,subtle,hint,723.2727272727273
5762,subtle,mud,747.0714285714286
5763,subtract,men,701.2
5764,subtract,multiply,720.939393939394
5765,subtraction,addition,681.7
5766,subtraction,metal,635.7666666666667
5767,suburb,near,626.03125
5768,suburb,neighborhood,674.40625
5769,success,failure,663.1290322580645
5770,success,find,770.5925925925926
5771,suck,spit,729.6551724137931
5772,suck,three,633.1612903225806
5773,suds,bath,793.3548387096774
5774,suds,dirty,642.09375
5775,suede,leather,743.09375
5776,suede,unemploymen,802.3548387096774
5777,suffocate,die,710.4193548387096
5778,suffocate,women,649.0967741935484
5779,sugar,coffee,590.1612903225806
5780,sugar,law,715.2258064516129
5781,suggest,advice,700.3548387096774
5782,suggest,misunderstand,871.7
5783,suggestion,idea,610.7575757575758
5784,suggestion,storm,673.9
5785,suitcase,hypnotize,860.9
5786,suitcase,luggage,719.2903225806451
5787,suite,desk,816.2727272727273
5788,suite,hotel,633.0
5789,sum,accuse,727.2
5790,sum,add,663.483870967742
5791,summary,end,769.6896551724138
5792,summary,new,726.3793103448276
5793,summer,middle,739.1290322580645
5794,summer,winter,569.21875
5795,summit,destroy,715.7333333333333
5796,summit,peak,709.7931034482758
5797,sun,tan,783.7333333333333
5798,sun,zit,924.0555555555557
5799,sunday,home,585.59375
5800,sunday,weekend,663.0
5801,sunny,cloudy,715.8387096774194
5802,sunny,computer,710.9333333333333
5803,sunrise,sunset,643.84375
5804,sunrise,trait,666.4516129032259
5805,sunset,moon,704.2727272727273
5806,sunset,title,763.3333333333334
5807,super,alone,596.8787878787879
5808,super,me,666.125
5809,superior,inferior,823.7741935483871
5810,superior,tall,733.8064516129032
5811,superstition,belief,789.3
5812,superstition,rule,668.6129032258065
5813,supervisor,snow,615.6666666666666
5814,supervisor,teacher,653.1333333333333
5815,support,beam,798.6896551724138
5816,support,chip,649.1
5817,suppose,assume,644.03125
5818,suppose,tumble,668.1111111111111
5819,sure,positive,713.6969696969697
5820,sure,steal,750.5
5821,surface,people,532.9032258064516
5822,surface,top,580.3548387096774
5823,surgeon,surgery,710.84375
5824,surgeon,trailer,685.6206896551724
5825,surgery,hall,643.4333333333333
5826,surgery,operation,670.4333333333333
5827,surprise,field,639.4814814814815
5828,surprise,shock,660.7333333333333
5829,surrounding,arm,595.4516129032259
5830,surrounding,around,638.90625
5831,surroundings,ball,665.3030303030303
5832,surroundings,environment,770.9333333333333
5833,survey,immature,813.7096774193549
5834,survey,questions,709.2903225806451
5835,survive,live,668.34375
5836,survive,tomato,646.258064516129
5837,suspect,jail,665.6774193548387
5838,suspect,sell,769.3103448275862
5839,swamp,alligator,673.0
5840,swamp,medicine,793.9310344827586
5841,swan,dive,726.1724137931035
5842,swan,machine,675.6129032258065
5843,swap,boys,692.09375
5844,swap,trade,667.09375
5845,swatter,bat,687.0909090909091
5846,swatter,drip,696.5185185185185
5847,swear,pencil,681.125
5848,swear,promise,649.0
5849,sweater,assume,763.3125
5850,sweater,jacket,587.9677419354839
5851,sweet,chief,690.3333333333334
5852,sweet,sour,643.375
5853,sweetheart,energy,671.7096774193549
5854,sweetheart,girlfriend,845.9375
5855,swift,bar,640.8125
5856,swift,move,672.3548387096774
5857,swimmer,jogger,879.3333333333334
5858,swimmer,ribs,808.551724137931
5859,swing,hundred,633.8064516129032
5860,swing,park,653.8333333333334
5861,swiss,bar,634.4666666666667
5862,swiss,cheese,591.3870967741935
5863,swoon,billy,803.0370370370371
5864,swoon,faint,715.516129032258
5865,sword,bathroom,633.53125
5866,sword,knight,756.5483870967741
5867,sympathy,sorrow,702.6875
5868,sympathy,sour,705.516129032258
5869,symphony,boring,726.1666666666666
5870,symphony,code,756.6666666666666
5871,synagogue,night,672.75
5872,synagogue,temple,614.1612903225806
5873,synopsis,dad,608.8064516129032
5874,synopsis,summary,755.0
5875,syrup,brain,606.53125
5876,syrup,pancakes,654.5
5877,system,beer,604.4545454545455
5878,system,computer,658.53125
5879,tablet,pill,608.7096774193549
5880,tablet,warm,636.4193548387096
5881,tablet,yes,630.53125
5882,tack,great,707.71875
5883,tack,nail,606.0
5884,tackle,defense,701.8709677419355
5885,tackle,on,647.3
5886,tactful,careful,660.0967741935484
5887,tactful,something,630.7241379310345
5888,tag,grab,695.6129032258065
5889,tag,wednesday,678.53125
5890,talent,record,593.34375
5891,talent,skill,616.4
5892,talk,rabbit,659.5
5893,talk,speak,595.3333333333334
5894,tall,flute,664.6206896551724
5895,tall,short,576.939393939394
5896,tame,plate,739.6774193548387
5897,tame,wild,580.15625
5898,tan,code,664.4814814814815
5899,tan,dark,582.4666666666667
5900,tangerine,money,678.3225806451613
5901,tangerine,orange,717.9090909090909
5902,tangy,strict,682.5483870967741
5903,tangy,tart,860.4
5904,tank,bump,803.0625
5905,tank,war,619.3125
5906,tape,health,612.0666666666667
5907,tape,record,620.6451612903226
5908,tar,explain,635.9032258064516
5909,tar,roof,650.9666666666667
5910,tardy,ear,596.8064516129032
5911,tardy,late,578.75
5912,tarnish,dull,821.375
5913,tarnish,heavy,781.21875
5914,tart,candy,639.5454545454545
5915,tart,welcome,665.6060606060606
5916,tarzan,basket,736.78125
5917,tarzan,jane,712.0
5918,task,halloween,634.78125
5919,task,job,615.0322580645161
5920,taste,achieve,635.9677419354839
5921,taste,sour,685.8709677419355
5922,tasty,scared,702.0645161290323
5923,tasty,treat,815.8064516129032
5924,tax,government,675.483870967742
5925,tax,sample,717.258064516129
5926,taxi,cab,625.6896551724138
5927,taxi,shoes,643.0666666666667
5928,teach,learn,651.375
5929,teach,loud,759.9677419354839
5930,teacher,chief,667.3333333333334
5931,teacher,smart,588.483870967742
5932,team,baseball,647.8275862068965
5933,team,naked,626.741935483871
5934,tear,fungus,793.64
5935,tear,rip,754.1612903225806
5936,tears,rip,732.3103448275862
5937,tears,woman,582.0
5938,tease,assistant,718.551724137931
5939,tease,flirt,677.258064516129
5940,technique,style,637.5
5941,technique,touch,684.0625
5942,technology,dream,727.4848484848485
5943,technology,future,619.4848484848485
5944,teenager,adolescent,807.3333333333334
5945,teenager,back,681.59375
5946,television,radio,624.8787878787879
5947,television,trees,654.0666666666667
5948,tell,purple,688.5666666666667
5949,tell,say,741.3225806451613
5950,teller,bank,591.09375
5951,teller,sweat,677.8333333333334
5952,temper,tantrum,861.0344827586207
5953,temper,wander,861.5
5954,temperature,climate,680.5483870967741
5955,temperature,homeless,804.9677419354839
5956,temple,church,763.9032258064516
5957,temple,rotten,738.4827586206897
5958,ten,eleven,635.2258064516129
5959,ten,sheep,625.25
5960,tend,society,660.2666666666667
5961,tend,watch,662.0
5962,tendency,grill,656.0689655172414
5963,tendency,habit,660.2258064516129
5964,tenor,cancer,671.28125
5965,tenor,soprano,792.2222222222222
5966,tense,book,572.0967741935484
5967,tense,situation,745.3666666666667
5968,tension,dry,725.46875
5969,tension,stress,731.9032258064516
5970,tent,area,693.1
5971,tent,camp,691.7407407407408
5972,term,ankle,794.5862068965517
5973,term,definition,770.516129032258
5974,terrible,specific,731.1875
5975,terrible,two,681.516129032258
5976,terror,fear,650.3870967741935
5977,terror,tight,662.4193548387096
5978,testify,clam,776.2083333333334
5979,testify,confess,717.258064516129
5980,text,advice,769.8666666666667
5981,text,expensive,753.483870967742
5982,thanks,succeed,652.8709677419355
5983,thanks,welcome,741.6451612903226
5984,theorem,fortune,760.0
5985,theorem,guess,612.1515151515151
5986,therapy,massage,800.516129032258
5987,therapy,offense,815.0
5988,there,chocolate,762.4333333333333
5989,there,here,587.483870967742
5990,thermometer,eat,625.3125
5991,thermometer,hot,633.8387096774194
5992,thesaurus,animal,725.875
5993,thesaurus,words,694.9354838709677
5994,thick,insurance,780.625
5995,thick,thin,585.2666666666667
5996,thief,box,641.9677419354839
5997,thief,steal,628.40625
5998,thigh,hip,695.2258064516129
5999,thigh,pepper,773.0967741935484
6000,thimble,shame,658.4333333333333
6001,thimble,thumb,726.4333333333333
6002,thin,run,748.258064516129
6003,thin,small,672.46875
6004,thing,object,603.3939393939394
6005,thing,ribs,716.9333333333333
6006,think,bucket,671.6969696969697
6007,think,know,636.625
6008,thinking,brain,683.3870967741935
6009,thinking,nephew,805.7037037037037
6010,third,cars,628.4242424242424
6011,third,three,664.28125
6012,thirsty,constructio,721.0
6013,thirsty,dry,673.2333333333333
6014,thought,stomach,745.0625
6015,thought,time,607.0666666666667
6016,threat,africa,818.4516129032259
6017,threat,scare,694.28125
6018,three,four,649.8333333333334
6019,three,what,590.7931034482758
6020,threshold,mail,715.0
6021,threshold,marriage,630.0967741935484
6022,thrift,heaven,646.9032258064516
6023,thrift,save,692.0967741935484
6024,throat,cash,585.7586206896551
6025,throat,cough,634.6333333333333
6026,throne,king,594.4193548387096
6027,throne,mad,634.6774193548387
6028,through,finished,731.0967741935484
6029,through,long,588.40625
6030,thumb,hitchhike,886.0
6031,thumb,onion,763.25
6032,thunder,done,608.2758620689655
6033,thunder,lightning,598.258064516129
6034,ticket,below,795.4193548387096
6035,ticket,concert,871.1935483870968
6036,tiger,beach,691.516129032258
6037,tiger,orange,734.9666666666667
6038,tight,create,614.625
6039,tight,loose,684.2413793103449
6040,till,layer,750.0
6041,till,then,712.0
6042,time,angry,677.125
6043,time,clock,660.0322580645161
6044,times,days,641.0
6045,times,sand,724.3333333333334
6046,tired,asleep,744.0645161290323
6047,tired,deep,848.6
6048,title,insurance,815.6551724137931
6049,title,strawberry,747.060606060606
6050,toad,frog,807.8064516129032
6051,toad,tape,696.4
6052,today,messy,706.5
6053,today,tuesday,617.1515151515151
6054,toe,foot,607.5
6055,toe,ride,716.4193548387096
6056,toenail,clipper,673.3448275862069
6057,toenail,six,665.6333333333333
6058,toes,squirrel,740.7333333333333
6059,toes,ten,646.3225806451613
6060,together,apart,720.8064516129032
6061,together,scratch,802.6666666666666
6062,toilet,bathroom,614.6451612903226
6063,toilet,greed,751.516129032258
6064,tomato,out,627.0
6065,tomato,vegetables,815.8387096774194
6066,tomb,cave,737.28125
6067,tomb,grave,679.25
6068,tomorrow,cracker,785.0666666666667
6069,tomorrow,wednesday,693.9666666666667
6070,ton,act,621.4
6071,ton,lots,596.741935483871
6072,tone,hard,724.516129032258
6073,tone,sound,761.34375
6074,tonic,gin,690.5769230769231
6075,tonic,skinny,739.7666666666667
6076,tools,garden,613.9677419354839
6077,tools,hammer,741.8709677419355
6078,toothpaste,fighter,815.1428571428571
6079,toothpaste,toothbrush,676.5
6080,top,board,716.75
6081,top,cover,609.78125
6082,topic,dream,642.78125
6083,topic,subject,781.8333333333334
6084,topping,bend,735.0714285714286
6085,topping,fudge,698.8709677419355
6086,torch,fire,648.1875
6087,torch,loser,668.8387096774194
6088,torn,apple,649.1212121212121
6089,torn,hole,627.8275862068965
6090,tortoise,syrup,661.9655172413793
6091,tortoise,turtle,695.0333333333333
6092,torture,abuse,570.6666666666666
6093,torture,angry,653.3870967741935
6094,toss,builder,787.9375
6095,toss,throw,643.5862068965517
6096,total,all,582.5
6097,total,zone,683.6785714285714
6098,touch,feel,611.516129032258
6099,touch,finish,634.2121212121212
6100,touchdown,scissors,753.7741935483871
6101,touchdown,seven,653.7666666666667
6102,tour,france,747.8666666666667
6103,tour,love,659.0967741935484
6104,tourist,camera,732.3548387096774
6105,tourist,lemon,643.3548387096774
6106,tow,carry,834.3448275862069
6107,tow,government,836.6875
6108,towel,cloth,620.0333333333333
6109,towel,trait,751.516129032258
6110,toy,chain,759.1333333333333
6111,toy,doll,699.2258064516129
6112,toys,children,744.28125
6113,toys,five,596.5333333333333
6114,trace,conservative,912.0
6115,trace,evidence,767.0645161290323
6116,tractor,arms,671.1935483870968
6117,tractor,trailer,661.969696969697
6118,trade,action,662.9
6119,trade,wind,699.5666666666667
6120,tradition,always,660.5483870967741
6121,tradition,deer,634.25
6122,traffic,liar,683.8064516129032
6123,traffic,sign,666.375
6124,trail,minor,726.0
6125,trail,path,838.7333333333333
6126,train,shallow,736.0
6127,train,station,885.483870967742
6128,trait,build,690.53125
6129,trait,characteris,1021.9655172413792
6130,traitor,explain,696.0
6131,traitor,liar,617.258064516129
6132,tramp,homework,696.6451612903226
6133,tramp,slut,789.3333333333334
6134,trance,explosion,753.483870967742
6135,trance,hypnotize,762.0967741935484
6136,tranquil,easy,646.1290322580645
6137,tranquil,here,670.5666666666667
6138,transparent,goo,817.3571428571429
6139,transparent,tape,650.2758620689655
6140,transplant,heart,697.3870967741935
6141,transplant,last,666.6129032258065
6142,transportation,train,648.4307692307692
6143,trauma,home,573.71875
6144,trauma,shock,636.15625
6145,travel,cheap,682.3548387096774
6146,travel,fly,682.5666666666667
6147,tread,float,646.71875
6148,tread,speak,707.90625
6149,treasure,argue,686.3333333333334
6150,treasure,chest,677.8064516129032
6151,treatment,disease,726.6
6152,treatment,eight,642.78125
6153,treble,bass,743.8571428571429
6154,treble,oil,711.03125
6155,tree,atom,759.6551724137931
6156,tree,leaf,641.46875
6157,trees,big,661.5625
6158,trees,booze,941.6785714285714
6159,trench,coat,623.3030303030303
6160,trench,order,616.09375
6161,trend,fad,873.3157894736842
6162,trend,wire,674.7878787878788
6163,tribe,indian,645.9642857142857
6164,tribe,refrigerator,884.551724137931
6165,trick,eggs,684.0689655172414
6166,trick,treat,666.4516129032259
6167,tricycle,bicycle,690.2333333333333
6168,tricycle,under,653.875
6169,trip,exact,660.3125
6170,trip,vacation,633.9
6171,triumph,strawberry,681.8333333333334
6172,triumph,win,584.96875
6173,trombone,band,616.4666666666667
6174,trombone,head,659.483870967742
6175,tropical,neighborhood,714.8064516129032
6176,tropical,storm,673.8064516129032
6177,trot,horse,628.1515151515151
6178,trot,leave,641.5483870967741
6179,truce,even,720.2903225806451
6180,truce,simple,666.5483870967741
6181,truck,driver,654.5806451612904
6182,truck,system,765.3103448275862
6183,trunk,scientist,861.65625
6184,trunk,storage,705.5625
6185,trust,cloudy,719.9375
6186,trust,faith,717.0967741935484
6187,trustworthy,friend,728.4516129032259
6188,trustworthy,stare,757.8928571428571
6189,truthful,honest,654.125
6190,truthful,leaf,796.1
6191,try,attempt,666.7741935483871
6192,try,truth,726.3225806451613
6193,tub,bucket,734.0
6194,tub,guess,678.3548387096774
6195,tuba,directions,690.0
6196,tuba,instrument,793.5806451612904
6197,tube,america,765.25
6198,tube,toothpaste,706.6875
6199,tuesday,basketball,792.8387096774194
6200,tuesday,wednesday,805.3125
6201,tulip,flower,619.875
6202,tulip,poetry,731.09375
6203,tumble,down,731.9032258064516
6204,tumble,fist,721.3703703703703
6205,tumor,bad,665.8709677419355
6206,tumor,cancer,691.4516129032259
6207,tuna,sandwich,629.3125
6208,tuna,shot,695.75
6209,tune,before,616.6875
6210,tune,music,642.7333333333333
6211,tunnel,elephant,666.5862068965517
6212,tunnel,under,690.9677419354839
6213,tupperware,criminal,793.0
6214,tupperware,plastic,657.125
6215,turn,off,775.551724137931
6216,turn,say,634.8666666666667
6217,turnip,bitch,789.6896551724138
6218,turnip,carrot,659.40625
6219,tusk,elephant,718.969696969697
6220,tusk,mold,756.7333333333333
6221,tutu,april,764.3928571428571
6222,tutu,ballet,636.6129032258065
6223,tuxedo,growth,682.7741935483871
6224,tuxedo,prom,624.9615384615385
6225,twice,horse,650.65625
6226,twice,once,734.8387096774194
6227,twig,branch,594.3870967741935
6228,twig,crack,730.1515151515151
6229,twilight,being,634.25
6230,twilight,zone,678.7666666666667
6231,twin,short,643.7878787878788
6232,twin,sister,698.2903225806451
6233,twinkle,excited,648.34375
6234,twinkle,star,680.2903225806451
6235,twist,treat,615.0333333333333
6236,twist,turn,654.0967741935484
6237,twister,concrete,739.1379310344828
6238,twister,movie,724.6774193548387
6239,two,precise,771.7333333333333
6240,two,three,689.0645161290323
6241,type,kind,611.4193548387096
6242,type,swamp,761.9375
6243,typhoon,hurricane,653.5333333333333
6244,typhoon,ship,627.3939393939394
6245,typist,france,762.8965517241379
6246,typist,secretary,736.258064516129
6247,umbrella,rain,612.0
6248,umbrella,sorority,773.88
6249,umpire,puke,680.3461538461538
6250,umpire,referee,840.5172413793103
6251,unaware,aware,639.2333333333333
6252,unaware,gold,658.09375
6253,unclear,fog,724.2068965517242
6254,unclear,mind,606.0666666666667
6255,uncommon,cologne,843.1481481481482
6256,uncommon,weird,781.1612903225806
6257,unconscious,asleep,710.53125
6258,unconscious,live,583.71875
6259,uncooked,gift,697.1290322580645
6260,uncooked,raw,739.9
6261,undecided,unknown,793.8064516129032
6262,undecided,vacation,669.65625
6263,under,australia,727.8709677419355
6264,under,cabin,700.7037037037037
6265,underground,guard,640.21875
6266,underground,music,682.2727272727273
6267,understand,knit,815.483870967742
6268,understand,misunderstand,922.4193548387096
6269,understanding,journey,723.3548387096774
6270,understanding,sympathetic,845.6451612903226
6271,underwear,bra,608.3
6272,underwear,girl,662.875
6273,unequal,cabinet,636.9666666666667
6274,unequal,unfair,695.40625
6275,uneven,crooked,718.5185185185185
6276,uneven,legs,688.1818181818181
6277,unhappy,knee,666.9666666666667
6278,unhappy,worry,637.40625
6279,uniform,nurse,663.5806451612904
6280,uniform,shop,708.8620689655172
6281,unique,gas,595.8333333333334
6282,unique,odd,660.5666666666667
6283,unit,part,607.7333333333333
6284,unit,shirt,649.875
6285,united,amount,647.3870967741935
6286,united,states,748.7692307692307
6287,university,descend,828.84375
6288,university,learn,688.5862068965517
6289,unjust,poor,619.3333333333334
6290,unjust,unfair,771.4666666666667
6291,unload,load,744.4516129032259
6292,unload,rich,586.2903225806451
6293,unnatural,fake,633.25
6294,unnatural,harvest,673.0625
6295,unseen,hidden,638.53125
6296,unseen,sleep,654.4545454545455
6297,unsolved,behind,663.1333333333333
6298,unsolved,questions,633.4193548387096
6299,unsure,increase,724.40625
6300,unsure,maybe,738.6451612903226
6301,untrue,false,689.8666666666667
6302,untrue,brave,585.75
6303,untruthful,private,620.6774193548387
6304,untruthful,truth,612.875
6305,unusual,irregular,725.1333333333333
6306,unusual,south,640.2333333333333
6307,up,elevator,654.1935483870968
6308,up,rent,708.258064516129
6309,update,news,656.5666666666667
6310,update,understand,688.21875
6311,upstairs,above,570.2413793103449
6312,upstairs,experiment,722.625
6313,upstream,murderer,812.6153846153846
6314,upstream,water,558.516129032258
6315,uptight,patience,766.1
6316,uptight,tense,654.4666666666667
6317,urge,bible,664.0344827586207
6318,urge,want,601.125
6319,usa,america,618.5806451612904
6320,usa,room,680.03125
6321,use,abuse,627.741935483871
6322,use,explode,676.1333333333333
6323,usual,steel,750.8928571428571
6324,usual,unusual,749.96875
6325,vacancy,believe,689.8709677419355
6326,vacancy,empty,742.1818181818181
6327,vacate,leave,611.4545454545455
6328,vacate,mind,736.2121212121212
6329,vacuum,cleaner,706.516129032258
6330,vacuum,exit,631.9354838709677
6331,vain,conceited,808.2962962962963
6332,vain,deep,731.2
6333,valentine,addition,808.8333333333334
6334,valentine,love,537.9677419354839
6335,valor,bravery,750.2666666666667
6336,valor,penny,662.3548387096774
6337,valuable,expensive,752.8666666666667
6338,valuable,table,696.8333333333334
6339,value,bargain,756.9333333333333
6340,value,hidden,631.1875
6341,valve,car,607.96875
6342,valve,hotel,644.1935483870968
6343,vampire,court,614.0967741935484
6344,vampire,teeth,711.258064516129
6345,van,bend,681.5
6346,van,drive,640.8709677419355
6347,vanilla,check,708.8484848484849
6348,vanilla,fudge,720.2068965517242
6349,vanish,appear,670.28125
6350,vanish,play,609.1612903225806
6351,variety,empire,655.3333333333334
6352,variety,many,642.8846153846154
6353,vaseline,lion,664.84375
6354,vaseline,slippery,733.84375
6355,vast,easy,649.8387096774194
6356,vast,large,608.6129032258065
6357,vault,group,793.4193548387096
6358,vault,lock,648.0967741935484
6359,veal,die,707.7666666666667
6360,veal,steak,680.125
6361,veer,better,744.9677419354839
6362,veer,right,598.7333333333333
6363,vegetable,coat,695.7931034482758
6364,vegetable,food,560.8387096774194
6365,vegetables,broccoli,731.5666666666667
6366,vegetables,country,715.0666666666667
6367,vehicle,exercise,780.3939393939394
6368,vehicle,speed,618.3125
6369,vent,anger,628.0
6370,vent,loser,718.7333333333333
6371,venus,cure,674.53125
6372,venus,planet,666.09375
6373,verse,song,601.6
6374,verse,thumb,756.03125
6375,vessel,fudge,658.0666666666667
6376,vessel,submarine,794.8709677419355
6377,vest,hands,619.2258064516129
6378,vest,jacket,632.25
6379,veteran,old,653.5357142857143
6380,veteran,plastic,700.3225806451613
6381,vice,bleach,827.8333333333334
6382,vice,president,778.9032258064516
6383,victim,dependable,814.5862068965517
6384,victim,murderer,741.1875
6385,victor,crazy,672.7741935483871
6386,victor,loser,771.15625
6387,victory,blanket,679.0625
6388,victory,winner,725.6666666666666
6389,viking,ceremony,776.4285714285714
6390,viking,princess,763.6969696969697
6391,village,roof,677.1612903225806
6392,village,town,631.2727272727273
6393,villain,bad,636.5333333333333
6394,villain,sympathy,770.8387096774194
6395,vine,parts,683.5
6396,vine,wine,719.6666666666666
6397,viola,cut,654.71875
6398,viola,violin,743.6451612903226
6399,violence,grasp,744.0344827586207
6400,violence,gun,761.0333333333333
6401,violent,elevator,706.0
6402,violent,purple,671.34375
6403,violet,purple,608.0666666666667
6404,violet,toothpaste,746.9032258064516
6405,violin,bow,713.21875
6406,violin,hurt,693.7741935483871
6407,virgin,live,627.5625
6408,virgin,slut,747.483870967742
6409,virtue,active,658.6774193548387
6410,virtue,patience,765.7666666666667
6411,vision,see,639.8387096774194
6412,vision,walkway,751.030303030303
6413,visit,fix,698.6774193548387
6414,visit,hello,618.1818181818181
6415,visitor,hospital,623.516129032258
6416,visitor,plan,677.2666666666667
6417,vivid,begin,662.6774193548387
6418,vivid,clear,618.40625
6419,vocabulary,large,651.0322580645161
6420,vocabulary,laugh,653.0
6421,vodka,forward,673.03125
6422,vodka,tonic,755.0769230769231
6423,volcano,base,774.65625
6424,volcano,erupt,645.6428571428571
6425,vomit,city,651.1333333333333
6426,vomit,puke,733.3793103448276
6427,vote,elect,609.03125
6428,vote,trouble,661.2666666666667
6429,vulnerable,sit,830.0357142857143
6430,vulnerable,weak,654.0333333333333
6431,wag,tail,733.6666666666666
6432,wag,welcome,696.59375
6433,wage,minimum,877.2413793103449
6434,wage,stain,710.8965517241379
6435,wagon,five,625.6
6436,wagon,toy,751.8620689655172
6437,waist,hip,743.5666666666667
6438,waist,hound,713.92
6439,wait,long,591.3548387096774
6440,wait,patience,685.09375
6441,wake,eyes,613.9032258064516
6442,wake,study,635.2903225806451
6443,walkway,hear,714.6774193548387
6444,walkway,path,671.28125
6445,wall,furniture,833.1935483870968
6446,wall,picture,719.1333333333333
6447,wallet,conference,902.3103448275862
6448,wallet,money,588.9354838709677
6449,walnut,crack,702.65625
6450,walnut,who,817.28125
6451,war,peace,706.7096774193549
6452,war,subject,739.1333333333333
6453,warehouse,scientist,776.3
6454,warehouse,storage,690.5806451612904
6455,warmth,heat,616.1935483870968
6456,warmth,ketchup,656.1612903225806
6457,warning,cop,773.3870967741935
6458,warning,stop,565.0967741935484
6459,warrior,fighter,702.0645161290323
6460,warrior,slow,640.0666666666667
6461,wart,mistake,739.8666666666667
6462,wart,ugly,733.2068965517242
6463,wary,adventure,643.258064516129
6464,wary,tired,708.0625
6465,washcloth,anxiety,750.2121212121212
6466,washcloth,towel,690.1666666666666
6467,wasp,bee,619.1034482758621
6468,wasp,watch,654.4516129032259
6469,waste,basket,689.0
6470,waste,emergency,733.1212121212121
6471,wasted,actor,599.8
6472,wasted,garbage,706.5666666666667
6473,watch,plane,618.71875
6474,watch,stare,715.7741935483871
6475,waterfall,beautiful,649.258064516129
6476,waterfall,builder,815.4827586206897
6477,way,hurry,754.3225806451613
6478,way,wrong,614.6774193548387
6479,weak,extinct,848.3333333333334
6480,weak,wimp,831.04
6481,weakness,pound,738.5454545454545
6482,weakness,strength,634.6969696969697
6483,wealth,artist,677.8125
6484,wealth,none,726.8965517241379
6485,wear,dress,586.03125
6486,wear,exact,703.4
6487,weather,climate,817.258064516129
6488,weather,lunch,618.0967741935484
6489,weave,mouth,693.6774193548387
6490,weave,sew,645.5806451612904
6491,web,feet,628.9354838709677
6492,web,floor,592.9354838709677
6493,wed,idiot,771.9354838709677
6494,wed,thursday,674.40625
6495,wedding,bride,698.7575757575758
6496,wedding,direct,688.4193548387096
6497,wednesday,motel,739.5
6498,wednesday,thursday,779.2903225806451
6499,weed,grass,560.1290322580645
6500,weed,song,634.0625
6501,week,armor,832.0357142857143
6502,week,year,784.2666666666667
6503,weekend,front,743.7272727272727
6504,weekend,fun,580.4333333333333
6505,weekly,fog,826.5714285714286
6506,weekly,monthly,643.4545454545455
6507,weigh,closing,759.0344827586207
6508,weigh,fat,686.71875
6509,weights,beard,684.0344827586207
6510,weights,workout,768.0
6511,weird,spoon,740.8620689655172
6512,weird,strange,637.0666666666667
6513,welcome,fly,683.21875
6514,welcome,home,622.75
6515,well,earthquake,842.3225806451613
6516,well,sick,712.875
6517,west,east,622.2413793103449
6518,west,person,667.25
6519,wet,care,637.6206896551724
6520,wet,dry,752.0714285714286
6521,what,building,639.59375
6522,what,where,618.71875
6523,wheat,hay,690.7333333333333
6524,wheat,you,667.125
6525,wheel,insurance,802.5
6526,wheel,wagon,677.1935483870968
6527,when,shell,728.516129032258
6528,when,where,701.875
6529,where,baby,642.4516129032259
6530,where,when,610.6875
6531,whiskey,booze,722.925925925926
6532,whiskey,study,633.8333333333334
6533,whistle,blow,654.78125
6534,whistle,plus,700.5625
6535,white,black,720.7
6536,white,store,737.8709677419355
6537,who,rice,647.4333333333333
6538,who,what,684.7741935483871
6539,whom,carpet,719.0625
6540,whom,who,798.7096774193549
6541,why,thanks,654.6774193548387
6542,why,when,634.5
6543,wick,candle,598.1935483870968
6544,wick,hill,719.4666666666667
6545,wicker,basket,806.3103448275862
6546,wicker,hand,629.7741935483871
6547,wide,book,632.0
6548,wide,narrow,665.8709677419355
6549,width,learn,647.9666666666667
6550,width,length,669.2333333333333
6551,wife,alive,638.9666666666667
6552,wife,marry,740.1034482758621
6553,wilderness,forest,786.7096774193549
6554,wilderness,prejudice,734.6129032258065
6555,will,drain,739.1612903225806
6556,will,power,695.3666666666667
6557,willing,halloween,845.0666666666667
6558,willing,ready,635.71875
6559,win,fast,642.78125
6560,win,lose,759.8666666666667
6561,wind,heaven,787.0645161290323
6562,wind,rain,766.40625
6563,winding,closing,709.71875
6564,winding,sport,798.9666666666667
6565,window,glass,711.4193548387096
6566,window,owl,681.5806451612904
6567,wings,bird,760.3333333333334
6568,wings,stress,655.9032258064516
6569,winner,jacket,705.25
6570,winner,loser,679.6551724137931
6571,wipe,ass,664.0
6572,wipe,tupperware,814.2142857142857
6573,wisdom,beef,672.8484848484849
6574,wisdom,owl,672.3333333333334
6575,wit,round,668.9375
6576,wit,smart,580.258064516129
6577,witch,apology,727.0333333333333
6578,witch,halloween,724.8181818181819
6579,with,comment,629.2666666666667
6580,with,together,647.9
6581,without,crops,774.9285714285714
6582,without,empty,646.3870967741935
6583,women,bank,697.1666666666666
6584,women,men,655.9354838709677
6585,wood,dill,776.7894736842105
6586,wood,log,715.7741935483871
6587,woods,aunt,699.0
6588,woods,dark,579.625
6589,wool,itch,749.2142857142857
6590,wool,know,629.3870967741935
6591,word,hours,597.8666666666667
6592,word,letter,663.6875
6593,world,earth,628.516129032258
6594,world,gross,694.7096774193549
6595,worse,better,688.25
6596,worse,hog,720.8965517241379
6597,worship,church,690.4827586206897
6598,worship,mean,706.0967741935484
6599,worst,minus,801.1111111111111
6600,worst,terrible,725.1212121212121
6601,worth,join,685.6060606060606
6602,worth,nothing,696.15625
6603,worthless,nothing,706.3666666666667
6604,worthless,secretary,690.21875
6605,wrap,around,598.8620689655172
6606,wrap,female,615.0
6607,wrench,monkey,673.5625
6608,wrench,trophy,726.1290322580645
6609,wrestling,own,602.0
6610,wrestling,sport,729.7096774193549
6611,wrinkle,iron,721.3666666666667
6612,wrinkle,try,604.2068965517242
6613,wrist,ankle,659.8387096774194
6614,wrist,language,647.09375
6615,write,print,680.15625
6616,write,tissue,761.5333333333333
6617,yard,cake,652.96875
6618,yard,mile,676.96875
6619,yarn,refrigerator,818.1
6620,yarn,weave,760.4516129032259
6621,yearly,annually,805.741935483871
6622,yearly,break,761.8
6623,years,age,676.1785714285714
6624,years,nurse,762.6774193548387
6625,yes,positive,806.78125
6626,yes,raw,757.0344827586207
6627,yolk,egg,625.625
6628,yolk,sneeze,695.75
6629,young,ketchup,644.84375
6630,young,woman,646.0689655172414
6631,youth,rights,705.5806451612904
6632,youth,young,557.65625
6633,yummy,rain,723.4137931034483
6634,yummy,tasty,693.6333333333333
6635,zebra,donkey,717.4375
6636,zebra,vanish,643.3448275862069
6637,zest,soap,648.4848484848485
6638,zest,sports,637.125
6639,zit,pimple,624.6129032258065
6640,zit,writer,747.6666666666666
